n_stations,D,r_mec,D_over_2,kappa,covered,area
2,2091.4658011448464,1045.7329005724232,1045.7329005724232,1.0,True,27139.668990267004
2,2141.0165568044004,1070.5082784022002,1070.5082784022002,1.0,True,22920.914383800264
2,2147.709638083942,1073.854819041971,1073.854819041971,1.0,True,34745.459954787504
2,2503.432409677297,1251.7162048386485,1251.7162048386485,1.0,True,23769.88310768675
2,2082.8798791417053,1041.4399395708526,1041.4399395708526,1.0,True,34285.4433260519
2,1858.577837312748,929.288918656374,929.288918656374,1.0,True,28439.86035176384
2,2203.3315429198537,1101.6657714599269,1101.6657714599269,1.0,True,22350.217544112413
2,1796.4443790798064,898.2221895399032,898.2221895399032,1.0,True,23608.241970273855
2,2335.758648679218,1167.879324339609,1167.879324339609,1.0,True,44785.4265692439
2,2534.2436510605976,1267.1218255302988,1267.1218255302988,1.0,True,55921.14517343609
2,2107.796935800588,1053.898467900294,1053.898467900294,1.0,True,9760.984669081357
2,1954.4186500045028,977.2093250022514,977.2093250022514,1.0,True,30183.245057425178
2,2341.7888512062123,1170.8944256031061,1170.8944256031061,1.0,True,47318.38159681987
2,2393.942161816299,1196.9710809081496,1196.9710809081496,1.0,True,46854.436518510294
2,2428.9868603610194,1214.4934301805097,1214.4934301805097,1.0,True,36068.50563705676
2,2303.2994882971902,1151.6497441485951,1151.6497441485951,1.0,True,43741.36931378073
2,1488.553625182351,744.2768125911755,744.2768125911755,1.0,True,7737.228130865122
2,2210.124375162364,1105.062187581182,1105.062187581182,1.0,True,12184.185077289789
2,1694.153017659305,847.0765088296525,847.0765088296525,1.0,True,24366.621774618416
2,2256.3718923418965,1128.1859461709482,1128.1859461709482,1.0,True,29516.424175052227
2,1787.6961434996142,893.8480717498071,893.8480717498071,1.0,True,20907.809331465636
2,2221.9637858605306,1110.9818929302653,1110.9818929302653,1.0,True,38989.750384917344
2,2292.7087036131443,1146.3543518065721,1146.3543518065721,1.0,True,38358.82870424899
2,1831.4380938752902,915.7190469376451,915.7190469376451,1.0,True,27322.596485901566
2,1972.865395600808,986.432697800404,986.432697800404,1.0,True,17180.353600150884
2,1849.3573491208235,924.6786745604118,924.6786745604118,1.0,True,26883.5066172573
2,2407.736294102352,1203.868147051176,1203.868147051176,1.0,True,50013.40937261729
2,2339.7780890146455,1169.8890445073228,1169.8890445073228,1.0,True,42442.02501229771
2,2258.191242461129,1129.0956212305646,1129.0956212305646,1.0,True,37296.210760880305
2,2239.7777383557227,1119.8888691778614,1119.8888691778614,1.0,True,42332.55878361119
2,2037.4142944221392,1018.7071472110696,1018.7071472110696,1.0,True,34216.45477521565
2,2299.0335634887083,1149.5167817443541,1149.5167817443541,1.0,True,43479.613720212335
2,1703.420039778743,851.7100198893716,851.7100198893716,1.0,True,12973.40251765959
2,1832.2066043648024,916.1033021824012,916.1033021824012,1.0,True,17927.85542052037
2,2040.8246402020338,1020.4123201010169,1020.4123201010169,1.0,True,23478.17989521732
2,2019.572311896606,1009.786155948303,1009.786155948303,1.0,True,20894.081452084538
2,1578.633569222918,789.316784611459,789.316784611459,1.0,True,4218.922983770717
2,2210.1614850471583,1105.0807425235791,1105.0807425235791,1.0,True,39549.85732731268
2,2474.8419186781975,1237.4209593390988,1237.4209593390988,1.0,True,9876.65884938516
2,2742.5501179784187,1371.2750589892094,1371.2750589892094,1.0,True,51904.30316964022
2,1691.132039571387,845.5660197856935,845.5660197856935,1.0,True,18585.707850536637
2,1689.894828498112,844.947414249056,844.947414249056,1.0,True,22254.590274006783
2,2470.0937398887327,1235.0468699443663,1235.0468699443663,1.0,True,51945.29454318174
2,1892.4014262503035,946.2007131251518,946.2007131251518,1.0,True,24148.08581834061
2,1621.4842297262999,810.7421148631499,810.7421148631499,1.0,True,10757.930223815863
2,2200.551332771408,1100.275666385704,1100.275666385704,1.0,True,30910.881573185216
2,2099.1510948811524,1049.5755474405762,1049.5755474405762,1.0,True,35122.06850092724
2,1974.568648542803,987.2843242714015,987.2843242714015,1.0,True,28606.73340735945
2,1785.631625823032,892.815812911516,892.815812911516,1.0,True,26468.98695371124
2,2761.6642360515743,1380.8321180257872,1380.8321180257872,1.0,True,64981.23246589991
2,2451.0311359261045,1225.5155679630523,1225.5155679630523,1.0,True,51493.990302359336
2,1814.923041990045,907.4615209950225,907.4615209950225,1.0,True,27833.765768661928
2,2148.815801826026,1074.407900913013,1074.407900913013,1.0,True,15841.43838578013
2,1728.0451781885233,864.0225890942617,864.0225890942617,1.0,True,23846.843730458204
2,2177.9378336459195,1088.9689168229597,1088.9689168229597,1.0,True,38753.42841293459
2,2584.951528712698,1292.475764356349,1292.475764356349,1.0,True,57944.851942144815
2,1765.278240079526,882.639120039763,882.639120039763,1.0,True,21295.140476708497
2,1897.1718889446918,948.5859444723459,948.5859444723459,1.0,True,30313.436588312157
2,2208.057803754551,1104.0289018772755,1104.0289018772755,1.0,True,7018.4375805105665
2,2606.2269656922786,1303.1134828461393,1303.1134828461393,1.0,True,56764.01881050041
2,1941.9804290476307,970.9902145238153,970.9902145238153,1.0,True,29165.919454360042
2,1951.3108153527655,975.6554076763828,975.6554076763828,1.0,True,30314.414506538567
2,1653.653601014819,826.8268005074095,826.8268005074095,1.0,True,19775.9481321011
2,2581.2128836232187,1290.6064418116093,1290.6064418116093,1.0,True,55655.802359933914
2,2651.3916470317363,1325.6958235158681,1325.6958235158681,1.0,True,41583.246044718646
2,2372.7552947493978,1186.3776473746989,1186.3776473746989,1.0,True,48857.033009794
2,2119.7614487807145,1059.8807243903573,1059.8807243903573,1.0,True,15428.234519453094
2,1644.1315789071032,822.0657894535516,822.0657894535516,1.0,True,22050.85943869036
2,1887.2591833185425,943.6295916592712,943.6295916592712,1.0,True,28163.761155700966
2,2091.2146171731133,1045.6073085865567,1045.6073085865567,1.0,True,29975.54394608841
2,2178.030943494312,1089.015471747156,1089.015471747156,1.0,True,32495.527654204707
2,2210.6034241337943,1105.3017120668972,1105.3017120668972,1.0,True,41561.0458127757
2,2189.5222677918773,1094.7611338959387,1094.7611338959387,1.0,True,37063.56197132258
2,2145.529949709659,1072.7649748548295,1072.7649748548295,1.0,True,35819.386897084965
2,2226.9194039871763,1113.4597019935882,1113.4597019935882,1.0,True,42789.56716243985
2,1953.8227516152028,976.9113758076014,976.9113758076014,1.0,True,32706.201333932728
2,2102.020623163068,1051.010311581534,1051.010311581534,1.0,True,36172.34073206083
2,2531.437771951857,1265.7188859759285,1265.7188859759285,1.0,True,53273.65345739359
2,1672.638298121573,836.3191490607865,836.3191490607865,1.0,True,19572.49283983124
2,2083.853327547588,1041.926663773794,1041.926663773794,1.0,True,34958.9098462106
2,1749.3338272530332,874.6669136265166,874.6669136265166,1.0,True,23765.82136031358
2,1788.7834639032371,894.3917319516186,894.3917319516186,1.0,True,17269.18739121915
2,1792.3039829511154,896.1519914755577,896.1519914755577,1.0,True,23258.39876494957
2,1541.7600361691623,770.8800180845811,770.8800180845811,1.0,True,20392.4426600806
2,1968.6065053862758,984.3032526931379,984.3032526931379,1.0,True,33519.73968412336
2,2112.8101273932207,1056.4050636966103,1056.4050636966103,1.0,True,32534.39241278122
2,2250.1248215877094,1125.0624107938547,1125.0624107938547,1.0,True,37591.515844096655
2,2300.851151647792,1150.425575823896,1150.425575823896,1.0,True,45577.48426924026
2,1657.2833067734007,828.6416533867003,828.6416533867003,1.0,True,8111.281083125476
2,1821.8071855270057,910.9035927635028,910.9035927635028,1.0,True,21073.66946062947
2,2381.1086470617515,1190.5543235308758,1190.5543235308758,1.0,True,44801.12460935738
2,2166.958150499373,1083.4790752496865,1083.4790752496865,1.0,True,39576.92724753948
2,2428.763825496213,1214.3819127481065,1214.3819127481065,1.0,True,46276.02700375908
2,1846.6116384790598,923.3058192395299,923.3058192395299,1.0,True,29767.034844359725
2,1725.5724199406109,862.7862099703054,862.7862099703054,1.0,True,25673.188052840145
2,2371.4069485561927,1185.7034742780963,1185.7034742780963,1.0,True,25070.353432732227
2,2149.6217612188248,1074.8108806094124,1074.8108806094124,1.0,True,35218.88129859729
2,1939.3828552845537,969.6914276422768,969.6914276422768,1.0,True,32094.980613492837
2,1549.2428066249752,774.6214033124876,774.6214033124876,1.0,True,5020.882712721053
2,2779.879608002285,1389.9398040011424,1389.9398040011424,1.0,True,66469.05486874131
2,1959.745544990833,979.8727724954165,979.8727724954165,1.0,True,19053.223033861344
2,1645.7709485887212,822.8854742943606,822.8854742943606,1.0,True,23156.42119267259
2,1840.022822355614,920.011411177807,920.011411177807,1.0,True,20113.193036100784
2,1987.2399781661106,993.6199890830553,993.6199890830553,1.0,True,27680.72972583476
2,2419.396133475658,1209.698066737829,1209.698066737829,1.0,True,30505.699109088717
2,2055.68762416742,1027.84381208371,1027.84381208371,1.0,True,35534.37917988136
2,1692.228302009147,846.1141510045735,846.1141510045735,1.0,True,24903.413570703815
2,2159.587416950527,1079.7937084752634,1079.7937084752634,1.0,True,36773.41018555257
2,2075.505673776954,1037.752836888477,1037.752836888477,1.0,True,34661.767375735595
2,1714.4800439571677,857.2400219785839,857.2400219785839,1.0,True,3788.1657844933507
2,1631.358239049964,815.679119524982,815.679119524982,1.0,True,12398.996549161937
2,2243.4485554504304,1121.7242777252152,1121.7242777252152,1.0,True,34576.67961708198
2,1835.7838527695449,917.8919263847724,917.8919263847724,1.0,True,28140.05542833579
2,2344.257831873249,1172.1289159366245,1172.1289159366245,1.0,True,43558.48462061432
2,2642.2882076307783,1321.1441038153891,1321.1441038153891,1.0,True,57503.26144812134
2,1778.9955487330315,889.4977743665157,889.4977743665157,1.0,True,20715.093395833617
2,2405.0908916385156,1202.5454458192578,1202.5454458192578,1.0,True,40168.25825549298
2,2007.2924919316742,1003.6462459658371,1003.6462459658371,1.0,True,14114.764754793316
2,1993.3142283223465,996.6571141611732,996.6571141611732,1.0,True,28572.10402872471
2,1835.5895038908927,917.7947519454464,917.7947519454464,1.0,True,28814.165156400726
2,2126.0322698604728,1063.0161349302364,1063.0161349302364,1.0,True,22963.48392680986
2,2120.4622361306583,1060.2311180653292,1060.2311180653292,1.0,True,37034.48831848361
2,1869.8712511224303,934.9356255612151,934.9356255612151,1.0,True,29505.491340652407
2,2204.2734029478265,1102.1367014739133,1102.1367014739133,1.0,True,34994.27644553567
2,2164.099319556548,1082.049659778274,1082.049659778274,1.0,True,23389.42394065106
2,2399.034015688633,1199.5170078443166,1199.5170078443166,1.0,True,46792.762779896395
2,1805.2473243315876,902.6236621657938,902.6236621657938,1.0,True,22224.882074389974
2,2637.9236497447155,1318.9618248723577,1318.9618248723577,1.0,True,60746.51441672315
2,1872.7087191327794,936.3543595663897,936.3543595663897,1.0,True,20433.291985948905
2,1968.7491689711383,984.3745844855691,984.3745844855691,1.0,True,28682.367835966725
2,2446.2261624751395,1223.1130812375698,1223.1130812375698,1.0,True,51099.72522147911
2,2210.132307976841,1105.0661539884204,1105.0661539884204,1.0,True,42632.418823107466
2,2216.0899380457968,1108.0449690228984,1108.0449690228984,1.0,True,42835.18146663344
2,2415.381406598129,1207.6907032990646,1207.6907032990646,1.0,True,50901.2060699462
2,2155.447610527766,1077.723805263883,1077.723805263883,1.0,True,25237.173203873303
2,2656.932283512937,1328.4661417564685,1328.4661417564685,1.0,True,36209.43198279731
2,2146.3788996523626,1073.1894498261813,1073.1894498261813,1.0,True,7556.008387209382
2,2633.9407641859348,1316.9703820929674,1316.9703820929674,1.0,True,47934.39119590858
2,2107.62218847861,1053.811094239305,1053.811094239305,1.0,True,38493.26517889262
2,2168.3157663507873,1084.1578831753936,1084.1578831753936,1.0,True,29831.813452172486
2,2563.2730150252314,1281.6365075126157,1281.6365075126157,1.0,True,49573.4495725381
2,1811.5933492825106,905.7966746412553,905.7966746412553,1.0,True,28258.471669415652
2,1586.440809311817,793.2204046559085,793.2204046559085,1.0,True,21953.21116249529
2,2108.0147122299168,1054.0073561149584,1054.0073561149584,1.0,True,34229.4584680918
2,1728.832913304156,864.416456652078,864.416456652078,1.0,True,23344.822422400328
2,1591.6880322134584,795.8440161067292,795.8440161067292,1.0,True,21776.44030134488
2,1966.3950384983598,983.1975192491799,983.1975192491799,1.0,True,32725.729286227855
2,2054.5705472917543,1027.2852736458772,1027.2852736458772,1.0,True,30922.957245558235
2,1924.4350597212085,962.2175298606043,962.2175298606043,1.0,True,9152.316548206436
2,1922.9744251406046,961.4872125703023,961.4872125703023,1.0,True,27169.24015871663
2,2573.732553595366,1286.866276797683,1286.866276797683,1.0,True,49058.04436971747
2,1848.9095391253663,924.4547695626832,924.4547695626832,1.0,True,26998.613668133326
2,1836.7545705907473,918.3772852953737,918.3772852953737,1.0,True,26180.114967411515
2,1784.035887512759,892.0179437563795,892.0179437563795,1.0,True,21596.705992882144
2,2203.826890477283,1101.9134452386415,1101.9134452386415,1.0,True,41289.16300731374
2,1529.1208312283954,764.5604156141977,764.5604156141977,1.0,True,20198.936226941612
2,1852.687893716047,926.3439468580235,926.3439468580235,1.0,True,29940.733490829334
2,1995.8433325989056,997.9216662994528,997.9216662994528,1.0,True,27746.010784446386
2,2386.9687045690544,1193.4843522845272,1193.4843522845272,1.0,True,38104.212592956246
2,2281.294241970956,1140.647120985478,1140.647120985478,1.0,True,41271.10283655724
2,1953.3076262146972,976.6538131073486,976.6538131073486,1.0,True,31391.95078883039
2,2411.78558189697,1205.892790948485,1205.892790948485,1.0,True,46477.26239710653
2,2072.1465656960713,1036.0732828480357,1036.0732828480357,1.0,True,16728.138232417215
2,2218.858447803629,1109.4292239018146,1109.4292239018146,1.0,True,42641.40040237298
2,1863.9441920486993,931.9720960243496,931.9720960243496,1.0,True,26375.430101894963
2,2167.0862570224353,1083.5431285112177,1083.5431285112177,1.0,True,38722.71954421654
2,1959.8510361730837,979.9255180865418,979.9255180865418,1.0,True,33270.17562605716
2,1806.1176024159586,903.0588012079793,903.0588012079793,1.0,True,22549.2876555669
2,2209.4384425178446,1104.7192212589223,1104.7192212589223,1.0,True,42046.10069079888
2,1612.7928049219624,806.3964024609812,806.3964024609812,1.0,True,20587.694224179035
2,2468.9979190661347,1234.4989595330674,1234.4989595330674,1.0,True,50345.04381182797
2,2095.8463458204324,1047.9231729102162,1047.9231729102162,1.0,True,35720.075246275956
2,1645.9326116835007,822.9663058417503,822.9663058417503,1.0,True,23021.75754511046
2,2088.5035996824918,1044.2517998412459,1044.2517998412459,1.0,True,38005.953293664454
2,1621.8486875124042,810.9243437562021,810.9243437562021,1.0,True,22369.774632399647
2,1566.118862089872,783.059431044936,783.059431044936,1.0,True,10305.02311833686
2,1633.3728313997453,816.6864156998727,816.6864156998727,1.0,True,22865.71272803473
2,1793.4187592508547,896.7093796254273,896.7093796254273,1.0,True,20559.490413035168
2,2037.7811837991685,1018.8905918995843,1018.8905918995843,1.0,True,31439.143238894667
2,2080.575746281546,1040.287873140773,1040.287873140773,1.0,True,25687.655182940092
2,2400.5191468116427,1200.2595734058214,1200.2595734058214,1.0,True,50295.703819093804
2,2300.941208417407,1150.4706042087034,1150.4706042087034,1.0,True,36600.95284515418
2,2001.4482149074001,1000.7241074537001,1000.7241074537001,1.0,True,17934.580870260048
2,2044.6276952036271,1022.3138476018136,1022.3138476018136,1.0,True,21674.915895893777
2,2213.004602598332,1106.502301299166,1106.502301299166,1.0,True,38374.84752676501
2,1993.8025785433003,996.9012892716502,996.9012892716502,1.0,True,30439.632087721715
2,2110.3608077566773,1055.1804038783387,1055.1804038783387,1.0,True,32516.149400835842
2,2149.4313018532093,1074.7156509266047,1074.7156509266047,1.0,True,40326.473232397286
2,2257.089315914053,1128.5446579570264,1128.5446579570264,1.0,True,34268.80630166009
2,2026.9291978899764,1013.4645989449882,1013.4645989449882,1.0,True,17059.36814135774
2,1688.7390417450679,844.3695208725339,844.3695208725339,1.0,True,22653.220611982375
2,1854.0062062982688,927.0031031491344,927.0031031491344,1.0,True,27147.02829430799
2,2144.0364058119903,1072.0182029059952,1072.0182029059952,1.0,True,37264.726037819295
2,2168.041135166093,1084.0205675830466,1084.0205675830466,1.0,True,40270.498106503015
2,1863.7234542930078,931.8617271465039,931.8617271465039,1.0,True,12624.52499194943
2,2033.8059591174813,1016.9029795587406,1016.9029795587406,1.0,True,29377.20373259474
2,2670.756262660162,1335.378131330081,1335.378131330081,1.0,True,61933.32992925041
2,1722.6279809046064,861.3139904523032,861.3139904523032,1.0,True,23376.61690991695
2,2001.824387019028,1000.912193509514,1000.912193509514,1.0,True,29089.690175392825
2,2120.922268606794,1060.461134303397,1060.461134303397,1.0,True,31258.771682124352
2,1632.3247420185555,816.1623710092778,816.1623710092778,1.0,True,21466.272883879687
2,2412.3126694979082,1206.1563347489541,1206.1563347489541,1.0,True,50750.062800868254
2,1852.5888971290829,926.2944485645414,926.2944485645414,1.0,True,29036.812600532765
2,1956.7766445475288,978.3883222737644,978.3883222737644,1.0,True,32327.433461305394
2,2198.105831217637,1099.0529156088185,1099.0529156088185,1.0,True,22816.089450916348
2,2657.9621677556147,1328.9810838778074,1328.9810838778074,1.0,True,56732.277686413916
2,1703.0420611673283,851.5210305836641,851.5210305836641,1.0,True,21956.342655656797
2,2523.48511516075,1261.742557580375,1261.742557580375,1.0,True,31583.613923485565
2,2039.6292853971718,1019.8146426985859,1019.8146426985859,1.0,True,31277.027296459262
2,1885.5298489673376,942.7649244836688,942.7649244836688,1.0,True,21896.526171023255
2,1923.6921958924652,961.8460979462326,961.8460979462326,1.0,True,26203.63464725065
2,2664.198464039786,1332.099232019893,1332.099232019893,1.0,True,56530.694824277336
2,2430.540048375067,1215.2700241875334,1215.2700241875334,1.0,True,38166.376369607184
2,2076.866707444503,1038.4333537222515,1038.4333537222515,1.0,True,20572.885311752892
2,2289.576173931789,1144.7880869658945,1144.7880869658945,1.0,True,31179.411214440563
2,2185.2006367108183,1092.6003183554092,1092.6003183554092,1.0,True,30133.480028509162
2,1499.1971931205344,749.5985965602672,749.5985965602672,1.0,True,14072.187301363732
2,2260.1693499070216,1130.0846749535108,1130.0846749535108,1.0,True,22346.439675350615
2,1602.1386908182153,801.0693454091077,801.0693454091077,1.0,True,18215.883774028203
2,2133.4677507833967,1066.7338753916983,1066.7338753916983,1.0,True,39383.017659097255
2,2403.1714682841475,1201.5857341420738,1201.5857341420738,1.0,True,50099.528819534076
2,2010.0013869279576,1005.0006934639788,1005.0006934639788,1.0,True,22855.195622631247
2,2532.715831376176,1266.357915688088,1266.357915688088,1.0,True,33799.06037618201
2,1696.6482834805663,848.3241417402832,848.3241417402832,1.0,True,16259.32642121987
2,2560.5419369524625,1280.2709684762312,1280.2709684762312,1.0,True,57235.70233900188
2,2220.4455450686005,1110.2227725343002,1110.2227725343002,1.0,True,42365.87052653189
2,2461.4818980405216,1230.7409490202608,1230.7409490202608,1.0,True,40380.9908856379
2,2328.3069856386246,1164.1534928193123,1164.1534928193123,1.0,True,47290.22353448835
2,2443.6745073163393,1221.8372536581696,1221.8372536581696,1.0,True,51278.37981175371
2,2032.113621734589,1016.0568108672945,1016.0568108672945,1.0,True,36027.300706639464
2,1900.4855007942076,950.2427503971038,950.2427503971038,1.0,True,30566.026692775908
2,2010.2790475005897,1005.1395237502949,1005.1395237502949,1.0,True,34651.33684959244
2,2262.0049116617206,1131.0024558308603,1131.0024558308603,1.0,True,32403.70316138695
2,1973.8796753258964,986.9398376629482,986.9398376629482,1.0,True,12703.594947637686
2,2138.9093482929125,1069.4546741464562,1069.4546741464562,1.0,True,22510.066018522295
2,1989.1459127357002,994.5729563678501,994.5729563678501,1.0,True,15037.499545336694
2,1601.499876095718,800.749938047859,800.749938047859,1.0,True,20507.978326177275
2,1948.0499546935307,974.0249773467654,974.0249773467654,1.0,True,29997.501325488785
2,1998.382114006694,999.191057003347,999.191057003347,1.0,True,31547.464456962658
2,2355.859358458301,1177.9296792291505,1177.9296792291505,1.0,True,45731.87798678554
2,1927.5489305942906,963.7744652971453,963.7744652971453,1.0,True,31518.303872755634
2,1848.6132859647473,924.3066429823737,924.3066429823737,1.0,True,28898.38469623431
2,2014.5297521913515,1007.2648760956757,1007.2648760956757,1.0,True,16953.29729197458
2,2028.5546411996245,1014.2773205998122,1014.2773205998122,1.0,True,12542.415655222085
2,2016.5617125834535,1008.2808562917268,1008.2808562917268,1.0,True,34965.68436460017
2,1984.0764170790922,992.0382085395461,992.0382085395461,1.0,True,30768.16161222939
2,2101.77613677169,1050.888068385845,1050.888068385845,1.0,True,37706.53390814939
2,1959.5435075403798,979.7717537701899,979.7717537701899,1.0,True,26946.70098468042
2,1852.0136194052116,926.0068097026058,926.0068097026058,1.0,True,29524.78922783886
2,2485.771684366101,1242.8858421830505,1242.8858421830505,1.0,True,52326.09617476425
2,1872.0887128346671,936.0443564173336,936.0443564173336,1.0,True,29338.602508750348
2,1968.2618615138438,984.1309307569219,984.1309307569219,1.0,True,19698.33440381125
2,2477.457434403012,1238.728717201506,1238.728717201506,1.0,True,49987.76889439586
2,1722.8533453598322,861.4266726799161,861.4266726799161,1.0,True,23625.85041054593
2,1668.77026080893,834.385130404465,834.385130404465,1.0,True,17339.015635839503
2,2385.045836821869,1192.5229184109346,1192.5229184109346,1.0,True,49602.6920362276
2,2537.652150133049,1268.8260750665245,1268.8260750665245,1.0,True,46675.612640715495
2,2205.4400067215247,1102.7200033607623,1102.7200033607623,1.0,True,41733.86016883219
2,2429.000694327829,1214.5003471639145,1214.5003471639145,1.0,True,49103.54518916008
2,2000.440829420209,1000.2204147101045,1000.2204147101045,1.0,True,33556.32658169502
2,2079.4694387920576,1039.7347193960288,1039.7347193960288,1.0,True,35999.195476085566
2,2312.287251425002,1156.143625712501,1156.143625712501,1.0,True,45867.62520584297
2,2297.517295685143,1148.7586478425715,1148.7586478425715,1.0,True,42612.122635838125
2,2316.262079622511,1158.1310398112555,1158.1310398112555,1.0,True,43686.39561190705
2,2482.47119596122,1241.23559798061,1241.23559798061,1.0,True,49374.191925436775
2,2386.1701154645157,1193.0850577322578,1193.0850577322578,1.0,True,41118.16655770672
2,2266.0080790294437,1133.0040395147219,1133.0040395147219,1.0,True,14642.008885291201
2,2162.292298379034,1081.146149189517,1081.146149189517,1.0,True,39296.642824359384
2,2627.932723157926,1313.966361578963,1313.966361578963,1.0,True,54595.13108150017
2,2076.9321259024987,1038.4660629512493,1038.4660629512493,1.0,True,37477.08614322626
2,1712.8928787922,856.4464393961,856.4464393961,1.0,True,15754.687922721929
2,2536.6567122234924,1268.3283561117462,1268.3283561117462,1.0,True,28602.658915043372
2,2304.137165002203,1152.0685825011014,1152.0685825011014,1.0,True,24668.316310607886
2,2147.4315466598273,1073.7157733299136,1073.7157733299136,1.0,True,39607.59492855362
2,2683.0571177794327,1341.5285588897164,1341.5285588897164,1.0,True,46769.571386721844
2,2300.1024908261734,1150.0512454130867,1150.0512454130867,1.0,True,22275.42593876803
2,2009.8817867029488,1004.9408933514744,1004.9408933514744,1.0,True,16361.797170863108
2,1960.8373588053607,980.4186794026804,980.4186794026804,1.0,True,8386.10370654778
2,1809.5998497991768,904.7999248995884,904.7999248995884,1.0,True,18748.369516611507
2,2578.679479435633,1289.3397397178164,1289.3397397178164,1.0,True,49706.71478646777
2,2093.1639496772573,1046.5819748386286,1046.5819748386286,1.0,True,37939.43204646738
2,1969.1108118792615,984.5554059396308,984.5554059396308,1.0,True,28730.863997695484
2,1981.7905022621,990.89525113105,990.89525113105,1.0,True,31185.8774715138
2,1867.0438292632034,933.5219146316017,933.5219146316017,1.0,True,22876.90806829784
2,1667.704351195516,833.852175597758,833.852175597758,1.0,True,23516.97106920151
2,1550.9416585237705,775.4708292618852,775.4708292618852,1.0,True,19295.515429131432
2,1978.0897637909793,989.0448818954897,989.0448818954897,1.0,True,32922.92437368315
2,2256.5447495589046,1128.2723747794523,1128.2723747794523,1.0,True,43842.802675764564
2,2379.1749226370803,1189.5874613185401,1189.5874613185401,1.0,True,48465.22972548224
2,1454.624942992541,727.3124714962705,727.3124714962705,1.0,True,16741.29271037425
2,1932.8516829011255,966.4258414505628,966.4258414505628,1.0,True,20424.601535923684
2,1853.8017172121938,926.9008586060969,926.9008586060969,1.0,True,27555.19893737347
2,2088.364797520004,1044.182398760002,1044.182398760002,1.0,True,38051.14077685413
2,2675.2054779395903,1337.6027389697952,1337.6027389697952,1.0,True,57386.44273819681
2,1859.1080536509342,929.5540268254671,929.5540268254671,1.0,True,25980.03432968691
2,1756.5099291191143,878.2549645595572,878.2549645595572,1.0,True,25684.244076877163
2,1690.3936871672638,845.1968435836319,845.1968435836319,1.0,True,24569.944755158533
2,2044.4654194953978,1022.2327097476989,1022.2327097476989,1.0,True,36479.05062560277
2,1823.487690304519,911.7438451522595,911.7438451522595,1.0,True,27699.73561972624
2,2012.6524283263948,1006.3262141631974,1006.3262141631974,1.0,True,29923.79523703349
2,2497.6299400446283,1248.8149700223141,1248.8149700223141,1.0,True,51628.2249683392
2,2101.1858948054987,1050.5929474027494,1050.5929474027494,1.0,True,24116.702269111964
2,2066.146687973302,1033.073343986651,1033.073343986651,1.0,True,21376.732945359006
2,1867.7868491664642,933.8934245832321,933.8934245832321,1.0,True,30421.737084390614
2,2184.0805358531434,1092.0402679265717,1092.0402679265717,1.0,True,27868.952393459957
2,1790.141378388023,895.0706891940115,895.0706891940115,1.0,True,19633.82126543732
2,1867.5480578804202,933.7740289402101,933.7740289402101,1.0,True,27355.742114322646
2,1548.4031556870739,774.2015778435369,774.2015778435369,1.0,True,20851.301228463493
2,2262.8779951538627,1131.4389975769313,1131.4389975769313,1.0,True,40996.155488277924
2,1923.4885892101722,961.7442946050861,961.7442946050861,1.0,True,25393.430409799817
2,2260.1221296008807,1130.0610648004404,1130.0610648004404,1.0,True,35739.8418904299
2,1826.704451034189,913.3522255170946,913.3522255170946,1.0,True,25093.18899129996
2,2347.4847068368967,1173.7423534184484,1173.7423534184484,1.0,True,41949.8100298098
2,1721.4041248859244,860.7020624429622,860.7020624429622,1.0,True,25801.20908590058
2,2064.6200907831703,1032.3100453915852,1032.3100453915852,1.0,True,35856.58261723064
2,2627.3689656831257,1313.6844828415628,1313.6844828415628,1.0,True,3897.0131396434444
2,2714.9023231411925,1357.4511615705962,1357.4511615705962,1.0,True,36715.22087395159
2,2060.7616173252245,1030.3808086626123,1030.3808086626123,1.0,True,29388.564240434163
2,1996.6348974555551,998.3174487277776,998.3174487277776,1.0,True,27853.279572304396
2,2498.9768330050583,1249.4884165025292,1249.4884165025292,1.0,True,31804.48369596086
2,1942.7677772465834,971.3838886232917,971.3838886232917,1.0,True,14268.972406310597
2,2122.009419840957,1061.0047099204785,1061.0047099204785,1.0,True,38387.20063090483
2,2131.6337897172116,1065.8168948586058,1065.8168948586058,1.0,True,38907.56030848781
2,2439.7048980214677,1219.8524490107338,1219.8524490107338,1.0,True,46622.03769612817
2,2451.4376705674063,1225.7188352837031,1225.7188352837031,1.0,True,44213.36948605222
2,2321.4342403484798,1160.7171201742399,1160.7171201742399,1.0,True,46470.50560415704
2,1984.2947970995565,992.1473985497782,992.1473985497782,1.0,True,30554.983666284454
2,2090.7138428855274,1045.3569214427637,1045.3569214427637,1.0,True,31296.102226439107
2,1816.1940173854173,908.0970086927086,908.0970086927086,1.0,True,21433.80853882908
2,2121.2746599447364,1060.6373299723682,1060.6373299723682,1.0,True,39271.18857428034
2,2187.676028467593,1093.8380142337965,1093.8380142337965,1.0,True,37900.691737765796
2,1764.587554614039,882.2937773070195,882.2937773070195,1.0,True,20715.565765120155
2,1999.340667810832,999.670333905416,999.670333905416,1.0,True,28296.079303046055
2,2403.093735520645,1201.5468677603226,1201.5468677603226,1.0,True,50058.66010008255
2,2641.7364047213823,1320.8682023606912,1320.8682023606912,1.0,True,49690.7108148716
2,1773.3213520788709,886.6606760394354,886.6606760394354,1.0,True,21916.45444405426
2,2284.8321100330195,1142.4160550165097,1142.4160550165097,1.0,True,30049.237664979155
2,2489.7012229703573,1244.8506114851787,1244.8506114851787,1.0,True,52048.338265709506
2,2172.939418997747,1086.4697094988735,1086.4697094988735,1.0,True,40614.40210473769
2,2391.5069801630625,1195.7534900815313,1195.7534900815313,1.0,True,49495.406430261435
2,2029.4376634274338,1014.7188317137169,1014.7188317137169,1.0,True,35945.822324835885
2,2020.2163736397415,1010.1081868198708,1010.1081868198708,1.0,True,18211.132345182312
2,2044.7537675203332,1022.3768837601666,1022.3768837601666,1.0,True,33927.05137473994
2,1873.476759125533,936.7383795627665,936.7383795627665,1.0,True,22008.582403242777
2,2449.0642649832066,1224.5321324916033,1224.5321324916033,1.0,True,17716.66033793235
2,1515.8931907652532,757.9465953826266,757.9465953826266,1.0,True,19601.961090016608
2,2168.0480475316594,1084.0240237658297,1084.0240237658297,1.0,True,40888.55233383851
2,1978.3322054123064,989.1661027061532,989.1661027061532,1.0,True,30904.89051972034
2,2250.512718726911,1125.2563593634554,1125.2563593634554,1.0,True,41526.934609141725
2,2096.863879118523,1048.4319395592615,1048.4319395592615,1.0,True,38307.47509381584
2,2102.4802379914363,1051.2401189957181,1051.2401189957181,1.0,True,37120.49983879682
2,1981.447038882208,990.723519441104,990.723519441104,1.0,True,32289.5769908007
2,2319.721202093379,1159.8606010466895,1159.8606010466895,1.0,True,28415.926142283788
2,1968.001153496821,984.0005767484105,984.0005767484105,1.0,True,29116.579724575986
2,2494.508187014748,1247.254093507374,1247.254093507374,1.0,True,49337.23982486004
2,1704.4847985632398,852.2423992816199,852.2423992816199,1.0,True,24941.795242545697
2,1753.3630435688065,876.6815217844032,876.6815217844032,1.0,True,25173.97531888511
2,2146.159287983989,1073.0796439919945,1073.0796439919945,1.0,True,40180.97695859536
2,2466.7096884761895,1233.3548442380948,1233.3548442380948,1.0,True,39406.78471211078
2,2111.001511456479,1055.5007557282395,1055.5007557282395,1.0,True,30655.70770540666
2,1779.0606707172133,889.5303353586066,889.5303353586066,1.0,True,26281.528629743898
2,2055.338844710914,1027.669422355457,1027.669422355457,1.0,True,36874.56466926446
2,1825.0551552136685,912.5275776068343,912.5275776068343,1.0,True,28834.473156814154
2,2219.4038255998985,1109.7019127999492,1109.7019127999492,1.0,True,41721.21294039719
2,1953.5332266690918,976.7666133345459,976.7666133345459,1.0,True,27687.435720893664
2,2428.2783917327997,1214.1391958663999,1214.1391958663999,1.0,True,41647.88411542203
2,1921.4974335072789,960.7487167536394,960.7487167536394,1.0,True,26189.678341747705
2,2038.3356670557596,1019.1678335278798,1019.1678335278798,1.0,True,32910.87882633085
2,1863.8652052790676,931.9326026395338,931.9326026395338,1.0,True,26742.698740957552
2,2105.2587998918602,1052.6293999459301,1052.6293999459301,1.0,True,35411.52589559517
2,2299.412286898881,1149.7061434494406,1149.7061434494406,1.0,True,43336.759661831595
2,1749.6760074937242,874.8380037468621,874.8380037468621,1.0,True,26698.88230440222
2,2595.0038502900843,1297.5019251450422,1297.5019251450422,1.0,True,31506.23633451572
2,2384.8027169868406,1192.4013584934203,1192.4013584934203,1.0,True,40421.67859348289
2,2379.7416418327293,1189.8708209163647,1189.8708209163647,1.0,True,49412.499144696514
2,2006.9243892037,1003.46219460185,1003.46219460185,1.0,True,33266.8057866626
2,2328.1211799987536,1164.0605899993768,1164.0605899993768,1.0,True,44496.31953211811
2,2134.288960222427,1067.1444801112134,1067.1444801112134,1.0,True,39436.598237459184
2,2153.3750246203135,1076.6875123101568,1076.6875123101568,1.0,True,40428.16020349586
2,1621.2916185330037,810.6458092665018,810.6458092665018,1.0,True,16495.990383178963
2,2077.4576155921554,1038.7288077960777,1038.7288077960777,1.0,True,37604.56485245551
2,2455.1425859363612,1227.5712929681806,1227.5712929681806,1.0,True,52422.127953416595
2,1828.768688071251,914.3843440356255,914.3843440356255,1.0,True,28968.108816089603
2,2405.138929349848,1202.569464674924,1202.569464674924,1.0,True,40796.48888110004
2,2081.610331870957,1040.8051659354785,1040.8051659354785,1.0,True,4110.979924969655
2,2327.507732730578,1163.753866365289,1163.753866365289,1.0,True,39275.79604970691
2,1919.3624223587879,959.6812111793939,959.6812111793939,1.0,True,10924.619637414027
2,1899.7850572052564,949.8925286026282,949.8925286026282,1.0,True,31059.565532177763
2,2242.3767934352786,1121.1883967176393,1121.1883967176393,1.0,True,27575.67985365636
2,1870.8972309211392,935.4486154605696,935.4486154605696,1.0,True,28425.5237570576
2,1619.6457529997485,809.8228764998743,809.8228764998743,1.0,True,22865.865280959977
2,2377.3423730552945,1188.6711865276473,1188.6711865276473,1.0,True,34587.158497082506
2,1907.0931849452636,953.5465924726318,953.5465924726318,1.0,True,31151.051634812982
2,2209.74785587661,1104.873927938305,1104.873927938305,1.0,True,27373.796217779236
2,1660.4938923791108,830.2469461895554,830.2469461895554,1.0,True,22666.108350241957
2,2112.8797284181364,1056.4398642090682,1056.4398642090682,1.0,True,38708.584324927455
2,2251.5262394205547,1125.7631197102774,1125.7631197102774,1.0,True,41538.2090404021
2,2165.63540490638,1082.81770245319,1082.81770245319,1.0,True,24974.314646167608
2,2034.2638914116992,1017.1319457058496,1017.1319457058496,1.0,True,29169.238093508917
2,1686.3089133010737,843.1544566505369,843.1544566505369,1.0,True,18387.235566996755
2,2157.29356915048,1078.64678457524,1078.64678457524,1.0,True,34938.35706076287
2,1636.0471635829115,818.0235817914557,818.0235817914557,1.0,True,22780.735583547008
2,2386.727934651888,1193.363967325944,1193.363967325944,1.0,True,21117.25908191112
2,1526.260075921934,763.130037960967,763.130037960967,1.0,True,19884.661270977078
2,2204.3564089993574,1102.1782044996787,1102.1782044996787,1.0,True,38325.201437321295
2,1967.4522826899124,983.7261413449562,983.7261413449562,1.0,True,32470.022811053037
2,2151.7654403046436,1075.8827201523218,1075.8827201523218,1.0,True,31731.851030263824
2,2657.694321322667,1328.8471606613334,1328.8471606613334,1.0,True,35419.60512845864
2,2106.3597749345195,1053.1798874672597,1053.1798874672597,1.0,True,15130.261808587093
2,2041.189851154054,1020.594925577027,1020.594925577027,1.0,True,36285.328225099685
2,2651.472238052857,1325.7361190264285,1325.7361190264285,1.0,True,57767.15086015754
2,2235.923132049099,1117.9615660245495,1117.9615660245495,1.0,True,40282.88356862673
2,2276.141049224547,1138.0705246122734,1138.0705246122734,1.0,True,36036.13559061116
2,1682.4735965124005,841.2367982562002,841.2367982562002,1.0,True,21627.854637892102
2,1700.1098654646514,850.0549327323257,850.0549327323257,1.0,True,2626.8796590400307
2,2433.119054726909,1216.5595273634544,1216.5595273634544,1.0,True,38855.486517395475
2,2048.2294536949953,1024.1147268474976,1024.1147268474976,1.0,True,31694.460182240786
2,2195.0435023689347,1097.5217511844673,1097.5217511844673,1.0,True,6500.817356203886
2,2228.095276040493,1114.0476380202465,1114.0476380202465,1.0,True,43258.45714691398
2,2032.9513465953003,1016.4756732976501,1016.4756732976501,1.0,True,30175.31713310677
2,2216.3751773834997,1108.1875886917499,1108.1875886917499,1.0,True,40602.11404919225
2,2152.115767439925,1076.0578837199625,1076.0578837199625,1.0,True,40406.764168896494
2,2475.7971712170215,1237.8985856085108,1237.8985856085108,1.0,True,41921.67764780542
2,1825.1109759268136,912.5554879634068,912.5554879634068,1.0,True,26119.59410441119
2,2026.2762714810601,1013.1381357405301,1013.1381357405301,1.0,True,33655.028095817426
2,1805.9636883879616,902.9818441939808,902.9818441939808,1.0,True,27162.53512994079
2,1711.2904345339207,855.6452172669603,855.6452172669603,1.0,True,21687.950918528088
2,2600.0505433023245,1300.0252716511623,1300.0252716511623,1.0,True,12959.716289132251
2,2677.631562089121,1338.8157810445605,1338.8157810445605,1.0,True,35279.303562096495
2,2048.0080832065214,1024.0040416032607,1024.0040416032607,1.0,True,18602.907411028093
2,1622.4914880990589,811.2457440495294,811.2457440495294,1.0,True,19976.88455556087
2,1888.6553107300128,944.3276553650064,944.3276553650064,1.0,True,18315.765006765883
2,2283.549139556001,1141.7745697780006,1141.7745697780006,1.0,True,45396.70174313509
2,1862.430023425208,931.215011712604,931.215011712604,1.0,True,22027.40575203399
2,2039.7679816342875,1019.8839908171437,1019.8839908171437,1.0,True,25283.81726114043
2,2514.7075420539513,1257.3537710269757,1257.3537710269757,1.0,True,54440.46924308567
2,2229.169647246289,1114.5848236231445,1114.5848236231445,1.0,True,43030.91012413657
2,2505.651840320407,1252.8259201602034,1252.8259201602034,1.0,True,29493.273338310042
2,1791.3082971015365,895.6541485507682,895.6541485507682,1.0,True,27470.345884841052
2,2714.062063351953,1357.0310316759765,1357.0310316759765,1.0,True,8433.788147538027
2,2384.258458907612,1192.129229453806,1192.129229453806,1.0,True,27853.22288522948
2,1467.0269442035,733.51347210175,733.51347210175,1.0,True,7137.62027379006
2,2028.4343391385426,1014.2171695692713,1014.2171695692713,1.0,True,35604.245456442106
2,2078.3414605029084,1039.1707302514542,1039.1707302514542,1.0,True,37497.3562059365
2,2417.8849004090143,1208.9424502045072,1208.9424502045072,1.0,True,50151.14079932927
2,2300.0889618764236,1150.0444809382118,1150.0444809382118,1.0,True,44055.17291917018
2,2059.011319644674,1029.505659822337,1029.505659822337,1.0,True,33570.257903049955
2,2298.489680642267,1149.2448403211336,1149.2448403211336,1.0,True,41205.38731956441
2,2008.9783666259086,1004.4891833129543,1004.4891833129543,1.0,True,1152.2474621594374
2,1968.5949887135828,984.2974943567914,984.2974943567914,1.0,True,29547.374496016186
2,2216.0782422346515,1108.0391211173257,1108.0391211173257,1.0,True,41975.75990893546
2,2144.719518328784,1072.359759164392,1072.359759164392,1.0,True,28039.00364982064
2,1972.3519572828466,986.1759786414233,986.1759786414233,1.0,True,32957.839748658225
2,2066.4358020960794,1033.2179010480397,1033.2179010480397,1.0,True,31671.14242071881
2,1692.5450747711243,846.2725373855621,846.2725373855621,1.0,True,20888.997759053014
2,2005.8635190685884,1002.9317595342942,1002.9317595342942,1.0,True,32441.942337406945
2,2406.0268512355456,1203.0134256177728,1203.0134256177728,1.0,True,46993.177601333475
2,2463.9967740121515,1231.9983870060757,1231.9983870060757,1.0,True,41398.3375441516
2,2125.955694933918,1062.977847466959,1062.977847466959,1.0,True,31038.28996590289
2,2198.7295115999023,1099.3647557999511,1099.3647557999511,1.0,True,25803.63188156794
2,1856.576736207923,928.2883681039615,928.2883681039615,1.0,True,11581.784587335103
2,2321.2225752659688,1160.6112876329844,1160.6112876329844,1.0,True,35527.5726108652
2,2032.8403903574297,1016.4201951787148,1016.4201951787148,1.0,True,35544.023247941586
2,1591.9013480029546,795.9506740014773,795.9506740014773,1.0,True,20366.445982312624
2,1707.9609364509304,853.9804682254652,853.9804682254652,1.0,True,24438.48848453541
2,2238.7344285154086,1119.3672142577043,1119.3672142577043,1.0,True,27068.757085023055
2,2099.259665519885,1049.6298327599425,1049.6298327599425,1.0,True,30784.11837829827
2,1638.0388184417993,819.0194092208997,819.0194092208997,1.0,True,20873.849723358748
2,2145.776195785781,1072.8880978928905,1072.8880978928905,1.0,True,32152.679907101206
2,2143.6376729486783,1071.8188364743392,1071.8188364743392,1.0,True,36483.02083875404
2,1769.542133122939,884.7710665614695,884.7710665614695,1.0,True,15127.9406539204
2,1694.7956473265792,847.3978236632896,847.3978236632896,1.0,True,5673.669701101334
2,1924.132299940446,962.066149970223,962.066149970223,1.0,True,30437.063536744085
2,2139.3295636887337,1069.6647818443669,1069.6647818443669,1.0,True,39724.10987871746
2,2691.7448704926674,1345.8724352463337,1345.8724352463337,1.0,True,31764.539542576153
2,2438.6455623548154,1219.3227811774077,1219.3227811774077,1.0,True,51672.06958756885
2,1985.3931265260549,992.6965632630274,992.6965632630274,1.0,True,9286.466177969487
2,1912.3881718132443,956.1940859066221,956.1940859066221,1.0,True,23014.63055051089
2,1503.508882320077,751.7544411600385,751.7544411600385,1.0,True,19613.541589982502
2,1922.3895146365307,961.1947573182654,961.1947573182654,1.0,True,28400.827723108298
2,2225.148739635615,1112.5743698178076,1112.5743698178076,1.0,True,43102.00825772042
2,1826.8046138434954,913.4023069217477,913.4023069217477,1.0,True,29058.406589880666
2,2371.4724369149094,1185.7362184574547,1185.7362184574547,1.0,True,46141.88904289313
2,2357.8104472669625,1178.9052236334812,1178.9052236334812,1.0,True,48500.8295472581
2,2532.945021901614,1266.472510950807,1266.472510950807,1.0,True,8471.731753273983
2,2163.407566604588,1081.703783302294,1081.703783302294,1.0,True,35656.13450720692
2,2208.0558016959794,1104.0279008479897,1104.0279008479897,1.0,True,40631.66909613377
2,2386.073761623186,1193.036880811593,1193.036880811593,1.0,True,20481.6116425824
2,1714.92879249833,857.464396249165,857.464396249165,1.0,True,18530.316900887585
2,2662.078840291018,1331.039420145509,1331.039420145509,1.0,True,52931.91350768221
2,1917.6793802127318,958.8396901063659,958.8396901063659,1.0,True,28907.761850878967
2,2198.7764203490888,1099.3882101745444,1099.3882101745444,1.0,True,42126.39305730453
2,2028.4738735114674,1014.2369367557337,1014.2369367557337,1.0,True,21524.937858950725
2,2509.7512810978956,1254.8756405489478,1254.8756405489478,1.0,True,38110.06119732087
2,1788.3021503738635,894.1510751869317,894.1510751869317,1.0,True,25113.023137966913
2,2416.1581688456804,1208.0790844228402,1208.0790844228402,1.0,True,26743.40599852732
2,2553.668172754639,1276.8340863773194,1276.8340863773194,1.0,True,55814.25541945068
2,1970.12072958656,985.06036479328,985.06036479328,1.0,True,31729.92494741775
2,1955.4778066012964,977.7389033006482,977.7389033006482,1.0,True,32902.32819168031
2,2249.5521185458006,1124.7760592729003,1124.7760592729003,1.0,True,16094.33358430837
3,26.601132231394423,15.244572495535825,13.300566115697212,1.1461596719213565,False,301.832485831168
3,44.017346776002356,22.086612848467418,22.008673388001178,1.003541306606364,False,910.2213158066403
3,35.5718623063565,17.855458014993633,17.78593115317825,1.0039090931600148,False,653.5582494702677
3,49.61003249074829,24.805016245374144,24.805016245374144,1.0,True,1056.94654865822
3,49.43562520682026,24.71781260341013,24.71781260341013,1.0,True,1048.5417739818745
3,43.32810299561725,21.75728065616002,21.664051497808625,1.004303403652859,False,878.791672441929
3,46.415573506048254,23.30679956987081,23.207786753024127,1.004266361885361,False,949.5320599986538
3,38.80809115074621,19.414496443071055,19.404045575373104,1.000538592205288,False,774.1708074039542
3,43.32733120921298,22.282435441570236,21.66366560460649,1.0285625640765141,False,736.2790875642903
3,47.10288569495627,24.268527697143686,23.551442847478135,1.0304475973854117,False,1146.1644189831168
3,50.15437655224865,27.98151567176164,25.077188276124325,1.1158155118372057,False,1102.7596370450626
3,42.44184228570131,23.217165061060303,21.220921142850656,1.0940696167132302,False,764.7675635930176
3,46.58026003760698,23.48074958135296,23.29013001880349,1.0081845641220366,False,1226.4888044868508
3,34.0058617836957,19.48836461581369,17.00293089184785,1.1461767820956972,False,493.2860388989875
3,55.63246370378948,27.81623185189474,27.81623185189474,1.0,True,1441.6450397748272
3,28.214917137056055,16.184965413351385,14.107458568528028,1.1472630123088232,False,340.24148458519755
3,41.423145390621414,21.52010990088336,20.711572695310707,1.0390379435433077,False,767.2145896607931
3,49.36730447614966,25.188723074329744,24.68365223807483,1.0204617546618906,False,1001.8975030850914
3,47.61599915027365,23.85409517899006,23.807999575136826,1.0019361393093007,False,1232.8129274409894
3,48.169661416954725,24.089561819636966,24.084830708477362,1.0001964353088826,False,1146.5483025528722
3,38.17781276908454,19.09035759220261,19.08890638454227,1.0000760236145072,False,863.5265545103462
3,37.00426961299249,21.14697861229037,18.502134806496244,1.1429480345622334,False,580.6093160286368
3,51.052762339009625,25.790764050729393,25.526381169504813,1.010357240984101,False,1075.421982588821
3,47.79278059461792,25.117179003465598,23.89639029730896,1.0510867411758884,False,939.6072060195293
3,42.390258984588876,21.195129492294438,21.195129492294438,1.0,True,921.0409886817861
3,55.52971407342789,28.73408745851468,27.764857036713945,1.03490853277289,False,1778.0649387547742
3,36.40460901187389,20.144335325030998,18.202304505936944,1.106691480656234,False,568.8194355884705
3,50.08543970346413,25.08417141263449,25.042719851732066,1.001655233982085,False,1379.4096313407238
3,36.755538270634574,19.81488435357715,18.377769135317287,1.0781985673929324,False,568.9409765294979
3,39.325442288336774,22.511509969162006,19.662721144168387,1.1448827354111422,False,658.1614611616053
3,40.871583950100195,20.898771042270408,20.435791975050098,1.02265530339052,False,743.6953849285932
3,39.09415909477995,19.5798920156343,19.547079547389973,1.0016786378837195,False,891.8364565701381
3,42.7009332751416,21.373018732117018,21.3504666375708,1.00105628110753,False,1117.1061643595417
3,46.17848780475063,23.76388413380295,23.089243902375316,1.0292188100346686,False,875.6028630441501
3,11.039198022887666,6.347249830520946,5.519599011443833,1.1499476352106626,False,52.33225510937725
3,46.09492291418782,23.076168592040236,23.04746145709391,1.0012455660246908,False,891.825813174135
3,40.51309418686939,21.41908259805784,20.256547093434694,1.0573906055785753,False,762.9352389419564
3,45.82566793400105,23.565364688107703,22.912833967000527,1.0284788307743582,False,852.5407401148091
3,49.023456105101545,24.511728052550772,24.511728052550772,1.0,True,973.7786307219196
3,15.289696771904282,8.74886099070712,7.644848385952141,1.1444126225948008,False,99.39812750596154
3,46.603657776567346,23.606225445794376,23.301828888283673,1.01306320456519,False,886.3447181831777
3,51.71189857898035,25.855949289490177,25.855949289490177,1.0,True,1150.5250013148702
3,40.216187140768014,20.278681527757445,20.108093570384007,1.008483547024303,False,881.9447780282733
3,50.31842389470646,25.309421381220908,25.15921194735323,1.005970355279092,False,909.5324085404495
3,44.11361867216885,24.137274697307298,22.056809336084424,1.0943230423549648,False,848.5006108856637
3,44.082629974837204,22.080777514806737,22.041314987418602,1.001790388976822,False,1106.0518095133823
3,46.41558581286785,23.208128256258686,23.207792906433927,1.0000144498800947,False,859.5407527860636
3,48.31308501270916,24.15654250635458,24.15654250635458,1.0,True,1144.5376851269757
3,41.9818331326831,20.99309670719936,20.99091656634155,1.000103861155892,False,839.364171678001
3,43.97279507223674,22.25816703527268,21.98639753611837,1.0123608016596561,False,841.9038234256765
3,45.61249306739956,22.911915519751503,22.80624653369978,1.004633335252935,False,846.4288477470171
3,30.460111289008648,17.483311064900345,15.230055644504324,1.1479479440516092,False,396.97958984421
3,47.44710902821532,23.924449855337862,23.72355451410766,1.0084681804790565,False,1078.092899634122
3,47.63602768262717,23.8867341131243,23.818013841313586,1.0028852225995233,False,872.4292498769385
3,38.5137036444656,19.935777855371065,19.2568518222328,1.0352563357399063,False,661.6503145490428
3,41.483495376640825,22.158468903776686,20.741747688320412,1.0683028854050725,False,801.8726073910443
3,43.25376059252703,22.23027793744455,21.626880296263515,1.0279003551559531,False,842.5629131292842
3,40.07852432765585,20.039262163827924,20.039262163827924,1.0,True,867.6415011571737
3,51.289924939165,25.645024159758563,25.6449624695825,1.0000024055475276,False,1483.2969622967166
3,52.848991136406575,26.424495568203287,26.424495568203287,1.0,True,1625.761639054545
3,48.10517452150495,24.11586220038322,24.052587260752475,1.0026306916152008,False,936.8088175939141
3,55.100194013235935,28.263561223329805,27.550097006617968,1.025896976571097,False,1493.5261553052703
3,46.83374097562667,23.620587049845145,23.416870487813334,1.0086995639377956,False,806.5135220670202
3,41.2574260808893,20.662699195146498,20.62871304044465,1.0016475169650774,False,1049.7140342954972
3,25.667325158798505,14.768675375045897,12.833662579399252,1.1507763495942889,False,283.32648375456836
3,25.93704054325503,14.820418710460412,12.968520271627515,1.1427995176045238,False,285.18119255436386
3,15.172574637205111,8.717998561767686,7.5862873186025555,1.1491785369623464,False,98.7195663423873
3,43.875887876660585,21.937943938330292,21.937943938330292,1.0,True,1105.979301671899
3,45.62556606342805,22.812783031714027,22.812783031714027,1.0,True,1119.6748789787296
3,40.75334858615645,20.376674293078224,20.376674293078224,1.0,True,784.5215416190513
3,48.63964359268607,24.374559369296335,24.319821796343035,1.0022507390642776,False,1019.7763527878506
3,29.470940203155145,16.768437504782625,14.735470101577572,1.1379642040050968,False,364.96723063163245
3,50.633106261147766,26.440305451508884,25.316553130573883,1.0443880458425394,False,1233.8989274641685
3,42.042094162151166,22.51403124734954,21.021047081075583,1.0710233015755923,False,746.711588227183
3,26.585996407865593,15.28172511507835,13.292998203932797,1.1496070999661445,False,303.33698715629185
3,38.074970748703144,19.908797371900256,19.037485374351572,1.0457682293861439,False,583.6662883820342
3,48.76778115260892,24.778310372723823,24.38389057630446,1.016175425130994,False,1195.7932140323944
3,33.16579291286847,19.119488083432234,16.582896456434234,1.1529643288590752,False,474.8661771255985
3,35.377074532424864,20.351405636582793,17.688537266212432,1.1505420335381158,False,538.0076651540303
3,39.0338397160733,22.42888713079638,19.51691985803665,1.149202194503076,False,658.7646645261808
3,21.424704795511946,12.316023087215587,10.712352397755973,1.1497029438459803,False,197.02858583789452
3,30.88167961467068,17.739295926562203,15.44083980733534,1.1488556417854265,False,408.68738467260516
3,44.60585165229882,23.841111097499343,22.30292582614941,1.0689678692087325,False,829.4274194794652
3,20.425651724440236,11.763185243220887,10.212825862220118,1.1518051322833134,False,179.74304433666168
3,37.72015485271288,19.64356441528626,18.86007742635644,1.0415420876180985,False,654.5137709069077
3,12.647872485447358,7.294180786825474,6.323936242723679,1.153424150222602,False,69.11512387708052
3,36.78256884945993,18.93863705658094,18.391284424729964,1.0297615228610666,False,622.1797462483333
3,37.5215891317381,19.302810934433495,18.76079456586905,1.0288909068675867,False,673.9775377660902
3,48.9774556204692,26.198663852992706,24.4887278102346,1.0698254338080997,False,1132.994436953538
3,51.188543146139445,25.648538618576314,25.594271573069722,1.0021202809133154,False,1470.3546608307079
3,7.761998391461461,4.478151343228902,3.8809991957307304,1.153865568473981,False,26.050554047686493
3,21.63314361369635,12.447408841519568,10.816571806848176,1.1507720804514865,False,201.25845113678412
3,35.145306986898646,18.565156043593767,17.572653493449323,1.0564799476934104,False,558.862328053018
3,56.05957253927029,28.293046954752214,28.029786269635146,1.0093921759725388,False,1994.3365264211218
3,42.43480743094104,24.340996911565405,21.21740371547052,1.1472184456676637,False,769.5211844355538
3,52.04173537996563,27.912235457284076,26.020867689982815,1.0726865756298118,False,1388.9331526082374
3,22.96054200014926,13.21341949305665,11.48027100007463,1.1509675592998416,False,226.78223616500006
3,39.16767774580086,20.589704974628468,19.58383887290043,1.051362049507052,False,627.8418113711405
3,23.07477291328578,13.300362437349465,11.53738645664289,1.1528054891228423,False,229.79725108514572
3,48.634737010392946,24.33435036124487,24.317368505196473,1.0006983426699632,False,1333.9260915174557
3,27.528360439558462,15.857568217279582,13.764180219779231,1.1520895515805682,False,326.650322113269
3,47.78560216838359,23.931723498446893,23.892801084191795,1.0016290435817026,False,1319.1597930635721
3,48.89122352646734,24.44579805874818,24.44561176323367,1.000007620816215,False,1155.9903206961326
3,49.01476279403565,24.924401805254956,24.507381397017824,1.0170161145118457,False,967.392173662407
3,48.72933885724031,24.364669428620154,24.364669428620154,1.0,True,1142.3619981370998
3,50.595831411812775,26.250372414343644,25.297915705906387,1.0376496119091299,False,1073.811560034626
3,46.49277818340943,24.809695378358164,23.246389091704714,1.0672494244369033,False,1053.9997513171365
3,33.04052106281241,16.542011797801724,16.520260531406205,1.0013166418504218,False,652.1721787280196
3,13.473228410828957,7.718770161342095,6.736614205414479,1.1457937067463682,False,77.3764643164648
3,45.80966309540702,23.063646477469046,22.90483154770351,1.00693368687016,False,1208.3941795042665
3,29.54187430558514,16.95615985971984,14.77093715279257,1.1479406949148203,False,373.44584620643656
3,41.75766010761626,21.78811821262509,20.87883005380813,1.0435507236982904,False,814.6424311713924
3,46.82139279984489,23.59486198394902,23.410696399922443,1.0078667281348874,False,1266.1987130527227
3,27.42926644332454,15.716549068493197,13.71463322166227,1.1459693317695803,False,320.8057184726653
3,33.54093107874872,17.011441257437514,16.77046553937436,1.0143690535899186,False,716.0927600842189
3,49.06270221334412,24.53135110667206,24.53135110667206,1.0,True,1098.1327805802607
3,44.518956187780745,22.27966019358035,22.259478093890372,1.0009066744334638,False,917.1324412321134
3,45.85143586398611,23.02492745698115,22.925717931993056,1.0043274337267165,False,1014.1999543289899
3,51.80834072926082,25.90417036463041,25.90417036463041,1.0,True,1521.879286553572
3,34.51709513420086,19.09506668663431,17.25854756710043,1.106412148090306,False,517.4624259103556
3,39.92528597248725,20.717715811432853,19.962642986243626,1.037824291388147,False,732.5497183383717
3,31.00754777711688,17.586028324644253,15.50377388855844,1.134306295425431,False,419.7046495872781
3,44.3865470267034,23.343605787463062,22.1932735133517,1.0518324740791083,False,911.0353973971763
3,40.26928344815121,20.96369450624935,20.134641724075603,1.0411754424804303,False,736.8426030830389
3,42.287094093679336,21.911332927909175,21.143547046839668,1.0363130121624635,False,855.4336090848705
3,51.30159033909958,27.18074540821897,25.65079516954979,1.0596453337433138,False,1242.9275756336544
3,53.82192016638414,27.094918373648486,26.91096008319207,1.0068358129880068,False,1394.3565918468883
3,24.08041722687068,13.830277635348125,12.04020861343534,1.148674253028747,False,248.45327855206432
3,19.92513563050091,11.40346491848517,9.962567815250456,1.1446310961145,False,168.8797544827483
3,35.945858649226736,19.51724919943118,17.972929324613368,1.0859247731366146,False,553.3357401252207
3,44.94528004594498,22.47264002297249,22.47264002297249,1.0,True,879.6992934534989
3,49.039733967942446,25.389662333857807,24.519866983971223,1.0354730859859547,False,1093.9816523635661
3,36.93206681546553,21.172416699628602,18.466033407732766,1.1465600777459073,False,582.1390110333164
3,46.76366325858344,23.497514101742546,23.38183162929172,1.0049475368005774,False,910.3586909308536
3,50.03945611746049,25.026293624354054,25.019728058730244,1.0002624155469795,False,1163.2973255574577
3,44.76862189763406,23.58311098766156,22.38431094881703,1.0535553692756348,False,943.482250574894
3,47.781534418882764,24.81399330250311,23.890767209441382,1.038643635215569,False,1033.7356053968365
3,40.263192037953885,20.28013814508859,20.131596018976943,1.0073785568700875,False,871.6221145499264
3,39.95568921296163,20.024848922406264,19.977844606480815,1.0023528221813378,False,890.0904401937487
3,36.49506952791439,20.115475991449717,18.247534763957194,1.1023667718218084,False,566.8139460596266
3,54.3733581124847,27.526112168901403,27.18667905624235,1.0124852730985219,False,1717.5682613314273
3,10.579996884051171,6.097627529481398,5.289998442025586,1.152670949964697,False,48.298741094857455
3,38.97921300680165,21.320868038417437,19.489606503400825,1.0939609291083978,False,644.6109538927999
3,38.642345283730215,19.410159726032717,19.321172641865108,1.0046056771924283,False,716.7808728366341
3,27.09561117874852,15.589993010552842,13.54780558937426,1.1507393509381547,False,315.68302071604114
3,27.67648041250134,15.845018622459987,13.83824020625067,1.1450168797693556,False,326.0674111213549
3,43.47605508609473,21.738027543047366,21.738027543047366,1.0,True,893.4637558890647
3,39.58746721573594,21.759132468346994,19.79373360786797,1.0992939937161619,False,667.6392322634936
3,52.962706928214764,26.481353464107382,26.481353464107382,1.0,True,1755.6778879210456
3,35.57715349638453,19.32501560753958,17.788576748192266,1.086372219716985,False,537.2285402433711
3,49.11246836259823,24.556234181299114,24.556234181299114,1.0,True,974.8379429251445
3,47.96984368682896,24.477989372803037,23.98492184341448,1.0205573957091687,False,1081.1804985486042
3,44.3290658823667,22.806760577305702,22.16453294118335,1.0289754644425215,False,843.9485527173939
3,44.77262175324561,22.5241280643411,22.386310876622804,1.006156315280255,False,1000.6521074487698
3,55.114624892367715,27.557312446183857,27.557312446183857,1.0,True,1441.3824063680202
3,50.88040947705535,25.997260931687826,25.440204738527676,1.0218966867163817,False,1002.4440957956101
3,50.21410593758987,25.176645980563013,25.107052968794935,1.0027718510752566,False,1183.5302218692366
3,35.39263731694217,17.696318658471085,17.696318658471085,1.0,True,695.9352295082919
3,49.20581544444221,25.08962860944762,24.602907722221104,1.0197830635598781,False,1207.2133459418585
3,46.487019705673646,23.28383981840655,23.243509852836823,1.0017351065232862,False,1068.536035564511
3,30.204204697743343,17.25183241406984,15.102102348871671,1.1423464108199994,False,394.5830700268199
3,53.099857881664626,26.580396935980776,26.549928940832313,1.001147573510135,False,1009.3106926443003
3,49.500998468548524,24.750499234274262,24.750499234274262,1.0,True,1001.7701161097141
3,49.01000273703861,24.575307159566748,24.505001368519306,1.0028690384460766,False,879.1122969741654
3,41.39211930341223,22.64011419682508,20.696059651706115,1.0939335592298944,False,799.6997904805379
3,41.37530848730219,20.95381180508163,20.687654243651096,1.0128655263808954,False,885.0358489214663
3,43.43741217349795,21.764567165240447,21.718706086748973,1.0021115934949483,False,1088.2263864997967
3,46.280280127113265,23.691801846376507,23.140140063556633,1.023840036460656,False,979.2534744010476
3,36.38978534604961,19.642568210074245,18.194892673024803,1.0795649396270264,False,638.0000991572106
3,47.06355031102677,23.53861637661324,23.531775155513387,1.0002907226953617,False,997.3402555905211
3,49.34043986281981,24.670219931409903,24.670219931409903,1.0,True,1210.120385674563
3,45.62542248342288,22.88275908572,22.81271124171144,1.0030705619891633,False,1124.970576993675
3,40.66688064764077,20.84811546581319,20.333440323820383,1.0253117590430514,False,644.7869861788945
3,45.49989842368426,22.92021781636169,22.74994921184213,1.0074843509730091,False,1170.0166157124152
3,44.39245344728016,22.211563390960226,22.19622672364008,1.000690958310667,False,960.2389718351172
3,40.95356979287318,21.987864551104586,20.47678489643659,1.0737947711181435,False,764.869748879068
3,41.24506303059813,20.834031178527518,20.622531515299066,1.0102557565772925,False,718.6145913312976
3,49.50178019832739,24.7950479859516,24.750890099163694,1.0017840928795283,False,1094.487160121325
3,31.528634497626733,17.726054834826957,15.764317248813366,1.124441645968604,False,423.4770417094419
3,28.913427721343066,16.612910103813995,14.456713860671533,1.149148434694294,False,358.4484682079018
3,48.56324612260024,24.406989641357175,24.28162306130012,1.005163023070598,False,968.7495567056051
3,46.2675661908352,23.32189597041157,23.1337830954176,1.0081315223808438,False,1017.7138878018441
3,33.095316765254175,18.881768098542516,16.547658382627088,1.141053777032643,False,462.80057495084526
3,52.240669365722454,28.084343158520984,26.120334682861227,1.0751907852447402,False,1237.8575384329963
3,42.362514680626,22.73548956223258,21.181257340313,1.073377712991641,False,759.9696611438033
3,46.63267397702485,23.579256903919017,23.316336988512425,1.011276210132669,False,912.9966692528087
3,43.134441950755054,22.80380214375721,21.567220975377527,1.057336138475673,False,775.2101590737777
3,38.49739679680149,19.370138014195774,19.248698398400744,1.006308978055634,False,748.1626758658886
3,53.92060412057452,27.138935455570362,26.96030206028726,1.0066257935420624,False,1213.964598236649
3,50.3229840743706,25.33079562806635,25.1614920371853,1.0067286785152025,False,1363.9686237498577
3,30.75983072806692,17.122227172103262,15.37991536403346,1.1132848762057734,False,402.63075308102356
3,47.63867051934952,24.073085946353824,23.81933525967476,1.0106531388853934,False,1243.863704147822
3,44.11971331468978,22.665521590460408,22.05985665734489,1.0274555244180998,False,768.6688897853944
3,38.692754829343414,19.586490764985392,19.346377414671707,1.0124112822347604,False,631.5626933039803
3,53.160162874118654,26.580081437059327,26.580081437059327,1.0,True,1075.8290664741194
3,42.46569259391213,23.445716033594337,21.232846296956065,1.1042191755966089,False,762.4198531397581
3,48.786042571853194,24.44550572609503,24.393021285926597,1.0021516170364149,False,937.5965945403573
3,47.218256506154866,24.674524723168197,23.609128253077433,1.0451264637419169,False,1251.8926747035787
3,52.15463759546659,27.049320397376412,26.077318797733295,1.0372738319910253,False,1399.0208242949618
3,35.30903860541404,20.080224668997957,17.65451930270702,1.137398550744964,False,523.3399873166207
3,21.91534573909957,12.577210882054844,10.957672869549786,1.1477994490057815,False,205.4672928630964
3,43.71501015734446,24.792155705490234,21.85750507867223,1.1342628363235077,False,797.3357329293334
3,43.23878868549176,22.649934162232935,21.61939434274588,1.0476673769463314,False,806.4863826887519
3,41.66045709303646,20.83022854651823,20.83022854651823,1.0,True,821.7679292354682
3,40.2214329896071,20.378791883782682,20.11071649480355,1.013329977032315,False,807.6632314653318
3,44.94116084488319,23.105285936601504,22.470580422441596,1.028246066733818,False,1077.9274092178557
3,24.546649851368407,14.055810965498292,12.273324925684204,1.1452325307614,False,256.5857366902522
3,26.924717336821978,15.440245032377133,13.462358668410989,1.146919749553783,False,309.64787860838953
3,43.37377028509419,24.04210795882439,21.686885142547094,1.108601249132667,False,851.5887432495622
3,29.416238305970293,16.817424594798595,14.708119152985146,1.1434109568921562,False,367.2909887480512
3,50.195574120122714,25.097787060061357,25.097787060061357,1.0,True,1323.3851823490934
3,41.17752124421925,21.607504718862472,20.588760622109625,1.0494805935845817,False,697.0122779524834
3,33.45519581309642,19.216677867018017,16.72759790654821,1.1488008005916637,False,479.6392218560625
3,41.758212926408355,20.91548992015704,20.879106463204177,1.0017425772993198,False,815.112576568578
3,49.46688898119738,26.04271634207777,24.73344449059869,1.0529352816982989,False,1310.0003152327283
3,44.2225199287138,22.344511744549774,22.1112599643569,1.0105490044696175,False,841.144145912252
3,45.52213661136302,22.816690649500764,22.76106830568151,1.00244374925958,False,961.3274434023308
3,36.56925718463557,18.469673920770283,18.284628592317784,1.0101202672790546,False,810.350512395046
3,30.293442423516172,17.45208217133249,15.146721211758086,1.1522019800420435,False,395.6473049813723
3,53.13594097317779,26.567970486588894,26.567970486588894,1.0,True,1145.7418389822765
3,29.744880413708668,16.722332813519593,14.872440206854334,1.1243839330288712,False,381.0279664528156
3,47.83844504120955,23.919222520604777,23.919222520604777,1.0,True,972.6531463510262
3,48.297753469010175,24.367987697782123,24.148876734505087,1.0090733397534783,False,859.5127539022861
3,25.5784840545382,14.673876526546263,12.7892420272691,1.1473609221921646,False,279.60530336484874
3,37.709276126107845,18.869982270349727,18.854638063053923,1.0008138160618354,False,846.2794898664799
3,46.66118783224692,23.343649080159132,23.33059391612346,1.0005595727259498,False,1005.1306369626363
3,48.68825462583901,27.15479721068297,24.344127312919504,1.1154557672836287,False,1037.4669880732672
3,50.46505664271519,25.361806537124643,25.232528321357595,1.0051234745135558,False,907.7363299209067
3,51.39995475960288,25.69997737980144,25.69997737980144,1.0,True,1301.9225709467366
3,48.43871183544911,24.584300263986965,24.219355917724556,1.015068292794497,False,1068.5626675675123
3,23.299813142837724,13.358489189937453,11.649906571418862,1.1466606283959666,False,231.76159221214658
3,51.487110753353655,28.23945081926947,25.743555376676827,1.096952243234199,False,1178.8817221467061
3,54.01978275092797,27.010490677232177,27.009891375463987,1.0000221882331868,False,1733.0608878811968
3,40.196080803491355,20.10806490239444,20.098040401745678,1.0004987800028449,False,1008.6377732064284
3,35.3939115910408,19.104725495741036,17.6969557955204,1.0795486928083406,False,531.4209022515454
3,34.43016922574731,18.026488506726125,17.215084612873657,1.0471333084965315,False,630.306255668474
3,41.69774556590559,21.708280423838538,20.848872782952796,1.0412208204171327,False,832.3533985601277
3,43.926410862902976,25.10287808176128,21.963205431451488,1.1429514767372595,False,818.1798969672711
3,51.689394050276675,26.211316104180604,25.844697025138338,1.0141854663138696,False,1575.882604153666
3,46.970477818406465,25.167077064873673,23.485238909203233,1.0716125632007676,False,933.8482127818277
3,48.82190303634154,24.41095151817077,24.41095151817077,1.0,True,1008.6110258959101
3,32.115556690346885,18.425528736417522,16.057778345173443,1.1474519289248855,False,440.9448275247646
3,48.273955980990245,24.136977990495122,24.136977990495122,1.0,True,971.3780606383214
3,35.672717429618,18.88681805583084,17.836358714809,1.058894270844064,False,532.3223527521245
3,47.47521221112209,23.983208139803068,23.737606105561046,1.010346537605765,False,928.8549014033302
3,46.55921804368727,24.22219462164098,23.279609021843633,1.0404897521652061,False,885.8129758853223
3,46.55435691061133,23.277178455305666,23.277178455305666,1.0,True,1207.610398173553
3,35.76486761358967,19.361777867372815,17.882433806794836,1.0827261029768704,False,576.9135917490428
3,37.16621652428811,19.584056891727784,18.583108262144055,1.0538633588882855,False,574.1385242087325
3,29.331552371366918,16.805421183252804,14.665776185683459,1.1458937440800467,False,366.7612646239348
3,47.662702220486736,24.191292582737237,23.831351110243368,1.015103695582713,False,1128.6457565399405
3,45.302600675089295,22.651300337544647,22.651300337544647,1.0,True,976.7479861751933
3,40.08444954190213,20.205415773867546,20.042224770951066,1.008142359682195,False,670.6585908899439
3,32.353865764485064,18.581028864630387,16.176932882242532,1.1486125954708533,False,448.4001977525364
3,52.982945779731246,26.516131516920822,26.491472889865623,1.0009308137436417,False,1640.3135591804082
3,37.446581614589434,18.736843273794968,18.723290807294717,1.000723829301149,False,691.9799207455274
3,25.16072064925909,14.444783966423552,12.580360324629545,1.1482011320569157,False,270.9914842421189
3,52.392414294044436,26.196207147022218,26.196207147022218,1.0,True,1527.0088433455867
3,38.78906665293927,21.171534284276046,19.394533326469634,1.0916238059402628,False,746.8158500108365
3,46.42174025795108,23.24480127321468,23.21087012897554,1.0014618643786553,False,1027.2854298006812
3,40.69310631951936,20.420604236320198,20.34655315975968,1.0036394899902246,False,761.8935248484657
3,54.61685720184379,28.017107335257215,27.308428600921896,1.0259509159128766,False,1715.939820865912
3,41.396263148291574,20.894174655040054,20.698131574145787,1.0094715351572674,False,1110.6626596475685
3,45.16348361490168,22.625582958446028,22.58174180745084,1.001941442399307,False,841.1907848251001
3,46.995685068485884,23.942536276566567,23.497842534242942,1.0189248754082671,False,915.7521249116559
3,48.49609078702037,25.694293929583093,24.248045393510186,1.0596439223286833,False,1086.4758073284097
3,33.2669815075364,17.892267991139523,16.6334907537682,1.075677274001319,False,458.2230469991086
3,43.73883550915261,21.874082312537066,21.869417754576304,1.0002132913648232,False,992.2402207047378
3,50.19873345522533,25.099366727612665,25.099366727612665,1.0,True,1242.7143696576882
3,48.280135923823956,24.140067961911978,24.140067961911978,1.0,True,1019.7668347546158
3,41.67079830992186,23.091624062011743,20.83539915496093,1.1082880577554766,False,739.0551932457893
3,53.531009216791546,26.79500176475572,26.765504608395773,1.0011020586681072,False,1654.7721959093647
3,42.25006093120732,21.605262954419107,21.12503046560366,1.022732866094436,False,1075.359739467323
3,39.04568986918479,20.22586630232764,19.522844934592396,1.0360101906300327,False,889.6076208953903
3,46.284283196249106,23.248043692224524,23.142141598124553,1.0045761579001207,False,1040.7476124307418
3,28.479581708688087,16.365510325169502,14.239790854344044,1.1492802452345694,False,347.88862415125743
3,37.58475957953014,19.316497435582693,18.79237978976507,1.027889902805342,False,628.0159221518045
3,37.51023889388244,20.12585260326737,18.75511944694122,1.0730858131937786,False,655.9336331698664
3,38.44091967549447,21.333845541812046,19.220459837747235,1.1099550022166647,False,667.0259746453855
3,49.92988494846722,24.96494247423361,24.96494247423361,1.0,True,1048.3088203014142
3,48.083351211703565,27.033814546658714,24.041675605851783,1.1244563394773799,False,1013.0847440012196
3,43.43739124823807,22.10295831069402,21.718695624119036,1.017692714757154,False,840.0443893143422
3,35.299356845459606,18.741711319080096,17.649678422729803,1.0618726795012843,False,578.3380735710798
3,48.82718800739604,24.701415246212274,24.41359400369802,1.011789384327054,False,884.0746250068078
3,40.1176601434998,20.155240583597898,20.0588300717499,1.0048063875860727,False,760.5025099341328
3,28.442491102037568,16.358964676211443,14.221245551018784,1.150318698704947,False,347.6276857481441
3,51.45368659521065,25.786638346974286,25.726843297605324,1.0023242279931999,False,1196.239301767336
3,37.40302724915512,21.341856166379902,18.70151362457756,1.1411833605988126,False,591.3874827833491
3,42.10234324132659,23.768011714388837,21.051171620663293,1.1290588544277869,False,784.7442230767399
3,47.364637363913474,23.698590433845514,23.682318681956737,1.0006870844070337,False,849.4286387264019
3,46.64966764469433,23.808678911212848,23.324833822347166,1.0207437743201462,False,917.0861556699806
3,39.763229954698815,19.948856912848694,19.881614977349408,1.0033821163711245,False,698.654807916537
3,38.487395129367464,20.55052373840881,19.243697564683732,1.0679093074151915,False,662.7706787667614
3,36.38051744322218,19.315279532418913,18.19025872161109,1.0618474331797838,False,572.3381050293073
3,51.97612528237325,25.988062641186627,25.988062641186627,1.0,True,1187.688877788003
3,43.611212169608656,21.853786463451257,21.805606084804328,1.0022095409070286,False,844.1122451483129
3,40.66434042723777,23.22128452937813,20.332170213618884,1.1420957175453932,False,700.1835308831198
3,52.14310010335677,26.94664548000167,26.071550051678386,1.033565147702714,False,1314.6802741485
3,27.73317862594701,15.941033388523136,13.866589312973504,1.1496001668996423,False,330.04704865081436
3,52.169834853631585,26.084917426815792,26.084917426815792,1.0,True,1479.704504713396
3,38.079552513208476,19.15292642854333,19.039776256604238,1.005942830966821,False,677.9294193638241
3,51.43208087482118,26.23338017676881,25.71604043741059,1.0201173948461217,False,1398.8107428165351
3,46.3944950571786,23.1972475285893,23.1972475285893,1.0,True,1240.7178462030865
3,21.880080629008514,12.603025318003393,10.940040314504257,1.1520090379643626,False,206.3307772532291
3,51.45032754822472,25.7816006160708,25.72516377411236,1.0021938380044535,False,1348.5126776839948
3,49.57156679263011,24.944501772513952,24.785783396315054,1.0064036053918914,False,1452.886128616648
3,35.580769367609626,17.96948243150042,17.790384683804813,1.0100671093334281,False,612.8135495735293
3,50.89435892271027,25.704132076627335,25.447179461355134,1.0100974890227978,False,1027.9454158906915
3,47.43381293346348,24.86931703124164,23.71690646673174,1.048590256327334,False,961.099536477464
3,46.193635480129046,24.577936473028668,23.096817740064523,1.0641265281491548,False,893.8775241546797
3,49.35163318236526,24.67581659118263,24.67581659118263,1.0,True,989.9291549318938
3,36.52091607263094,20.208382471157613,18.26045803631547,1.1066744564111268,False,616.9950112692281
3,35.29600135185189,19.18099999598481,17.648000675925946,1.086865325325495,False,524.6963698083955
3,39.29026095128836,20.388341854130275,19.64513047564418,1.037831837228443,False,623.4887630301318
3,17.015064488866,9.778902238201509,8.507532244433,1.1494405142690403,False,124.21445434807924
3,40.686568326009485,21.261203013044714,20.343284163004743,1.045121468229267,False,677.6579302699715
3,39.2476322133316,22.56378668268481,19.6238161066658,1.1498164556801143,False,661.258448142187
3,51.70166095375405,25.850830476877025,25.850830476877025,1.0,True,1622.690426118197
3,39.067201327151835,20.412240572450216,19.533600663575918,1.0449809496982647,False,711.4692979162807
3,44.557708799513385,22.911338260985673,22.278854399756693,1.028389424782806,False,978.8722012862308
3,33.5694829767824,18.17739383966288,16.7847414883912,1.0829713315653313,False,468.8138064807939
3,53.52084154998358,26.760538704480556,26.76042077499179,1.0000044068622747,False,1450.803005784835
3,51.29982729207068,25.64991364603534,25.64991364603534,1.0,True,970.5029197296789
3,37.37657896645121,18.821880124648036,18.688289483225606,1.0071483610922412,False,680.8300092194761
3,39.11632346796257,20.864366119800643,19.558161733981287,1.0667856419016055,False,745.3665980714094
3,37.1994888162491,21.21531727548225,18.59974440812455,1.1406241295560595,False,584.3975684023071
3,51.12893376795769,28.872717678931014,25.564466883978845,1.1294081668108416,False,1196.3047205912467
3,40.02048875574276,20.32217955139088,20.01024437787138,1.0155887738115013,False,812.8879727823473
3,30.426736431979602,15.546339493821492,15.213368215989801,1.021886755983578,False,540.413735126426
3,16.026806296028415,9.201702975970546,8.013403148014207,1.1482890360072313,False,109.97710937354192
3,35.719780255092985,18.007685056668585,17.859890127546493,1.0082752429083615,False,705.6916696996988
3,23.416181765853437,13.509539007468277,11.708090882926719,1.1538635241693003,False,237.08376762174348
3,42.84894993307794,21.42447496653897,21.42447496653897,1.0,True,1057.0553201957318
3,24.711947367159173,14.202583534409063,12.355973683579586,1.1494507756425154,False,262.0110884962281
3,33.81354922036103,18.245928092221487,16.906774610180516,1.0792080992926107,False,503.9277393876148
3,43.62978345817442,23.836688431193952,21.81489172908721,1.0926796578784275,False,832.7814436848236
3,40.23169410917959,21.450734208290235,20.115847054589796,1.0663599772894405,False,724.7163249276612
3,36.86373412785913,19.965472229340566,18.431867063929566,1.0832040053290208,False,569.6902735428775
3,49.17301376138415,24.744876309926603,24.586506880692074,1.0064413147423923,False,939.2116116685625
3,41.822233969123886,21.887253584789654,20.911116984561943,1.046680270640175,False,725.3641505312974
3,44.92497990861899,22.462489954309493,22.462489954309493,1.0,True,925.7729837171375
3,51.43958580737572,25.779406356689524,25.71979290368786,1.002317804549395,False,1320.392291568867
3,43.786553035287035,22.794615548253407,21.893276517643518,1.0411696727935407,False,855.6708272172671
3,40.91047087789515,21.297353340013647,20.455235438947575,1.0411688197664373,False,674.60168431416
3,41.09162865105272,20.674027778674397,20.54581432552636,1.0062403685303796,False,658.5085193694626
3,26.278536077427013,14.994311057828094,13.139268038713507,1.141183132397398,False,291.88884694317045
3,39.86941076244108,22.920089970043083,19.93470538122054,1.14975814950518,False,682.3844263103256
3,37.2572237033235,18.62861185166175,18.62861185166175,1.0,True,721.8079786566548
3,38.8719365053355,20.601432171140402,19.43596825266775,1.0599642839153478,False,709.641250740211
3,27.51067630529658,15.713652697132217,13.75533815264829,1.1423676046893034,False,320.6357767971038
3,37.640447333687014,19.349595149646756,18.820223666843507,1.0281277997633933,False,652.9420771396304
3,53.21041553558148,26.60520776779074,26.60520776779074,1.0,True,1613.7574860649474
3,26.64304322185749,15.335804195764055,13.321521610928745,1.151205143351104,False,305.5008840171768
3,37.90110608097117,19.650022506754418,18.950553040485584,1.0369102402855739,False,670.8021721796405
3,42.062869547454206,21.193566729406975,21.031434773727103,1.0077090297178588,False,788.7338991145666
3,44.438899996650164,25.33968056172311,22.219449998325082,1.14042789374324,False,855.0954670765022
3,47.03313280175027,23.516566400875135,23.516566400875135,1.0,True,1064.362032843317
3,31.062593578136454,17.275398501810212,15.531296789068227,1.1122959490394633,False,418.2994434258189
3,43.5136846164992,21.7568423082496,21.7568423082496,1.0,True,934.0381460783499
3,28.058241249799263,16.12297021615675,14.029120624899631,1.1492502379330065,False,337.6013331002174
3,51.832330052932356,26.519295690602668,25.916165026466178,1.0232723731894962,False,1479.1747473661194
3,51.11579333010247,25.557896665051235,25.557896665051235,1.0,True,1148.564971678299
3,34.14759161819333,19.411000099477782,17.073795809096666,1.1368883824378342,False,500.3308960623004
3,43.60506858580337,24.841611238562816,21.802534292901687,1.1393909948647838,False,801.0290905233272
3,40.36146527774181,20.87972194647129,20.180732638870904,1.0346364683635931,False,684.8989238786562
3,42.9996571957751,21.65606917177552,21.49982859788755,1.007267061371053,False,770.9235583272329
3,43.49849571427218,22.008516351047465,21.74924785713609,1.011920802761292,False,782.9387388906064
3,48.47325028236246,24.312637318972612,24.23662514118123,1.0031362525660485,False,950.1887836009178
3,47.30746832388213,23.6858571873314,23.653734161941063,1.001358053031729,False,1341.501086887708
3,47.00655105707672,23.530736115529287,23.50327552853836,1.0011683727639402,False,1171.8451112326413
3,52.851487031682346,27.02374211196579,26.425743515841173,1.0226293953003116,False,1601.859902548752
3,50.21543844014013,25.887249726280217,25.107719220070067,1.0310474439903337,False,1383.3408844468686
3,48.3597507595733,24.48875161358156,24.17987537978665,1.0127741036272302,False,1193.9399128638306
3,48.5527233912255,24.75081918930386,24.27636169561275,1.0195440115631849,False,1063.7721950846567
3,40.76602640107893,20.53384217082058,20.383013200539466,1.0073997386351652,False,852.8274751238921
3,39.729667071563526,21.39623612960393,19.864833535781763,1.0770911365083282,False,660.1188018080704
3,45.78734503270915,24.17209997814946,22.893672516354574,1.055841956369456,False,1172.1158880217204
3,35.48958259876051,20.424487581080523,17.744791299380253,1.1510131190888595,False,541.8875100765308
3,42.84119526847252,24.517015539981628,21.42059763423626,1.1445532920517776,False,780.6417270267541
3,36.30901153670374,20.836750494488946,18.15450576835187,1.1477454005282226,False,563.9396131906183
3,38.09976145620637,19.051476038821523,19.049880728103187,1.0000837438691144,False,775.9202624203967
3,49.170756325286334,24.585378162643167,24.585378162643167,1.0,True,1055.1875687404802
3,49.076513442539934,24.538256721269967,24.538256721269967,1.0,True,1213.2603077457575
3,36.551060324309766,21.007065868960858,18.275530162154883,1.149464102139289,False,573.17927272187
3,44.12357466940143,22.061787334700714,22.061787334700714,1.0,True,1138.1781169461597
3,25.498197560780426,14.605135146842665,12.749098780390213,1.1455817700077184,False,277.04206669531584
3,20.839749158061824,11.98662445404634,10.419874579030912,1.1503616826797871,False,186.62902621544146
3,43.10155861354366,21.91705375083081,21.55077930677183,1.0169958793065033,False,823.4288818348499
3,35.78857615775605,20.49429508199953,17.894288078878024,1.145298152777058,False,545.4890699207056
3,50.22908643446245,25.36665458903002,25.114543217231226,1.0100384613655173,False,1068.8857381813802
3,52.29662318169278,26.14831159084639,26.14831159084639,1.0,True,1133.5740022269863
3,50.76226065269916,25.401514281368048,25.38113032634958,1.0008031145483425,False,1420.9964698660037
3,32.31007929605043,18.5789398731402,16.155039648025216,1.1500398809241723,False,448.37458880397446
3,35.13954887473209,19.10913472515546,17.569774437366046,1.0876141178292886,False,543.8307890317649
3,42.96827065413573,21.994157372138368,21.484135327067865,1.0237394727461024,False,829.6821208799536
3,44.45183818670913,22.263918161413866,22.225919093354566,1.0017096736427273,False,1258.2540676476108
3,52.02657982552848,26.699994553897902,26.01328991276424,1.0263982235017766,False,1429.4834408978359
3,42.01625437450011,21.365177314360132,21.008127187250054,1.0169958094754288,False,915.9202834217217
3,40.83817680206663,20.591199359980195,20.419088401033314,1.0084289247182148,False,680.3164041804146
3,48.203188050038555,24.183081911495538,24.101594025019278,1.0033810164751622,False,1362.6595135738826
3,53.088697964927015,26.54822133148456,26.544348982463507,1.0001458822374438,False,1282.773411266917
3,36.317830580142115,20.062432345915035,18.158915290071057,1.1048254824386334,False,560.1764132739752
3,44.73461494926928,22.38525162795487,22.36730747463464,1.0008022491460171,False,1095.5755379073887
3,29.808542566678152,17.167266442251282,14.904271283339076,1.1518353441031313,False,382.82906912433964
3,32.43192755289175,18.651305721494452,16.215963776445875,1.150181757841984,False,451.8760176138761
3,44.20299539066531,22.29602719739015,22.101497695332654,1.0088016434333578,False,825.9334551734943
3,35.675318124451806,18.026149150992723,17.837659062225903,1.0105669745177481,False,794.6076388863432
3,50.66242851704229,25.331214258521143,25.331214258521143,1.0,True,1384.2917468623857
3,47.99734377628454,23.99867188814227,23.99867188814227,1.0,True,972.3514079049111
3,16.18460371959929,9.32096512963766,8.092301859799646,1.151831121864309,False,112.85765913616643
3,40.29635746575009,20.94666184715753,20.148178732875046,1.0396305355868036,False,655.354030991465
3,32.83746231976491,18.238480437662506,16.418731159882455,1.1108337337434715,False,461.7627697038747
3,42.61641633130543,22.510783903964498,21.308208165652715,1.056437206214751,False,813.5068257324003
3,45.90909747058022,23.4584567604738,22.95454873529011,1.0219524256823653,False,1310.4733310423226
3,40.11833518475499,20.151577296459795,20.059167592377495,1.0046068563741108,False,757.6091453582502
3,42.22674356863974,21.563583026777884,21.11337178431987,1.021323512277294,False,783.8248608321844
3,40.574598740342005,20.923512450891828,20.287299370171002,1.0313601662356433,False,936.4147614839703
3,54.14519678974218,27.07259839487109,27.07259839487109,1.0,True,1079.4593273845644
3,42.982759844341636,22.769683584504975,21.491379922170818,1.0594798317727119,False,763.0017329406736
3,40.31585079920615,22.981245581924107,20.157925399603076,1.1400600570918187,False,685.5490706369204
3,35.69186538562157,19.596631336489384,17.845932692810784,1.0981007086496446,False,537.5914021907398
3,48.034130518770496,26.13683749492059,24.017065259385248,1.088261084884507,False,992.9267800082018
3,51.749098162914315,25.99436151069271,25.874549081457157,1.0046305127427868,False,949.1266052782438
3,51.07753699487533,25.538768497437665,25.538768497437665,1.0,True,1059.191381857006
3,34.888949549918735,19.97083047401206,17.444474774959367,1.144822686360219,False,517.9821276943618
3,47.22721809120808,23.61360904560404,23.61360904560404,1.0,True,1039.5669125150418
3,52.956935896728886,27.951410156600375,26.478467948364443,1.0556279242102795,False,1279.2337413854364
3,46.46235856823067,23.80549018348268,23.231179284115335,1.0247215559891976,False,942.0300657818168
3,49.4542388589994,24.72754278692754,24.7271194294997,1.0000171211785929,False,1040.9231581099366
3,45.55476283211379,24.825999798751166,22.777381416056894,1.0899409087143836,False,1058.058555360497
3,35.012014163061124,20.026121717661784,17.506007081530562,1.1439571356503122,False,520.8193197455578
3,47.80437135976867,24.713474762823115,23.902185679884337,1.0339420458783208,False,974.5168317357227
3,51.959754870705964,26.00097781316837,25.979877435352982,1.0008121815766027,False,1498.71620438771
3,33.39100552537961,18.072872348727323,16.695502762689806,1.0824994374602235,False,472.3607067165482
3,44.402948728943414,22.686407566919012,22.201474364471707,1.0218423873336686,False,882.7047459583107
3,50.126888659047495,25.068110663763775,25.063444329523747,1.000186180884745,False,1255.0547715840935
3,48.15581936256191,24.138067962159393,24.077909681280953,1.0024984843649118,False,1435.3149320854507
3,52.39792974236672,26.19896487118336,26.19896487118336,1.0,True,1020.6281867392643
3,44.14356683980965,22.10433981369046,22.071783419904826,1.001475023253276,False,1127.7677560602492
3,47.68728810389347,24.107837036919896,23.843644051946736,1.0110802268477745,False,926.1333370318299
3,47.9030601704404,23.9515300852202,23.9515300852202,1.0,True,997.7227380366744
3,34.62211531164087,19.81651932514752,17.311057655820434,1.1447318655590455,False,524.0441836802182
3,28.74233057776677,16.483839029635263,14.371165288883384,1.1470078242288473,False,352.9106388493367
3,47.30930718618567,23.93548452585885,23.654653593092835,1.0118721219763716,False,838.0225803106299
3,40.08087163370584,21.032257615778274,20.04043581685292,1.0494910294361606,False,663.5025987272221
3,41.90146874372062,21.505126255132293,20.95073437186031,1.0264616921503529,False,756.027838170232
3,38.12252607027248,20.31058277217888,19.06126303513624,1.0655423376058413,False,597.6811265338706
3,51.58896259320153,25.982620453673224,25.794481296600765,1.0072937755525735,False,1077.5183859620813
3,52.018928425368664,26.16277835978715,26.009464212684332,1.0058945523002374,False,1334.5278711563903
3,24.51824469578905,14.079114989920638,12.259122347894525,1.1484602723080493,False,257.47105326429767
3,42.83419308008271,21.63351057517484,21.417096540041356,1.010104732671344,False,1066.0942350545652
3,21.265113073128347,12.269774945655586,10.632556536564174,1.1539816321184093,False,195.56643190816322
3,23.810426112901773,13.704950754867804,11.905213056450886,1.1511722377317493,False,243.98545118887554
3,46.014574647749676,25.137696344980654,23.007287323874838,1.0925971406848591,False,982.2669705082053
3,45.910673263821046,22.964151591956846,22.955336631910523,1.0003840048258787,False,1215.8134861078638
3,39.92974073624531,21.267704143043876,19.964870368122654,1.0652563102539059,False,669.9328602855319
3,53.04340752155902,27.167184147381253,26.52170376077951,1.024337817525746,False,1099.123359588737
3,39.07154120574392,20.636412614041824,19.53577060287196,1.0563398308438399,False,635.6793771392126
3,46.13062175312417,23.28204591250546,23.065310876562084,1.0093965798728346,False,883.5664541711271
3,34.61231580735383,19.628798817088693,17.306157903676915,1.1342089287720125,False,530.9407283438491
3,38.455190542564985,20.906771342057393,19.227595271282492,1.0873315693971801,False,620.9743343034734
3,40.27022388589996,21.707535775086367,20.13511194294998,1.078093622553062,False,749.4599123560126
3,21.672299471467092,12.433238365903993,10.836149735733546,1.1473852492923615,False,200.76538975078282
3,29.252427327498815,16.78065610742662,14.626213663749407,1.1473000800622055,False,371.1300258731844
3,33.34457575523675,19.22341806561766,16.672287877618373,1.1530162030985585,False,480.0374717435287
3,50.54833935358694,28.611384697896767,25.27416967679347,1.1320405403532405,False,1099.419104711893
3,41.10571072738875,22.01731308115083,20.552855363694373,1.0712532488329263,False,807.9018037625868
3,32.54385285318217,18.743073280538972,16.271926426591087,1.1518656604733422,False,456.33228010098173
3,36.52691691039425,18.7346500187173,18.263458455197124,1.0257996898383772,False,607.2024208866554
3,45.90557676113101,23.144907457628463,22.952788380565504,1.008370184653714,False,1097.195133726699
3,48.2672356437501,24.13361782187505,24.13361782187505,1.0,True,1101.475154313403
3,36.77773522726217,18.720903310142575,18.388867613631085,1.0180563427551874,False,669.7109959661091
3,36.56210884674004,20.908546203886125,18.28105442337002,1.1437275837414056,False,567.6808470260357
3,27.992407019281558,16.080018541619022,13.996203509640779,1.1488843049861974,False,335.8287064083738
3,47.44717945794614,23.83486439290369,23.72358972897307,1.0046904648580532,False,965.6167491189584
3,43.42380092508752,21.741609846582545,21.71190046254376,1.0013683456264015,False,767.3933056104075
3,42.859571727267486,21.721411470916337,21.429785863633743,1.0136084237676626,False,760.2923415387077
3,48.50786660207202,24.895090782927046,24.25393330103601,1.0264351960538973,False,1072.213820303397
3,53.03528078456528,26.51764039228264,26.51764039228264,1.0,True,1193.7151030253385
3,42.12143268112536,21.40794853473377,21.06071634056268,1.016487197707626,False,737.6843985941796
3,31.925080562332436,18.398359230342333,15.962540281166218,1.1525959469026414,False,439.7182763377519
3,36.86367298615081,18.96262021490805,18.431836493075405,1.0287971153624358,False,808.8813812185178
3,42.59674478977143,22.093798654259874,21.298372394885714,1.0373468096353298,False,852.9097113260792
3,52.36348428109094,26.240109464263046,26.18174214054547,1.0022293139778191,False,1566.7425036063198
3,53.01076526232076,26.50538263116038,26.50538263116038,1.0,True,1171.0120705938157
3,39.6227699844551,19.844585309496242,19.81138499222755,1.0016758201045368,False,931.9012334213395
3,32.95015662942732,18.070009982127043,16.47507831471366,1.0968087457277198,False,459.83969444728365
3,50.792486515900585,25.396243257950292,25.396243257950292,1.0,True,1229.7201160692152
3,52.87692234182019,27.74100412481869,26.438461170910095,1.0492669730468946,False,1265.1413323099778
3,40.497407158403306,22.04325888167645,20.248703579201653,1.0886256888227681,False,814.8896829238306
3,40.12732901884938,22.560410161581625,20.06366450942469,1.1244411583429397,False,712.343473961791
3,41.79563869343855,22.75477863713852,20.897819346719274,1.0888589981380412,False,738.6275356907016
3,50.98599936057602,25.519217758001922,25.49299968028801,1.0010284422407216,False,1342.151012140511
3,47.68359077857766,23.848813412995682,23.84179538928883,1.000294358020957,False,1340.980700933684
3,38.23145917093782,21.411625471598605,19.11572958546891,1.120105061952485,False,665.4900165286205
3,30.370210576869393,16.98150004297371,15.185105288434697,1.1182997891958766,False,392.04230070647253
3,15.952796186758672,9.16565714671723,7.976398093379336,1.1490972541008224,False,109.12248590084685
3,37.70578544413876,19.411008175783348,18.85289272206938,1.0296037038952983,False,742.9920010734354
3,45.090817051105674,22.545408525552837,22.545408525552837,1.0,True,963.2063473850026
3,34.92083503196994,19.90584077461081,17.46041751598497,1.1400552567764808,False,514.4648466086237
4,44.03517398345074,22.018736888326483,22.01758699172537,1.0000522262771823,False,945.6022871136861
4,27.984176209432988,13.992088104716494,13.992088104716494,1.0,True,365.7240798640555
4,47.39421467498963,23.70412242888293,23.697107337494813,1.0002960315488387,False,1054.778542338793
4,41.97908846429491,20.9895617206413,20.989544232147455,1.0000008332002663,False,852.242536618655
4,48.52988379580875,24.264941897904375,24.264941897904375,1.0,True,1147.0964413012025
4,30.01950875927743,15.009754379638714,15.009754379638714,1.0,True,315.7332137379111
4,40.357803356160716,20.179860848707172,20.178901678080358,1.0000475333416117,False,811.0736849713977
4,23.84813580670772,11.924216275486959,11.92406790335386,1.0000124430801889,False,268.7878760587389
4,29.630477721392573,14.816642039430791,14.815238860696287,1.0000947118536325,False,402.0145050897381
4,35.67371890335469,17.836859451677345,17.836859451677345,1.0,True,33.22626652454057
4,35.91098519796591,17.95822167539951,17.955492598982953,1.0001519911749295,False,471.7354725625366
4,41.09024457519127,20.545122287595635,20.545122287595635,1.0,True,608.9909486237592
4,43.549054582232145,21.774527291116073,21.774527291116073,1.0,True,921.8356154319727
4,30.75704460138344,15.378522394937717,15.37852230069172,1.0000000061284169,False,379.166016168899
4,17.527782402991768,8.763894022246449,8.763891201495884,1.0000003218605182,False,133.13440144127685
4,40.670264985073985,20.335132492536992,20.335132492536992,1.0,True,809.5202428535806
4,47.975534560708894,23.987767280354447,23.987767280354447,1.0,True,1044.5027442830599
4,36.86312261837808,18.43276674850304,18.43156130918904,1.0000654008249101,False,673.9140111041522
4,47.902516264416796,23.951258132208398,23.951258132208398,1.0,True,1077.4941981514266
4,34.60540136140692,17.30514635063084,17.30270068070346,1.0001413461385313,False,519.744004407476
4,29.803194173177463,14.901623463403832,14.901597086588732,1.0000017700663189,False,393.09805819214495
4,33.03340915615464,16.519717630088046,16.51670457807732,1.000182424526423,False,520.4550352390743
4,38.42675060709912,19.21337530354956,19.21337530354956,1.0,True,697.5057815502121
4,30.50286902932994,15.25143451466497,15.25143451466497,1.0,True,348.2040838643975
4,26.66447943257692,13.33223971628846,13.33223971628846,1.0,True,324.8489107774736
4,29.938966281627486,14.969483140813743,14.969483140813743,1.0,True,401.9107437847812
4,26.814978955591886,13.408349179442903,13.407489477795943,1.0000641210010557,False,357.58904325484343
4,48.88499663020567,24.442498315102835,24.442498315102835,1.0,True,703.1280017786978
4,33.319138150599336,16.659886114971343,16.659569075299668,1.0000190304845367,False,115.20489695968394
4,51.239944839673285,25.619977893442975,25.619972419836643,1.0000002136460666,False,1120.1984260434335
4,39.68922310680838,19.84546623763342,19.84461155340419,1.000043068831402,False,768.4424652725315
4,31.275380380324755,15.640512007925917,15.637690190162377,1.0001804497805766,False,462.4450030261834
4,43.393652833852535,21.698870405408364,21.696826416926267,1.00009420679517,False,918.0116319220906
4,24.14272566631275,12.071362833156375,12.071362833156375,1.0,True,282.5066001880401
4,46.80174791304006,23.402735804252657,23.40087395652003,1.0000795631708495,False,1089.6722998098126
4,40.23237617197412,20.11618808598706,20.11618808598706,1.0,True,783.9514015572101
4,26.18085482173872,13.09042741086936,13.09042741086936,1.0,True,212.62996879725597
4,45.46013122976627,22.7305969675053,22.730065614883134,1.0000233766426885,False,679.46771958329
4,32.16349890911416,16.08174945455708,16.08174945455708,1.0,True,427.8483420914221
4,29.650178404438368,14.825089202219184,14.825089202219184,1.0,True,429.3356672484649
4,39.546881260115434,19.773440630057717,19.773440630057717,1.0,True,756.6995053680512
4,32.69505760913344,16.34752880456672,16.34752880456672,1.0,True,294.0448876390985
4,27.821328058886913,13.910664029443456,13.910664029443456,1.0,True,368.60353190438104
4,30.8433528507603,15.42167642538015,15.42167642538015,1.0,True,418.47859698333656
4,24.8724682880986,12.4362341440493,12.4362341440493,1.0,True,300.4344132926806
4,32.90200328505461,16.451001642527306,16.451001642527306,1.0,True,440.92896283802247
4,33.91311332380581,16.956556661902905,16.956556661902905,1.0,True,437.99298430691124
4,38.13947829570355,19.069842297797322,19.069739147851774,1.000005409090536,False,569.3215233589747
4,30.571124563509212,15.285562281754606,15.285562281754606,1.0,True,414.40388482538685
4,33.42728945570105,16.713644727850525,16.713644727850525,1.0,True,469.4337893143901
4,34.054602384082465,17.027301192041232,17.027301192041232,1.0,True,441.5924914802571
4,28.787562462306006,14.394335570156837,14.393781231153003,1.000038512396078,False,314.98222482321114
4,46.6636118206047,23.33180591030235,23.33180591030235,1.0,True,1038.6890354721968
4,33.07414264657367,16.53724155078887,16.537071323286835,1.0000102936909872,False,508.9598201511913
4,32.404239466962494,16.202119733481247,16.202119733481247,1.0,True,304.63903501459
4,23.942475895327014,11.971267809573604,11.971237947663507,1.000002494471351,False,278.4790986485566
4,37.129927854048105,18.565359154794795,18.564963927024053,1.0000212889059357,False,680.7025720410568
4,58.74285140685683,29.378215184619773,29.371425703428415,1.000231159401655,False,1703.1902795597002
4,41.45340920222959,20.727941955675174,20.726704601114793,1.0000596985668582,False,660.715200509346
4,30.86168128245238,15.43084064122619,15.43084064122619,1.0,True,458.32152047376866
4,19.004933219729566,9.502466609864783,9.502466609864783,1.0,True,176.4590675029899
4,35.87506553701656,17.937542276727186,17.93753276850828,1.0000005300739532,False,623.6392673564707
4,36.10958641013399,18.055134956348613,18.054793205066996,1.0000189285625005,False,424.8779562244534
4,34.398691874262596,17.199345937131298,17.199345937131298,1.0,True,383.3916757656582
4,42.863887558233515,21.431943779116757,21.431943779116757,1.0,True,895.4589588292829
4,24.103720530185033,12.051860265092516,12.051860265092516,1.0,True,162.13706632915594
4,25.613284537706672,12.806642268853336,12.806642268853336,1.0,True,209.0894860038471
4,24.764761465466158,12.382380732733079,12.382380732733079,1.0,True,225.67844779537697
4,38.357750589922105,19.179375015786732,19.178875294961053,1.000026055794096,False,506.8483298834615
4,9.654180916882657,4.827090458441329,4.827090458441329,1.0,True,10.048318010120248
4,39.195436184332515,19.597718092166257,19.597718092166257,1.0,True,727.0348004271266
4,44.82280038337151,22.41156799400786,22.411400191685754,1.0000074873644962,False,971.6361927846278
4,28.601587080904253,14.300803778877068,14.300793540452126,1.0000007159340434,False,387.172919652364
4,32.20350275537775,16.101779119676277,16.101751377688874,1.0000017229173865,False,498.1160208450856
4,34.56809592637607,17.28421603535272,17.284047963188033,1.0000097241204748,False,592.1816652969969
4,36.296918361502456,18.148459180751228,18.148459180751228,1.0,True,386.85806037757834
4,34.390446368605566,17.19532666053219,17.195223184302783,1.0000060177311045,False,551.9904745599221
4,32.01453209827999,16.007394926293202,16.007266049139997,1.000008051165815,False,483.2877066358965
4,33.787116256045785,16.894575443108877,16.893558128022892,1.000060219113006,False,357.1462065387405
4,30.564744402324358,15.282372201162179,15.282372201162179,1.0,True,436.4579438600575
4,29.95988671748592,14.97994335874296,14.97994335874296,1.0,True,439.37345793237927
4,25.06771533557296,12.534313607131843,12.53385766778648,1.0000363766174347,False,129.0835782222943
4,45.87957867018835,22.939789335094176,22.939789335094176,1.0,True,999.2629654480302
4,47.625060780376955,23.815461955186795,23.812530390188478,1.00012311018402,False,1124.4482265935017
4,41.695020675531644,20.854501765435135,20.847510337765822,1.0003353603167016,False,860.1901325391962
4,21.422156379675823,10.71109720473901,10.711078189837911,1.000001775255559,False,141.3340348147985
4,41.47420127256405,20.737330346316156,20.737100636282026,1.00001107724933,False,780.0967592282872
4,36.56064999207955,18.280324996039774,18.280324996039774,1.0,True,641.6289998495197
4,35.391055566299215,17.695527783149608,17.695527783149608,1.0,True,470.61695273338967
4,38.156106060341635,19.078053030170818,19.078053030170818,1.0,True,330.7185262470265
4,17.339514288399887,8.669757144199943,8.669757144199943,1.0,True,146.52287120739868
4,27.855459671742192,13.927729835871096,13.927729835871096,1.0,True,195.31181755374405
4,29.073088639431838,14.537178706207483,14.536544319715919,1.0000436408046927,False,350.4079508301342
4,37.19106490358907,18.596893046605985,18.595532451794536,1.0000731678329178,False,453.4776433947981
4,39.872798796551294,19.936399398275647,19.936399398275647,1.0,True,773.2415867477041
4,12.707638710943185,6.353819355471592,6.353819355471592,1.0,True,67.20240936626925
4,43.13747359597083,21.568736797985416,21.568736797985416,1.0,True,883.8279269623188
4,44.02839241081366,22.014347418145295,22.01419620540683,1.0000068688739328,False,553.237412645054
4,47.79215649389061,23.89847361550671,23.896078246945304,1.0001002410745667,False,1084.5222474223995
4,23.99555387380799,11.997776936903994,11.997776936903994,1.0,True,222.52921688087073
4,35.277499047320326,17.638749523660163,17.638749523660163,1.0,True,475.73287602616284
4,40.68561880424422,20.344404066493052,20.34280940212211,1.000078389584222,False,748.5917200499482
4,44.68850407152362,22.34425203576181,22.34425203576181,1.0,True,955.2183667993958
4,35.74564937958692,17.87282468979346,17.87282468979346,1.0,True,384.65867462228914
4,36.98571729599206,18.49285864799603,18.49285864799603,1.0,True,660.725568918457
4,37.538950979551444,18.771968098142825,18.769475489775722,1.0001328011732913,False,424.4158969785451
4,34.38020244293498,17.190121282537557,17.19010122146749,1.000001167012911,False,435.54600077473924
4,39.077743427878275,19.538986783949817,19.538871713939137,1.0000058892863601,False,743.8638822208186
4,48.86533386585422,24.43266693292711,24.43266693292711,1.0,True,1157.5938710280323
4,21.87041962535184,10.935399624714899,10.93520981267592,1.0000173578781049,False,211.66529744223197
4,32.896437941299844,16.448218970649922,16.448218970649922,1.0,True,519.7030089583001
4,39.72345464371436,19.86172732185718,19.86172732185718,1.0,True,566.0740677676879
4,48.40776141516014,24.203932451694275,24.20388070758007,1.0000021378437132,False,1058.5777516979679
4,33.58162229978519,16.791238842779226,16.790811149892594,1.000025471841879,False,522.1405877572405
4,35.22986519786946,17.6190838766882,17.61493259893473,1.0002356681031934,False,613.7092720105921
4,26.273548221295183,13.136774110647591,13.136774110647591,1.0,True,120.10658010323624
4,44.296553636025486,22.148276818012743,22.148276818012743,1.0,True,889.1708686182059
4,42.946952615953,21.473486042427897,21.4734763079765,1.0000004533244296,False,917.4555542716029
4,24.27487160134142,12.13743580067071,12.13743580067071,1.0,True,246.73831337688614
4,36.831993103374444,18.415996551687222,18.415996551687222,1.0,True,676.3460316513538
4,32.70209821963406,16.351931460316784,16.35104910981703,1.0000539629288512,False,495.59462492916737
4,37.48492849979978,18.74432975814378,18.74246424989989,1.0000995337762963,False,692.9220304156595
4,26.815709121690723,13.407855498436037,13.407854560845362,1.0000000699284641,False,265.382244692619
4,42.87913170515263,21.439565852576315,21.439565852576315,1.0,True,899.6160246804862
4,30.930405870931136,15.465264684837186,15.465202935465568,1.0000039927941375,False,477.36044451273926
4,42.075004514502446,21.037502257251223,21.037502257251223,1.0,True,856.5991759702713
4,26.567954219558537,13.283977109779268,13.283977109779268,1.0,True,344.17061446041185
4,47.754045638243504,23.877022819121752,23.877022819121752,1.0,True,1110.0337175397917
4,50.04231462955972,25.021953179133938,25.02115731477986,1.0000318076555799,False,1229.6596812011098
4,27.91718070961484,13.95859035480742,13.95859035480742,1.0,True,322.0519442594288
4,42.26627276218178,21.133816786229467,21.13313638109089,1.0000321961267986,False,879.4674059507811
4,42.169338500962866,21.087828718808602,21.084669250481433,1.0001498467104053,False,857.4853417496836
4,38.833310505982276,19.416655252991138,19.416655252991138,1.0,True,730.5819585854011
4,43.81095042260841,21.905675005921427,21.905475211304203,1.000009120761604,False,935.0264455881725
4,19.66675318769591,9.833376593847955,9.833376593847955,1.0,True,190.35540763037122
4,40.08770239927536,20.04385119963768,20.04385119963768,1.0,True,799.1748329794912
4,48.389365707297394,24.19500335832207,24.194682853648697,1.0000132469053349,False,1117.1851333383931
4,29.479294273764417,14.739647136882208,14.739647136882208,1.0,True,374.10999886891807
4,27.526255720493715,13.763127860246858,13.763127860246858,1.0,True,368.566193699839
4,42.942629453776036,21.471314726888018,21.471314726888018,1.0,True,859.6128303923932
4,32.69837636369371,16.349188181846856,16.349188181846856,1.0,True,273.10071926311775
4,32.38577328904591,16.192886644522954,16.192886644522954,1.0,True,512.7179486527579
4,35.34555684059726,17.672778506054833,17.67277842029863,1.000000004852446,False,605.6123754905682
4,51.82193808985322,25.91512348526588,25.91096904492661,1.0001603351975015,False,1233.3442014359487
4,38.39417783506092,19.19708891753046,19.19708891753046,1.0,True,626.6633475880949
4,37.296929500579985,18.648464750289993,18.648464750289993,1.0,True,685.3108845067239
4,15.728348282423951,7.864174141211976,7.864174141211976,1.0,True,94.7119445038505
4,49.00074209178382,24.500393127398944,24.50037104589191,1.0000009012723519,False,1180.6858657457226
4,35.06261706717203,17.53135251874346,17.531308533586014,1.0000025089489106,False,587.5193298532074
4,51.51950262616566,25.75975131308283,25.75975131308283,1.0,True,1266.6031268148665
4,42.08289538071455,21.0416477142667,21.041447690357273,1.0000095061857135,False,519.777501230983
4,39.5402696845111,19.77013484225555,19.77013484225555,1.0,True,557.5068081864722
4,38.627385647293806,19.313692823646903,19.313692823646903,1.0,True,672.0427874493776
4,40.22209346633616,20.11104673316808,20.11104673316808,1.0,True,570.6140262731237
4,44.720441614357185,22.36091446038923,22.360220807178592,1.000031021751378,False,821.8832801880042
4,39.955386371240955,19.977693185620478,19.977693185620478,1.0,True,779.4976287480681
4,31.61287130703218,15.80643565351609,15.80643565351609,1.0,True,351.45993156849426
4,19.885907474071136,9.942987743976376,9.942953737035568,1.0000034202050727,False,131.92328176175286
4,25.944932606613325,12.972638270603108,12.972466303306662,1.0000132563301707,False,334.8376658059493
4,8.564937668889606,4.282468834444803,4.282468834444803,1.0,True,30.871410992119124
4,36.64485171543042,18.324925879490895,18.32242585771521,1.0001364460031166,False,462.13201321129645
4,18.32917762854144,9.164624394905307,9.16458881427072,1.0000038824038162,False,167.76931822203366
4,38.89462992066279,19.447314960331394,19.447314960331394,1.0,True,603.6231500405082
4,36.01371960737829,18.006859803689146,18.006859803689146,1.0,True,630.2623212746591
4,43.86549714007548,21.93274857003774,21.93274857003774,1.0,True,405.1062283826593
4,16.36583265248783,8.182916326243914,8.182916326243914,1.0,True,98.02995521113783
4,38.012675381431215,19.006337690715608,19.006337690715608,1.0,True,592.7587208021245
4,19.988411437873662,9.994559390495228,9.994205718936831,1.0000353876604449,False,184.6608894889723
4,24.41534573214269,12.207672866071345,12.207672866071345,1.0,True,286.6321093413579
4,32.17277899470201,16.08641445901574,16.086389497351004,1.0000015517257455,False,405.1834892938946
4,46.37705721944082,23.18852860972041,23.18852860972041,1.0,True,971.7572034382201
4,39.47046079110968,19.73523039555484,19.73523039555484,1.0,True,731.702329149766
4,40.549797577744755,20.274898788872378,20.274898788872378,1.0,True,788.874455993126
4,26.203850530935394,13.101925265467697,13.101925265467697,1.0,True,283.6110815290757
4,41.490997230942234,20.746249928079823,20.745498615471117,1.0000362156929863,False,832.0064168867191
4,30.97283434090753,15.486417170453764,15.486417170453764,1.0,True,129.8062858888267
4,29.739799325758582,14.869899662879291,14.869899662879291,1.0,True,429.87042223736
4,38.42248719435892,19.211478566318227,19.21124359717946,1.000012230813564,False,719.7211214378974
4,27.350200677775234,13.675100338887617,13.675100338887617,1.0,True,311.1582287602651
4,18.165857754196807,9.082928877098404,9.082928877098404,1.0,True,151.78284217744545
4,26.472919479902057,13.236459739951028,13.236459739951028,1.0,True,289.9297351709626
4,37.215076684669896,18.607538342334948,18.607538342334948,1.0,True,673.9860485014431
4,26.738998702130292,13.369499351065146,13.369499351065146,1.0,True,259.44019426033697
4,33.968047702476326,16.984023851238163,16.984023851238163,1.0,True,556.6909083869984
4,16.82092095290492,8.41046047645246,8.41046047645246,1.0,True,105.59911831961195
4,30.610315671059556,15.305157835529778,15.305157835529778,1.0,True,440.2699250764364
4,47.78415651146833,23.892078541046534,23.892078255734166,1.000000011941714,False,1096.1608231657424
4,37.14147688564619,18.571915985725777,18.570738442823096,1.0000634085126074,False,264.96006561503816
4,56.270070120409805,28.135262931517413,28.135035060204903,1.0000080992012992,False,1562.1709289327273
4,45.29720662294208,22.64860331147104,22.64860331147104,1.0,True,935.2361226130652
4,44.770875926476194,22.390864653082367,22.385437963238097,1.0002424205348666,False,794.3265503886345
4,47.071049539083184,23.535524769541592,23.535524769541592,1.0,True,1074.1830622662596
4,36.999051714878426,18.499525857439213,18.499525857439213,1.0,True,452.0781848811768
4,25.0484417035138,12.524873791979106,12.5242208517569,1.000052134199,False,117.59783065660535
4,26.09166601665461,13.045833008327305,13.045833008327305,1.0,True,172.7369322165424
4,24.54916164597618,12.27458082298809,12.27458082298809,1.0,True,142.11251992329733
4,47.297649241484386,23.649078051224826,23.648824620742193,1.000010716409238,False,1004.29795113852
4,35.48202089276865,17.741010446384326,17.741010446384326,1.0,True,517.4874108424544
4,25.79540492833256,12.898583202935018,12.89770246416628,1.0000682864852237,False,289.1248285734512
4,37.051400040235855,18.525700020117927,18.525700020117927,1.0,True,662.9136707127558
4,45.64636746506536,22.82367250762524,22.82318373253268,1.000021415727897,False,972.4873352380384
4,44.13284189292744,22.06642094646372,22.06642094646372,1.0,True,965.484342252635
4,25.906220290244057,12.953110145122029,12.953110145122029,1.0,True,210.82806292522298
4,43.30345269982688,21.65172634991344,21.65172634991344,1.0,True,878.291353471833
4,36.30290161325741,18.151961302701384,18.151450806628706,1.0000281242572904,False,640.6823410640031
4,46.313825366065444,23.156912683032722,23.156912683032722,1.0,True,1032.4979544593207
4,10.880572878395494,5.440286439197747,5.440286439197747,1.0,True,54.093070544784275
4,40.577264558197484,20.290142948935472,20.288632279098742,1.0000744589293131,False,302.62990619599384
4,36.36097509557344,18.18048754778672,18.18048754778672,1.0,True,560.047794980539
4,27.014415331875693,13.507207665937846,13.507207665937846,1.0,True,265.88222262257057
4,31.515189135569635,15.757594567784817,15.757594567784817,1.0,True,183.95543941499213
4,23.141768010152305,11.570884005076152,11.570884005076152,1.0,True,248.95536423259375
4,24.74157492147738,12.37078746073869,12.37078746073869,1.0,True,305.3005479020355
4,44.74437116923506,22.37478776333951,22.37218558461753,1.000116313120689,False,835.8466668089108
4,39.66425792351342,19.83668605741391,19.83212896175671,1.0002297834824485,False,780.1143233443257
4,36.6977020087545,18.348868137785487,18.34885100437725,1.0000009337591893,False,634.7424355353808
4,32.455371329487775,16.229288802004277,16.227685664743888,1.0000987902584206,False,112.23804309049191
4,32.92000061181527,16.460015004286436,16.460000305907634,1.0000008929756092,False,530.1341896174733
4,47.10051511620598,23.55025755810299,23.55025755810299,1.0,True,1066.9178245711423
4,40.0377517202173,20.01887586010865,20.01887586010865,1.0,True,762.7294147600551
4,19.136243189181393,9.568121594590696,9.568121594590696,1.0,True,72.64503674626127
4,25.209695388436426,12.604847694218213,12.604847694218213,1.0,True,275.0863660404803
4,15.594012932207479,7.797006466103739,7.797006466103739,1.0,True,97.67921328179096
4,35.675750759596916,17.837875379798458,17.837875379798458,1.0,True,539.1969822188205
4,21.10371324777906,10.55185662388953,10.55185662388953,1.0,True,117.96664702448811
4,29.271967471762345,14.635983735881172,14.635983735881172,1.0,True,345.1783551270703
4,39.52353328362793,19.761766641813963,19.761766641813963,1.0,True,387.9540724140782
4,9.718805376207913,4.859402688103956,4.859402688103956,1.0,True,45.53003725944152
4,41.98179787861859,20.990898939309297,20.990898939309297,1.0,True,823.020158442396
4,37.24969244315737,18.624846221578686,18.624846221578686,1.0,True,653.3089357355567
4,34.683455175504484,17.341759539349958,17.341727587752242,1.0000018424691286,False,590.316679775008
4,36.26734807311934,18.13367403655967,18.13367403655967,1.0,True,615.8236065565955
4,45.45292275756106,22.726496173018017,22.72646137878053,1.000001531001105,False,1016.8678457943089
4,32.07174018408292,16.038042894245713,16.03587009204146,1.0001354963710596,False,453.7101803549836
4,28.781693302297885,14.390846651148943,14.390846651148943,1.0,True,125.29401606892338
4,49.934383905291014,24.97855579895572,24.967191952645507,1.0004551511572373,False,1169.8946434662191
4,27.653355953510015,13.826866188209555,13.826677976755008,1.000013612196282,False,372.6677151594704
4,27.546770005135105,13.773385002567553,13.773385002567553,1.0,True,295.71551684472803
4,45.552020998072344,22.77601051348193,22.776010499036172,1.000000000634253,False,895.7265750419476
4,33.2363960907074,16.618492582763547,16.6181980453537,1.0000177237874432,False,548.462277997435
4,45.38802924524395,22.694014622621975,22.694014622621975,1.0,True,867.7532008003468
4,29.86067880012444,14.93033940006222,14.93033940006222,1.0,True,182.99760703069938
4,44.08832775202716,22.04582927898803,22.04416387601358,1.0000755484754975,False,805.9836302332276
4,32.12133032609694,16.06210329493411,16.06066516304847,1.0000895437312864,False,492.2416044096508
4,40.877542372135395,20.438771186067697,20.438771186067697,1.0,True,801.4995903815318
4,44.44687437675353,22.22989435192004,22.223437188376764,1.0002905564737148,False,982.3773965779629
4,37.4109098852669,18.70545494263345,18.70545494263345,1.0,True,603.51215077084
4,46.62602768649787,23.313013843248935,23.313013843248935,1.0,True,902.5713109453582
4,29.5667021734965,14.785465730313454,14.78335108674825,1.0001430422339832,False,436.8570916710195
4,28.852603619476863,14.426301809738431,14.426301809738431,1.0,True,403.84729404963133
4,40.72570266155031,20.36848429415332,20.362851330775154,1.0002766294015835,False,828.9408662696051
4,24.290023647531626,12.145203544714418,12.145011823765813,1.00001578598287,False,273.90558210921125
4,39.62481098584136,19.81240549292068,19.81240549292068,1.0,True,687.7837846330222
4,40.680747851028435,20.34143238802355,20.340373925514218,1.0000520375148072,False,793.05785299824
4,33.77016510754153,16.88510267735186,16.885082553770765,1.0000011917964293,False,567.7188420968841
4,46.82355505044206,23.41177752522103,23.41177752522103,1.0,True,931.5631448561693
4,42.56529210196276,21.282931097861994,21.28264605098138,1.0000133933947841,False,897.2400255545587
4,45.406534981899725,22.70378135728981,22.703267490949862,1.0000226340257037,False,1025.702370962401
4,45.559039422470335,22.779519711235167,22.779519711235167,1.0,True,1000.2677305635766
4,43.614346076866155,21.807173038433078,21.807173038433078,1.0,True,909.9088701600889
4,37.59746194143436,18.80117082016242,18.79873097071718,1.0001297879867017,False,608.3931710699682
4,42.42971691330381,21.214866815911492,21.214858456651903,1.0000003940285345,False,723.221352056706
4,38.00243965919406,19.00121982959703,19.00121982959703,1.0,True,537.4418826342891
4,20.41097828707696,10.20548914353848,10.20548914353848,1.0,True,45.471662220204095
4,43.684199455864054,21.842099727932027,21.842099727932027,1.0,True,912.1472516879492
4,39.94097777186853,19.971133151981252,19.970488885934266,1.0000322609051118,False,325.1063116384938
4,43.628548173384495,21.819437921530003,21.814274086692247,1.0002367181606517,False,653.5464276040736
4,41.27055108325293,20.637825188091107,20.635275541626466,1.000123557665101,False,815.8032073233385
4,14.367318438342402,7.183659219171201,7.183659219171201,1.0,True,90.78310442031302
4,20.69681526671158,10.34840763335579,10.34840763335579,1.0,True,92.14471597663548
4,25.729069175210903,12.864534587605451,12.864534587605451,1.0,True,124.74787123415084
4,36.22997835869163,18.114989179345816,18.114989179345816,1.0,True,646.5411884619878
4,39.4764688451898,19.7382344225949,19.7382344225949,1.0,True,728.6597358698081
4,45.719618432299704,22.859809216149852,22.859809216149852,1.0,True,1011.6727374892713
4,47.445032973174335,23.722516486587168,23.722516486587168,1.0,True,902.1779441353185
4,30.059349536840617,15.029677654403523,15.029674768420309,1.0000001920190063,False,436.09781243665884
4,16.6326058930231,8.31630294651155,8.31630294651155,1.0,True,120.08101798253202
4,23.246462250222375,11.623258380433077,11.623231125111188,1.0000023449006215,False,190.6428187282707
4,39.97698876854247,19.993619414590807,19.988494384271235,1.000256399017407,False,795.1756750090368
4,38.10083765766865,19.050418828834324,19.050418828834324,1.0,True,535.4640107002396
4,28.975866291955946,14.487933145977973,14.487933145977973,1.0,True,317.6038036312711
4,47.47248066541005,23.741524193536893,23.736240332705027,1.000222607319348,False,953.3196476181722
4,37.356226595086895,18.67811337803078,18.678113297543447,1.000000004309179,False,694.2999214569857
4,47.22141742567391,23.610763114546284,23.610708712836956,1.0000023041116635,False,1069.6174849190588
4,18.08226005185655,9.041130025928275,9.041130025928275,1.0,True,98.7714004417275
4,30.675555446168374,15.337777723084187,15.337777723084187,1.0,True,458.85089803416304
4,21.905782163365505,10.952891081682752,10.952891081682752,1.0,True,237.4678628240117
4,52.111169540361416,26.055584770180708,26.055584770180708,1.0,True,1318.5846441441352
4,39.61279593747945,19.806397968739724,19.806397968739724,1.0,True,674.1245259908201
4,27.503278158241425,13.753781815872184,13.751639079120713,1.0001558168258449,False,73.22216839011476
4,41.26783213024271,20.634224764033153,20.633916065121355,1.0000149607525215,False,847.7465413075105
4,43.394676118215244,21.69959753098748,21.697338059107622,1.0001041359024643,False,651.1947960001485
4,36.16395437712722,18.082956376081967,18.08197718856361,1.0000541526796625,False,633.5020311167001
4,37.637986535561545,18.818993267780773,18.818993267780773,1.0,True,656.5792021985993
4,24.27763287025927,12.138816435129636,12.138816435129636,1.0,True,270.67533806152403
4,40.233707292718606,20.11783888505726,20.116853646359303,1.0000489757849451,False,768.1570067941417
4,35.59861698269201,17.799308491346004,17.799308491346004,1.0,True,484.2966392877431
4,26.057718585996405,13.02892403469782,13.028859292998202,1.000004969099609,False,324.87462616914866
4,30.56034031558759,15.280338307386161,15.280170157793796,1.000011004431929,False,435.106123894534
4,45.91945204977351,22.959726024886756,22.959726024886756,1.0,True,890.5033862686355
4,31.15446987892582,15.577571286663508,15.57723493946291,1.0000215922274978,False,429.81168881481466
4,44.471878914983456,22.23619255302571,22.235939457491728,1.0000113822730299,False,713.9358162803409
4,42.01414206298301,21.007071031491506,21.007071031491506,1.0,True,791.74958221918
4,38.679562242005034,19.339781121002517,19.339781121002517,1.0,True,345.6007396468417
4,46.581378157957744,23.303711179154742,23.290689078978872,1.0005591118464428,False,1083.3014654004292
4,42.70350237916795,21.35260780931201,21.351751189583975,1.0000401194131772,False,649.9476331002065
4,47.23972778124082,23.620856343564483,23.61986389062041,1.0000420177249398,False,818.5352456310213
4,38.625813781555024,19.312906890777512,19.312906890777512,1.0,True,539.1210517298473
4,34.204030626469226,17.10622335579518,17.102015313234613,1.000246055361517,False,520.3315457686882
4,31.58111499055082,15.79055749527541,15.79055749527541,1.0,True,432.23443972256024
4,22.960490993381107,11.480245496690554,11.480245496690554,1.0,True,255.665472253885
4,23.26797755476059,11.633988777380296,11.633988777380296,1.0,True,224.75234464025596
4,35.376772360696265,17.69049259567832,17.688386180348132,1.000119084652987,False,483.51386154508145
4,37.5352512905966,18.7676256452983,18.7676256452983,1.0,True,664.9633163407036
4,40.4967932758081,20.248407700564808,20.24839663790405,1.000000546347494,False,799.8943270004822
4,21.34338509048953,10.671692545244765,10.671692545244765,1.0,True,222.4015812470167
4,57.021838315304834,28.511043006399984,28.510919157652417,1.0000043439058166,False,1625.964207053915
4,25.277047668275465,12.638690339929438,12.638523834137732,1.0000131744651426,False,318.99658181425735
4,45.451193339643304,22.725596669821652,22.725596669821652,1.0,True,998.8567343881444
4,39.6790520077011,19.844657848545772,19.83952600385055,1.0002586677067902,False,665.6517161628384
4,35.703560494608645,17.851780247304323,17.851780247304323,1.0,True,585.5129879587803
4,36.062175019061165,18.032027294009463,18.031087509530582,1.0000521202328136,False,547.1983837018735
4,35.14520142046806,17.574156545143985,17.57260071023403,1.0000885375440784,False,528.3226390705552
4,22.207128025947576,11.103564012973788,11.103564012973788,1.0,True,240.57889446561188
4,26.5859519755984,13.2929759877992,13.2929759877992,1.0,True,333.6759266286575
4,23.32848068394622,11.66424034197311,11.66424034197311,1.0,True,267.0528467807894
4,25.75907435321053,12.879537176605265,12.879537176605265,1.0,True,296.19677461431417
4,17.995549062041963,8.997784333156684,8.997774531020982,1.0000010893955686,False,110.88753919163464
4,34.4539265499549,17.22973844226321,17.22696327497745,1.0001610943984416,False,395.7947473841026
4,42.509955974514405,21.254977987257202,21.254977987257202,1.0,True,222.7857186662065
4,37.118326943506396,18.559163471753198,18.559163471753198,1.0,True,583.5472958605418
4,26.222131380101462,13.111224483820207,13.111065690050731,1.000012111431155,False,139.13321909861136
4,34.36425328612919,17.18271470834694,17.182126643064596,1.0000342254072827,False,572.9146686157966
4,45.8531234010255,22.927406851740614,22.92656170051275,1.0000368634093024,False,1021.8772648287331
4,40.811308307681905,20.40662110325517,20.405654153840953,1.0000473863472803,False,812.3602869389672
4,19.97169682588101,9.985878071366733,9.985848412940506,1.0000029700457087,False,163.2656717602798
4,36.760163764012454,18.380539354138456,18.380081882006227,1.0000248895589892,False,671.0851409856613
4,36.18935224854518,18.09467612427259,18.09467612427259,1.0,True,628.1915798083245
4,17.318356419714267,8.659178209857133,8.659178209857133,1.0,True,133.95846298914734
4,49.94303665662413,24.971518328312065,24.971518328312065,1.0,True,1161.6839743841529
4,33.94123550511034,16.971310860000838,16.97061775255517,1.0000408416155364,False,453.91046273767853
4,33.92466812843371,16.962334064216854,16.962334064216854,1.0,True,546.5771550572103
4,35.09152608002459,17.54644524562255,17.545763040012297,1.0000388815014027,False,239.1163728490583
4,47.45751656426733,23.728758282133665,23.728758282133665,1.0,True,1092.0534810902243
4,31.602684603501448,15.801831081528531,15.801342301750724,1.0000309328010542,False,498.0579756275481
4,44.20642028311842,22.10592216414766,22.10321014155921,1.0001226981316778,False,966.8390029240774
4,31.665306949415264,15.832653474707632,15.832653474707632,1.0,True,435.84211948146526
4,28.82322941310899,14.411614706554495,14.411614706554495,1.0,True,334.75118897436164
4,28.8904548418329,14.44522742091645,14.44522742091645,1.0,True,350.7764892462638
4,41.279798655261246,20.639899327630623,20.639899327630623,1.0,True,775.6291919777752
4,37.84919963627283,18.924599818136414,18.924599818136414,1.0,True,688.2929093942256
4,25.842026580652664,12.921013290326332,12.921013290326332,1.0,True,291.9381156074841
4,28.02574556354118,14.013101247255216,14.01287278177059,1.0000163039719396,False,315.06396101121095
4,39.287208889342814,19.643767880703013,19.643604444671407,1.0000083200632586,False,444.53235803951793
4,23.21020364521718,11.60534788188914,11.60510182260859,1.0000212026817439,False,220.05303664508597
4,45.041965045892255,22.520982522946127,22.520982522946127,1.0,True,763.7283853987607
4,14.357516969524479,7.178773517788343,7.178758484762239,1.000002094098323,False,69.29142385667308
4,44.67523383893846,22.33761691946923,22.33761691946923,1.0,True,965.7852117330184
4,44.97595012415166,22.487986713535665,22.48797506207583,1.0000005181195641,False,980.6302885200066
4,25.020695835504362,12.510347917752181,12.510347917752181,1.0,True,258.3550922072754
4,36.88847517375208,18.44423758687604,18.44423758687604,1.0,True,661.5402681850443
4,36.14061926068749,18.070309630343743,18.070309630343743,1.0,True,637.2314056386621
4,33.29098226171544,16.645699661903897,16.64549113085772,1.0000125277797174,False,553.4173591585985
4,18.655220804365758,9.327610402182879,9.327610402182879,1.0,True,127.57915189985786
4,33.85773367085947,16.92897832009784,16.928866835429734,1.000006585477291,False,524.0716771885262
4,50.127550556826634,25.063775278413317,25.063775278413317,1.0,True,1211.2021540169558
4,46.75993571134538,23.38389364767139,23.37996785567269,1.0001679126345653,False,1045.6602634190315
4,28.2498513150772,14.125873080133356,14.1249256575386,1.0000670745190259,False,186.056943781809
4,42.98664654650825,21.493323273254124,21.493323273254124,1.0,True,893.6221205381428
4,21.976900422612236,10.988450211306118,10.988450211306118,1.0,True,236.98960262370008
4,35.88413902444327,17.942069512221636,17.942069512221636,1.0,True,622.1220310267256
4,37.31173872008452,18.65586936004226,18.65586936004226,1.0,True,587.1633866397361
4,52.50514130383087,26.252570651915434,26.252570651915434,1.0,True,1309.596305576827
4,37.1059651200901,18.553093803485265,18.55298256004505,1.0000059959868908,False,645.1612898700029
4,38.19015872226975,19.095834119751594,19.095079361134875,1.0000395263409199,False,710.8201815873588
4,30.98960313249772,15.494843618183806,15.49480156624886,1.0000027139382692,False,434.82918454441244
4,40.85762367961718,20.42881183980859,20.42881183980859,1.0,True,86.18570479204647
4,42.869380468675324,21.434690234337662,21.434690234337662,1.0,True,897.3064865022261
4,15.185365817905913,7.592928529883651,7.592682908952956,1.0000323496889887,False,99.11211631131242
4,40.83869360217185,20.419346801085926,20.419346801085926,1.0,True,760.2137063857526
4,30.758452031597482,15.379226015798741,15.379226015798741,1.0,True,347.6890418028618
4,38.67690453438084,19.33910655186815,19.33845226719042,1.0000338333527776,False,661.4297482509508
4,31.803523700479165,15.901761850239582,15.901761850239582,1.0,True,431.6087734345253
4,41.17485635386094,20.58742817693047,20.58742817693047,1.0,True,733.5376164643014
4,46.35642055040827,23.179372007603586,23.178210275204133,1.0000501217473505,False,1043.8861563216533
4,50.608711793574884,25.304355896787442,25.304355896787442,1.0,True,1250.2801309183258
4,36.624113914658174,18.312496558008508,18.312056957329087,1.0000240060786423,False,186.55378927777343
4,51.688448689871855,25.844224344935927,25.844224344935927,1.0,True,1301.6936870404315
4,38.97162100851305,19.485810504256524,19.485810504256524,1.0,True,728.9909850032304
4,31.487228933771284,15.743614466885642,15.743614466885642,1.0,True,218.29366573088296
4,42.04045578028468,21.02355028012721,21.02022789014234,1.000158056801393,False,842.7005991356114
4,38.212623155764796,19.106311577882398,19.106311577882398,1.0,True,710.7260312013046
4,27.082293331887673,13.541146665943836,13.541146665943836,1.0,True,203.11677266095023
4,37.77177868148214,18.88588934074107,18.88588934074107,1.0,True,555.9981834596779
4,30.4364314221328,15.218730603534702,15.2182157110664,1.0000338339578094,False,461.92116301515824
4,47.68970019781843,23.844850098909216,23.844850098909216,1.0,True,1098.899010530814
4,49.64800542035964,24.82400271017982,24.82400271017982,1.0,True,1167.7883143043364
4,29.413570772308102,14.706785386154051,14.706785386154051,1.0,True,411.16188002597346
4,40.53316852313,20.266584261565,20.266584261565,1.0,True,792.058331221854
4,36.081461441906896,18.040732397542104,18.040730720953448,1.0000000929335227,False,649.0864116941841
4,51.51496759244952,25.75748379622476,25.75748379622476,1.0,True,1248.6476709302128
4,34.052688697666404,17.026344348833202,17.026344348833202,1.0,True,524.7190099105667
4,51.486818015774,25.743448569895886,25.743409007887,1.0000015367820507,False,1242.356421420468
4,40.917582788185925,20.461871055044256,20.458791394092962,1.0001505299551654,False,798.1723019571267
4,27.818707743261626,13.911440521147945,13.909353871630813,1.0001500177173137,False,383.0908196973616
4,31.588742485017384,15.794371242508692,15.794371242508692,1.0,True,435.99292995642634
4,30.780198463082986,15.390099231541493,15.390099231541493,1.0,True,457.1978738785625
4,39.239699917926416,19.62148908709176,19.619849958963208,1.000083544376332,False,761.6765152491154
4,33.27038188748312,16.636759033735014,16.63519094374156,1.000094263420165,False,500.60526499980534
4,34.637374686602534,17.318687343301267,17.318687343301267,1.0,True,580.8099239674511
4,36.94267147467958,18.47133573733979,18.47133573733979,1.0,True,577.5926788980496
4,29.66798100342982,14.83399050171491,14.83399050171491,1.0,True,437.6161520680047
4,46.35197530618048,23.17598765309024,23.17598765309024,1.0,True,1067.4260828791028
4,38.97734082198115,19.488670410990576,19.488670410990576,1.0,True,685.1496354735687
4,36.15011391377974,18.07505695688987,18.07505695688987,1.0,True,405.73042511375786
4,48.13411813739899,24.067059068699496,24.067059068699496,1.0,True,1113.9462310608583
4,38.05325042262559,19.027327038876923,19.026625211312794,1.0000368866026599,False,695.7042278938111
4,28.324728087356373,14.162364043678187,14.162364043678187,1.0,True,278.23643327293104
4,37.38095100822023,18.690475504110115,18.690475504110115,1.0,True,659.5909193410695
4,44.284516487655324,22.142258243827662,22.142258243827662,1.0,True,522.4743638505643
4,44.01089581470925,22.005447907354625,22.005447907354625,1.0,True,924.1617088830602
4,46.5578045221054,23.2789022610527,23.2789022610527,1.0,True,865.0334184748203
4,17.700803322626655,8.850401661313327,8.850401661313327,1.0,True,108.32219400367033
4,31.89074589099286,15.94537294549643,15.94537294549643,1.0,True,416.85419776908907
4,25.29617362547574,12.648116846594359,12.64808681273787,1.0000023745770357,False,319.1855015279762
4,38.31980504070766,19.15990252035383,19.15990252035383,1.0,True,713.6239069405531
4,45.20199368611616,22.60099684305808,22.60099684305808,1.0,True,939.0959664146698
4,33.76383209967622,16.88216468906683,16.88191604983811,1.0000147281403358,False,558.4910617708725
4,40.60828972528151,20.30435426033171,20.304144862640754,1.0000103130514666,False,701.3744893505759
4,35.11826904981328,17.560619943518187,17.55913452490664,1.0000845952065258,False,548.8031151642323
4,46.01962388082481,23.010231122483457,23.009811940412405,1.000018217535725,False,1054.1565350702895
4,32.07201727112195,16.036090394246877,16.036008635560975,1.0000050984436188,False,454.83864298340416
4,40.01613618753976,20.008161439853755,20.00806809376988,1.0000046654221406,False,753.047056185042
4,23.051765822360434,11.52609828672084,11.525882911180217,1.0000186862509608,False,253.7637500487711
4,44.16112019017055,22.080560095085275,22.080560095085275,1.0,True,946.8827294360738
4,41.719337420423514,20.859668710211757,20.859668710211757,1.0,True,808.0956206247265
4,11.036961196527203,5.518480778943858,5.518480598263602,1.0000000327409426,False,54.59893578698845
4,40.41246978407689,20.206234892038445,20.206234892038445,1.0,True,788.3171211926332
4,40.816818071546514,20.410991800268913,20.408409035773257,1.0001265539362294,False,823.5747182085274
4,43.327373317857415,21.663686658928707,21.663686658928707,1.0,True,577.7055607557401
4,35.63552216573752,17.81776108286876,17.81776108286876,1.0,True,619.8643725327003
4,29.187588397478233,14.593794198739117,14.593794198739117,1.0,True,356.08752973114326
4,35.90089132905981,17.953843392126235,17.950445664529905,1.0001892837459208,False,626.9047838850717
4,28.986297374020168,14.493619756127933,14.493148687010084,1.0000325028831223,False,419.4421485313044
4,34.22041475467706,17.11020737733853,17.11020737733853,1.0,True,500.15285193706603
4,42.40257828698708,21.202620394619274,21.20128914349354,1.0000627910461823,False,851.1035499636578
4,51.615557997723045,25.811587300508798,25.807778998861522,1.0001475640986945,False,1217.4562739740695
4,46.80774101785854,23.40394791482903,23.40387050892927,1.0000033073973695,False,1057.5246288661147
4,37.83392377550219,18.92011186247885,18.916961887751096,1.000166515889097,False,707.4758087045258
4,45.039905563947144,22.520134258861848,22.519952781973572,1.0000080584932851,False,949.8350129136936
4,42.35327410788323,21.177221621229144,21.176637053941615,1.000027604349361,False,886.9902836063445
4,31.659666025065007,15.829833012532504,15.829833012532504,1.0,True,497.6508716151639
4,49.964525470404354,24.985914259288382,24.982262735202177,1.0001461646659036,False,1244.5963435597284
4,36.50530840473182,18.25265420236591,18.25265420236591,1.0,True,263.90627053805565
4,38.494211552497,19.24731628603432,19.2471057762485,1.0000109372176922,False,644.6914824816987
4,44.38527030821867,22.193602067727706,22.192635154109336,1.0000435691215421,False,977.7294624361468
4,43.59990439567852,21.79995219783926,21.79995219783926,1.0,True,744.2998472877498
4,31.69757718327327,15.848788591636636,15.848788591636636,1.0,True,81.1347860614359
4,39.66456980189276,19.835607946798714,19.83228490094638,1.0001675573878113,False,783.3533225070929
4,34.16262659141887,17.086314275388414,17.081313295709435,1.000292774893382,False,582.6721022964178
4,36.23498238503488,18.11749119251744,18.11749119251744,1.0,True,635.2428813935941
4,35.35132185495469,17.675660927477345,17.675660927477345,1.0,True,542.191884908866
4,40.024758825825785,20.012408855025512,20.012379412912892,1.0000014711950045,False,704.9668568849206
4,39.48321008756759,19.741605043783796,19.741605043783796,1.0,True,665.2377530029568
4,38.739421075210785,19.372174299080765,19.369710537605393,1.0001271966078475,False,749.898700652934
4,35.120805901575736,17.560610437668448,17.560402950787868,1.0000118156104483,False,489.07610495917186
4,30.115965847836566,15.058007651327936,15.057982923918283,1.0000016421462141,False,68.23758282630337
4,16.55291582904909,8.276457914524546,8.276457914524546,1.0,True,134.68421658858583
4,44.622456606847905,22.311228303423952,22.311228303423952,1.0,True,957.0725238015767
4,45.00507804895255,22.503042513906195,22.502539024476274,1.000022374783102,False,757.9359845490584
4,38.244083974347184,19.122627186880006,19.122041987173592,1.0000306034108075,False,726.8886342281874
4,30.337698984235217,15.171037180680594,15.168849492117609,1.000144222445092,False,457.43572645658026
4,32.93074723620168,16.46537361810084,16.46537361810084,1.0,True,525.7140553331549
4,31.647472321442848,15.823736160721424,15.823736160721424,1.0,True,356.02778422249196
4,50.88888260763941,25.444441303819705,25.444441303819705,1.0,True,1246.8440218048008
4,27.891320735149566,13.946851916508628,13.945660367574783,1.0000854422739718,False,146.97930468117403
4,39.22289785788974,19.61425382499917,19.61144892894487,1.0001430233974278,False,626.974800015874
4,32.162259495272274,16.081129747636137,16.081129747636137,1.0,True,299.72852616133656
4,29.721317325205256,14.860658662602628,14.860658662602628,1.0,True,417.03355086283403
4,51.09029153991681,25.551330867827442,25.545145769958406,1.0002421241955217,False,1163.460482682247
4,33.48133353892954,16.740705070429215,16.74066676946477,1.0000022878995785,False,559.7094808673871
4,37.925043885969444,18.965604996638728,18.962521942984722,1.0001625866888,False,717.1508340460794
4,32.949316381378225,16.474658190689112,16.474658190689112,1.0,True,471.04446977500714
4,43.09166331979777,21.545831659898884,21.545831659898884,1.0,True,902.2350021028913
4,42.84891200667148,21.424621282532204,21.42445600333574,1.0000077145107646,False,709.6073441708688
4,32.11119192974209,16.057185727098055,16.055595964871046,1.0000990160832701,False,422.9659204574264
4,51.06133271679763,25.530666358398815,25.530666358398815,1.0,True,1053.5531976775062
4,32.36188115729001,16.180940578645004,16.180940578645004,1.0,True,475.16640207161396
4,20.81977848624632,10.40988924312316,10.40988924312316,1.0,True,198.21348529501023
4,34.56779940309206,17.28430802989455,17.28389970154603,1.0000236247811878,False,525.1565287451283
4,29.382617985837406,14.691308992918703,14.691308992918703,1.0,True,422.70807098376685
4,29.97483251346913,14.987509958279905,14.987416256734566,1.0000062520146058,False,334.5601990018041
4,40.647685173786584,20.32385685572573,20.323842586893292,1.000000702073556,False,819.165972293996
4,33.08800189504455,16.544000947522274,16.544000947522274,1.0,True,468.612122238776
4,24.33180852163129,12.165904260815646,12.165904260815646,1.0,True,165.53527983971208
4,36.413271531224616,18.206635765612308,18.206635765612308,1.0,True,278.9432356413324
4,46.78137021677158,23.39068510838579,23.39068510838579,1.0,True,739.8284987916337
4,31.529151575618112,15.764575787809056,15.764575787809056,1.0,True,483.5720713794053
4,32.9344017535353,16.46721869325731,16.46720087676765,1.0000010819379561,False,529.9579151833333
4,52.148504708052165,26.07928905330465,26.074252354026083,1.000193167543605,False,1319.9940725604938
5,36.214173847743666,18.940106042610253,18.107086923871833,1.0460051427510515,False,557.4356255944149
5,32.11819018139566,16.3206206715723,16.05909509069783,1.016285200342699,False,309.3162631047382
5,26.791024822353847,14.185760385274293,13.395512411176924,1.0589934860153616,False,283.1906036419664
5,31.436705728540932,15.718352864270466,15.718352864270466,1.0,True,236.4430877302898
5,31.582108343268423,15.791054171634212,15.791054171634212,1.0,True,230.3236435649074
5,16.503757504611063,8.251878752305531,8.251878752305531,1.0,True,65.11083870995596
5,37.19746651538717,18.598733257693585,18.598733257693585,1.0,True,556.7719251006783
5,30.22714549082263,15.70014653463236,15.113572745411314,1.0388110607003322,False,435.09988908875437
5,38.760817246071746,19.94215773221135,19.380408623035873,1.0289854109942642,False,767.0857595463295
5,25.083810318080452,12.603240692580075,12.541905159040226,1.004890447883481,False,196.88860073245021
5,20.853199789888034,10.93615116839827,10.426599894944017,1.0488703200073248,False,126.81426150174451
5,35.6604279953168,18.699170674375154,17.8302139976584,1.0487350671635725,False,612.3176215622565
5,37.41648015435926,19.025780211703374,18.70824007717963,1.016973276653162,False,625.674149624442
5,23.818381198026323,11.909190599013161,11.909190599013161,1.0,True,122.64150002988882
5,30.22139362897599,15.197107159999579,15.110696814487994,1.0057184884702826,False,437.8854316587538
5,27.125010358357496,13.68057935964181,13.562505179178748,1.0087059270321481,False,348.6874671879671
5,37.7122033628061,18.85610678081169,18.85610168140305,1.0000002704381175,False,742.5495047164521
5,14.487500347115924,7.243750173557962,7.243750173557962,1.0,True,54.3152818409806
5,26.39485546664587,13.33969655804142,13.197427733322934,1.0107800419591815,False,386.35673623958814
5,30.595764413133804,15.297882206566902,15.297882206566902,1.0,True,236.51371237823938
5,25.942162901511708,12.971081450755854,12.971081450755854,1.0,True,120.96175356906124
5,37.35226273896959,19.091867302498112,18.676131369484796,1.0222602810393908,False,705.2125309773566
5,26.29427638291804,13.809464886327799,13.14713819145902,1.0503780127069067,False,229.93387081881647
5,19.344643473149667,9.709150722267996,9.672321736574833,1.003807667558648,False,109.65976982676416
5,33.1610560119751,16.58052800598755,16.58052800598755,1.0,True,262.4530994192661
5,18.953206483470606,9.982223965070805,9.476603241735303,1.0533546367234972,False,154.25267285055895
5,19.228682031746565,9.614341015873283,9.614341015873283,1.0,True,83.66767193199176
5,24.645862682338816,12.912510934445095,12.322931341169408,1.0478441027506153,False,178.77269365658134
5,34.44850404850783,17.827595178851467,17.224252024253914,1.0350286998673712,False,561.1444746022452
5,26.468750711245956,13.86576859384601,13.234375355622978,1.04770857870181,False,282.9570917280249
5,26.13761218558552,13.816161931769777,13.06880609279276,1.0571862367281715,False,287.07605909883694
5,44.59457212993603,22.328743088846704,22.297286064968016,1.0014108005694966,False,656.2551933790369
5,31.675622625310947,15.837811312655473,15.837811312655473,1.0,True,183.61071697496578
5,14.967142633148276,7.483571316574138,7.483571316574138,1.0,True,40.68406562996844
5,46.47927768203886,24.080187590756417,23.23963884101943,1.0361687526853198,False,1133.593497984658
5,32.225674353595096,16.83118680249329,16.112837176797548,1.0445824418017555,False,431.8729528055879
5,41.59988737916931,21.053430208170457,20.799943689584655,1.0121868848478053,False,898.6399076373957
5,20.927908992418004,10.463954496209002,10.463954496209002,1.0,True,101.15611707807331
5,41.31009078408759,20.655045392043796,20.655045392043796,1.0,True,872.5505398609089
5,28.61582579571801,14.307912897859005,14.307912897859005,1.0,True,237.9405176435905
5,43.484503681852004,22.857110831223988,21.742251840926002,1.0512761510838293,False,857.2417539248588
5,45.07190500229544,22.53595250114772,22.53595250114772,1.0,True,951.5028638908316
5,31.98725499990794,15.99362749995397,15.99362749995397,1.0,True,233.59747817110429
5,24.312585792665885,12.452793426683744,12.156292896332943,1.02439070306049,False,234.85370741753673
5,35.15544450841488,17.617761787459525,17.57772225420744,1.0022778567480495,False,485.82963534965756
5,32.45319504177119,17.31002513529774,16.226597520885594,1.066768625586334,False,489.62574666376537
5,36.309861294406986,19.452064769518636,18.154930647203493,1.0714480351107785,False,721.0796056521691
5,31.741714612006476,16.17226912747756,15.870857306003238,1.0189915274054107,False,509.9567122924137
5,29.644733044062754,14.847741804711523,14.822366522031377,1.0017119589265606,False,287.42564865143663
5,30.432774653550922,15.216387326775461,15.216387326775461,1.0,True,230.7086600246398
5,27.629315404121108,14.597005345547263,13.814657702060554,1.0566317067248083,False,267.8553185417218
5,21.11276687151421,10.556383435757105,10.556383435757105,1.0,True,112.30949036207711
5,42.05261548773676,21.05397664582074,21.02630774386838,1.001315918243441,False,794.7455807384049
5,3.8726399059672127,2.0351677581637064,1.9363199529836064,1.0510493139461734,False,4.408157101282828
5,34.644298084823305,17.322149042411652,17.322149042411652,1.0,True,342.32324771860436
5,22.866786846137952,11.965477686567697,11.433393423068976,1.0465377376435891,False,218.3671414610696
5,37.56959257215922,18.82969213123921,18.78479628607961,1.0023900096905958,False,484.3428157366115
5,27.20257772417407,13.831793632178382,13.601288862087035,1.0169472740729644,False,210.3982223663762
5,28.234454034679118,14.119922716648274,14.117227017339559,1.0001909510490554,False,249.48480613097664
5,30.348784955455763,15.707506955298427,15.174392477727881,1.0351325088205687,False,517.9331306979844
5,40.91229667951487,20.481984681473396,20.456148339757434,1.001263011065761,False,742.5719998835284
5,36.693933062304694,18.42742494799015,18.346966531152347,1.0043853798229363,False,631.0200493149964
5,31.26579253625209,16.3287637287136,15.632896268126045,1.0445130223250032,False,456.41310156074366
5,25.300337126217634,12.966176630725359,12.650168563108817,1.0249805420410052,False,222.75593667701952
5,36.536730573279435,18.268365286639717,18.268365286639717,1.0,True,284.19276505954645
5,37.7676500678552,18.8838250339276,18.8838250339276,1.0,True,610.5305914247407
5,37.65205692135315,19.420527843925733,18.826028460676575,1.031578587299543,False,857.2562243557178
5,34.78223559756201,19.171159192668256,17.391117798781004,1.1023534780502735,False,705.9207343999861
5,36.05802369320718,18.782816423918124,18.02901184660359,1.0418106429641367,False,521.388758253407
5,13.95703404875306,7.3622709613767805,6.97851702437653,1.054990757443131,False,82.12058236165453
5,29.514057060041875,15.012960605969273,14.757028530020937,1.01734306303113,False,251.5509748804179
5,19.236251947630066,10.220836831302053,9.618125973815033,1.062664063574118,False,161.88568065954524
5,35.537149387290654,18.583158138210198,17.768574693645327,1.045844051006308,False,494.50280593532494
5,27.352160083230444,13.676080041615222,13.676080041615222,1.0,True,265.4379916319874
5,21.14512183425619,11.337500181761218,10.572560917128095,1.0723513697985776,False,210.18095962681804
5,29.06877685522656,14.53438842761328,14.53438842761328,1.0,True,212.69994306843685
5,36.165221441349516,18.17516007527956,18.082610720674758,1.0051181411818475,False,602.7264310411138
5,13.23417789854774,6.644077294108952,6.61708894927387,1.004078582748694,False,85.65248096266959
5,29.141640928072487,14.62469333926686,14.570820464036244,1.0036973124034838,False,326.5866204700528
5,23.99670888377131,12.600191252824605,11.998354441885654,1.0501599460037594,False,226.3680642356956
5,40.18850522720943,20.94793018685752,20.094252613604716,1.0424836688215429,False,617.1801146614488
5,33.27277413947071,16.99728658538591,16.636387069735356,1.021693382952546,False,535.1926997046501
5,35.77463002304496,18.75232223311874,17.88731501152248,1.048358695591767,False,454.222374462833
5,37.44719303598431,18.723596517992156,18.723596517992156,1.0,True,519.3677950862627
5,32.35886882775089,17.01714575405094,16.179434413875445,1.0517763055707978,False,461.1013012578542
5,28.452866751232477,14.907929930544254,14.226433375616239,1.0479035424364398,False,335.12854686132255
5,48.318747334040964,24.21424168633175,24.159373667020482,1.0022710861658706,False,1078.9090957250728
5,28.061098278995914,14.12855157433574,14.030549139497957,1.006984932226344,False,230.62913924907176
5,20.430302705282873,10.464222321811835,10.215151352641437,1.0243825040444452,False,148.96528169251684
5,24.112556593222592,12.4385598732012,12.056278296611296,1.0317080916004862,False,355.79825780896095
5,22.232155380278243,11.116077690139122,11.116077690139122,1.0,True,119.75704763012375
5,12.692770215067778,6.656277623085271,6.346385107533889,1.0488297684903338,False,67.92264278203511
5,34.038508187260376,17.71771229676628,17.019254093630188,1.0410392958054198,False,572.0230605875706
5,39.08807831287236,19.551936766411835,19.54403915643618,1.0004040930286948,False,709.8919908324533
5,35.304728039125216,17.664421992934866,17.652364019562608,1.0006830798049993,False,554.7026976193565
5,30.69942436291833,16.098772801376967,15.349712181459164,1.0487996524666168,False,277.80683070177383
5,13.346256361283782,6.673128180641891,6.673128180641891,1.0,True,44.39727834986279
5,37.91244290082435,20.760349409556426,18.956221450412176,1.0951733953870337,False,756.5199004824043
5,39.92019864830608,20.59403614206109,19.96009932415304,1.0317602035747861,False,659.4895259113981
5,17.48338224476064,8.74169112238032,8.74169112238032,1.0,True,71.40328302923297
5,33.41686023560309,16.95331611579215,16.708430117801544,1.0146564336843171,False,609.2037088569718
5,7.756799764532284,4.076353369757392,3.878399882266142,1.0510399890419722,False,17.713670833939226
5,32.8998574703115,17.311701304439772,16.44992873515575,1.052387617184158,False,408.4935559109168
5,25.183001930685425,13.393427986280505,12.591500965342712,1.063687960882904,False,295.80426372386535
5,45.52164382717888,22.76082191358944,22.76082191358944,1.0,True,814.6681510720952
5,32.26285104962617,17.178072136504618,16.131425524813086,1.0648824625003908,False,454.3743489724858
5,12.900322262935196,6.77960744881449,6.450161131467598,1.0510756724726864,False,69.76710169354902
5,12.273299706639829,6.433369564029265,6.1366498533199145,1.048352067952651,False,43.712750256656676
5,32.5297451158022,17.201048825672476,16.2648725579011,1.0575581680359742,False,365.8746569801869
5,41.893352368192794,21.374268692030643,20.946676184096397,1.0204133822557917,False,878.351117807836
5,17.87763728001612,9.031067712839823,8.93881864000806,1.0103200519606559,False,90.91855809443926
5,39.13604590744017,19.590942676256688,19.568022953720085,1.0011712845283762,False,738.1170068633819
5,22.922510428096366,11.487600628402149,11.461255214048183,1.002298650004903,False,222.66171056891642
5,46.750224272585044,25.237295007531987,23.375112136292522,1.0796651952034153,False,1139.4677118239588
5,27.270386226662765,13.635193113331383,13.635193113331383,1.0,True,153.69308446803763
5,39.30811600211331,19.654058001056654,19.654058001056654,1.0,True,337.0917955831589
5,33.669858811757955,18.462067749078923,16.834929405878977,1.0966525195307162,False,646.8579895451596
5,39.02224308219347,19.511121541096735,19.511121541096735,1.0,True,268.4227769284984
5,37.741567657266934,18.985537174029922,18.870783828633467,1.0060810057726555,False,497.76491541781866
5,16.616282820978395,8.746613252318829,8.308141410489197,1.0527761649887244,False,84.89165129927022
5,6.02965626601208,3.168903645524649,3.01482813300604,1.0511059024664808,False,10.698452084678017
5,41.55555550260053,20.777777751300263,20.777777751300263,1.0,True,700.8010572200213
5,28.010178534423755,14.91175401156808,14.005089267211877,1.0647382338703721,False,357.85029361301355
5,33.56564690231334,17.99585705806629,16.78282345115667,1.0722782796613413,False,557.5454545948161
5,23.942863068541264,11.986478730528445,11.971431534270632,1.0012569253906467,False,225.87462771983044
5,23.789974157938698,11.894987078969349,11.894987078969349,1.0,True,114.88420804935872
5,20.86663093071612,10.928837552439004,10.43331546535806,1.047494211090064,False,126.41708050964914
5,15.193251364850559,7.9561039115892696,7.596625682425279,1.0473207769069943,False,67.31112894071457
5,11.082107450746777,5.825546420448652,5.541053725373389,1.051342706491461,False,36.288752206327075
5,37.5289138491292,18.7644569245646,18.7644569245646,1.0,True,598.3684885832931
5,38.81984503805194,19.40992251902597,19.40992251902597,1.0,True,544.0043295370775
5,33.97702217479228,16.992953438312636,16.98851108739614,1.0002614914805448,False,646.7818102710255
5,33.389967826339834,16.694983913169917,16.694983913169917,1.0,True,225.6964712961186
5,41.09612802232737,20.62606409863253,20.548064011163685,1.0037959823089158,False,950.8955544982482
5,35.06875404301619,17.555885995786483,17.534377021508096,1.0012266745634593,False,447.7782280072569
5,32.218962250961425,16.673614900957933,16.109481125480713,1.0350187427567061,False,438.0321460958919
5,30.562768874221682,15.281384437110841,15.281384437110841,1.0,True,306.3335900579788
5,36.42359194850074,19.170246376014756,18.21179597425037,1.052628000177442,False,655.7155580403142
5,20.71004735154098,10.877448184769317,10.35502367577049,1.0504513099493185,False,126.89911834204216
5,27.994888896809197,14.21523697768658,13.997444448404599,1.0155594494469884,False,425.13114870058894
5,38.78082904694737,20.463601373583643,19.390414523473684,1.0553462562035885,False,595.6276161776484
5,27.978449009909312,14.80284993129272,13.989224504954656,1.0581608670337586,False,339.2627189701157
5,36.75095724481244,18.78340864462012,18.37547862240622,1.0221996950716967,False,585.3389420325457
5,33.94208217687802,17.235491595942484,16.97104108843901,1.01558245638116,False,474.0449730977894
5,47.341950979154824,23.714744578282605,23.670975489577412,1.001849061468737,False,1160.3299184734901
5,34.88663019102995,17.443315095514976,17.443315095514976,1.0,True,467.041698957304
5,14.102179671700567,7.399500683706648,7.051089835850283,1.0494123399314697,False,58.32369613362916
5,33.148706217436256,16.574353108718128,16.574353108718128,1.0,True,484.42859851557364
5,12.320644674426237,6.466718765371405,6.160322337213119,1.049737077280423,False,44.46079174903755
5,26.612846113034458,14.07303591248812,13.306423056517229,1.05761224129992,False,295.90663122147373
5,23.728277474693833,11.864138737346916,11.864138737346916,1.0,True,137.37867178786075
5,29.494091008731083,14.759512785831358,14.747045504365541,1.0008454087608345,False,461.0112769504701
5,28.36034961473501,15.162482311432536,14.180174807367505,1.0692733000410304,False,372.07642868790475
5,27.76205793656251,13.925806661390736,13.881028968281255,1.0032258194411812,False,379.2809355272867
5,26.634407603983462,13.429062629877228,13.317203801991731,1.0083995731798268,False,201.858222749624
5,48.87789759170304,24.43894879585152,24.43894879585152,1.0,True,953.4885613976298
5,43.942790440807315,21.971395220403657,21.971395220403657,1.0,True,887.0013728913991
5,31.616338068599596,16.3321948332132,15.808169034299798,1.0331490508341856,False,496.0125632532677
5,28.12565352836595,15.770210824013848,14.062826764182976,1.121411156409852,False,422.26507079454547
5,34.785936909841006,18.645767775906023,17.392968454920503,1.0720290687718175,False,575.1886252386271
5,35.25045148143864,17.62522574071932,17.62522574071932,1.0,True,353.8575087712157
5,33.85825018234854,18.217770979779335,16.92912509117427,1.0761200523751153,False,644.3927387963464
5,22.157159314532638,12.03834928329619,11.078579657266319,1.0866329128572334,False,239.32451423156354
5,27.942178680764005,14.56143586503603,13.971089340382003,1.0422548671954799,False,251.46456991570128
5,29.815437330250965,14.907718665125483,14.907718665125483,1.0,True,219.65251908747953
5,36.23420571254794,18.11710285627397,18.11710285627397,1.0,True,340.05652712065523
5,20.510959269604662,10.263714047534384,10.255479634802331,1.000802928095543,False,174.55083740474439
5,33.292672105226906,16.646336052613453,16.646336052613453,1.0,True,221.75834314248561
5,23.321444733206565,11.660722366603283,11.660722366603283,1.0,True,99.36050078998778
5,29.85481448993504,14.95403939601104,14.92740724496752,1.0017841109716155,False,359.11302392417406
5,18.190755745837706,9.618122600274107,9.095377872918853,1.0574736679068286,False,114.02861789964265
5,33.34671595285869,16.684313103082612,16.673357976429344,1.0006570438101765,False,354.86972909085966
5,34.9369489592448,17.4684744796224,17.4684744796224,1.0,True,452.60534250221247
5,36.19400598661856,18.378940992194465,18.09700299330928,1.015579264643401,False,553.4219945260112
5,18.820242254624603,9.853911830835772,9.410121127312301,1.047160997984967,False,103.05166316842255
5,36.02974378655225,18.014871893276126,18.014871893276126,1.0,True,535.4824458238836
5,21.504807568516892,11.284649660915667,10.752403784258446,1.049500175712935,False,136.0136260233213
5,47.49579141642765,23.747895708213825,23.747895708213825,1.0,True,662.7153585886065
5,40.23844188668957,20.363251719824486,20.119220943344786,1.0121292358768208,False,802.8581872066482
5,30.510695767655477,15.307697324014471,15.255347883827739,1.0034315467982364,False,269.6086100167459
5,23.60344369637345,11.81635483764668,11.801721848186725,1.0012399029267245,False,201.08443245401006
5,30.934960242838777,15.467480121419388,15.467480121419388,1.0,True,250.38520902582138
5,42.7822350400439,21.39111752002195,21.39111752002195,1.0,True,770.9492361302108
5,16.763908224817833,8.454212319023187,8.381954112408916,1.0086206874489203,False,79.60461709024852
5,19.459160356785627,9.734078151364345,9.729580178392814,1.0004622987723069,False,166.40269309521392
5,19.752206905456013,10.284539524285348,9.876103452728007,1.0413559936378067,False,115.46165798527205
5,36.49684439025373,18.42348737977002,18.248422195126864,1.0095934422588002,False,627.2805459479425
5,36.333967732539364,19.106171144149176,18.166983866269682,1.0516974796032745,False,828.4260558380278
5,21.866133053128102,10.951731674321552,10.933066526564051,1.0017072198099362,False,232.16993546378728
5,35.7662886770933,18.92801565845924,17.88314433854665,1.0584277183101631,False,438.6271781660059
5,37.908189160393505,19.576542961595415,18.954094580196752,1.0328397844995982,False,671.6025108805931
5,4.302325621125,2.2603888378422035,2.1511628105625,1.0507753419422226,False,5.434333219613166
5,30.650690534164212,15.327493499744499,15.325345267082106,1.0001401751559233,False,354.5668970892536
5,40.805424427288656,20.402712213644328,20.402712213644328,1.0,True,779.7807304481773
5,22.399489287424814,11.711563373928072,11.199744643712407,1.045699142837422,False,159.95473529524472
5,36.96383743399909,19.222627172155498,18.481918716999544,1.0400774652511946,False,572.9568481520632
5,26.58709533899295,13.293547669496474,13.293547669496474,1.0,True,166.6132282180708
5,27.544445270741644,13.850469865504902,13.772222635370822,1.0056815252124316,False,347.31950750440325
5,19.0684419731765,10.409517543205057,9.53422098658825,1.091805776040652,False,183.33948013053154
5,10.733629275592278,5.833281201448523,5.366814637796139,1.0869168389694817,False,57.55706663891179
5,33.49969502268621,16.809594146766248,16.749847511343106,1.0035669957820619,False,408.6670890332538
5,30.42969915835706,15.21484957917853,15.21484957917853,1.0,True,254.59737061092096
5,39.19211246620382,19.632912236515036,19.59605623310191,1.0018807867753956,False,684.3481831805389
5,29.555256665174454,15.279943424308508,14.777628332587227,1.0339915905594668,False,532.5170581565793
5,47.83486724961437,23.917433624807185,23.917433624807185,1.0,True,804.1704172600569
5,40.598372509415086,21.069260073090657,20.299186254707543,1.0379361915655376,False,893.457240342294
5,17.852191201499597,8.926095600749798,8.926095600749798,1.0,True,57.90827786434526
5,29.29325216021867,14.65007131315254,14.646626080109336,1.000235223663413,False,265.21023607157775
5,28.965218427999353,15.819519942140749,14.482609213999677,1.0923114549585955,False,383.03482235412594
5,33.62347520562821,16.811737602814105,16.811737602814105,1.0,True,291.15263995227207
5,33.65940144015716,17.59605469262371,16.82970072007858,1.0455358051394719,False,330.01095992261514
5,33.006424493015096,16.503212246507548,16.503212246507548,1.0,True,353.42215195025625
5,40.55583224819923,20.46242284802678,20.277916124099615,1.0090988996501413,False,762.7205988490199
5,25.105023589432456,12.552511794716228,12.552511794716228,1.0,True,218.0538575839538
5,9.172978895108338,4.827828247887856,4.586489447554169,1.0526195041094852,False,27.214270781094648
5,27.522978908700612,13.856914934960125,13.761489454350306,1.006934240724913,False,227.707244692509
5,37.498015045246795,18.826845539701072,18.749007522623398,1.0041515806628032,False,598.8419696771342
5,42.45281443131967,21.763805335457498,21.226407215659837,1.0253174319298461,False,954.0575348334863
5,44.203975241148036,22.617909917756947,22.101987620574018,1.0233428009299341,False,1015.9735848210593
5,28.591111111315133,14.94051277754778,14.295555555657566,1.0451159256720854,False,337.0054682532191
5,38.7194738124417,19.359782064357187,19.35973690622085,1.0000023325800633,False,809.9828715766017
5,34.71366110404344,17.494700990731516,17.35683055202172,1.0079432957703063,False,426.36940638016137
5,31.71586188401377,15.904743038510805,15.857930942006885,1.0029519674839746,False,497.8972063868354
5,17.085674419256787,8.964844650758398,8.542837209628393,1.0493989796100025,False,85.50220702418444
5,32.02607477706925,16.013037388534624,16.013037388534624,1.0,True,218.34866236715013
5,28.944400071669925,15.158074219437006,14.472200035834963,1.047392530638309,False,250.93676010840696
5,40.58006825405289,21.878707747607752,20.290034127026445,1.0782982231885547,False,917.2504077767976
5,31.803232845486946,17.163158650306638,15.901616422743473,1.0793342132035602,False,481.35959986674914
5,48.44947666806205,24.224738334031024,24.224738334031024,1.0,True,571.1887893445416
5,37.53479932905337,18.767399664526685,18.767399664526685,1.0,True,641.5542274347124
5,38.7173355484239,21.216907950551196,19.35866777421195,1.095990085578856,False,780.3083987604961
5,16.167376873758986,8.476066810043783,8.083688436879493,1.048539522054583,False,76.67003224534878
5,44.08171339683966,22.04085669841983,22.04085669841983,1.0,True,980.0838362719448
5,32.93123374316154,17.38380775704621,16.46561687158077,1.0557641352052964,False,461.0750296838762
5,36.951169274042016,19.18233049653235,18.475584637021008,1.038252963215853,False,711.2626295812438
5,38.036368510189945,19.018184255094972,19.018184255094972,1.0,True,546.4855293355535
5,22.662036452430947,11.872269467646435,11.331018226215473,1.04776722008784,False,148.9082781971607
5,39.70561056224378,19.898153918883633,19.85280528112189,1.0022842433157226,False,788.9804782181822
5,33.95033114634529,18.005160340326434,16.975165573172646,1.060676566759477,False,536.1420175876574
5,32.63416362518889,17.011648012472186,16.317081812594445,1.042566814817441,False,460.9713211778965
5,35.597576809633615,18.62292173033198,17.798788404816808,1.0463027767267654,False,643.139842182897
5,18.59314428192167,9.296572140960835,9.296572140960835,1.0,True,115.77830494746495
5,28.433132837634503,15.216478222252922,14.216566418817251,1.0703342687663437,False,385.9659652255109
5,33.561245088367556,16.780622544183778,16.780622544183778,1.0,True,250.1053003465772
5,32.81413586212241,16.407067931061206,16.407067931061206,1.0,True,429.11686842684423
5,21.546853618537803,11.704519660862323,10.773426809268901,1.0864249479833432,False,224.91422788271635
5,37.905370232112766,19.027409632839394,18.952685116056383,1.0039426876099844,False,701.7724541768058
5,37.4550011756034,19.52260162874429,18.7275005878017,1.0424563351214355,False,470.90103857431603
5,17.930656048816523,8.965328024408262,8.965328024408262,1.0,True,58.50316179175901
5,38.9894824170883,20.69956292461696,19.49474120854415,1.0618023959992227,False,643.274198060141
5,28.24950137570987,15.373320908559611,14.124750687854934,1.0883959121330369,False,380.0913628603099
5,36.15536232353689,18.830631314702927,18.077681161768446,1.0416508149577755,False,578.7533589547886
5,16.83174238022515,8.818800267541725,8.415871190112576,1.0478772866560189,False,82.57946875736593
5,21.61986348858038,10.80993174429019,10.80993174429019,1.0,True,115.96768602447182
5,39.76850998791519,19.884254993957594,19.884254993957594,1.0,True,363.33456586449677
5,31.556156541782723,15.778078270891362,15.778078270891362,1.0,True,258.7816023189213
5,39.45593221383296,19.72796610691648,19.72796610691648,1.0,True,376.2944364017897
5,15.636210197907179,8.090718421879734,7.818105098953589,1.0348694881273255,False,71.5831855271749
5,31.95476225879527,16.69053922058741,15.977381129397635,1.0446354809598675,False,397.5743104618698
5,11.789355224628421,6.185322344111465,5.894677612314211,1.0493062981409003,False,40.53824180829017
5,44.129283738136934,22.064641869068467,22.064641869068467,1.0,True,717.5636394616068
5,27.011727468699004,13.505863734349502,13.505863734349502,1.0,True,285.0523730750241
5,35.91040220356213,18.788104687661704,17.955201101781064,1.0463878728597487,False,523.3106897806261
5,26.268959226145466,13.992358830512055,13.134479613072733,1.065315051887208,False,335.1567625181774
5,29.553907151275567,15.37283424063165,14.776953575637783,1.0403250008158835,False,359.31121696146636
5,27.106435409965435,14.189653836357355,13.553217704982718,1.0469583050481552,False,242.7021889399781
5,26.72463530647859,13.434389204040682,13.362317653239295,1.0053936414828393,False,407.76046000801557
5,30.73065761132045,16.3825192448262,15.365328805660225,1.0662003691578188,False,388.75711846295326
5,31.008256788871766,15.816357545717079,15.504128394435883,1.0201384523746106,False,554.7140509379196
5,10.038143085965226,5.430862930557858,5.019071542982613,1.082045331302557,False,49.77247851690361
5,43.06108353199712,21.53054176599856,21.53054176599856,1.0,True,599.431279203932
5,27.120919258388,14.889948957576017,13.560459629194,1.0980416125069825,False,388.33854401486
5,34.68055861491087,17.944599173904084,17.340279307455436,1.0348506420071804,False,514.4846520636912
5,36.91846755675153,19.485127074171707,18.459233778375765,1.05557615815006,False,589.2855324278418
5,30.92061540206713,15.531439151241239,15.460307701033566,1.0046009077945401,False,494.80741943016176
5,41.733894073070076,20.941849366464535,20.866947036535038,1.0035895202972602,False,872.0121710777546
5,42.99228235424459,21.621715589898173,21.496141177122293,1.005841718834147,False,1013.4695450485948
5,41.33328598762543,21.149604931853705,20.666642993812715,1.023369152802687,False,977.9961010548016
5,33.30095073271685,17.701395162206726,16.650475366358425,1.0631165040471842,False,502.02757023414586
5,32.651681029835075,16.325840514917537,16.325840514917537,1.0,True,414.56699347314014
5,31.849548655656005,16.357619205239462,15.924774327828002,1.0271805972568842,False,432.50226986475684
5,27.970117978503566,15.2112848408945,13.985058989251783,1.087681135459288,False,370.7966748436959
5,29.65387283482325,15.642755642571569,14.826936417411625,1.0550227776118273,False,384.52771557803936
5,31.545089773940727,16.676636967310166,15.772544886970364,1.0573206218031859,False,357.8921157554233
5,38.94045825929788,20.093072213930157,19.47022912964894,1.0319895097347758,False,761.6212736132389
5,35.959670902395516,18.011193467584064,17.979835451197758,1.0017440658159202,False,532.9126107522899
5,41.27327160168323,20.762814922596927,20.636635800841614,1.006114326141772,False,490.34935656237747
5,32.348320108965545,16.28507641197851,16.174160054482773,1.006857627049696,False,526.858774529851
5,27.205495181224943,13.602747590612472,13.602747590612472,1.0,True,175.7231730544554
5,31.691896945444636,16.580693824303545,15.845948472722318,1.0463680260506993,False,456.50232432339953
5,32.217424194159406,16.7058469363217,16.108712097079703,1.037069061489419,False,491.37206604324837
5,13.210090119169454,6.605045059584727,6.605045059584727,1.0,True,31.59210486197374
5,25.959961025582025,13.788242542285428,12.979980512791013,1.0622698954515317,False,301.5901050167629
5,28.149429400321182,14.72380272058894,14.074714700160591,1.0461173128021517,False,276.95989265704605
5,38.68680019391759,19.764551687578464,19.343400096958796,1.0217723662080425,False,684.0641397279699
5,30.375316937643134,15.954455665217028,15.187658468821567,1.050488177487636,False,565.5660628908505
5,32.24630759141825,16.468948822508903,16.123153795709126,1.0214471083747774,False,445.1777734081868
5,28.721319464268035,14.497583931493333,14.360659732134017,1.0095346733307056,False,259.5540365496455
5,34.66208390595774,17.33104195297887,17.33104195297887,1.0,True,218.36974557852042
5,29.545461874725685,15.559209249132165,14.772730937362843,1.053238518666862,False,309.01218406406446
5,38.33845859147293,20.134061274629158,19.169229295736464,1.050332330215659,False,714.974472655129
5,19.325750301337084,10.20941066497476,9.662875150668542,1.0565603410769935,False,161.3990901711452
5,30.71856600173819,16.099145622206642,15.359283000869095,1.048170387985929,False,359.0887580934087
5,31.93488212804635,15.967441064023175,15.967441064023175,1.0,True,297.6036476090013
5,29.63727240641542,16.125540150196752,14.81863620320771,1.0881932675225634,False,433.2423358259624
5,32.974117079289776,16.487084363861737,16.487058539644888,1.0000015663325745,False,428.03746902250657
5,20.794004440744406,10.909351583064593,10.397002220372203,1.049278566247536,False,127.21667760237364
5,11.606285097189835,5.803142548594917,5.803142548594917,1.0,True,24.564131763208724
5,33.832248511496154,17.25786726162105,16.916124255748077,1.0202022047548422,False,333.9106900972632
5,33.78523583068305,16.892617915341525,16.892617915341525,1.0,True,445.36693461535856
5,26.799563909694907,14.042125651243278,13.399781954847453,1.0479368767760773,False,279.406322992315
5,31.236121663522034,16.538613199329152,15.618060831761017,1.0589415278557561,False,438.60230133763605
5,31.516890224472625,15.758445112236313,15.758445112236313,1.0,True,294.43848675373397
5,19.898706899696943,10.530746613590772,9.949353449848472,1.0584352708618623,False,157.8975115817987
5,24.54605935013733,12.273029675068665,12.273029675068665,1.0,True,137.04434654708882
5,32.20308734209724,16.6812446527328,16.10154367104862,1.036002820197079,False,616.315398452008
5,35.34667930867333,17.673339654336665,17.673339654336665,1.0,True,534.6880321904385
5,30.674260436583225,15.857223868770856,15.337130218291612,1.0339107540378683,False,459.0125302517044
5,29.486549078149043,14.872359826226214,14.743274539074521,1.008755537096564,False,410.1642909662482
5,16.618381866259288,8.309190933129644,8.309190933129644,1.0,True,71.16984571390456
5,44.45671672592925,22.228358362964624,22.228358362964624,1.0,True,718.5802803577719
5,38.176233130959325,19.7431230129066,19.088116565479663,1.0343148809459546,False,569.1641541823442
5,25.165132401987442,13.14205528083648,12.582566200993721,1.044465419128776,False,181.8006823262429
5,29.01199345796307,15.692054674742339,14.505996728981534,1.0817632850689383,False,400.84533077223114
5,34.9444428855969,17.47222144279845,17.47222144279845,1.0,True,448.80054651400013
5,11.047285807616802,5.799177671106892,5.523642903808401,1.0498827987429304,False,35.85142705239299
5,41.35978778871935,21.133168762877702,20.679893894359676,1.021918626412375,False,632.241846724105
5,32.659526978447836,16.329763489223918,16.329763489223918,1.0,True,200.66689076461202
5,33.61440886733335,17.755750551785717,16.807204433666676,1.0564368763325682,False,442.93302105654607
5,12.52478390210251,6.262391951051255,6.262391951051255,1.0,True,29.47458113978942
5,36.628480817415,19.113655925191242,18.3142404087075,1.0436499411738451,False,643.0315726922342
5,13.238833727595885,7.020555169984222,6.619416863797943,1.0606002483965216,False,72.48784971764871
5,30.58779429471486,15.29527212591276,15.29389714735743,1.0000899037401705,False,407.20265961701756
5,28.95046868925709,15.257744549832621,14.475234344628545,1.0540585517701446,False,361.8723046659053
5,41.669897151938244,22.399517324222348,20.834948575969122,1.0750934777951786,False,881.7736814010614
5,27.35962781096479,14.453930403384897,13.679813905482394,1.0565882330893597,False,294.28404018377944
5,7.792473433149257,3.8962367165746286,3.8962367165746286,1.0,True,15.42995572623052
5,21.090638595625016,11.124919982310118,10.545319297812508,1.054962838784582,False,181.40047552096905
5,25.602793008217972,12.814391329845828,12.801396504108986,1.0010151100102767,False,185.40484386932403
5,42.111996102989345,21.794152101107034,21.055998051494672,1.0350567115273819,False,709.4358084802465
5,23.89995593619582,12.54805897817831,11.94997796809791,1.0500487123639104,False,238.96535419190874
5,25.951621564832596,13.094914523129233,12.975810782416298,1.0091789054811384,False,191.56656358461697
5,20.826410825368097,10.414079724356371,10.413205412684048,1.0000839618194084,False,116.03006515941982
5,44.471593731629724,22.235796865814862,22.235796865814862,1.0,True,557.2196911700773
5,18.10787191411369,9.964835914765857,9.053935957056845,1.1006081732883293,False,168.2433887626131
5,18.789737415827588,10.490607217975697,9.394868707913794,1.1166315937059241,False,187.34671597580785
5,42.15599066337522,21.437015505239838,21.07799533168761,1.0170329373312126,False,688.9631150473748
5,14.276353902907019,7.483567704157983,7.138176951453509,1.0483864094506852,False,59.74217347792491
5,44.3410209024197,22.17051045120985,22.17051045120985,1.0,True,668.2963055510711
5,32.84270084693826,16.43211221357798,16.42135042346913,1.0006553535386147,False,483.97058512754654
5,31.871817931187206,15.93614158030414,15.935908965593603,1.0000145968900198,False,348.08315935652075
5,35.020964013793325,18.299103085518603,17.510482006896662,1.045037085690236,False,412.91295557630195
5,42.16835874397692,21.98713160804927,21.08417937198846,1.0428260555049365,False,611.7193674315123
5,33.0577748505394,16.5288874252697,16.5288874252697,1.0,True,373.6087484217942
5,16.78570962827819,8.535719131053797,8.392854814139096,1.0170221361001055,False,110.97901545806408
5,31.71274865319489,15.856374326597445,15.856374326597445,1.0,True,261.60674936093847
5,35.01236400758042,17.50618200379021,17.50618200379021,1.0,True,250.3418604598944
5,33.82581429919819,16.912907149599096,16.912907149599096,1.0,True,436.8245397029604
5,44.94317690653138,22.772625447959044,22.47158845326569,1.013396338016755,False,975.8361627919332
5,21.364475488970808,11.168024601621527,10.682237744485404,1.0454761323194577,False,167.21407668655135
5,41.328500065359705,20.931775006053723,20.664250032679853,1.0129462706341041,False,880.2354225882459
5,33.54324643197439,16.771623215987194,16.771623215987194,1.0,True,205.90093901722722
5,16.295921138644808,8.535049974143599,8.147960569322404,1.047507520627752,False,107.79503491993545
5,6.386903402455432,3.193451701227716,3.193451701227716,1.0,True,7.406134801984038
5,30.101901990078446,15.348724236632224,15.050950995039223,1.0197843472941441,False,510.0806070296825
5,29.310634082388102,15.156458339108323,14.655317041194051,1.034195186395875,False,373.0919368289487
5,41.336573254119834,20.715402775497587,20.668286627059917,1.0022796349444847,False,720.0930501118379
5,30.133145178266872,15.079909455734313,15.066572589133436,1.000885195788357,False,354.13155081493977
5,22.178003916929846,11.089001958464923,11.089001958464923,1.0,True,89.11708812422611
5,28.619347621837083,14.309673810918541,14.309673810918541,1.0,True,358.79713974713434
5,30.967533158245214,16.59016608825712,15.483766579122607,1.0714554500341227,False,509.35300666247633
5,14.391350554462397,7.287449752263502,7.1956752772311985,1.0127541157009543,False,59.6913487004218
5,33.11799887767338,17.098008870175875,16.55899943883669,1.03255084543786,False,321.54379177496446
5,38.786064680133215,19.397914570429062,19.393032340066608,1.000251751777486,False,400.9881019981722
5,38.50650462794706,20.448331792646243,19.25325231397353,1.0620715637640792,False,677.8801474601399
5,15.093271512162259,7.948601101397503,7.5466357560811295,1.0532641773511418,False,93.39632666559581
5,31.978702413494364,15.989351206747182,15.989351206747182,1.0,True,215.0188462636265
5,31.04134250808641,15.520671254043204,15.520671254043204,1.0,True,294.8376081314121
5,27.4417432129303,13.772089589331168,13.72087160646515,1.003732851988928,False,209.30513914919328
5,29.684690912856425,14.842345456428212,14.842345456428212,1.0,True,364.3298768942865
5,36.95192810362918,19.343906221805412,18.47596405181459,1.0469768271661894,False,591.6489913949146
5,22.859392864928935,11.429696432464468,11.429696432464468,1.0,True,132.49217985612302
5,31.505897322276695,15.752948661138348,15.752948661138348,1.0,True,262.4311954860067
5,29.718747705082205,15.70847879420515,14.859373852541102,1.0571427134205147,False,423.42665301767596
5,17.1976658810842,9.079033291382007,8.5988329405421,1.055844828497114,False,105.9198575307078
5,36.074176943571345,18.06184896044866,18.037088471785673,1.0013727541837874,False,628.5684760221588
5,36.33030966236603,18.165154831183013,18.165154831183013,1.0,True,377.650900139334
5,22.539839611784135,11.903781214169088,11.269919805892068,1.0562436485080957,False,213.38142982045807
5,28.921782697535328,15.166968769319839,14.460891348767664,1.048826687340566,False,246.23602866025743
5,35.078234185186545,18.329771459703203,17.539117092593273,1.045079485069623,False,530.3034960415198
5,34.71377426785648,17.3817535023186,17.35688713392824,1.001432651384922,False,688.4420647162174
5,27.237704399497908,13.618852199748954,13.618852199748954,1.0,True,279.7247181115121
5,16.288390171413255,8.144195085706627,8.144195085706627,1.0,True,66.95664150915958
5,33.42052784451615,16.710263922258076,16.710263922258076,1.0,True,304.6393353652617
5,34.69930505950092,17.53108068098468,17.34965252975046,1.0104571633883221,False,445.5972274821701
5,19.66824585113464,9.83412292556732,9.83412292556732,1.0,True,69.82328483614569
5,15.98981167124164,8.438630036921758,7.99490583562082,1.0555008664797467,False,99.39617666599891
5,29.028190695711057,14.643380471571733,14.514095347855529,1.0089075564558219,False,347.1567512971976
5,35.57315670003662,17.78657835001831,17.78657835001831,1.0,True,388.6234509034714
5,3.9207155592191354,2.0598649433292833,1.9603577796095677,1.0507596953753686,False,4.507997478546844
5,32.93491991522137,17.80273245839005,16.467459957610686,1.081085516783798,False,529.1777570996071
5,42.521048832482535,21.530955537801034,21.260524416241267,1.0127198706986353,False,809.1757623451733
5,25.809820947542736,13.087053745084127,12.904910473771368,1.0141142607446179,False,379.0783404221742
5,8.161375254934525,4.080687627467262,4.080687627467262,1.0,True,12.043301529653837
5,29.23569782049703,15.479012549370697,14.617848910248515,1.0589117895806424,False,321.6723973710233
5,33.16696243368356,17.252221795802363,16.58348121684178,1.0403257054544994,False,533.0292857533558
5,32.93084585251952,16.46542292625976,16.46542292625976,1.0,True,384.20489648641205
5,28.816979758969914,14.408489879484957,14.408489879484957,1.0,True,219.26964672810547
5,40.880660081163036,20.440330040581518,20.440330040581518,1.0,True,661.0247593861415
5,36.58819694253771,19.16865701630928,18.294098471268853,1.0478055011245255,False,604.0902399847273
5,32.05280204106062,16.975936292432163,16.02640102053031,1.0592481911993508,False,438.3755890077487
5,15.178256974831253,7.963381606135301,7.589128487415627,1.0493143737571797,False,67.40291364293347
5,24.252563065630813,13.057703303028422,12.126281532815407,1.0768101719964573,False,287.8612079705175
5,16.084121644428034,8.592499925411397,8.042060822214017,1.0684450311140326,False,119.96292499817008
5,45.76222524552009,23.66800192113544,22.881112622760046,1.0343903424343388,False,1073.5793450873823
5,28.088424602426446,15.272700780590908,14.044212301213223,1.0874729356855108,False,394.19601133192026
5,43.95064943973754,22.11291320787309,21.97532471986877,1.006261044592434,False,1020.4673976827282
5,34.75181571428486,17.37590785714243,17.37590785714243,1.0,True,480.2746284284449
5,12.452411319535496,6.54132518808248,6.226205659767748,1.0506118084648182,False,45.73929955866925
5,9.505983638057756,4.993258199524811,4.752991819028878,1.0505505562904636,False,35.11785540022166
5,28.64529505783171,15.128745841998892,14.322647528915855,1.05628137615309,False,355.6970907549792
5,28.655819123831016,14.40285898079887,14.327909561915508,1.0052310086519936,False,230.51113607003526
5,8.649490421035722,4.324745210517861,4.324745210517861,1.0,True,13.62330545922627
5,29.23404480801233,14.636281884439297,14.617022404006166,1.0013176062744389,False,430.7005211299234
5,22.561267479023414,12.082064752368138,11.280633739511707,1.0710448571740547,False,236.41974610181083
5,24.784971119036754,13.096004052374283,12.392485559518377,1.0567697649900063,False,230.20180602680165
5,43.99602992480973,22.283522770417946,21.998014962404866,1.0129787987007473,False,862.7267857391853
5,27.824948017445667,13.912474008722834,13.912474008722834,1.0,True,175.80401014882122
5,31.65250903167365,15.826254515836824,15.826254515836824,1.0,True,320.9594718193459
5,46.192164915224055,23.096082457612027,23.096082457612027,1.0,True,896.9660792330279
5,29.623322569909238,14.811661284954619,14.811661284954619,1.0,True,159.1213095742918
5,26.25185482686483,13.125927413432414,13.125927413432414,1.0,True,156.82519839661845
5,34.079707264581586,17.039853632290793,17.039853632290793,1.0,True,653.009514715932
5,22.961402229054187,11.480701114527093,11.480701114527093,1.0,True,118.51706368348931
5,40.96365375985624,20.552459605627195,20.48182687992812,1.0034485559375708,False,592.9011322084177
5,28.42101928448075,14.210509642240375,14.210509642240375,1.0,True,361.146232668206
5,35.30450334882723,17.652251674413616,17.652251674413616,1.0,True,524.2897985654407
5,31.674366204775847,16.63934356561138,15.837183102387923,1.0506504507801333,False,547.0533925093819
5,19.60333858610422,9.808102692414806,9.80166929305211,1.0006563575213925,False,104.452798923701
5,38.127804814707,19.40124569331099,19.0639024073535,1.0176953951373233,False,672.1908772168271
5,38.387524348898154,20.122037069701054,19.193762174449077,1.0483633634102076,False,471.0722059340442
5,23.252570713879297,11.795062234278895,11.626285356939649,1.0145168359590024,False,295.9123058803264
5,34.38271349166206,17.661781512398694,17.19135674583103,1.0273640279544396,False,659.9265729055121
5,43.39820281345542,21.924036382636153,21.69910140672771,1.010366096350824,False,544.4700241949296
5,36.46311720031684,19.034773656044667,18.23155860015842,1.0440563022340432,False,552.9161198448871
5,25.09545302921441,13.133650680773878,12.547726514607206,1.0466956436677655,False,202.79116095250066
5,33.91867815051933,17.712593175578785,16.959339075259663,1.0444152980830468,False,505.8510059492202
5,21.487500181510573,11.252075439538308,10.743750090755286,1.0473135864562246,False,186.23437137947514
5,39.30079625061897,19.650398125309486,19.650398125309486,1.0,True,668.0880743989303
5,29.207599033301474,14.603799516650737,14.603799516650737,1.0,True,221.8058778773779
5,30.456822871015802,15.766066578472234,15.228411435507901,1.0353060557393852,False,276.672290448982
5,37.84578749713175,18.922893748565876,18.922893748565876,1.0,True,576.0324249514636
5,12.895197371221109,6.772761557947575,6.447598685610554,1.0504316239567926,False,49.069940854513824
5,44.22242854364395,22.111214271821975,22.111214271821975,1.0,True,723.9576557891726
5,15.549125614140875,7.860237849051591,7.774562807070438,1.0110199176606096,False,69.14417256465673
5,31.402627860459493,15.877142650909711,15.701313930229746,1.0111983443845067,False,443.5156101193554
5,37.69259929072967,18.855349295366313,18.846299645364834,1.0004801817954596,False,625.4823576054819
5,30.65942404603616,15.32971202301808,15.32971202301808,1.0,True,248.83434627808415
5,28.59089475129571,14.953386518187147,14.295447375647855,1.0460243828157545,False,235.84751148971006
5,26.44094211705451,14.043762238729196,13.220471058527256,1.0622739671345458,False,307.0952340095468
5,30.250306193890598,15.638764856924658,15.125153096945299,1.0339574585914828,False,523.0256549625609
5,33.94729140089615,17.492898731119688,16.973645700448074,1.0305917208262398,False,549.9251070820146
5,18.819845596296005,9.864743644747344,9.409922798148003,1.0483341740793937,False,103.28739697553661
5,14.101521424871795,7.389133695298831,7.050760712435897,1.0479909894355262,False,57.906453399807965
5,12.887440054806042,6.477807548690678,6.443720027403021,1.0052900376091285,False,46.686111257780254
5,39.128032765896855,20.01300577826275,19.564016382948427,1.0229497556394225,False,703.7856772605799
5,31.677282811605526,16.659314793731728,15.838641405802763,1.0518146327644173,False,498.3445548389737
5,40.52487595803411,20.608659739496332,20.262437979017054,1.0170868757667666,False,856.2598704032405
5,27.014630680907214,14.980159165752355,13.507315340453607,1.1090404560917941,False,383.18094608770485
5,31.728004387167058,16.745856344700936,15.864002193583529,1.0555883780370434,False,320.01856375977286
5,29.755460990565226,14.877730495282613,14.877730495282613,1.0,True,348.7427985508151
5,31.889252387460374,16.945013692976364,15.944626193730187,1.062741357940367,False,519.1812426704779
5,29.85991144636374,14.92995572318187,14.92995572318187,1.0,True,242.83496873689126
5,22.722332192061447,11.883540234584027,11.361166096030724,1.0459789192533508,False,195.8324168568647
5,35.422077068849326,18.116774124133265,17.711038534424663,1.0229086277984196,False,709.246547332843
5,26.525002081937895,14.072249616567785,13.262501040968948,1.0610554957241818,False,280.4708068342399
5,39.51687209374679,19.758436046873395,19.758436046873395,1.0,True,532.613209799375
5,36.93120085166653,18.465600425833266,18.465600425833266,1.0,True,403.5734265286722
5,14.867519855959511,7.794249531737006,7.4337599279797555,1.0484935762319163,False,91.9961240667903
5,40.06950194490725,22.181404141325466,20.034750972453626,1.1071464862140457,False,848.6313679157053
5,32.55681647155403,18.065064096560498,16.278408235777015,1.109756177318169,False,603.1593497319959
5,34.673898460312685,17.508277746674633,17.336949230156343,1.0098822759554649,False,428.50489963581595
5,36.830406132245315,19.945612490569236,18.415203066122658,1.0831057588097945,False,732.4503193313575
5,24.149590446309777,12.62076786586964,12.074795223154888,1.0452158924954507,False,168.65787914425866
5,31.462229534207204,15.731114767103602,15.731114767103602,1.0,True,220.35172693227327
5,34.028091459023784,17.022693864030764,17.014045729511892,1.0005082938330105,False,634.8207800200221
5,34.238867415192814,17.235781349466766,17.119433707596407,1.0067962319231816,False,626.5582651147764
5,36.59809913241132,18.29904956620566,18.29904956620566,1.0,True,512.2596169878695
5,38.54019623409364,20.671571071426275,19.27009811704682,1.0727278577341375,False,607.5563332988546
5,24.061944003529923,12.030972001764962,12.030972001764962,1.0,True,104.46248556060544
5,39.770101862215654,19.885050931107827,19.885050931107827,1.0,True,608.9217027510279
5,34.22175073052073,17.110875365260366,17.110875365260366,1.0,True,407.599330294278
5,36.45335167956296,18.50132571764491,18.22667583978148,1.0150685665492543,False,598.7193082210507
5,47.33945957091893,23.669729785459467,23.669729785459467,1.0,True,916.0641899556167
5,10.64768848153201,5.5911807883404325,5.323844240766005,1.0502149453448253,False,33.267952047051956
5,30.364163216786718,15.836657043453057,15.182081608393359,1.0431149991117041,False,394.56868990308453
5,28.699150442251774,15.056944019501188,14.349575221125887,1.0492954521283593,False,241.54963725867967
5,24.640521566239705,13.373983834440113,12.320260783119853,1.0855276580479514,False,305.0171524563505
5,25.98891877075006,13.597934345827712,12.99445938537503,1.0464409439866253,False,196.20884443037795
5,32.20012627498293,16.432274180392096,16.100063137491464,1.0206341453485996,False,538.2044373764107
6,31.978910035758165,17.213731033345077,15.989455017879083,1.0765677137899343,False,455.44256259075024
6,26.025823511912208,13.012911755956104,13.012911755956104,1.0,True,246.78109606713238
6,39.98483427338773,19.992417136693867,19.992417136693867,1.0,True,599.8828661600538
6,16.52026919039906,9.136945347547949,8.26013459519953,1.1061496931125054,False,119.03757793947264
6,37.03717610969536,18.51858805484768,18.51858805484768,1.0,True,365.1492179526486
6,27.716666697538937,13.890045551869036,13.858333348769468,1.0022883129090254,False,298.10960463702025
6,32.53613151789887,16.268065758949437,16.268065758949437,1.0,True,263.901220483931
6,20.016521971291002,10.879161691379384,10.008260985645501,1.0870181849756901,False,172.34767783247844
6,34.67840840110512,17.38774909464194,17.33920420055256,1.0027997186911168,False,634.6467323253225
6,33.1970019946467,16.781653239014492,16.59850099732335,1.0110342639808665,False,531.6428120334599
6,22.202946969583454,11.443889545658585,11.101473484791727,1.0308441993160589,False,195.21155101566583
6,30.36247703744222,15.18123851872111,15.18123851872111,1.0,True,379.25298390314276
6,14.206097249448053,8.160777805121288,7.1030486247240265,1.1489120005057487,False,86.50278555710453
6,32.16153218281776,16.11558563973252,16.08076609140888,1.0021652916363382,False,614.3162557880047
6,39.00086922580703,19.500434612903515,19.500434612903515,1.0,True,410.9093754837438
6,25.199284887110526,12.599642443555263,12.599642443555263,1.0,True,192.42887151656777
6,35.45580502300809,17.72791241123404,17.727902511504045,1.0000005584264686,False,501.58502973366734
6,24.419624689593192,12.209812344796596,12.209812344796596,1.0,True,229.7354353097277
6,36.55658176066981,19.846693230480284,18.278290880334904,1.0858068383096353,False,626.4723138598779
6,15.948643807415145,7.9743219037075725,7.9743219037075725,1.0,True,55.71221032876977
6,30.923046093343373,15.815776012987783,15.461523046671687,1.0229119062363234,False,375.1407478384317
6,17.922979694617418,10.299694584441298,8.961489847308709,1.1493283773048601,False,137.79658965878275
6,47.4483192112984,24.012235416022868,23.7241596056492,1.0121427192854104,False,1290.0079076627765
6,24.114980979132337,12.265209020300528,12.057490489566169,1.0172273435267567,False,221.07623879952519
6,25.504426188574012,12.752219541337295,12.752213094287006,1.0000005055632495,False,375.8192386746699
6,32.44811294625329,17.86994253380911,16.224056473126645,1.1014472591000095,False,439.0849751813899
6,21.655241733770506,11.313924589270576,10.827620866885253,1.0449132573410114,False,193.5358217594333
6,18.3360375868118,9.1680187934059,9.1680187934059,1.0,True,107.00349372869985
6,25.365027549761443,12.764411702413886,12.682513774880722,1.0064575469017327,False,263.01131570575586
6,30.0566368170611,15.02831840853055,15.02831840853055,1.0,True,252.99825953457807
6,27.08652881239827,14.491850760558458,13.543264406199135,1.070041189916157,False,308.9972045359526
6,36.27778471655246,18.14250067708175,18.13889235827623,1.000198927185533,False,794.8778604946374
6,20.162256286052312,10.345215121826532,10.081128143026156,1.026196173191496,False,158.0269222468083
6,39.35798406223843,19.88780527888002,19.678992031119215,1.0106109727282069,False,741.5694020453329
6,33.814477094864586,17.083079012149838,16.907238547432293,1.0104003066038392,False,419.9802120035509
6,19.487813629654948,9.743906814827474,9.743906814827474,1.0,True,111.77853538590978
6,27.420599730606863,14.4907830443228,13.710299865303432,1.0569267767070896,False,315.61250891244634
6,23.224851486168006,11.667575116079366,11.612425743084003,1.004749169055243,False,216.93747497978006
6,31.822364701307443,16.25485438609502,15.911182350653721,1.02159940272617,False,449.4623807353721
6,32.42514999111966,16.256101187404305,16.21257499555983,1.002684717995531,False,602.1472518308963
6,14.228034977781212,8.011883563695282,7.114017488890606,1.126210833218614,False,88.11952165366375
6,16.937389546367974,8.703284413365676,8.468694773183987,1.0277008023626633,False,123.05116784966162
6,23.07839593046478,11.604474988603851,11.53919796523239,1.0056569809763332,False,217.04169871982637
6,32.88276951867457,16.441384759337286,16.441384759337286,1.0,True,430.4235528148605
6,20.92319849821132,12.004302744493518,10.46159924910566,1.1474634478585806,False,187.17055595563124
6,33.82705794398514,17.874091926968923,16.91352897199257,1.05679258045834,False,477.7159495595083
6,16.734465951608822,9.647037274387076,8.367232975804411,1.1529543042823696,False,120.89253537505023
6,16.540091616301318,8.270045808150659,8.270045808150659,1.0,True,48.02409994545313
6,34.18463645030409,17.110512482892332,17.092318225152045,1.0010644698688977,False,543.1683707911754
6,32.072930801327864,16.744080193228235,16.036465400663932,1.044125358979355,False,544.0190957515615
6,33.88761056829595,16.975505723875955,16.943805284147974,1.001870916196,False,527.0564250439634
6,35.65351902666172,17.82675951333086,17.82675951333086,1.0,True,580.4796686014727
6,31.945769554539037,16.407203835770677,15.972884777269519,1.0271910218196292,False,510.4313476538624
6,27.1969059996197,14.563387256128193,13.59845299980985,1.0709591198595778,False,308.62993455564686
6,33.977655352456196,17.015032960025007,16.988827676228098,1.0015425010069163,False,429.4365210153468
6,20.192853281296482,10.096426640648241,10.096426640648241,1.0,True,63.09543838998888
6,19.04619942789944,9.52309971394972,9.52309971394972,1.0,True,71.04010731184366
6,23.90517410112141,11.952587050560705,11.952587050560705,1.0,True,128.63324444426735
6,15.783193957042688,7.891596978521344,7.891596978521344,1.0,True,50.95196593295006
6,35.89306371577266,17.95157494430099,17.94653185788633,1.0002810061829546,False,467.475865137139
6,29.45039972662911,14.895817992670986,14.725199863314556,1.0115868124670755,False,321.5748299571622
6,39.86814007072482,20.007278366133256,19.93407003536241,1.003672523004132,False,604.1368668798476
6,21.048631302559492,10.524315651279746,10.524315651279746,1.0,True,249.10539928294872
6,36.82335875752847,18.638519828492488,18.411679378764234,1.0123204649104356,False,667.4258884191023
6,25.44620453821245,12.723102269106224,12.723102269106224,1.0,True,177.45016052457927
6,31.90454939474934,16.01624090631066,15.95227469737467,1.0040098487613505,False,377.54686498779284
6,36.48332617809251,18.241663089046256,18.241663089046256,1.0,True,299.65390614437763
6,25.82780193497843,14.854186740647588,12.913900967489216,1.150247843625489,False,286.58978835994867
6,26.543779794354634,13.271889897177317,13.271889897177317,1.0,True,209.77705300407513
6,22.2736946194279,11.145422845954885,11.13684730971395,1.000770014709051,False,200.51162814325352
6,31.930580365395265,18.19786609508965,15.965290182697633,1.139839356932677,False,429.94827850630907
6,21.662100820081406,11.86516885499494,10.831050410040703,1.0954772072702734,False,198.58304621706054
6,29.253100653308497,14.626550326654248,14.626550326654248,1.0,True,356.3791099345329
6,21.876807709059683,12.467269052484028,10.938403854529842,1.1397704105906685,False,201.76684891746834
6,41.382743261926095,20.691371630963047,20.691371630963047,1.0,True,447.7228342904475
6,14.817945330976203,7.409547818400288,7.408972665488101,1.000077629239323,False,71.77727974808947
6,24.171839594016227,12.085919797008113,12.085919797008113,1.0,True,165.49670888023817
6,24.71383601030393,12.730249206737883,12.356918005151964,1.0302123232856497,False,246.45362737236542
6,19.619388154969055,9.809694077484528,9.809694077484528,1.0,True,66.75299530737264
6,27.863638406990816,14.248040242237872,13.931819203495408,1.0226977564181372,False,428.5623616013384
6,31.581925651943777,15.823080678125518,15.790962825971889,1.0020339388109256,False,389.7065208879294
6,25.378592716178556,12.706667089764395,12.689296358089278,1.0013689278889009,False,259.3575082703747
6,19.235071249391606,11.00277232032642,9.617535624695803,1.144032395583087,False,157.20324801593026
6,31.75255103568041,15.876275517840204,15.876275517840204,1.0,True,321.7596462745872
6,23.286911569379324,11.643455810170066,11.643455784689662,1.0000000021883884,False,174.37725035794983
6,20.01878079909925,10.73001494551683,10.009390399549625,1.0719948485573736,False,183.35703311036593
6,18.44238488310283,9.29524217836582,9.221192441551414,1.0080303862308233,False,124.60878033593879
6,20.496819686301738,10.248409843150869,10.248409843150869,1.0,True,74.48290427412968
6,34.67832679669951,17.340384791976646,17.339163398349754,1.0000704413240034,False,568.4958804540258
6,36.19872445764542,18.305073150643892,18.09936222882271,1.0113656447791068,False,587.9650543939367
6,23.07431901753339,13.248598171110114,11.537159508766695,1.1483414232977325,False,227.97497419557573
6,18.885138658053023,9.442569329026512,9.442569329026512,1.0,True,49.80464872820897
6,22.234583564676115,11.243800500996732,11.117291782338057,1.011379454739117,False,199.08118102352972
6,37.17863469733611,19.825651681825605,18.589317348668054,1.0665077856259275,False,671.8037336763854
6,26.9995921473029,13.557385678904396,13.49979607365145,1.0042659611255425,False,356.8879532262896
6,11.65722693626097,6.710939643499487,5.828613468130485,1.1513783990297792,False,58.50237671484165
6,3.757173767034796,2.16665510093492,1.878586883517398,1.1533430366968993,False,6.098157520714729
6,20.332182847131975,11.662289706303946,10.166091423565987,1.1471753715759063,False,176.63114066791354
6,35.95490380284002,17.97745190142001,17.97745190142001,1.0,True,499.4677334034351
6,24.74540442308724,12.37270221154362,12.37270221154362,1.0,True,271.2317894340622
6,42.0518910360179,21.02594551800895,21.02594551800895,1.0,True,673.6698584560258
6,31.48419155620675,15.792920830557149,15.742095778103375,1.0032286077514831,False,586.1119669862801
6,6.468891392396446,3.7247968341661726,3.234445696198223,1.1516028352382943,False,18.022583610252564
6,27.719651244689626,15.1922424668777,13.859825622344813,1.0961351809783786,False,334.1843578430533
6,21.21369731371315,10.606848656856576,10.606848656856576,1.0,True,110.91537540838553
6,32.34685504558664,16.17342752279332,16.17342752279332,1.0,True,360.14418342981446
6,37.356926590915556,18.83773964133001,18.678463295457778,1.008527272471658,False,606.1189004215776
6,32.14840271139083,18.44360408711462,16.074201355695415,1.1474040718408494,False,441.7068400980691
6,23.900488415740412,11.950244207870206,11.950244207870206,1.0,True,172.88091118258257
6,24.704471843635577,12.352235921817789,12.352235921817789,1.0,True,140.40851933213483
6,12.811085873655461,7.367602726539219,6.405542936827731,1.1501917634772638,False,70.50877250711613
6,29.4188403629306,14.7094201814653,14.7094201814653,1.0,True,275.79803554433323
6,10.14345690104196,5.829543002455222,5.07172845052098,1.1494193861771913,False,44.141909247761596
6,29.128210165590485,14.566625542495474,14.564105082795242,1.0001730597030098,False,412.47382739482305
6,21.209948191170692,10.604974095585346,10.604974095585346,1.0,True,117.89109044561042
6,32.73457639284485,18.08032365161462,16.367288196422425,1.104662142844569,False,501.6656967833522
6,26.48735668750736,13.246714286008547,13.24367834375368,1.0002292370877686,False,392.12748201076045
6,21.66650114968535,12.406456003575869,10.833250574842674,1.1452200720240464,False,199.90279380346732
6,35.54399000753121,17.771995003765603,17.771995003765603,1.0,True,341.8197239457695
6,36.76621120539103,18.383105602695515,18.383105602695515,1.0,True,603.6950895362259
6,33.635936909203764,16.817968454601882,16.817968454601882,1.0,True,432.9380748472396
6,37.23631462490562,18.62238974175299,18.61815731245281,1.0002273280448302,False,477.78624322477106
6,34.14566948223272,17.59205601105938,17.07283474111636,1.0304121300191926,False,467.2217887514744
6,32.273473848328784,16.85715628482568,16.136736924164392,1.0446446740779716,False,463.08490596823117
6,30.58278672092905,15.291393360464525,15.291393360464525,1.0,True,172.63414955272754
6,20.449124975631843,10.845358657018375,10.224562487815922,1.0607161597322354,False,176.61635975630168
6,30.659957381435767,16.674475610653325,15.329978690717883,1.0877037696568697,False,435.6194694013416
6,33.181578986857836,17.72615362150223,16.590789493428918,1.0684333996596722,False,457.4646042733108
6,16.931762436345515,8.470273942492996,8.465881218172758,1.0005188738427855,False,96.10395221216653
6,20.56287388362062,10.28143694181031,10.28143694181031,1.0,True,60.22049690055794
6,13.645899318710457,7.828595432979733,6.822949659355229,1.1473916449384354,False,79.60123160442267
6,11.249701234467855,6.474576047173743,5.624850617233927,1.1510663105143362,False,54.45413065465084
6,35.56257729098931,17.781288645494655,17.781288645494655,1.0,True,387.62565146767105
6,21.818872515116652,10.915013959673495,10.909436257558326,1.0005112731752115,False,174.04066875106665
6,17.520971449175605,9.372825777335315,8.760485724587802,1.0698979568026548,False,144.51763285948851
6,36.83505835325087,18.437494757679346,18.417529176625436,1.0010840531790361,False,805.838863038929
6,29.85341205019032,15.322361573161873,14.92670602509516,1.0265065545875645,False,530.2264487103926
6,33.28703536380956,16.64351768190478,16.64351768190478,1.0,True,157.97861430048584
6,21.657665917475487,10.916563766464707,10.828832958737744,1.0081015939631957,False,240.56103467874624
6,16.13000089225916,8.06500044612958,8.06500044612958,1.0,True,56.34595680271486
6,8.21866723723912,4.732255797373586,4.10933361861956,1.1515871517297938,False,29.08954319131139
6,25.5677246651087,14.648165922450936,12.78386233255435,1.1458325771507334,False,278.6725878372284
6,32.093831046919206,17.737862956683884,16.046915523459603,1.1053752311933231,False,436.9309633870048
6,31.89783346149955,15.948916730749774,15.948916730749774,1.0,True,445.1114249579058
6,27.06594121474396,14.575153694546504,13.53297060737198,1.0770106665721126,False,308.5835111352549
6,23.754685758143296,11.877342879071648,11.877342879071648,1.0,True,160.7116656686529
6,36.192662114541314,18.279880267693926,18.096331057270657,1.0101428963607253,False,550.4664431706685
6,18.23509395396561,10.45568066341194,9.117546976982805,1.146764660473617,False,141.9907201865586
6,35.176818400018554,18.630185774264852,17.588409200009277,1.059230858368648,False,543.4032493281267
6,33.18862226602293,16.594311133011466,16.594311133011466,1.0,True,200.31621882172763
6,17.237082223234438,9.672921618019071,8.618541111617219,1.1223386293279518,False,128.01945426292582
6,24.732535280092403,12.819012422056488,12.366267640046201,1.0366112714999103,False,248.36541717115176
6,26.32945931548931,13.207472534325955,13.164729657744655,1.0032467720714762,False,272.2237655789303
6,37.24828032860587,18.624140164302936,18.624140164302936,1.0,True,744.4286069387763
6,31.37985763081337,16.657264422589286,15.689928815406684,1.061653282087088,False,424.6423241275943
6,26.54822899362519,13.387403863016434,13.274114496812595,1.0085346081827937,False,413.0443640090789
6,16.417443015461906,9.429767005198324,8.208721507730953,1.1487497774552826,False,115.49606098803586
6,33.24393581259473,16.621967906297364,16.621967906297364,1.0,True,342.9947651621718
6,25.761439708358445,13.54825794994087,12.880719854179222,1.051824595466616,False,298.64064685449415
6,27.975744784216282,14.008252282820127,13.987872392108141,1.0014569685896966,False,308.6877864170092
6,16.562747229940737,8.281373614970368,8.281373614970368,1.0,True,69.68574011795877
6,29.082365367378642,14.541182683689321,14.541182683689321,1.0,True,338.4660330694954
6,21.39511009422579,12.15832474775439,10.697555047112894,1.1365517348784977,False,200.6575302304675
6,32.07501067863622,16.273448027924164,16.03750533931811,1.0147119320376847,False,398.7475430267218
6,24.515176527756854,14.033419470048152,12.257588263878427,1.1448760692511493,False,255.73536205921562
6,28.613862856890865,14.548902885706159,14.306931428445433,1.0169128829945764,False,358.12196857893946
6,44.09274714620634,24.126941021331668,22.04637357310317,1.0943723212041918,False,856.5464462892774
6,22.825939751539227,13.034565705017293,11.412969875769614,1.1420835984760127,False,220.61581213127386
6,16.45150946958007,9.443674089093205,8.225754734790035,1.148061715133822,False,115.84025720660999
6,22.287298780491827,11.143649390245914,11.143649390245914,1.0,True,140.42489257890855
6,36.32290327543656,18.24116220735556,18.16145163771828,1.0043889977093976,False,680.5523025564362
6,35.75838878108551,18.610228572112668,17.879194390542754,1.0408874228671396,False,511.52752675576676
6,31.546243454512414,15.773121727256207,15.773121727256207,1.0,True,284.39369612262874
6,39.566884365092704,19.93820686385075,19.783442182546352,1.0078229400059073,False,627.7296343455869
6,18.414663651852216,10.575542476165015,9.207331825926108,1.1486001239128023,False,145.26189853146653
6,32.53612156420069,16.268060782100346,16.268060782100346,1.0,True,194.46714196900496
6,34.55456809564006,17.27728404782003,17.27728404782003,1.0,True,328.1711341195087
6,31.539031994406432,15.769515997203216,15.769515997203216,1.0,True,290.7623008145202
6,31.312803134096722,15.656401567048361,15.656401567048361,1.0,True,341.0561025604067
6,35.425213089402824,17.712606544701412,17.712606544701412,1.0,True,381.44911425478216
6,28.229382678547687,16.075545940541566,14.114691339273843,1.1389229529810323,False,335.4751187929682
6,28.076447221077707,14.038223610538854,14.038223610538854,1.0,True,258.6134464915173
6,9.184481978706735,5.281741609253356,4.5922409893533676,1.1501446943874511,False,36.23687251816581
6,27.252281087889163,14.630963966324405,13.626140543944581,1.0737423351197095,False,316.63826495769797
6,31.765235916127146,15.882617958063573,15.882617958063573,1.0,True,279.91921647262706
6,25.10339925720204,14.348040668162042,12.55169962860102,1.143115362278729,False,267.3433755796984
6,41.12451046830641,20.562400975778516,20.562255234153206,1.0000070878229868,False,496.0544274752696
6,20.544127481502652,11.748859539051715,10.272063740751326,1.143768169237662,False,179.26038551603418
6,14.87236639132767,8.518117942490019,7.436183195663835,1.1454959780250005,False,94.2370615308184
6,14.998963289024585,8.604372746832322,7.499481644512293,1.147328996148491,False,96.1614882079595
6,41.221740157400774,20.610870078700387,20.610870078700387,1.0,True,202.28899811605936
6,21.123585562563335,10.617629680059977,10.561792781281667,1.0052866875855837,False,240.2088418717179
6,19.092770724046158,9.546385362023079,9.546385362023079,1.0,True,94.28181521595249
6,5.657993691504325,3.2617050788978967,2.8289968457521626,1.1529546538008555,False,13.819979168603773
6,47.313483703546034,24.077789798732994,23.656741851773017,1.0177982221557877,False,909.0660922720048
6,28.113656118829212,14.056828059414606,14.056828059414606,1.0,True,241.66659972610142
6,15.986555944822067,7.993277972411033,7.993277972411033,1.0,True,78.6126602114317
6,38.90704837921814,19.52416137327503,19.45352418960907,1.0036310738855068,False,609.9937025505099
6,8.520326475884572,4.277246031902558,4.260163237942286,1.0040098918764726,False,28.241477949291777
6,26.311721524912517,14.980194765085804,13.155860762456259,1.1386708202199711,False,291.27851961985743
6,14.519962953373375,7.259981476686687,7.259981476686687,1.0,True,69.19301577650089
6,22.507761993729773,12.666186010507005,11.253880996864886,1.1254949305075785,False,218.60789987432375
6,29.781338219271614,15.25299440678613,14.890669109635807,1.0243323718016042,False,391.36290901836844
6,19.8339779018263,10.522042621093481,9.91698895091315,1.061011832641461,False,164.90696995754348
6,38.0946096371623,19.243021487775863,19.04730481858115,1.0102752946445097,False,599.2212249764337
6,16.741117467104967,8.370558733552484,8.370558733552484,1.0,True,16.589536778635797
6,37.39525340189458,19.35539253194208,18.69762670094729,1.0351791081036754,False,786.9809714001169
6,18.652333218920763,9.326166609460381,9.326166609460381,1.0,True,88.0021799121274
6,22.964914740690887,11.84790181359894,11.482457370345443,1.031826327019275,False,226.7989001093429
6,21.652057111684478,10.826028555842239,10.826028555842239,1.0,True,70.99819998542375
6,35.627998914291645,17.813999457145822,17.813999457145822,1.0,True,388.0742614039973
6,19.960379938697045,11.511876946478495,9.980189969348523,1.1534727276569021,False,172.15065930041982
6,17.442983170594946,8.721491585297473,8.721491585297473,1.0,True,23.694936372143008
6,38.43007296619842,19.446198172080468,19.21503648309921,1.0120302498090272,False,734.4562108492512
6,27.907815444705605,13.953907722352803,13.953907722352803,1.0,True,136.14627231288193
6,22.695170439833394,12.282837665705634,11.347585219916697,1.0824186315999134,False,219.19232692503164
6,19.31424173352591,9.660307171586938,9.657120866762956,1.000329943558535,False,135.21956141388694
6,22.550271580142677,11.275135790071339,11.275135790071339,1.0,True,154.6904687884184
6,32.05815554387118,16.02929510193619,16.02907777193559,1.0000135584843801,False,335.5859872066329
6,31.04377116065886,16.4032316067701,15.52188558032943,1.0567808609256584,False,403.41366678207436
6,7.5588987061452775,4.3474424753017065,3.7794493530726387,1.1502846232791286,False,24.55086808855775
6,33.69298359832795,16.846491799163974,16.846491799163974,1.0,True,193.13024747175976
6,15.436701501165787,7.718350750582894,7.718350750582894,1.0,True,25.967676776584042
6,12.682162356866218,7.283096347522899,6.341081178433109,1.1485575003035307,False,68.89901314114647
6,32.30011197858025,18.35063242080156,16.150055989290124,1.1362581301867154,False,437.0009838331368
6,25.912131225941007,12.956065612970503,12.956065612970503,1.0,True,267.9011615028613
6,37.75487476139381,20.914245376827033,18.877437380696904,1.1078964244486311,False,605.1128783785431
6,11.831249653374137,6.7956652909609625,5.915624826687068,1.1487654288527192,False,59.98015179250411
6,19.53334746644992,10.199218387690218,9.76667373322496,1.044287816536125,False,179.68075204639763
6,29.33462543482086,14.66731271741043,14.66731271741043,1.0,True,330.10558295731437
6,31.38049377326569,15.690246886632846,15.690246886632846,1.0,True,284.6512710995959
6,36.55614615755405,18.278073078777027,18.278073078777027,1.0,True,294.8226315653674
6,29.747319192598606,15.058647838555377,14.873659596299303,1.0124373050935023,False,359.59586484034185
6,49.21674297230793,24.6812010506328,24.608371486153963,1.0029595442558974,False,972.4210429920887
6,37.464411482983095,18.732205741491548,18.732205741491548,1.0,True,506.6103589409935
6,28.583542867354286,14.331184403431562,14.291771433677143,1.002757738600657,False,462.7604628621878
6,36.35033049179748,19.405318350029717,18.17516524589874,1.0676831867819503,False,559.1885306392664
6,32.996197010666805,16.498098505333402,16.498098505333402,1.0,True,403.7369110827634
6,13.307558667437071,7.62558618154622,6.653779333718536,1.1460533629215774,False,75.52162284991756
6,37.75182378370764,19.14851869604656,18.87591189185382,1.0144420468666409,False,685.5420989914588
6,24.911708368654935,12.534143872645574,12.455854184327467,1.0062853728985215,False,241.50192821763963
6,19.563461216619043,9.781730608309521,9.781730608309521,1.0,True,99.38643182329544
6,25.675813602487715,14.64846220815071,12.837906801243857,1.1410319793512933,False,278.62024536174727
6,16.091689459503012,8.079960436451879,8.045844729751506,1.0042401646870243,False,92.08214781557031
6,29.015965777252788,14.511321152073368,14.507982888626394,1.0002300983860128,False,467.3745736413641
6,18.322943198939836,10.496390589904559,9.161471599469918,1.1457101051878913,False,143.09267175740527
6,31.42030930755344,17.664623258218914,15.71015465377672,1.1244079799031348,False,435.5128602076795
6,20.75316145534057,10.376580727670285,10.376580727670285,1.0,True,106.81917087998323
6,34.23890443575401,18.154226624624958,17.119452217877004,1.0604443643160142,False,556.6926513214763
6,35.19955424128979,17.619294665625794,17.599777120644895,1.001108965462864,False,484.53472538777146
6,26.04517277943311,13.332723623562822,13.022586389716555,1.023815333188434,False,357.9322739783894
6,19.302840963892894,9.651420481946447,9.651420481946447,1.0,True,21.650994014100338
6,31.385020032545604,16.199149494466358,15.692510016272802,1.0322854328382254,False,559.9607499135365
6,17.91852520302538,8.95926260151269,8.95926260151269,1.0,True,89.24060486935545
6,32.2144244611343,17.252650741195687,16.10721223056715,1.071113392822552,False,472.96931153185113
6,27.408606151126964,13.704303075563482,13.704303075563482,1.0,True,304.29946085744695
6,22.964407355350094,11.482203677675047,11.482203677675047,1.0,True,207.62072492642417
6,22.765638374598595,11.382819187299297,11.382819187299297,1.0,True,292.24864130022064
6,25.625238959319713,12.825997830030795,12.812619479659856,1.0010441541944,False,220.250992982319
6,37.446120926540125,21.495136358699913,18.723060463270063,1.1480567720682187,False,599.995716634372
6,35.75685984191464,17.87842992095732,17.87842992095732,1.0,True,406.1005706561586
6,15.602541559416204,8.273209227245383,7.801270779708102,1.0604950732853473,False,101.66908482848405
6,23.025679081234955,13.228180056454109,11.512839540617477,1.1489936961064109,False,227.2887722181557
6,24.08154414748013,13.569026899521655,12.040772073740065,1.1269233248850037,False,248.8818906999313
6,37.624182891309566,18.819324238332715,18.812091445654783,1.0003844757346,False,532.2744450014536
6,30.905613321138276,15.56996429016557,15.452806660569138,1.0075816408093283,False,352.49352633358797
6,16.16146866247359,9.294584663406054,8.080734331236796,1.1502153495477523,False,112.2105291512863
6,16.46279508112507,8.420282359359646,8.231397540562535,1.022946871156001,False,105.78190703712613
6,29.326808240076897,14.663404120038448,14.663404120038448,1.0,True,305.67562237493803
6,42.641235464767895,21.320617732383948,21.320617732383948,1.0,True,748.9067260455207
6,41.13483277375091,20.567416386875454,20.567416386875454,1.0,True,443.9634087963541
6,27.930266847679817,13.965133423839909,13.965133423839909,1.0,True,290.739611093342
6,33.18419375769374,17.013836766595023,16.59209687884687,1.0254181186879294,False,588.8531877606767
6,32.67190862108928,16.657254034106167,16.33595431054464,1.019668255521144,False,586.8914988554499
6,22.320119144871846,11.586035972624007,11.160059572435923,1.0381697245810584,False,199.87134286870472
6,33.49647196120763,18.212081392278016,16.748235980603816,1.087402960727893,False,515.4574216374057
6,31.171805695985636,15.585902847992818,15.585902847992818,1.0,True,45.922927434738526
6,33.483883488977,17.99621667811357,16.7419417444885,1.0749181279428344,False,531.3059291019823
6,23.092434168093458,11.546217084046729,11.546217084046729,1.0,True,105.23939471582165
6,30.196392456527125,15.152792726908078,15.098196228263562,1.003616094122708,False,360.62063718360434
6,34.21749046038949,17.222859472153523,17.108745230194746,1.0066699363643208,False,688.7655772029667
6,29.940470206022233,14.970235103011117,14.970235103011117,1.0,True,248.39169289748946
6,30.267353061866583,15.774123138548504,15.133676530933291,1.0423193006871885,False,471.24526138268874
6,37.2701900670291,18.73616680831152,18.63509503351455,1.0054237327266213,False,728.064867193148
6,23.92845179206324,12.361132983242356,11.96422589603162,1.0331744895708117,False,269.416993206475
6,24.95771913209527,12.478859566047635,12.478859566047635,1.0,True,223.33263572073622
6,32.35812096451401,18.29817671473396,16.179060482257004,1.1309789424918038,False,450.4433772701817
6,36.08796910133263,18.043984550666316,18.043984550666316,1.0,True,243.5016019628103
6,11.103153111895118,5.551576555947559,5.551576555947559,1.0,True,31.702525981466085
6,36.03209107934891,18.394553497874572,18.016045539674455,1.0210094916426902,False,689.1828394566586
6,18.54678462291647,9.273392311458235,9.273392311458235,1.0,True,88.64143194959253
6,28.66355769150266,14.74359539880533,14.33177884575133,1.028734503754646,False,370.42905581723346
6,33.441005185929264,18.065059938924545,16.720502592964632,1.0804136920217728,False,468.7795785277985
6,28.63560045959238,16.43195599570825,14.31780022979619,1.1476592585439471,False,350.6933827587942
6,29.426651068358293,16.57023738702919,14.713325534179146,1.126206128487841,False,372.26637435991995
6,30.631560122239062,15.315780061119531,15.315780061119531,1.0,True,202.7054859802614
6,12.207829539570659,7.00922779990458,6.103914769785329,1.148316787547656,False,63.81377602118762
6,16.719716210510082,8.777096643009587,8.359858105255041,1.049909763120533,False,129.19949079753192
6,29.03159935266695,16.610912404934894,14.515799676333476,1.144333262742478,False,358.244538837929
6,18.883258425321976,9.441629212660988,9.441629212660988,1.0,True,89.62476991277407
6,30.536237226471535,15.402606046138338,15.268118613235767,1.0088083827686527,False,359.6139136169926
6,31.057426799119753,16.886704721121006,15.528713399559877,1.0874503435422809,False,450.44994085431836
6,10.098037832229469,5.119125397911812,5.0490189161147345,1.0138851691708506,False,38.493694003161266
6,26.978047772008384,15.439677280051336,13.489023886004192,1.1446104188510693,False,309.5387061388006
6,11.43309488620379,5.78798885660503,5.716547443101895,1.0124973008995741,False,48.984123673911796
6,27.40467770375741,13.708782934855194,13.702338851878705,1.0004702907325638,False,387.1484146029237
6,32.7397638222561,16.36988191112805,16.36988191112805,1.0,True,353.29884269108027
6,24.516725860753844,14.023891933693843,12.258362930376922,1.1440264914119844,False,255.40769191639842
6,14.943709350414517,7.4718546752072585,7.4718546752072585,1.0,True,64.27735631867269
6,15.885181169273672,9.13852040086414,7.942590584636836,1.1505717565929388,False,108.46987759370538
6,22.498639403019233,11.3255446372025,11.249319701509616,1.0067759595882633,False,208.06527739969633
6,24.55855179027543,12.710231346123123,12.279275895137715,1.0350961615868617,False,269.4617951116497
6,21.892459733686334,10.946229866843167,10.946229866843167,1.0,True,140.44996442911292
6,24.653112250195207,12.326556125097603,12.326556125097603,1.0,True,152.31392258866052
6,37.26611974253658,18.668729815121,18.63305987126829,1.0019143363515786,False,747.3705365638359
6,14.481036422781802,8.346644462202335,7.240518211390901,1.1527689342830818,False,90.4964970339718
6,11.786136670674097,6.785011902632717,5.893068335337048,1.1513546961516195,False,59.800161600184474
6,18.368697883037335,9.184348941518667,9.184348941518667,1.0,True,61.36132285773169
6,25.468634745187533,12.734317372593766,12.734317372593766,1.0,True,205.9223714962113
6,31.471707209028,15.735853604514,15.735853604514,1.0,True,311.02849126483005
6,29.715630732797123,15.751458388550585,14.857815366398562,1.060146327041661,False,393.61369209556784
6,38.682569970286494,19.341284985143247,19.341284985143247,1.0,True,676.0354475044207
6,37.63917281086444,19.2593402989698,18.81958640543222,1.0233668202937047,False,640.6501222974993
6,41.418220503345786,20.709110251672893,20.709110251672893,1.0,True,848.8120918485976
6,34.61424442021137,17.33375231389807,17.307122210105685,1.0015386789016163,False,660.5540847268844
6,26.261695895668993,13.17841363945633,13.130847947834496,1.0036224386887123,False,244.14031857436277
6,34.377316023068026,17.188658011534013,17.188658011534013,1.0,True,628.600662748858
6,30.269643570284675,16.520323143059663,15.134821785142337,1.0915439492837276,False,410.79063716593976
6,30.67591341540389,15.337956707701945,15.337956707701945,1.0,True,273.7773988766306
6,31.8894212326321,15.94471061631605,15.94471061631605,1.0,True,427.5837783537396
6,30.408262569931175,15.621803092466141,15.204131284965587,1.0274709419217896,False,433.7079410338586
6,31.31022726916623,15.655113634583115,15.655113634583115,1.0,True,397.5534138999126
6,23.564358048414398,11.903488317497828,11.782179024207199,1.0102959981376443,False,205.57636409047646
6,30.977375844016777,15.488687922008388,15.488687922008388,1.0,True,205.09781674890203
6,41.70262318095025,20.851311590475124,20.851311590475124,1.0,True,277.23195950169054
6,39.84573947436977,19.922869737184886,19.922869737184886,1.0,True,455.01183927815373
6,21.48510545105083,11.205632004116204,10.742552725525416,1.0431070054225067,False,188.90088589281237
6,25.262724016545594,12.779112580838973,12.631362008272797,1.0116971212185517,False,265.8725135002388
6,13.659109115662073,7.863646646209451,6.829554557831036,1.1514142803343865,False,80.32392072969441
6,29.71740043874238,14.85870021937119,14.85870021937119,1.0,True,256.9501679692219
6,19.501319106849085,9.750659553424542,9.750659553424542,1.0,True,164.58935935587508
6,16.48861545254322,9.481965536860885,8.24430772627161,1.1501227091081658,False,116.78683449631507
6,23.285741445904673,11.642870722952336,11.642870722952336,1.0,True,119.5059204938957
6,27.2260110074682,13.6130055037341,13.6130055037341,1.0,True,348.5477826162377
6,37.601828815210915,20.223335927760523,18.800914407605458,1.0756570392969642,False,658.4664813079705
6,6.683686525477377,3.8519031390576237,3.3418432627386885,1.1526283060627247,False,19.273458410098193
6,10.251518089249059,5.899894390697933,5.125759044624529,1.1510284309765308,False,45.216390065385944
6,37.982513824614344,18.991256912307172,18.991256912307172,1.0,True,436.98118444275184
6,42.080514012171946,21.084509571160563,21.040257006085973,1.0021032331050799,False,819.554053657766
6,38.142980262670626,19.071490131335313,19.071490131335313,1.0,True,494.55807778095476
6,27.458669495984996,14.045917634802322,13.729334747992498,1.023058865751388,False,419.41107229025715
6,19.249812639549834,9.624906319774917,9.624906319774917,1.0,True,125.17508532511825
6,22.193885244691934,11.097861343031902,11.096942622345967,1.000082790433113,False,161.91544623821403
6,27.928212467194438,13.977112809442069,13.964106233597219,1.000931429167558,False,264.6081639043474
6,30.911132828088963,15.46839252876066,15.455566414044482,1.0008298702469114,False,569.2330917798799
6,11.387570155359043,5.693785077679522,5.693785077679522,1.0,True,21.5294899956295
6,21.234086854096226,10.617043427048113,10.617043427048113,1.0,True,144.26587625103662
6,3.5201281571400136,2.0307720292058624,1.7600640785700068,1.1538057357865044,False,5.357249934656028
6,13.374695761471084,7.3641409610604605,6.687347880735542,1.1012050056906084,False,77.99516658210452
6,34.76149849186437,17.380749245932186,17.380749245932186,1.0,True,652.4651709185647
6,29.549413547856098,14.774706773928049,14.774706773928049,1.0,True,237.3703458386526
6,23.0623962237055,12.692182977186599,11.53119811185275,1.1006820673855642,False,229.5171624945437
6,24.354151984281962,12.227143907204582,12.177075992140981,1.0041116533308911,False,231.53446519239316
6,31.104730697894997,15.552365348947498,15.552365348947498,1.0,True,55.09131221989667
6,11.006846137536103,5.503423068768051,5.503423068768051,1.0,True,34.91699513605301
6,26.369898356129568,13.184949178064784,13.184949178064784,1.0,True,196.2937524098385
6,18.20373969902992,10.451925570605237,9.10186984951496,1.1483272935574025,False,141.8907552069281
6,31.451415472332393,15.902000630378389,15.725707736166196,1.0112104903111452,False,558.1207738628888
6,31.75776643144664,16.006402035704316,15.87888321572332,1.0080307171637062,False,422.7460168517104
6,34.89583874900018,17.931805198709853,17.44791937450009,1.027733153381999,False,579.1361141331585
6,29.716574415666862,15.590557813734076,14.858287207833431,1.0492836486236843,False,366.46133917167714
6,30.8827085076452,15.4413542538226,15.4413542538226,1.0,True,216.97158463946747
6,18.79061665159569,9.395308325797846,9.395308325797846,1.0,True,36.54114270784436
6,32.53640223946821,16.268201119734105,16.268201119734105,1.0,True,536.774197356072
6,9.319772840467124,5.375425911763627,4.659886420233562,1.1535529897087493,False,37.5358578856999
6,32.89160392004094,17.606871748183522,16.44580196002047,1.0705997671007832,False,520.3658390814685
6,23.826463321602475,11.913231660801237,11.913231660801237,1.0,True,137.076634193003
6,18.547370995962318,9.273685497981159,9.273685497981159,1.0,True,114.89471619770987
6,34.3994484091679,17.43386878260169,17.19972420458395,1.0136132751451523,False,550.8913774746926
6,28.07171681909464,15.229742219792502,14.03585840954732,1.0850595507171183,False,327.3709442082665
6,27.840461085760435,13.920230542880217,13.920230542880217,1.0,True,399.4422003085529
6,42.13748118475925,21.2455755023921,21.068740592379626,1.0083932359049708,False,747.0068470483719
6,39.60970007442545,19.804850037212724,19.804850037212724,1.0,True,593.9582328580893
6,34.099917118760935,17.273689580394528,17.049958559380467,1.0131220859121073,False,609.125333752632
6,33.259637739122766,16.629818869561383,16.629818869561383,1.0,True,440.716818627894
6,42.421883694561494,21.210941847280747,21.210941847280747,1.0,True,860.8553206707988
6,32.117076666572295,16.228928970617602,16.058538333286148,1.0106105944261607,False,523.7538218802093
6,36.30362751485887,18.948714165744605,18.151813757429434,1.0439019713932998,False,755.379632478785
6,36.99993286343554,18.49996643171777,18.49996643171777,1.0,True,455.06007060574507
6,27.555747159825888,14.734466482325331,13.777873579912944,1.0694296472430278,False,320.81975179600227
6,17.19136882054812,8.611545297625828,8.59568441027406,1.0018452151794695,False,174.19825385244357
6,42.198241038682305,21.099120519341152,21.099120519341152,1.0,True,589.7415680225454
6,46.27384621443116,23.13692310721558,23.13692310721558,1.0,True,1093.7902032151803
6,31.654925347726902,15.827462673863451,15.827462673863451,1.0,True,325.1919509993173
6,35.17936261894881,17.900216571591972,17.589681309474404,1.0176543995683596,False,571.8811333103359
6,16.050061967320783,8.756267660929804,8.025030983660391,1.0911194833712505,False,108.66740739507232
6,30.430499870678023,15.215249935339012,15.215249935339012,1.0,True,492.0870185118049
6,31.22252523088161,15.611262615440806,15.611262615440806,1.0,True,284.7948277417258
6,22.00722243024011,11.003611215120054,11.003611215120054,1.0,True,112.52801811383708
6,24.27647417126425,12.143087486192146,12.138237085632126,1.00039959678871,False,351.86725002280235
6,19.22595051125128,11.063558029709206,9.61297525562564,1.1508984196370073,False,158.99985565803286
6,16.158469931087886,9.294878153036862,8.079234965543943,1.1504651359537572,False,112.22103121359396
6,32.59363431759256,16.29681715879628,16.29681715879628,1.0,True,264.92480536557474
6,20.64465919055696,10.345014277635547,10.32232959527848,1.0021976320507575,False,163.4303270290778
6,25.175067902112783,13.360919495467991,12.587533951056392,1.0614405925273944,False,270.7159494044042
6,22.800722665177197,11.400361332588599,11.400361332588599,1.0,True,219.9319937732371
6,28.219009560631058,14.75943219897836,14.109504780315529,1.0460630921341447,False,410.2102223159002
6,36.426569177004936,18.26077124659472,18.213284588502468,1.0026072539448612,False,678.1882727422771
6,23.65738267731622,13.563396763379098,11.82869133865811,1.146652353591448,False,238.91118975769362
6,19.713925953080835,9.856962976540418,9.856962976540418,1.0,True,113.66269689548758
6,12.814172098321485,6.593767962157519,6.407086049160743,1.0291367887935936,False,65.19573361436898
6,16.35921108445082,9.409756805548565,8.17960554222541,1.15039249227518,False,115.00431541265577
6,12.105669326510428,6.052834663255214,6.052834663255214,1.0,True,7.218363304683061
6,38.42946173983109,20.37816103001936,19.214730869915545,1.060548865762434,False,767.6695021950839
6,16.62720935304382,8.31360467652191,8.31360467652191,1.0,True,79.56600618381808
6,21.46927973606319,12.056036327553786,10.734639868031595,1.123096487238234,False,197.62487559672306
6,25.722015045895446,13.498453800541043,12.861007522947723,1.0495642566459846,False,297.9580298891592
6,29.187663306578823,14.691812440689516,14.593831653289412,1.0067138493664904,False,321.5916487238728
6,35.86452624459245,18.125448207349386,17.932263122296224,1.0107730454173942,False,514.7264609709739
6,29.063161636749843,14.531580818374922,14.531580818374922,1.0,True,187.04839287118494
6,19.670040272823645,10.42736784382842,9.835020136411822,1.0602284183662798,False,159.39282193170303
6,21.75386563489566,12.283097501277911,10.87693281744783,1.1292795227689956,False,209.4972479182196
6,31.30148905410173,17.485249082382484,15.650744527050865,1.117215162011037,False,431.13709614053516
6,29.852467183999824,16.375636113365836,14.926233591999912,1.0971043708000636,False,415.8393795134778
6,38.42492338554752,21.136845975273758,19.21246169277376,1.1001633373834547,False,626.6567209361599
6,31.995748648919918,16.02129916432831,15.997874324459959,1.0014642470239021,False,599.0473721029224
6,19.35809620670198,11.091382212398889,9.67904810335099,1.1459166329134096,False,159.77722447632186
6,9.857642991804385,5.672433066601173,4.928821495902192,1.1508700551069293,False,41.796967858265546
6,26.63314535967136,13.31657267983568,13.31657267983568,1.0,True,307.519872274616
6,25.687187747341657,12.843593873670828,12.843593873670828,1.0,True,152.8356669027878
6,28.94866401581847,14.474332007909235,14.474332007909235,1.0,True,256.2810248516462
6,27.958823066372887,13.979411533186443,13.979411533186443,1.0,True,290.18400381452454
6,25.22019113816676,14.223617519104007,12.61009556908338,1.1279547756938937,False,277.3447913199236
6,30.62490808402998,15.31245404201499,15.31245404201499,1.0,True,258.84819753180204
6,35.40522589636891,17.702612948184456,17.702612948184456,1.0,True,655.6509115154354
6,45.809320882090766,22.904660441045383,22.904660441045383,1.0,True,949.1998916496261
6,33.64808772280205,16.824517239695954,16.824043861401027,1.000028137010271,False,599.8128349608836
6,39.01673667025692,19.50836833512846,19.50836833512846,1.0,True,479.4908463893641
6,38.58429331955373,19.292146659776865,19.292146659776865,1.0,True,645.2238209738902
6,31.460352276452323,16.035849720870974,15.730176138226161,1.0194323051413259,False,379.51064353365894
6,5.164524894631486,2.9770071047604563,2.582262447315743,1.1528677527936981,False,11.512718939374418
6,17.33715171981573,8.720948438271162,8.668575859907865,1.0060416588848833,False,108.02222269014322
6,23.79122164802799,13.661776280817598,11.895610824013994,1.1484720274505111,False,242.39025056062414
6,21.633087373037924,12.36522895947796,10.816543686518962,1.1431774620287605,False,198.5583301706825
6,32.76657058569417,17.421885620892873,16.383285292847084,1.0633938986888813,False,442.58245028301155
6,12.246815557084608,7.034605806123267,6.123407778542304,1.1488057076280287,False,65.39790780330864
6,33.99270168130868,17.04801134178619,16.99635084065434,1.0030395054571526,False,538.4286134876609
6,10.801482049868989,5.4007410249344945,5.4007410249344945,1.0,True,27.85747844991691
6,22.97671791720466,13.153759726329657,11.48835895860233,1.1449642001724099,False,224.89265009917796
6,18.085809926345384,9.062268969206263,9.042904963172692,1.0021413479531667,False,112.99079891537542
6,39.77163342341301,19.89453450509188,19.885816711706504,1.000438392524268,False,742.8140124198632
6,27.022815169455374,13.583342806721182,13.511407584727687,1.0053240361185467,False,325.3907511162762
6,21.175490901700858,12.205356412728605,10.587745450850429,1.1527814367456526,False,193.51265404533163
6,6.435795534595584,3.701717441005377,3.217897767297792,1.1503527174245405,False,17.799543473428514
6,32.551274650125215,16.2831762097417,16.275637325062608,1.0004632005818588,False,376.67691146068694
6,28.50401903929455,14.252009519647276,14.252009519647276,1.0,True,322.61657980846337
6,31.710331328629383,16.08520213713961,15.855165664314692,1.0145086136402008,False,380.86693228996336
6,19.6430432870972,11.292248074253651,9.8215216435486,1.1497452720751389,False,165.6258901625635
6,35.81064774200687,17.98685251556072,17.905323871003436,1.004553318618789,False,517.4487260036785
6,39.8897235386407,19.94486176932035,19.94486176932035,1.0,True,857.2665333184652
6,13.208598952581427,7.577047565881834,6.604299476290714,1.1472901241203952,False,74.57040289165235
6,31.710828829382965,16.51692903505878,15.855414414691483,1.041721685921646,False,405.9364896870827
6,27.70555364860036,14.097597412741715,13.85277682430018,1.0176730334680681,False,342.2700448833972
6,17.226296486274258,8.8566235733401,8.613148243137129,1.028267867141027,False,117.94687255346354
6,33.3870257111327,16.69351285556635,16.69351285556635,1.0,True,269.41940333381666
6,28.953510805870813,16.147913284444865,14.476755402935407,1.115437322452143,False,399.8633182962788
6,12.341786949617832,6.170893474808916,6.170893474808916,1.0,True,27.57249885720333
6,25.76127301875428,12.945053938587455,12.88063650937714,1.0050011060527497,False,261.09377531956727
6,33.89980057099514,16.968432949462994,16.94990028549757,1.0010933789375316,False,446.50557666847584
6,34.630314514519235,17.31520952211826,17.315157257259617,1.000003018445508,False,356.53431971996713
6,24.764418826348354,12.382209413174177,12.382209413174177,1.0,True,216.39884392100316
6,34.01740735485615,17.008703677428073,17.008703677428073,1.0,True,607.9204780895891
6,31.26431602167553,17.80139341825027,15.632158010837765,1.1387674949235145,False,411.39555071729126
6,29.66952656929929,14.834763284649645,14.834763284649645,1.0,True,63.679487944673376
6,30.859655374842536,15.53473516927121,15.429827687421268,1.0067990054053206,False,347.5381706991336
6,36.39984220999614,18.19992110499807,18.19992110499807,1.0,True,456.07109360728225
6,24.064523558356548,13.752906695251962,12.032261779178274,1.143002616436691,False,245.5909644660699
6,19.048115387710638,10.877573403288743,9.524057693855319,1.1421154462668446,False,153.64129997481538
6,25.89942106406025,13.088078316068675,12.949710532030124,1.0106850098074631,False,275.46436288372877
6,27.4049180833283,13.70245904166415,13.70245904166415,1.0,True,236.90746376314323
6,23.010522610656565,11.505261305328283,11.505261305328283,1.0,True,125.0479230261884
6,26.58860822838497,13.294304114192485,13.294304114192485,1.0,True,98.81315501959611
6,31.918325200712186,15.959162600356093,15.959162600356093,1.0,True,443.95405196708526
6,35.4382052239868,17.755823574018788,17.7191026119934,1.0020723940049048,False,644.7243017264949
6,29.00599147115915,14.516630832744996,14.502995735579574,1.0009401572898466,False,399.8321941680464
6,14.602051560984188,7.301025780492094,7.301025780492094,1.0,True,67.51456164057586
6,21.221088598988448,11.155663029643565,10.610544299494224,1.051375190071571,False,224.4854528623742
6,25.205555624996837,12.602777812498418,12.602777812498418,1.0,True,182.81735861038243
6,19.645694164706835,9.822847082353418,9.822847082353418,1.0,True,101.95108659681881
6,31.543218069505514,15.771609034752757,15.771609034752757,1.0,True,302.52353389627007
6,35.07450282639109,17.537251413195545,17.537251413195545,1.0,True,657.5370929722369
6,30.24882663782836,15.18864398730621,15.12441331891418,1.0042468204906636,False,372.1434517723533
6,36.749837216533315,18.508335742286576,18.374918608266658,1.0072608285709574,False,606.623396026858
6,32.77060914108593,16.4001668364651,16.385304570542964,1.000907048499352,False,455.99618386861744
6,6.930117919802501,3.9933249229284313,3.4650589599012505,1.1524551152348173,False,20.71504707990944
6,35.68880137529364,17.84440068764682,17.84440068764682,1.0,True,441.3105594859634
6,24.973051255729345,12.4894750540792,12.486525627864673,1.0002362087182959,False,207.40392316483457
6,16.02782445362341,8.013912226811705,8.013912226811705,1.0,True,34.09600855389013
6,33.58293617094309,16.894891192730388,16.791468085471546,1.0061592653323939,False,461.4282013702534
6,15.552302945049048,8.924835417772641,7.776151472524524,1.1477188232902564,False,103.4601866924483
