run,log_file,idx,vt_s,dt_s,action,channel,x,y,result
1,r01_20260912_222346.jsonl,0,0.0,0.0,enter,,,,
1,r01_20260912_222346.jsonl,1,5.0,5.0,measure,1,0.0,0.0,no_signal
1,r01_20260912_222346.jsonl,2,11.0,6.0,measure,2,0.0,0.0,no_signal
1,r01_20260912_222346.jsonl,3,17.0,6.0,measure,3,0.0,0.0,direction
1,r01_20260912_222346.jsonl,4,23.0,6.0,measure,4,0.0,0.0,direction
1,r01_20260912_222346.jsonl,5,29.0,6.0,measure,5,0.0,0.0,no_signal
1,r01_20260912_222346.jsonl,6,35.0,6.0,measure,6,0.0,0.0,direction
1,r01_20260912_222346.jsonl,7,41.0,6.0,measure,7,0.0,0.0,no_signal
1,r01_20260912_222346.jsonl,8,47.0,6.0,measure,8,0.0,0.0,direction
1,r01_20260912_222346.jsonl,9,53.0,6.0,measure,9,0.0,0.0,no_signal
1,r01_20260912_222346.jsonl,10,59.0,6.0,measure,10,0.0,0.0,no_signal
1,r01_20260912_222346.jsonl,11,65.0,6.0,measure,11,0.0,0.0,no_signal
1,r01_20260912_222346.jsonl,12,71.0,6.0,measure,12,0.0,0.0,no_signal
1,r01_20260912_222346.jsonl,13,77.0,6.0,measure,13,0.0,0.0,no_signal
1,r01_20260912_222346.jsonl,14,83.0,6.0,measure,14,0.0,0.0,no_signal
1,r01_20260912_222346.jsonl,15,89.0,6.0,measure,15,0.0,0.0,direction
1,r01_20260912_222346.jsonl,16,95.0,6.0,measure,16,0.0,0.0,no_signal
1,r01_20260912_222346.jsonl,17,101.0,6.0,measure,17,0.0,0.0,no_signal
1,r01_20260912_222346.jsonl,18,107.0,6.0,measure,18,0.0,0.0,direction
1,r01_20260912_222346.jsonl,19,113.0,6.0,measure,19,0.0,0.0,no_signal
1,r01_20260912_222346.jsonl,20,119.0,6.0,measure,20,0.0,0.0,direction
1,r01_20260912_222346.jsonl,21,195.0,76.0,measure,18,152.826,314.872,direction
1,r01_20260912_222346.jsonl,22,201.0,6.0,measure,3,152.826,314.872,direction
1,r01_20260912_222346.jsonl,23,207.0,6.0,measure,4,152.826,314.872,direction
1,r01_20260912_222346.jsonl,24,213.0,6.0,measure,6,152.826,314.872,direction
1,r01_20260912_222346.jsonl,25,219.0,6.0,measure,8,152.826,314.872,direction
1,r01_20260912_222346.jsonl,26,225.0,6.0,measure,15,152.826,314.872,direction
1,r01_20260912_222346.jsonl,27,231.0,6.0,measure,20,152.826,314.872,direction
1,r01_20260912_222346.jsonl,28,261.0,30.0,measure,18,265.263,356.799,direction
1,r01_20260912_222346.jsonl,29,290.0,29.0,measure,18,343.117,448.116,direction
1,r01_20260912_222346.jsonl,30,316.539,26.539,clear,18,438.936,497.278,success
1,r01_20260912_222346.jsonl,31,346.539,30.0,measure,6,327.561,541.95,direction
1,r01_20260912_222346.jsonl,32,407.264,60.725,clear,6,305.499,819.698,success
1,r01_20260912_222346.jsonl,33,560.605,153.342,clear,8,-16.664,151.61,success
1,r01_20260912_222346.jsonl,34,605.044,44.439,measure,15,16.19,340.975,direction
1,r01_20260912_222346.jsonl,35,698.506,93.462,clear,15,446.037,481.746,no_target_in_range
1,r01_20260912_222346.jsonl,36,708.026,9.52,clear,15,468.286,477.78,success
1,r01_20260912_222346.jsonl,37,780.137,72.111,measure,4,137.954,489.884,direction
1,r01_20260912_222346.jsonl,38,830.851,50.714,measure,4,-40.967,632.123,direction
1,r01_20260912_222346.jsonl,39,920.053,89.202,clear,4,-447.088,776.466,no_target_in_range
1,r01_20260912_222346.jsonl,40,927.582,7.529,clear,4,-424.442,776.419,no_target_in_range
1,r01_20260912_222346.jsonl,41,937.653,10.071,clear,4,-449.442,801.419,no_target_in_range
1,r01_20260912_222346.jsonl,42,949.724,12.071,clear,4,-474.442,776.419,success
1,r01_20260912_222346.jsonl,43,1025.724,76.0,measure,20,-188.624,574.409,no_signal
1,r01_20260912_222346.jsonl,44,1100.724,75.0,measure,20,-47.333,254.195,no_signal
1,r01_20260912_222346.jsonl,45,1175.724,75.0,measure,20,220.856,29.307,direction
1,r01_20260912_222346.jsonl,46,1238.734,63.01,measure,20,358.477,-226.015,direction
1,r01_20260912_222346.jsonl,47,1281.857,43.122,measure,20,492.458,-361.596,direction
1,r01_20260912_222346.jsonl,48,1311.257,29.4,measure,20,556.502,-465.436,direction
1,r01_20260912_222346.jsonl,49,1362.746,51.489,measure,20,627.975,-686.622,direction
1,r01_20260912_222346.jsonl,50,1387.575,24.829,clear,20,657.945,-592.115,success
1,r01_20260912_222346.jsonl,51,1417.575,30.0,measure,3,729.359,-688.552,direction
1,r01_20260912_222346.jsonl,52,1435.567,17.992,clear,3,718.348,-762.697,no_target_in_range
1,r01_20260912_222346.jsonl,53,1443.766,8.199,clear,3,744.226,-760.225,no_target_in_range
1,r01_20260912_222346.jsonl,54,1455.837,12.071,clear,3,719.226,-735.225,success
1,r01_20260912_222346.jsonl,55,1521.425,65.588,measure,2,575.0,-995.929,no_signal
1,r01_20260912_222346.jsonl,56,1527.425,6.0,measure,1,575.0,-995.929,no_signal
1,r01_20260912_222346.jsonl,57,1533.425,6.0,measure,5,575.0,-995.929,no_signal
1,r01_20260912_222346.jsonl,58,1539.425,6.0,measure,7,575.0,-995.929,no_signal
1,r01_20260912_222346.jsonl,59,1545.425,6.0,measure,9,575.0,-995.929,no_signal
1,r01_20260912_222346.jsonl,60,1551.425,6.0,measure,10,575.0,-995.929,no_signal
1,r01_20260912_222346.jsonl,61,1557.425,6.0,measure,11,575.0,-995.929,no_signal
1,r01_20260912_222346.jsonl,62,1563.425,6.0,measure,12,575.0,-995.929,no_signal
1,r01_20260912_222346.jsonl,63,1569.425,6.0,measure,13,575.0,-995.929,no_signal
1,r01_20260912_222346.jsonl,64,1575.425,6.0,measure,14,575.0,-995.929,no_signal
1,r01_20260912_222346.jsonl,65,1581.425,6.0,measure,16,575.0,-995.929,no_signal
1,r01_20260912_222346.jsonl,66,1587.425,6.0,measure,17,575.0,-995.929,no_signal
1,r01_20260912_222346.jsonl,67,1593.425,6.0,measure,19,575.0,-995.929,no_signal
1,r01_20260912_222346.jsonl,68,1828.425,235.0,measure,19,1150.0,0.0,no_signal
1,r01_20260912_222346.jsonl,69,1834.425,6.0,measure,17,1150.0,0.0,no_signal
1,r01_20260912_222346.jsonl,70,1840.425,6.0,measure,16,1150.0,0.0,no_signal
1,r01_20260912_222346.jsonl,71,1846.425,6.0,measure,14,1150.0,0.0,no_signal
1,r01_20260912_222346.jsonl,72,1852.425,6.0,measure,13,1150.0,0.0,no_signal
1,r01_20260912_222346.jsonl,73,1858.425,6.0,measure,12,1150.0,0.0,no_signal
1,r01_20260912_222346.jsonl,74,1864.425,6.0,measure,11,1150.0,0.0,no_signal
1,r01_20260912_222346.jsonl,75,1870.425,6.0,measure,10,1150.0,0.0,no_signal
1,r01_20260912_222346.jsonl,76,1876.425,6.0,measure,9,1150.0,0.0,no_signal
1,r01_20260912_222346.jsonl,77,1882.425,6.0,measure,7,1150.0,0.0,no_signal
1,r01_20260912_222346.jsonl,78,1888.425,6.0,measure,5,1150.0,0.0,no_signal
1,r01_20260912_222346.jsonl,79,1894.425,6.0,measure,2,1150.0,0.0,no_signal
1,r01_20260912_222346.jsonl,80,1900.425,6.0,measure,1,1150.0,0.0,no_signal
1,r01_20260912_222346.jsonl,81,2135.425,235.0,measure,1,575.0,995.929,no_signal
1,r01_20260912_222346.jsonl,82,2141.425,6.0,measure,2,575.0,995.929,no_signal
1,r01_20260912_222346.jsonl,83,2147.425,6.0,measure,5,575.0,995.929,no_signal
1,r01_20260912_222346.jsonl,84,2153.425,6.0,measure,7,575.0,995.929,direction
1,r01_20260912_222346.jsonl,85,2159.425,6.0,measure,9,575.0,995.929,no_signal
1,r01_20260912_222346.jsonl,86,2165.425,6.0,measure,10,575.0,995.929,no_signal
1,r01_20260912_222346.jsonl,87,2171.425,6.0,measure,11,575.0,995.929,no_signal
1,r01_20260912_222346.jsonl,88,2177.425,6.0,measure,12,575.0,995.929,no_signal
1,r01_20260912_222346.jsonl,89,2183.425,6.0,measure,13,575.0,995.929,no_signal
1,r01_20260912_222346.jsonl,90,2189.425,6.0,measure,14,575.0,995.929,no_signal
1,r01_20260912_222346.jsonl,91,2195.425,6.0,measure,16,575.0,995.929,no_signal
1,r01_20260912_222346.jsonl,92,2201.425,6.0,measure,17,575.0,995.929,no_signal
1,r01_20260912_222346.jsonl,93,2207.425,6.0,measure,19,575.0,995.929,no_signal
1,r01_20260912_222346.jsonl,94,2213.425,6.0,measure,7,575.0,995.929,direction
1,r01_20260912_222346.jsonl,95,2288.425,75.0,measure,7,653.495,1337.013,direction
1,r01_20260912_222346.jsonl,96,2324.084,35.659,clear,7,791.634,1403.472,success
1,r01_20260912_222346.jsonl,97,2615.305,291.221,measure,5,-575.0,995.929,no_signal
1,r01_20260912_222346.jsonl,98,2621.305,6.0,measure,9,-575.0,995.929,no_signal
1,r01_20260912_222346.jsonl,99,2627.305,6.0,measure,10,-575.0,995.929,no_signal
1,r01_20260912_222346.jsonl,100,2633.305,6.0,measure,11,-575.0,995.929,no_signal
1,r01_20260912_222346.jsonl,101,2639.305,6.0,measure,2,-575.0,995.929,no_signal
1,r01_20260912_222346.jsonl,102,2645.305,6.0,measure,12,-575.0,995.929,no_signal
1,r01_20260912_222346.jsonl,103,2651.305,6.0,measure,1,-575.0,995.929,no_signal
1,r01_20260912_222346.jsonl,104,2657.305,6.0,measure,13,-575.0,995.929,no_signal
1,r01_20260912_222346.jsonl,105,2663.305,6.0,measure,14,-575.0,995.929,no_signal
1,r01_20260912_222346.jsonl,106,2669.305,6.0,measure,16,-575.0,995.929,direction
1,r01_20260912_222346.jsonl,107,2675.305,6.0,measure,17,-575.0,995.929,no_signal
1,r01_20260912_222346.jsonl,108,2681.305,6.0,measure,19,-575.0,995.929,direction
1,r01_20260912_222346.jsonl,109,2687.305,6.0,measure,16,-575.0,995.929,direction
1,r01_20260912_222346.jsonl,110,2693.305,6.0,measure,19,-575.0,995.929,direction
1,r01_20260912_222346.jsonl,111,2768.305,75.0,measure,19,-840.785,1223.654,direction
1,r01_20260912_222346.jsonl,112,2798.316,30.011,clear,19,-717.36,1203.541,success
1,r01_20260912_222346.jsonl,113,2874.316,76.0,measure,16,-1011.36,1393.447,direction
1,r01_20260912_222346.jsonl,114,2908.065,33.749,clear,16,-880.819,1333.266,success
1,r01_20260912_222346.jsonl,115,3186.099,278.034,measure,17,-1150.0,0.0,direction
1,r01_20260912_222346.jsonl,116,3192.099,6.0,measure,14,-1150.0,0.0,no_signal
1,r01_20260912_222346.jsonl,117,3198.099,6.0,measure,13,-1150.0,0.0,no_signal
1,r01_20260912_222346.jsonl,118,3204.099,6.0,measure,12,-1150.0,0.0,no_signal
1,r01_20260912_222346.jsonl,119,3210.099,6.0,measure,11,-1150.0,0.0,no_signal
1,r01_20260912_222346.jsonl,120,3216.099,6.0,measure,10,-1150.0,0.0,no_signal
1,r01_20260912_222346.jsonl,121,3222.099,6.0,measure,9,-1150.0,0.0,no_signal
1,r01_20260912_222346.jsonl,122,3228.099,6.0,measure,5,-1150.0,0.0,no_signal
1,r01_20260912_222346.jsonl,123,3234.099,6.0,measure,2,-1150.0,0.0,no_signal
1,r01_20260912_222346.jsonl,124,3240.099,6.0,measure,1,-1150.0,0.0,no_signal
1,r01_20260912_222346.jsonl,125,3246.099,6.0,measure,17,-1150.0,0.0,direction
1,r01_20260912_222346.jsonl,126,3321.099,75.0,measure,17,-1141.815,-349.904,direction
1,r01_20260912_222346.jsonl,127,3366.279,45.181,measure,17,-1257.737,-513.991,direction
1,r01_20260912_222346.jsonl,128,3397.241,30.961,measure,17,-1272.603,-642.944,direction
1,r01_20260912_222346.jsonl,129,3426.241,29.0,measure,17,-1331.552,-747.467,direction
1,r01_20260912_222346.jsonl,130,3455.241,29.0,measure,17,-1352.691,-865.59,direction
1,r01_20260912_222346.jsonl,131,3478.256,23.016,clear,17,-1392.666,-946.312,success
1,r01_20260912_222346.jsonl,132,3648.09,169.834,measure,14,-575.0,-995.929,no_signal
1,r01_20260912_222346.jsonl,133,3654.09,6.0,measure,13,-575.0,-995.929,no_signal
1,r01_20260912_222346.jsonl,134,3660.09,6.0,measure,12,-575.0,-995.929,no_signal
1,r01_20260912_222346.jsonl,135,3666.09,6.0,measure,11,-575.0,-995.929,no_signal
1,r01_20260912_222346.jsonl,136,3672.09,6.0,measure,10,-575.0,-995.929,no_signal
1,r01_20260912_222346.jsonl,137,3678.09,6.0,measure,9,-575.0,-995.929,no_signal
1,r01_20260912_222346.jsonl,138,3684.09,6.0,measure,5,-575.0,-995.929,no_signal
1,r01_20260912_222346.jsonl,139,3690.09,6.0,measure,2,-575.0,-995.929,no_signal
1,r01_20260912_222346.jsonl,140,3696.09,6.0,measure,1,-575.0,-995.929,no_signal
1,r01_20260912_222346.jsonl,141,3696.09,0.0,exit,,,,
1,r01_20260912_232816.jsonl,0,0.0,0.0,enter,,,,
1,r01_20260912_232816.jsonl,1,5.0,5.0,measure,1,0.0,0.0,direction
1,r01_20260912_232816.jsonl,2,11.0,6.0,measure,2,0.0,0.0,direction
1,r01_20260912_232816.jsonl,3,17.0,6.0,measure,3,0.0,0.0,direction
1,r01_20260912_232816.jsonl,4,23.0,6.0,measure,4,0.0,0.0,direction
1,r01_20260912_232816.jsonl,5,29.0,6.0,measure,5,0.0,0.0,direction
1,r01_20260912_232816.jsonl,6,35.0,6.0,measure,6,0.0,0.0,direction
1,r01_20260912_232816.jsonl,7,41.0,6.0,measure,7,0.0,0.0,direction
1,r01_20260912_232816.jsonl,8,47.0,6.0,measure,8,0.0,0.0,direction
1,r01_20260912_232816.jsonl,9,53.0,6.0,measure,9,0.0,0.0,no_signal
1,r01_20260912_232816.jsonl,10,59.0,6.0,measure,10,0.0,0.0,no_signal
1,r01_20260912_232816.jsonl,11,65.0,6.0,measure,11,0.0,0.0,no_signal
1,r01_20260912_232816.jsonl,12,71.0,6.0,measure,12,0.0,0.0,direction
1,r01_20260912_232816.jsonl,13,77.0,6.0,measure,13,0.0,0.0,direction
1,r01_20260912_232816.jsonl,14,83.0,6.0,measure,14,0.0,0.0,no_signal
1,r01_20260912_232816.jsonl,15,89.0,6.0,measure,15,0.0,0.0,no_signal
1,r01_20260912_232816.jsonl,16,95.0,6.0,measure,16,0.0,0.0,no_signal
1,r01_20260912_232816.jsonl,17,101.0,6.0,measure,17,0.0,0.0,direction
1,r01_20260912_232816.jsonl,18,107.0,6.0,measure,18,0.0,0.0,direction
1,r01_20260912_232816.jsonl,19,113.0,6.0,measure,19,0.0,0.0,direction
1,r01_20260912_232816.jsonl,20,119.0,6.0,measure,20,0.0,0.0,no_signal
1,r01_20260912_232816.jsonl,21,195.0,76.0,measure,17,-302.25,176.479,direction
1,r01_20260912_232816.jsonl,22,201.0,6.0,measure,1,-302.25,176.479,direction
1,r01_20260912_232816.jsonl,23,207.0,6.0,measure,2,-302.25,176.479,direction
1,r01_20260912_232816.jsonl,24,213.0,6.0,measure,3,-302.25,176.479,no_signal
1,r01_20260912_232816.jsonl,25,219.0,6.0,measure,4,-302.25,176.479,direction
1,r01_20260912_232816.jsonl,26,225.0,6.0,measure,5,-302.25,176.479,direction
1,r01_20260912_232816.jsonl,27,231.0,6.0,measure,6,-302.25,176.479,direction
1,r01_20260912_232816.jsonl,28,237.0,6.0,measure,7,-302.25,176.479,no_signal
1,r01_20260912_232816.jsonl,29,243.0,6.0,measure,8,-302.25,176.479,direction
1,r01_20260912_232816.jsonl,30,249.0,6.0,measure,12,-302.25,176.479,no_signal
1,r01_20260912_232816.jsonl,31,255.0,6.0,measure,13,-302.25,176.479,direction
1,r01_20260912_232816.jsonl,32,261.0,6.0,measure,18,-302.25,176.479,no_signal
1,r01_20260912_232816.jsonl,33,267.0,6.0,measure,19,-302.25,176.479,direction
1,r01_20260912_232816.jsonl,34,308.67,41.67,measure,17,-369.003,341.864,direction
1,r01_20260912_232816.jsonl,35,314.67,6.0,measure,3,-369.003,341.864,no_signal
1,r01_20260912_232816.jsonl,36,320.67,6.0,measure,7,-369.003,341.864,no_signal
1,r01_20260912_232816.jsonl,37,326.67,6.0,measure,12,-369.003,341.864,no_signal
1,r01_20260912_232816.jsonl,38,332.67,6.0,measure,18,-369.003,341.864,no_signal
1,r01_20260912_232816.jsonl,39,362.67,30.0,measure,17,-461.789,417.961,direction
1,r01_20260912_232816.jsonl,40,391.67,29.0,measure,17,-517.092,524.458,direction
1,r01_20260912_232816.jsonl,41,420.67,29.0,measure,17,-607.255,603.646,direction
1,r01_20260912_232816.jsonl,42,430.604,9.934,clear,17,-583.594,596.658,success
1,r01_20260912_232816.jsonl,43,490.776,60.172,measure,1,-356.163,743.767,direction
1,r01_20260912_232816.jsonl,44,496.776,6.0,measure,3,-356.163,743.767,no_signal
1,r01_20260912_232816.jsonl,45,502.776,6.0,measure,7,-356.163,743.767,no_signal
1,r01_20260912_232816.jsonl,46,508.776,6.0,measure,12,-356.163,743.767,no_signal
1,r01_20260912_232816.jsonl,47,514.776,6.0,measure,18,-356.163,743.767,no_signal
1,r01_20260912_232816.jsonl,48,625.656,110.88,clear,1,160.234,860.37,success
1,r01_20260912_232816.jsonl,49,701.656,76.0,measure,6,276.591,530.277,direction
1,r01_20260912_232816.jsonl,50,707.656,6.0,measure,3,276.591,530.277,no_signal
1,r01_20260912_232816.jsonl,51,713.656,6.0,measure,7,276.591,530.277,no_signal
1,r01_20260912_232816.jsonl,52,719.656,6.0,measure,12,276.591,530.277,no_signal
1,r01_20260912_232816.jsonl,53,725.656,6.0,measure,18,276.591,530.277,no_signal
1,r01_20260912_232816.jsonl,54,918.497,192.841,clear,6,270.968,-408.911,success
1,r01_20260912_232816.jsonl,55,948.497,30.0,measure,4,350.739,-319.264,direction
1,r01_20260912_232816.jsonl,56,954.497,6.0,measure,3,350.739,-319.264,direction
1,r01_20260912_232816.jsonl,57,960.497,6.0,measure,7,350.739,-319.264,direction
1,r01_20260912_232816.jsonl,58,966.497,6.0,measure,12,350.739,-319.264,direction
1,r01_20260912_232816.jsonl,59,972.497,6.0,measure,18,350.739,-319.264,direction
1,r01_20260912_232816.jsonl,60,1012.704,40.207,measure,4,515.166,-366.344,direction
1,r01_20260912_232816.jsonl,61,1082.852,70.148,clear,4,840.274,-346.032,success
1,r01_20260912_232816.jsonl,62,1125.454,42.602,measure,18,733.38,-494.577,direction
1,r01_20260912_232816.jsonl,63,1202.198,76.744,clear,18,446.587,-710.054,success
1,r01_20260912_232816.jsonl,64,1251.123,48.925,measure,7,280.688,-846.222,direction
1,r01_20260912_232816.jsonl,65,1338.972,87.849,clear,7,-113.455,-973.704,success
1,r01_20260912_232816.jsonl,66,1382.177,43.204,measure,12,-258.08,-1090.699,direction
1,r01_20260912_232816.jsonl,67,1448.995,66.818,clear,12,-563.651,-1137.223,success
1,r01_20260912_232816.jsonl,68,1524.995,76.0,measure,3,-294.048,-914.032,direction
1,r01_20260912_232816.jsonl,69,1693.154,168.159,clear,3,492.833,-698.77,success
1,r01_20260912_232816.jsonl,70,1870.931,177.776,clear,8,-283.77,-320.378,success
1,r01_20260912_232816.jsonl,71,1946.931,76.0,measure,19,-419.879,2.073,direction
1,r01_20260912_232816.jsonl,72,1998.121,51.191,measure,19,-368.324,227.199,direction
1,r01_20260912_232816.jsonl,73,2033.502,35.381,measure,19,-410.052,373.258,direction
1,r01_20260912_232816.jsonl,74,2095.102,61.6,clear,19,-410.458,656.26,success
1,r01_20260912_232816.jsonl,75,2157.164,62.062,measure,13,-358.001,931.617,direction
1,r01_20260912_232816.jsonl,76,2255.795,98.631,clear,13,-65.16,1296.876,success
1,r01_20260912_232816.jsonl,77,2322.259,66.463,measure,2,179.582,1119.402,direction
1,r01_20260912_232816.jsonl,78,2441.269,119.011,clear,2,520.917,662.838,success
1,r01_20260912_232816.jsonl,79,2517.269,76.0,measure,5,197.216,529.73,no_signal
1,r01_20260912_232816.jsonl,80,2592.269,75.0,measure,5,-148.687,583.126,direction
1,r01_20260912_232816.jsonl,81,2765.482,173.212,clear,5,-957.114,351.117,success
1,r01_20260912_232816.jsonl,82,2851.603,86.122,measure,9,-1150.0,0.0,no_signal
1,r01_20260912_232816.jsonl,83,2857.603,6.0,measure,10,-1150.0,0.0,no_signal
1,r01_20260912_232816.jsonl,84,2863.603,6.0,measure,11,-1150.0,0.0,no_signal
1,r01_20260912_232816.jsonl,85,2869.603,6.0,measure,14,-1150.0,0.0,no_signal
1,r01_20260912_232816.jsonl,86,2875.603,6.0,measure,15,-1150.0,0.0,no_signal
1,r01_20260912_232816.jsonl,87,2881.603,6.0,measure,16,-1150.0,0.0,direction
1,r01_20260912_232816.jsonl,88,2887.603,6.0,measure,20,-1150.0,0.0,no_signal
1,r01_20260912_232816.jsonl,89,2893.603,6.0,measure,16,-1150.0,0.0,direction
1,r01_20260912_232816.jsonl,90,2968.604,75.0,measure,16,-1064.202,-339.321,direction
1,r01_20260912_232816.jsonl,91,3009.621,41.018,measure,16,-1135.868,-504.536,direction
1,r01_20260912_232816.jsonl,92,3038.621,29.0,measure,16,-1124.611,-624.007,direction
1,r01_20260912_232816.jsonl,93,3067.621,29.0,measure,16,-1162.192,-737.97,direction
1,r01_20260912_232816.jsonl,94,3096.104,28.482,clear,16,-1170.182,-855.11,success
1,r01_20260912_232816.jsonl,95,3224.426,128.323,measure,15,-575.0,-995.929,no_signal
1,r01_20260912_232816.jsonl,96,3230.426,6.0,measure,14,-575.0,-995.929,no_signal
1,r01_20260912_232816.jsonl,97,3236.426,6.0,measure,20,-575.0,-995.929,no_signal
1,r01_20260912_232816.jsonl,98,3242.426,6.0,measure,11,-575.0,-995.929,no_signal
1,r01_20260912_232816.jsonl,99,3248.426,6.0,measure,10,-575.0,-995.929,no_signal
1,r01_20260912_232816.jsonl,100,3254.426,6.0,measure,9,-575.0,-995.929,no_signal
1,r01_20260912_232816.jsonl,101,3489.426,235.0,measure,9,575.0,-995.929,no_signal
1,r01_20260912_232816.jsonl,102,3495.426,6.0,measure,10,575.0,-995.929,no_signal
1,r01_20260912_232816.jsonl,103,3501.426,6.0,measure,11,575.0,-995.929,no_signal
1,r01_20260912_232816.jsonl,104,3507.426,6.0,measure,14,575.0,-995.929,no_signal
1,r01_20260912_232816.jsonl,105,3513.426,6.0,measure,15,575.0,-995.929,no_signal
1,r01_20260912_232816.jsonl,106,3519.426,6.0,measure,20,575.0,-995.929,no_signal
1,r01_20260912_232816.jsonl,107,3754.426,235.0,measure,20,1150.0,0.0,no_signal
1,r01_20260912_232816.jsonl,108,3760.426,6.0,measure,15,1150.0,0.0,no_signal
1,r01_20260912_232816.jsonl,109,3766.426,6.0,measure,14,1150.0,0.0,no_signal
1,r01_20260912_232816.jsonl,110,3772.426,6.0,measure,11,1150.0,0.0,direction
1,r01_20260912_232816.jsonl,111,3778.426,6.0,measure,10,1150.0,0.0,no_signal
1,r01_20260912_232816.jsonl,112,3784.426,6.0,measure,9,1150.0,0.0,no_signal
1,r01_20260912_232816.jsonl,113,3790.426,6.0,measure,11,1150.0,0.0,direction
1,r01_20260912_232816.jsonl,114,3865.426,75.0,measure,11,1296.142,318.029,direction
1,r01_20260912_232816.jsonl,115,3895.382,29.956,measure,11,1410.915,366.984,direction
1,r01_20260912_232816.jsonl,116,3924.382,29.0,measure,11,1484.741,461.587,direction
1,r01_20260912_232816.jsonl,117,3957.594,33.212,clear,11,1602.706,538.93,success
1,r01_20260912_232816.jsonl,118,4188.541,230.947,measure,10,575.0,995.929,no_signal
1,r01_20260912_232816.jsonl,119,4194.541,6.0,measure,9,575.0,995.929,no_signal
1,r01_20260912_232816.jsonl,120,4200.541,6.0,measure,14,575.0,995.929,no_signal
1,r01_20260912_232816.jsonl,121,4206.541,6.0,measure,15,575.0,995.929,no_signal
1,r01_20260912_232816.jsonl,122,4212.541,6.0,measure,20,575.0,995.929,no_signal
1,r01_20260912_232816.jsonl,123,4447.541,235.0,measure,20,-575.0,995.929,no_signal
1,r01_20260912_232816.jsonl,124,4453.541,6.0,measure,15,-575.0,995.929,no_signal
1,r01_20260912_232816.jsonl,125,4459.541,6.0,measure,14,-575.0,995.929,no_signal
1,r01_20260912_232816.jsonl,126,4465.541,6.0,measure,10,-575.0,995.929,no_signal
1,r01_20260912_232816.jsonl,127,4471.541,6.0,measure,9,-575.0,995.929,direction
1,r01_20260912_232816.jsonl,128,4476.541,5.0,measure,9,-575.0,995.929,direction
1,r01_20260912_232816.jsonl,129,4551.541,75.0,measure,9,-856.894,1203.38,direction
1,r01_20260912_232816.jsonl,130,4598.688,47.148,clear,9,-667.427,1111.113,success
1,r01_20260912_232816.jsonl,131,4598.688,0.0,exit,,,,
2,r02_20260912_222353.jsonl,0,0.0,0.0,enter,,,,
2,r02_20260912_222353.jsonl,1,5.0,5.0,measure,1,0.0,0.0,direction
2,r02_20260912_222353.jsonl,2,11.0,6.0,measure,2,0.0,0.0,direction
2,r02_20260912_222353.jsonl,3,17.0,6.0,measure,3,0.0,0.0,no_signal
2,r02_20260912_222353.jsonl,4,23.0,6.0,measure,4,0.0,0.0,no_signal
2,r02_20260912_222353.jsonl,5,29.0,6.0,measure,5,0.0,0.0,no_signal
2,r02_20260912_222353.jsonl,6,35.0,6.0,measure,6,0.0,0.0,direction
2,r02_20260912_222353.jsonl,7,41.0,6.0,measure,7,0.0,0.0,no_signal
2,r02_20260912_222353.jsonl,8,47.0,6.0,measure,8,0.0,0.0,direction
2,r02_20260912_222353.jsonl,9,53.0,6.0,measure,9,0.0,0.0,no_signal
2,r02_20260912_222353.jsonl,10,59.0,6.0,measure,10,0.0,0.0,no_signal
2,r02_20260912_222353.jsonl,11,65.0,6.0,measure,11,0.0,0.0,no_signal
2,r02_20260912_222353.jsonl,12,71.0,6.0,measure,12,0.0,0.0,no_signal
2,r02_20260912_222353.jsonl,13,77.0,6.0,measure,13,0.0,0.0,no_signal
2,r02_20260912_222353.jsonl,14,83.0,6.0,measure,14,0.0,0.0,no_signal
2,r02_20260912_222353.jsonl,15,89.0,6.0,measure,15,0.0,0.0,no_signal
2,r02_20260912_222353.jsonl,16,95.0,6.0,measure,16,0.0,0.0,no_signal
2,r02_20260912_222353.jsonl,17,101.0,6.0,measure,17,0.0,0.0,no_signal
2,r02_20260912_222353.jsonl,18,107.0,6.0,measure,18,0.0,0.0,direction
2,r02_20260912_222353.jsonl,19,113.0,6.0,measure,19,0.0,0.0,direction
2,r02_20260912_222353.jsonl,20,119.0,6.0,measure,20,0.0,0.0,no_signal
2,r02_20260912_222353.jsonl,21,195.0,76.0,measure,1,-349.846,10.383,direction
2,r02_20260912_222353.jsonl,22,201.0,6.0,measure,2,-349.846,10.383,direction
2,r02_20260912_222353.jsonl,23,207.0,6.0,measure,6,-349.846,10.383,direction
2,r02_20260912_222353.jsonl,24,213.0,6.0,measure,8,-349.846,10.383,direction
2,r02_20260912_222353.jsonl,25,219.0,6.0,measure,18,-349.846,10.383,no_signal
2,r02_20260912_222353.jsonl,26,225.0,6.0,measure,19,-349.846,10.383,direction
2,r02_20260912_222353.jsonl,27,255.0,30.0,measure,1,-432.053,97.802,direction
2,r02_20260912_222353.jsonl,28,261.0,6.0,measure,18,-432.053,97.802,no_signal
2,r02_20260912_222353.jsonl,29,291.0,30.0,measure,1,-547.514,130.494,direction
2,r02_20260912_222353.jsonl,30,306.805,15.805,clear,1,-584.895,169.496,success
2,r02_20260912_222353.jsonl,31,373.483,66.678,clear,19,-309.952,309.178,success
2,r02_20260912_222353.jsonl,32,417.412,43.929,measure,6,-431.995,454.335,direction
2,r02_20260912_222353.jsonl,33,423.412,6.0,measure,18,-431.995,454.335,no_signal
2,r02_20260912_222353.jsonl,34,455.159,31.747,measure,6,-443.651,582.543,direction
2,r02_20260912_222353.jsonl,35,461.159,6.0,measure,18,-443.651,582.543,no_signal
2,r02_20260912_222353.jsonl,36,491.159,30.0,measure,6,-511.666,681.406,direction
2,r02_20260912_222353.jsonl,37,518.568,27.409,clear,6,-544.904,798.838,no_target_in_range
2,r02_20260912_222353.jsonl,38,526.712,8.144,clear,6,-519.577,803.316,no_target_in_range
2,r02_20260912_222353.jsonl,39,536.783,10.071,clear,6,-544.577,828.316,no_target_in_range
2,r02_20260912_222353.jsonl,40,546.854,10.071,clear,6,-569.577,803.316,no_target_in_range
2,r02_20260912_222353.jsonl,41,558.925,12.071,clear,6,-544.577,778.316,success
2,r02_20260912_222353.jsonl,42,634.925,76.0,measure,18,-327.558,1052.912,no_signal
2,r02_20260912_222353.jsonl,43,709.925,75.0,measure,18,-2.316,1182.21,direction
2,r02_20260912_222353.jsonl,44,907.848,197.922,clear,18,699.923,520.896,success
2,r02_20260912_222353.jsonl,45,983.848,76.0,measure,8,484.219,245.266,no_signal
2,r02_20260912_222353.jsonl,46,1058.848,75.0,measure,8,157.314,120.233,direction
2,r02_20260912_222353.jsonl,47,1133.848,75.0,measure,8,-76.637,-140.088,direction
2,r02_20260912_222353.jsonl,48,1197.97,64.122,measure,8,-341.068,-272.234,direction
2,r02_20260912_222353.jsonl,49,1241.75,43.78,measure,8,-482.626,-404.739,direction
2,r02_20260912_222353.jsonl,50,1271.816,30.066,measure,8,-590.844,-467.961,direction
2,r02_20260912_222353.jsonl,51,1323.783,51.967,measure,8,-743.371,-646.521,direction
2,r02_20260912_222353.jsonl,52,1341.067,17.284,clear,8,-745.503,-585.138,success
2,r02_20260912_222353.jsonl,53,1371.067,30.0,measure,2,-648.837,-656.242,near
2,r02_20260912_222353.jsonl,54,1376.067,5.0,clear,2,-648.837,-656.242,success
2,r02_20260912_222353.jsonl,55,1379.067,3.0,clear,2,-648.837,-656.242,no_target_in_range
2,r02_20260912_222353.jsonl,56,1454.591,75.524,measure,3,-575.0,-995.929,direction
2,r02_20260912_222353.jsonl,57,1460.591,6.0,measure,4,-575.0,-995.929,no_signal
2,r02_20260912_222353.jsonl,58,1466.591,6.0,measure,5,-575.0,-995.929,no_signal
2,r02_20260912_222353.jsonl,59,1472.591,6.0,measure,7,-575.0,-995.929,no_signal
2,r02_20260912_222353.jsonl,60,1478.591,6.0,measure,9,-575.0,-995.929,no_signal
2,r02_20260912_222353.jsonl,61,1484.591,6.0,measure,10,-575.0,-995.929,no_signal
2,r02_20260912_222353.jsonl,62,1490.591,6.0,measure,11,-575.0,-995.929,no_signal
2,r02_20260912_222353.jsonl,63,1496.591,6.0,measure,12,-575.0,-995.929,no_signal
2,r02_20260912_222353.jsonl,64,1502.591,6.0,measure,13,-575.0,-995.929,no_signal
2,r02_20260912_222353.jsonl,65,1508.591,6.0,measure,14,-575.0,-995.929,no_signal
2,r02_20260912_222353.jsonl,66,1514.591,6.0,measure,15,-575.0,-995.929,no_signal
2,r02_20260912_222353.jsonl,67,1520.591,6.0,measure,16,-575.0,-995.929,no_signal
2,r02_20260912_222353.jsonl,68,1526.591,6.0,measure,17,-575.0,-995.929,no_signal
2,r02_20260912_222353.jsonl,69,1532.591,6.0,measure,20,-575.0,-995.929,no_signal
2,r02_20260912_222353.jsonl,70,1538.591,6.0,measure,3,-575.0,-995.929,direction
2,r02_20260912_222353.jsonl,71,1613.591,75.0,measure,3,-924.069,-1021.441,direction
2,r02_20260912_222353.jsonl,72,1649.887,36.296,measure,3,-1052.234,-931.666,direction
2,r02_20260912_222353.jsonl,73,1678.887,29.0,measure,3,-1171.633,-919.669,direction
2,r02_20260912_222353.jsonl,74,1707.887,29.0,measure,3,-1275.058,-858.815,direction
2,r02_20260912_222353.jsonl,75,1716.916,9.028,clear,3,-1293.7,-866.442,success
2,r02_20260912_222353.jsonl,76,1898.571,181.656,measure,4,-1150.0,0.0,no_signal
2,r02_20260912_222353.jsonl,77,1904.571,6.0,measure,5,-1150.0,0.0,no_signal
2,r02_20260912_222353.jsonl,78,1910.571,6.0,measure,7,-1150.0,0.0,no_signal
2,r02_20260912_222353.jsonl,79,1916.571,6.0,measure,9,-1150.0,0.0,no_signal
2,r02_20260912_222353.jsonl,80,1922.571,6.0,measure,10,-1150.0,0.0,no_signal
2,r02_20260912_222353.jsonl,81,1928.571,6.0,measure,11,-1150.0,0.0,no_signal
2,r02_20260912_222353.jsonl,82,1934.571,6.0,measure,12,-1150.0,0.0,no_signal
2,r02_20260912_222353.jsonl,83,1940.571,6.0,measure,13,-1150.0,0.0,no_signal
2,r02_20260912_222353.jsonl,84,1946.571,6.0,measure,14,-1150.0,0.0,no_signal
2,r02_20260912_222353.jsonl,85,1952.571,6.0,measure,15,-1150.0,0.0,no_signal
2,r02_20260912_222353.jsonl,86,1958.571,6.0,measure,16,-1150.0,0.0,no_signal
2,r02_20260912_222353.jsonl,87,1964.571,6.0,measure,17,-1150.0,0.0,no_signal
2,r02_20260912_222353.jsonl,88,1970.571,6.0,measure,20,-1150.0,0.0,no_signal
2,r02_20260912_222353.jsonl,89,2205.571,235.0,measure,20,-575.0,995.929,no_signal
2,r02_20260912_222353.jsonl,90,2211.571,6.0,measure,17,-575.0,995.929,no_signal
2,r02_20260912_222353.jsonl,91,2217.571,6.0,measure,16,-575.0,995.929,no_signal
2,r02_20260912_222353.jsonl,92,2223.571,6.0,measure,15,-575.0,995.929,no_signal
2,r02_20260912_222353.jsonl,93,2229.571,6.0,measure,14,-575.0,995.929,no_signal
2,r02_20260912_222353.jsonl,94,2235.571,6.0,measure,13,-575.0,995.929,no_signal
2,r02_20260912_222353.jsonl,95,2241.571,6.0,measure,12,-575.0,995.929,direction
2,r02_20260912_222353.jsonl,96,2247.571,6.0,measure,11,-575.0,995.929,no_signal
2,r02_20260912_222353.jsonl,97,2253.571,6.0,measure,10,-575.0,995.929,direction
2,r02_20260912_222353.jsonl,98,2259.571,6.0,measure,9,-575.0,995.929,no_signal
2,r02_20260912_222353.jsonl,99,2265.571,6.0,measure,7,-575.0,995.929,no_signal
2,r02_20260912_222353.jsonl,100,2271.571,6.0,measure,5,-575.0,995.929,direction
2,r02_20260912_222353.jsonl,101,2277.571,6.0,measure,4,-575.0,995.929,no_signal
2,r02_20260912_222353.jsonl,102,2283.571,6.0,measure,5,-575.0,995.929,direction
2,r02_20260912_222353.jsonl,103,2289.571,6.0,measure,10,-575.0,995.929,direction
2,r02_20260912_222353.jsonl,104,2295.571,6.0,measure,12,-575.0,995.929,direction
2,r02_20260912_222353.jsonl,105,2371.571,76.0,measure,5,-674.288,1331.551,direction
2,r02_20260912_222353.jsonl,106,2400.571,29.0,measure,5,-619.38,1438.252,direction
2,r02_20260912_222353.jsonl,107,2429.571,29.0,measure,5,-624.463,1558.144,direction
2,r02_20260912_222353.jsonl,108,2450.449,20.877,clear,5,-593.561,1631.27,success
2,r02_20260912_222353.jsonl,109,2526.449,76.0,measure,10,-468.874,1958.307,direction
2,r02_20260912_222353.jsonl,110,2628.401,101.952,clear,10,-130.012,1611.658,success
2,r02_20260912_222353.jsonl,111,2704.401,76.0,measure,12,21.438,1927.194,direction
2,r02_20260912_222353.jsonl,112,2759.509,55.108,clear,12,8.919,1676.968,success
2,r02_20260912_222353.jsonl,113,2942.626,183.117,measure,11,575.0,995.929,no_signal
2,r02_20260912_222353.jsonl,114,2948.626,6.0,measure,13,575.0,995.929,no_signal
2,r02_20260912_222353.jsonl,115,2954.626,6.0,measure,14,575.0,995.929,no_signal
2,r02_20260912_222353.jsonl,116,2960.626,6.0,measure,9,575.0,995.929,no_signal
2,r02_20260912_222353.jsonl,117,2966.626,6.0,measure,15,575.0,995.929,no_signal
2,r02_20260912_222353.jsonl,118,2972.626,6.0,measure,16,575.0,995.929,no_signal
2,r02_20260912_222353.jsonl,119,2978.626,6.0,measure,7,575.0,995.929,direction
2,r02_20260912_222353.jsonl,120,2984.626,6.0,measure,17,575.0,995.929,no_signal
2,r02_20260912_222353.jsonl,121,2990.626,6.0,measure,4,575.0,995.929,no_signal
2,r02_20260912_222353.jsonl,122,2996.626,6.0,measure,20,575.0,995.929,no_signal
2,r02_20260912_222353.jsonl,123,3002.626,6.0,measure,7,575.0,995.929,direction
2,r02_20260912_222353.jsonl,124,3077.626,75.0,measure,7,758.499,1293.969,direction
2,r02_20260912_222353.jsonl,125,3111.204,33.579,clear,7,901.059,1303.731,success
2,r02_20260912_222353.jsonl,126,3382.661,271.457,measure,9,1150.0,0.0,no_signal
2,r02_20260912_222353.jsonl,127,3388.661,6.0,measure,4,1150.0,0.0,no_signal
2,r02_20260912_222353.jsonl,128,3394.661,6.0,measure,11,1150.0,0.0,no_signal
2,r02_20260912_222353.jsonl,129,3400.661,6.0,measure,13,1150.0,0.0,no_signal
2,r02_20260912_222353.jsonl,130,3406.661,6.0,measure,14,1150.0,0.0,no_signal
2,r02_20260912_222353.jsonl,131,3412.661,6.0,measure,15,1150.0,0.0,no_signal
2,r02_20260912_222353.jsonl,132,3418.661,6.0,measure,16,1150.0,0.0,no_signal
2,r02_20260912_222353.jsonl,133,3424.661,6.0,measure,17,1150.0,0.0,no_signal
2,r02_20260912_222353.jsonl,134,3430.661,6.0,measure,20,1150.0,0.0,no_signal
2,r02_20260912_222353.jsonl,135,3665.661,235.0,measure,20,575.0,-995.929,no_signal
2,r02_20260912_222353.jsonl,136,3671.661,6.0,measure,17,575.0,-995.929,no_signal
2,r02_20260912_222353.jsonl,137,3677.661,6.0,measure,16,575.0,-995.929,no_signal
2,r02_20260912_222353.jsonl,138,3683.661,6.0,measure,15,575.0,-995.929,no_signal
2,r02_20260912_222353.jsonl,139,3689.661,6.0,measure,14,575.0,-995.929,no_signal
2,r02_20260912_222353.jsonl,140,3695.661,6.0,measure,13,575.0,-995.929,no_signal
2,r02_20260912_222353.jsonl,141,3701.661,6.0,measure,11,575.0,-995.929,no_signal
2,r02_20260912_222353.jsonl,142,3707.661,6.0,measure,9,575.0,-995.929,no_signal
2,r02_20260912_222353.jsonl,143,3713.661,6.0,measure,4,575.0,-995.929,no_signal
2,r02_20260912_222353.jsonl,144,3713.661,0.0,exit,,,,
2,r02_20260912_232823.jsonl,0,0.0,0.0,enter,,,,
2,r02_20260912_232823.jsonl,1,5.0,5.0,measure,1,0.0,0.0,direction
2,r02_20260912_232823.jsonl,2,11.0,6.0,measure,2,0.0,0.0,direction
2,r02_20260912_232823.jsonl,3,17.0,6.0,measure,3,0.0,0.0,no_signal
2,r02_20260912_232823.jsonl,4,23.0,6.0,measure,4,0.0,0.0,direction
2,r02_20260912_232823.jsonl,5,29.0,6.0,measure,5,0.0,0.0,no_signal
2,r02_20260912_232823.jsonl,6,35.0,6.0,measure,6,0.0,0.0,direction
2,r02_20260912_232823.jsonl,7,41.0,6.0,measure,7,0.0,0.0,no_signal
2,r02_20260912_232823.jsonl,8,47.0,6.0,measure,8,0.0,0.0,no_signal
2,r02_20260912_232823.jsonl,9,53.0,6.0,measure,9,0.0,0.0,no_signal
2,r02_20260912_232823.jsonl,10,59.0,6.0,measure,10,0.0,0.0,no_signal
2,r02_20260912_232823.jsonl,11,65.0,6.0,measure,11,0.0,0.0,no_signal
2,r02_20260912_232823.jsonl,12,71.0,6.0,measure,12,0.0,0.0,no_signal
2,r02_20260912_232823.jsonl,13,77.0,6.0,measure,13,0.0,0.0,direction
2,r02_20260912_232823.jsonl,14,83.0,6.0,measure,14,0.0,0.0,no_signal
2,r02_20260912_232823.jsonl,15,89.0,6.0,measure,15,0.0,0.0,direction
2,r02_20260912_232823.jsonl,16,95.0,6.0,measure,16,0.0,0.0,direction
2,r02_20260912_232823.jsonl,17,101.0,6.0,measure,17,0.0,0.0,direction
2,r02_20260912_232823.jsonl,18,107.0,6.0,measure,18,0.0,0.0,no_signal
2,r02_20260912_232823.jsonl,19,113.0,6.0,measure,19,0.0,0.0,no_signal
2,r02_20260912_232823.jsonl,20,119.0,6.0,measure,20,0.0,0.0,no_signal
2,r02_20260912_232823.jsonl,21,195.0,76.0,measure,17,349.993,-2.26,direction
2,r02_20260912_232823.jsonl,22,201.0,6.0,measure,1,349.993,-2.26,direction
2,r02_20260912_232823.jsonl,23,207.0,6.0,measure,2,349.993,-2.26,direction
2,r02_20260912_232823.jsonl,24,213.0,6.0,measure,4,349.993,-2.26,direction
2,r02_20260912_232823.jsonl,25,219.0,6.0,measure,6,349.993,-2.26,direction
2,r02_20260912_232823.jsonl,26,225.0,6.0,measure,13,349.993,-2.26,direction
2,r02_20260912_232823.jsonl,27,231.0,6.0,measure,15,349.993,-2.26,direction
2,r02_20260912_232823.jsonl,28,237.0,6.0,measure,16,349.993,-2.26,direction
2,r02_20260912_232823.jsonl,29,278.027,41.027,measure,17,487.434,-110.805,direction
2,r02_20260912_232823.jsonl,30,307.027,29.0,measure,17,605.965,-129.521,direction
2,r02_20260912_232823.jsonl,31,336.027,29.0,measure,17,707.398,-193.641,direction
2,r02_20260912_232823.jsonl,32,353.771,17.744,clear,17,770.019,-205.422,success
2,r02_20260912_232823.jsonl,33,403.857,50.086,measure,15,966.24,-305.858,direction
2,r02_20260912_232823.jsonl,34,432.857,29.0,measure,15,1010.429,-417.425,direction
2,r02_20260912_232823.jsonl,35,461.857,29.0,measure,15,1103.989,-492.569,direction
2,r02_20260912_232823.jsonl,36,483.693,21.836,clear,15,1142.022,-567.667,success
2,r02_20260912_232823.jsonl,37,520.844,37.151,measure,13,987.229,-584.966,direction
2,r02_20260912_232823.jsonl,38,575.56,54.716,clear,13,741.629,-546.594,success
2,r02_20260912_232823.jsonl,39,633.837,58.277,measure,6,570.244,-743.95,direction
2,r02_20260912_232823.jsonl,40,744.979,111.142,clear,6,122.145,-1028.305,success
2,r02_20260912_232823.jsonl,41,820.979,76.0,measure,1,-122.773,-778.275,direction
2,r02_20260912_232823.jsonl,42,972.795,151.816,clear,1,-447.732,-120.039,success
2,r02_20260912_232823.jsonl,43,1016.634,43.84,measure,2,-635.038,-93.342,direction
2,r02_20260912_232823.jsonl,44,1076.922,60.287,clear,2,-859.652,84.405,no_target_in_range
2,r02_20260912_232823.jsonl,45,1086.988,10.066,clear,2,-834.325,84.877,success
2,r02_20260912_232823.jsonl,46,1162.988,76.0,measure,16,-617.778,359.845,direction
2,r02_20260912_232823.jsonl,47,1237.988,75.0,measure,16,-290.88,484.895,direction
2,r02_20260912_232823.jsonl,48,1411.907,173.919,clear,16,372.18,1008.051,success
2,r02_20260912_232823.jsonl,49,1487.907,76.0,measure,4,461.072,669.528,no_signal
2,r02_20260912_232823.jsonl,50,1562.907,75.0,measure,4,365.086,332.947,direction
2,r02_20260912_232823.jsonl,51,1637.907,75.0,measure,4,422.081,-12.381,direction
2,r02_20260912_232823.jsonl,52,1709.622,71.716,measure,4,354.907,-339.126,direction
2,r02_20260912_232823.jsonl,53,1758.378,48.755,measure,4,373.749,-557.089,direction
2,r02_20260912_232823.jsonl,54,1792.018,33.64,measure,4,354.65,-699.012,direction
2,r02_20260912_232823.jsonl,55,1852.652,60.634,measure,4,418.328,-969.795,direction
2,r02_20260912_232823.jsonl,56,1870.725,18.073,clear,4,353.974,-981.257,success
2,r02_20260912_232823.jsonl,57,1921.028,50.302,measure,3,575.0,-995.929,no_signal
2,r02_20260912_232823.jsonl,58,1927.028,6.0,measure,5,575.0,-995.929,direction
2,r02_20260912_232823.jsonl,59,1933.028,6.0,measure,7,575.0,-995.929,no_signal
2,r02_20260912_232823.jsonl,60,1939.028,6.0,measure,8,575.0,-995.929,no_signal
2,r02_20260912_232823.jsonl,61,1945.028,6.0,measure,9,575.0,-995.929,no_signal
2,r02_20260912_232823.jsonl,62,1951.028,6.0,measure,10,575.0,-995.929,direction
2,r02_20260912_232823.jsonl,63,1957.028,6.0,measure,11,575.0,-995.929,no_signal
2,r02_20260912_232823.jsonl,64,1963.028,6.0,measure,12,575.0,-995.929,no_signal
2,r02_20260912_232823.jsonl,65,1969.028,6.0,measure,14,575.0,-995.929,no_signal
2,r02_20260912_232823.jsonl,66,1975.028,6.0,measure,18,575.0,-995.929,no_signal
2,r02_20260912_232823.jsonl,67,1981.028,6.0,measure,19,575.0,-995.929,direction
2,r02_20260912_232823.jsonl,68,1987.028,6.0,measure,20,575.0,-995.929,no_signal
2,r02_20260912_232823.jsonl,69,1993.028,6.0,measure,5,575.0,-995.929,direction
2,r02_20260912_232823.jsonl,70,1999.028,6.0,measure,10,575.0,-995.929,direction
2,r02_20260912_232823.jsonl,71,2005.028,6.0,measure,19,575.0,-995.929,direction
2,r02_20260912_232823.jsonl,72,2080.028,75.0,measure,19,745.377,-1301.66,direction
2,r02_20260912_232823.jsonl,73,2112.53,32.502,clear,19,682.532,-1423.968,success
2,r02_20260912_232823.jsonl,74,2188.53,76.0,measure,5,681.616,-1773.967,direction
2,r02_20260912_232823.jsonl,75,2273.321,84.791,clear,5,453.19,-1446.877,success
2,r02_20260912_232823.jsonl,76,2349.321,76.0,measure,10,143.701,-1610.328,direction
2,r02_20260912_232823.jsonl,77,2417.655,68.334,measure,10,-120.518,-1435.777,direction
2,r02_20260912_232823.jsonl,78,2464.707,47.053,measure,10,-330.186,-1419.962,direction
2,r02_20260912_232823.jsonl,79,2497.344,32.636,measure,10,-453.128,-1356.882,direction
2,r02_20260912_232823.jsonl,80,2526.344,29.0,measure,10,-571.092,-1334.871,direction
2,r02_20260912_232823.jsonl,81,2555.343,29.0,measure,10,-679.974,-1284.427,direction
2,r02_20260912_232823.jsonl,82,2570.408,15.064,measure,10,-629.947,-1289.858,direction
2,r02_20260912_232823.jsonl,83,2585.405,14.998,clear,10,-679.747,-1294.185,success
2,r02_20260912_232823.jsonl,84,2654.628,69.223,measure,9,-575.0,-995.929,no_signal
2,r02_20260912_232823.jsonl,85,2660.628,6.0,measure,11,-575.0,-995.929,direction
2,r02_20260912_232823.jsonl,86,2666.628,6.0,measure,8,-575.0,-995.929,no_signal
2,r02_20260912_232823.jsonl,87,2672.628,6.0,measure,12,-575.0,-995.929,no_signal
2,r02_20260912_232823.jsonl,88,2678.628,6.0,measure,7,-575.0,-995.929,no_signal
2,r02_20260912_232823.jsonl,89,2684.628,6.0,measure,14,-575.0,-995.929,no_signal
2,r02_20260912_232823.jsonl,90,2690.628,6.0,measure,3,-575.0,-995.929,no_signal
2,r02_20260912_232823.jsonl,91,2696.628,6.0,measure,18,-575.0,-995.929,no_signal
2,r02_20260912_232823.jsonl,92,2702.628,6.0,measure,20,-575.0,-995.929,no_signal
2,r02_20260912_232823.jsonl,93,2708.628,6.0,measure,11,-575.0,-995.929,direction
2,r02_20260912_232823.jsonl,94,2783.628,75.0,measure,11,-924.907,-1003.992,direction
2,r02_20260912_232823.jsonl,95,2848.106,64.478,measure,11,-1176.281,-845.08,direction
2,r02_20260912_232823.jsonl,96,2884.395,36.289,measure,11,-1332.616,-839.216,direction
2,r02_20260912_232823.jsonl,97,2913.395,29.0,measure,11,-1441.638,-789.074,direction
2,r02_20260912_232823.jsonl,98,2942.395,29.0,measure,11,-1560.917,-775.939,direction
2,r02_20260912_232823.jsonl,99,2949.933,7.538,clear,11,-1570.833,-768.024,success
2,r02_20260912_232823.jsonl,100,3131.086,181.153,measure,12,-1150.0,0.0,no_signal
2,r02_20260912_232823.jsonl,101,3137.086,6.0,measure,9,-1150.0,0.0,no_signal
2,r02_20260912_232823.jsonl,102,3143.086,6.0,measure,8,-1150.0,0.0,no_signal
2,r02_20260912_232823.jsonl,103,3149.086,6.0,measure,14,-1150.0,0.0,no_signal
2,r02_20260912_232823.jsonl,104,3155.086,6.0,measure,7,-1150.0,0.0,no_signal
2,r02_20260912_232823.jsonl,105,3161.086,6.0,measure,18,-1150.0,0.0,no_signal
2,r02_20260912_232823.jsonl,106,3167.086,6.0,measure,3,-1150.0,0.0,no_signal
2,r02_20260912_232823.jsonl,107,3173.086,6.0,measure,20,-1150.0,0.0,no_signal
2,r02_20260912_232823.jsonl,108,3408.086,235.0,measure,20,-575.0,995.929,no_signal
2,r02_20260912_232823.jsonl,109,3414.086,6.0,measure,18,-575.0,995.929,no_signal
2,r02_20260912_232823.jsonl,110,3420.086,6.0,measure,14,-575.0,995.929,no_signal
2,r02_20260912_232823.jsonl,111,3426.086,6.0,measure,12,-575.0,995.929,no_signal
2,r02_20260912_232823.jsonl,112,3432.086,6.0,measure,9,-575.0,995.929,no_signal
2,r02_20260912_232823.jsonl,113,3438.086,6.0,measure,8,-575.0,995.929,no_signal
2,r02_20260912_232823.jsonl,114,3444.086,6.0,measure,7,-575.0,995.929,direction
2,r02_20260912_232823.jsonl,115,3450.086,6.0,measure,3,-575.0,995.929,no_signal
2,r02_20260912_232823.jsonl,116,3456.086,6.0,measure,7,-575.0,995.929,direction
2,r02_20260912_232823.jsonl,117,3531.086,75.0,measure,7,-371.704,1280.834,direction
2,r02_20260912_232823.jsonl,118,3568.362,37.277,measure,7,-216.311,1324.396,direction
2,r02_20260912_232823.jsonl,119,3597.362,29.0,measure,7,-130.779,1408.564,direction
2,r02_20260912_232823.jsonl,120,3626.362,29.0,measure,7,-18.951,1452.089,direction
2,r02_20260912_232823.jsonl,121,3655.362,29.0,measure,7,67.219,1535.604,direction
2,r02_20260912_232823.jsonl,122,3668.155,12.793,clear,7,105.803,1541.039,success
2,r02_20260912_232823.jsonl,123,3818.001,149.846,measure,8,575.0,995.929,no_signal
2,r02_20260912_232823.jsonl,124,3824.001,6.0,measure,9,575.0,995.929,no_signal
2,r02_20260912_232823.jsonl,125,3830.001,6.0,measure,3,575.0,995.929,no_signal
2,r02_20260912_232823.jsonl,126,3836.001,6.0,measure,12,575.0,995.929,no_signal
2,r02_20260912_232823.jsonl,127,3842.001,6.0,measure,14,575.0,995.929,no_signal
2,r02_20260912_232823.jsonl,128,3848.001,6.0,measure,18,575.0,995.929,no_signal
2,r02_20260912_232823.jsonl,129,3854.001,6.0,measure,20,575.0,995.929,no_signal
2,r02_20260912_232823.jsonl,130,4089.001,235.0,measure,20,1150.0,0.0,no_signal
2,r02_20260912_232823.jsonl,131,4095.001,6.0,measure,18,1150.0,0.0,no_signal
2,r02_20260912_232823.jsonl,132,4101.001,6.0,measure,14,1150.0,0.0,no_signal
2,r02_20260912_232823.jsonl,133,4107.001,6.0,measure,12,1150.0,0.0,no_signal
2,r02_20260912_232823.jsonl,134,4113.001,6.0,measure,9,1150.0,0.0,no_signal
2,r02_20260912_232823.jsonl,135,4119.001,6.0,measure,8,1150.0,0.0,no_signal
2,r02_20260912_232823.jsonl,136,4125.001,6.0,measure,3,1150.0,0.0,no_signal
2,r02_20260912_232823.jsonl,137,4125.001,0.0,exit,,,,
3,r03_20260912_222410.jsonl,0,0.0,0.0,enter,,,,
3,r03_20260912_222410.jsonl,1,5.0,5.0,measure,1,0.0,0.0,direction
3,r03_20260912_222410.jsonl,2,11.0,6.0,measure,2,0.0,0.0,direction
3,r03_20260912_222410.jsonl,3,17.0,6.0,measure,3,0.0,0.0,no_signal
3,r03_20260912_222410.jsonl,4,23.0,6.0,measure,4,0.0,0.0,no_signal
3,r03_20260912_222410.jsonl,5,29.0,6.0,measure,5,0.0,0.0,direction
3,r03_20260912_222410.jsonl,6,35.0,6.0,measure,6,0.0,0.0,no_signal
3,r03_20260912_222410.jsonl,7,41.0,6.0,measure,7,0.0,0.0,no_signal
3,r03_20260912_222410.jsonl,8,47.0,6.0,measure,8,0.0,0.0,no_signal
3,r03_20260912_222410.jsonl,9,53.0,6.0,measure,9,0.0,0.0,no_signal
3,r03_20260912_222410.jsonl,10,59.0,6.0,measure,10,0.0,0.0,no_signal
3,r03_20260912_222410.jsonl,11,65.0,6.0,measure,11,0.0,0.0,no_signal
3,r03_20260912_222410.jsonl,12,71.0,6.0,measure,12,0.0,0.0,no_signal
3,r03_20260912_222410.jsonl,13,77.0,6.0,measure,13,0.0,0.0,direction
3,r03_20260912_222410.jsonl,14,83.0,6.0,measure,14,0.0,0.0,no_signal
3,r03_20260912_222410.jsonl,15,89.0,6.0,measure,15,0.0,0.0,no_signal
3,r03_20260912_222410.jsonl,16,95.0,6.0,measure,16,0.0,0.0,direction
3,r03_20260912_222410.jsonl,17,101.0,6.0,measure,17,0.0,0.0,no_signal
3,r03_20260912_222410.jsonl,18,107.0,6.0,measure,18,0.0,0.0,no_signal
3,r03_20260912_222410.jsonl,19,113.0,6.0,measure,19,0.0,0.0,no_signal
3,r03_20260912_222410.jsonl,20,119.0,6.0,measure,20,0.0,0.0,no_signal
3,r03_20260912_222410.jsonl,21,195.0,76.0,measure,5,-223.804,-269.095,direction
3,r03_20260912_222410.jsonl,22,201.0,6.0,measure,1,-223.804,-269.095,direction
3,r03_20260912_222410.jsonl,23,207.0,6.0,measure,2,-223.804,-269.095,direction
3,r03_20260912_222410.jsonl,24,213.0,6.0,measure,13,-223.804,-269.095,direction
3,r03_20260912_222410.jsonl,25,219.0,6.0,measure,16,-223.804,-269.095,direction
3,r03_20260912_222410.jsonl,26,249.0,30.0,measure,5,-343.079,-282.263,direction
3,r03_20260912_222410.jsonl,27,278.0,29.0,measure,5,-440.379,-352.496,direction
3,r03_20260912_222410.jsonl,28,305.794,27.794,clear,5,-550.518,-381.802,success
3,r03_20260912_222410.jsonl,29,436.006,130.212,clear,13,8.372,-99.68,success
3,r03_20260912_222410.jsonl,30,473.001,36.995,measure,1,-23.813,51.915,direction
3,r03_20260912_222410.jsonl,31,502.001,29.0,measure,1,23.533,162.18,direction
3,r03_20260912_222410.jsonl,32,541.52,39.519,clear,1,27.704,334.723,success
3,r03_20260912_222410.jsonl,33,575.137,33.618,measure,2,46.677,471.502,direction
3,r03_20260912_222410.jsonl,34,604.137,29.0,measure,2,125.612,561.886,direction
3,r03_20260912_222410.jsonl,35,633.137,29.0,measure,2,148.001,679.779,direction
3,r03_20260912_222410.jsonl,36,657.08,23.943,clear,2,199.092,759.531,success
3,r03_20260912_222410.jsonl,37,733.08,76.0,measure,16,471.121,539.304,direction
3,r03_20260912_222410.jsonl,38,883.577,150.497,clear,16,794.188,-112.509,success
3,r03_20260912_222410.jsonl,39,964.212,80.635,measure,15,1150.0,0.0,no_signal
3,r03_20260912_222410.jsonl,40,970.212,6.0,measure,17,1150.0,0.0,no_signal
3,r03_20260912_222410.jsonl,41,976.212,6.0,measure,14,1150.0,0.0,direction
3,r03_20260912_222410.jsonl,42,982.212,6.0,measure,18,1150.0,0.0,no_signal
3,r03_20260912_222410.jsonl,43,988.212,6.0,measure,19,1150.0,0.0,no_signal
3,r03_20260912_222410.jsonl,44,994.212,6.0,measure,12,1150.0,0.0,no_signal
3,r03_20260912_222410.jsonl,45,1000.212,6.0,measure,20,1150.0,0.0,direction
3,r03_20260912_222410.jsonl,46,1006.212,6.0,measure,11,1150.0,0.0,no_signal
3,r03_20260912_222410.jsonl,47,1012.212,6.0,measure,10,1150.0,0.0,direction
3,r03_20260912_222410.jsonl,48,1018.212,6.0,measure,9,1150.0,0.0,no_signal
3,r03_20260912_222410.jsonl,49,1024.212,6.0,measure,8,1150.0,0.0,no_signal
3,r03_20260912_222410.jsonl,50,1030.212,6.0,measure,7,1150.0,0.0,no_signal
3,r03_20260912_222410.jsonl,51,1036.212,6.0,measure,6,1150.0,0.0,no_signal
3,r03_20260912_222410.jsonl,52,1042.212,6.0,measure,4,1150.0,0.0,no_signal
3,r03_20260912_222410.jsonl,53,1048.212,6.0,measure,3,1150.0,0.0,no_signal
3,r03_20260912_222410.jsonl,54,1054.212,6.0,measure,10,1150.0,0.0,direction
3,r03_20260912_222410.jsonl,55,1060.212,6.0,measure,14,1150.0,0.0,direction
3,r03_20260912_222410.jsonl,56,1066.212,6.0,measure,20,1150.0,0.0,direction
3,r03_20260912_222410.jsonl,57,1142.212,76.0,measure,10,1089.043,344.651,direction
3,r03_20260912_222410.jsonl,58,1195.885,53.673,clear,10,1199.452,561.529,success
3,r03_20260912_222410.jsonl,59,1271.885,76.0,measure,20,1036.271,871.161,direction
3,r03_20260912_222410.jsonl,60,1305.268,33.384,measure,20,1006.886,1010.003,direction
3,r03_20260912_222410.jsonl,61,1334.268,29.0,measure,20,929.428,1101.656,direction
3,r03_20260912_222410.jsonl,62,1363.268,29.0,measure,20,897.429,1217.311,direction
3,r03_20260912_222410.jsonl,63,1383.109,19.841,clear,20,854.339,1277.722,success
3,r03_20260912_222410.jsonl,64,1459.109,76.0,measure,14,736.873,1607.422,direction
3,r03_20260912_222410.jsonl,65,1515.802,56.692,measure,14,802.067,1357.318,direction
3,r03_20260912_222410.jsonl,66,1554.873,39.072,measure,14,965.685,1309.869,direction
3,r03_20260912_222410.jsonl,67,1585.939,31.065,measure,14,986.34,1181.19,direction
3,r03_20260912_222410.jsonl,68,1614.939,29.0,measure,14,1038.011,1072.884,direction
3,r03_20260912_222410.jsonl,69,1641.572,26.633,clear,14,1063.467,967.755,success
3,r03_20260912_222410.jsonl,70,1745.428,103.856,measure,15,575.0,995.929,no_signal
3,r03_20260912_222410.jsonl,71,1751.428,6.0,measure,12,575.0,995.929,no_signal
3,r03_20260912_222410.jsonl,72,1757.428,6.0,measure,11,575.0,995.929,no_signal
3,r03_20260912_222410.jsonl,73,1763.428,6.0,measure,17,575.0,995.929,no_signal
3,r03_20260912_222410.jsonl,74,1769.428,6.0,measure,18,575.0,995.929,no_signal
3,r03_20260912_222410.jsonl,75,1775.428,6.0,measure,9,575.0,995.929,no_signal
3,r03_20260912_222410.jsonl,76,1781.428,6.0,measure,19,575.0,995.929,direction
3,r03_20260912_222410.jsonl,77,1787.428,6.0,measure,8,575.0,995.929,no_signal
3,r03_20260912_222410.jsonl,78,1793.428,6.0,measure,7,575.0,995.929,no_signal
3,r03_20260912_222410.jsonl,79,1799.428,6.0,measure,6,575.0,995.929,no_signal
3,r03_20260912_222410.jsonl,80,1805.428,6.0,measure,4,575.0,995.929,no_signal
3,r03_20260912_222410.jsonl,81,1811.428,6.0,measure,3,575.0,995.929,no_signal
3,r03_20260912_222410.jsonl,82,1817.428,6.0,measure,19,575.0,995.929,direction
3,r03_20260912_222410.jsonl,83,1892.428,75.0,measure,19,721.642,1313.728,direction
3,r03_20260912_222410.jsonl,84,1987.349,94.921,clear,19,1159.276,1210.679,success
3,r03_20260912_222410.jsonl,85,2342.853,355.504,measure,18,-575.0,995.929,no_signal
3,r03_20260912_222410.jsonl,86,2348.853,6.0,measure,17,-575.0,995.929,no_signal
3,r03_20260912_222410.jsonl,87,2354.853,6.0,measure,15,-575.0,995.929,no_signal
3,r03_20260912_222410.jsonl,88,2360.853,6.0,measure,12,-575.0,995.929,no_signal
3,r03_20260912_222410.jsonl,89,2366.853,6.0,measure,11,-575.0,995.929,no_signal
3,r03_20260912_222410.jsonl,90,2372.853,6.0,measure,9,-575.0,995.929,no_signal
3,r03_20260912_222410.jsonl,91,2378.853,6.0,measure,8,-575.0,995.929,no_signal
3,r03_20260912_222410.jsonl,92,2384.853,6.0,measure,7,-575.0,995.929,no_signal
3,r03_20260912_222410.jsonl,93,2390.853,6.0,measure,6,-575.0,995.929,no_signal
3,r03_20260912_222410.jsonl,94,2396.853,6.0,measure,4,-575.0,995.929,no_signal
3,r03_20260912_222410.jsonl,95,2402.853,6.0,measure,3,-575.0,995.929,no_signal
3,r03_20260912_222410.jsonl,96,2637.853,235.0,measure,3,-1150.0,0.0,no_signal
3,r03_20260912_222410.jsonl,97,2643.853,6.0,measure,4,-1150.0,0.0,direction
3,r03_20260912_222410.jsonl,98,2649.853,6.0,measure,6,-1150.0,0.0,no_signal
3,r03_20260912_222410.jsonl,99,2655.853,6.0,measure,7,-1150.0,0.0,direction
3,r03_20260912_222410.jsonl,100,2661.853,6.0,measure,8,-1150.0,0.0,no_signal
3,r03_20260912_222410.jsonl,101,2667.853,6.0,measure,9,-1150.0,0.0,no_signal
3,r03_20260912_222410.jsonl,102,2673.853,6.0,measure,11,-1150.0,0.0,no_signal
3,r03_20260912_222410.jsonl,103,2679.853,6.0,measure,12,-1150.0,0.0,no_signal
3,r03_20260912_222410.jsonl,104,2685.853,6.0,measure,15,-1150.0,0.0,direction
3,r03_20260912_222410.jsonl,105,2691.853,6.0,measure,17,-1150.0,0.0,no_signal
3,r03_20260912_222410.jsonl,106,2697.853,6.0,measure,18,-1150.0,0.0,no_signal
3,r03_20260912_222410.jsonl,107,2703.853,6.0,measure,4,-1150.0,0.0,direction
3,r03_20260912_222410.jsonl,108,2709.853,6.0,measure,7,-1150.0,0.0,direction
3,r03_20260912_222410.jsonl,109,2715.853,6.0,measure,15,-1150.0,0.0,direction
3,r03_20260912_222410.jsonl,110,2791.853,76.0,measure,7,-1473.147,134.447,direction
3,r03_20260912_222410.jsonl,111,2847.981,56.128,clear,7,-1606.699,352.428,success
3,r03_20260912_222410.jsonl,112,2923.981,76.0,measure,15,-1553.516,6.492,direction
3,r03_20260912_222410.jsonl,113,2998.981,75.0,measure,15,-1538.31,-343.178,direction
3,r03_20260912_222410.jsonl,114,3058.03,59.049,measure,15,-1400.821,-575.834,direction
3,r03_20260912_222410.jsonl,115,3098.434,40.404,measure,15,-1376.475,-751.171,direction
3,r03_20260912_222410.jsonl,116,3127.434,29.0,measure,15,-1326.789,-860.401,direction
3,r03_20260912_222410.jsonl,117,3156.434,29.0,measure,15,-1302.87,-977.993,direction
3,r03_20260912_222410.jsonl,118,3184.634,28.201,measure,15,-1313.753,-1093.485,direction
3,r03_20260912_222410.jsonl,119,3200.016,15.381,clear,15,-1262.587,-1084.743,success
3,r03_20260912_222410.jsonl,120,3276.016,76.0,measure,4,-1171.646,-1422.722,direction
3,r03_20260912_222410.jsonl,121,3331.455,55.439,measure,4,-1109.439,-1178.317,direction
3,r03_20260912_222410.jsonl,122,3368.701,37.245,measure,4,-1151.127,-1022.573,direction
3,r03_20260912_222410.jsonl,123,3397.701,29.0,measure,4,-1134.446,-903.738,direction
3,r03_20260912_222410.jsonl,124,3426.701,29.0,measure,4,-1153.965,-785.336,direction
3,r03_20260912_222410.jsonl,125,3455.701,29.0,measure,4,-1135.148,-666.821,direction
3,r03_20260912_222410.jsonl,126,3470.978,15.277,measure,4,-1111.142,-712.255,direction
3,r03_20260912_222410.jsonl,127,3486.0,15.022,clear,4,-1148.844,-679.248,success
3,r03_20260912_222410.jsonl,128,3623.085,137.085,measure,3,-575.0,-995.929,direction
3,r03_20260912_222410.jsonl,129,3629.085,6.0,measure,6,-575.0,-995.929,no_signal
3,r03_20260912_222410.jsonl,130,3635.085,6.0,measure,8,-575.0,-995.929,no_signal
3,r03_20260912_222410.jsonl,131,3641.085,6.0,measure,9,-575.0,-995.929,direction
3,r03_20260912_222410.jsonl,132,3647.085,6.0,measure,11,-575.0,-995.929,no_signal
3,r03_20260912_222410.jsonl,133,3653.085,6.0,measure,12,-575.0,-995.929,direction
3,r03_20260912_222410.jsonl,134,3659.085,6.0,measure,17,-575.0,-995.929,no_signal
3,r03_20260912_222410.jsonl,135,3665.085,6.0,measure,18,-575.0,-995.929,no_signal
3,r03_20260912_222410.jsonl,136,3671.085,6.0,measure,3,-575.0,-995.929,direction
3,r03_20260912_222410.jsonl,137,3677.085,6.0,measure,9,-575.0,-995.929,direction
3,r03_20260912_222410.jsonl,138,3683.085,6.0,measure,12,-575.0,-995.929,direction
3,r03_20260912_222410.jsonl,139,3759.085,76.0,measure,3,-350.399,-1264.358,direction
3,r03_20260912_222410.jsonl,140,3798.206,39.122,measure,3,-345.308,-1434.89,direction
3,r03_20260912_222410.jsonl,141,3827.206,29.0,measure,3,-284.053,-1538.078,direction
3,r03_20260912_222410.jsonl,142,3856.206,29.0,measure,3,-269.2,-1657.155,direction
3,r03_20260912_222410.jsonl,143,3876.574,20.368,clear,3,-235.67,-1726.292,success
3,r03_20260912_222410.jsonl,144,3952.574,76.0,measure,12,-0.025,-1985.081,direction
3,r03_20260912_222410.jsonl,145,3989.07,36.496,measure,12,-59.221,-1839.152,direction
3,r03_20260912_222410.jsonl,146,4018.07,29.0,measure,12,-152.308,-1763.423,direction
3,r03_20260912_222410.jsonl,147,4047.07,29.0,measure,12,-206.673,-1656.444,direction
3,r03_20260912_222410.jsonl,148,4064.802,17.732,clear,12,-254.235,-1614.132,success
3,r03_20260912_222410.jsonl,149,4140.802,76.0,measure,9,95.421,-1629.643,direction
3,r03_20260912_222410.jsonl,150,4192.945,52.143,measure,9,329.562,-1602.428,direction
3,r03_20260912_222410.jsonl,151,4229.233,36.288,measure,9,456.736,-1511.321,direction
3,r03_20260912_222410.jsonl,152,4258.233,29.0,measure,9,573.834,-1485.091,direction
3,r03_20260912_222410.jsonl,153,4299.848,41.615,clear,9,741.446,-1411.457,success
3,r03_20260912_222410.jsonl,154,4395.373,95.525,measure,8,575.0,-995.929,no_signal
3,r03_20260912_222410.jsonl,155,4401.373,6.0,measure,11,575.0,-995.929,no_signal
3,r03_20260912_222410.jsonl,156,4407.373,6.0,measure,6,575.0,-995.929,no_signal
3,r03_20260912_222410.jsonl,157,4413.373,6.0,measure,17,575.0,-995.929,no_signal
3,r03_20260912_222410.jsonl,158,4419.373,6.0,measure,18,575.0,-995.929,no_signal
3,r03_20260912_222410.jsonl,159,4419.373,0.0,exit,,,,
3,r03_20260912_232834.jsonl,0,0.0,0.0,enter,,,,
3,r03_20260912_232834.jsonl,1,5.0,5.0,measure,1,0.0,0.0,no_signal
3,r03_20260912_232834.jsonl,2,11.0,6.0,measure,2,0.0,0.0,no_signal
3,r03_20260912_232834.jsonl,3,17.0,6.0,measure,3,0.0,0.0,direction
3,r03_20260912_232834.jsonl,4,23.0,6.0,measure,4,0.0,0.0,no_signal
3,r03_20260912_232834.jsonl,5,29.0,6.0,measure,5,0.0,0.0,no_signal
3,r03_20260912_232834.jsonl,6,35.0,6.0,measure,6,0.0,0.0,no_signal
3,r03_20260912_232834.jsonl,7,41.0,6.0,measure,7,0.0,0.0,direction
3,r03_20260912_232834.jsonl,8,47.0,6.0,measure,8,0.0,0.0,no_signal
3,r03_20260912_232834.jsonl,9,53.0,6.0,measure,9,0.0,0.0,no_signal
3,r03_20260912_232834.jsonl,10,59.0,6.0,measure,10,0.0,0.0,no_signal
3,r03_20260912_232834.jsonl,11,65.0,6.0,measure,11,0.0,0.0,no_signal
3,r03_20260912_232834.jsonl,12,71.0,6.0,measure,12,0.0,0.0,direction
3,r03_20260912_232834.jsonl,13,77.0,6.0,measure,13,0.0,0.0,no_signal
3,r03_20260912_232834.jsonl,14,83.0,6.0,measure,14,0.0,0.0,no_signal
3,r03_20260912_232834.jsonl,15,89.0,6.0,measure,15,0.0,0.0,direction
3,r03_20260912_232834.jsonl,16,95.0,6.0,measure,16,0.0,0.0,no_signal
3,r03_20260912_232834.jsonl,17,101.0,6.0,measure,17,0.0,0.0,no_signal
3,r03_20260912_232834.jsonl,18,107.0,6.0,measure,18,0.0,0.0,no_signal
3,r03_20260912_232834.jsonl,19,113.0,6.0,measure,19,0.0,0.0,direction
3,r03_20260912_232834.jsonl,20,119.0,6.0,measure,20,0.0,0.0,no_signal
3,r03_20260912_232834.jsonl,21,195.0,76.0,measure,15,93.062,-337.401,direction
3,r03_20260912_232834.jsonl,22,201.0,6.0,measure,3,93.062,-337.401,direction
3,r03_20260912_232834.jsonl,23,207.0,6.0,measure,7,93.062,-337.401,direction
3,r03_20260912_232834.jsonl,24,213.0,6.0,measure,12,93.062,-337.401,direction
3,r03_20260912_232834.jsonl,25,219.0,6.0,measure,19,93.062,-337.401,direction
3,r03_20260912_232834.jsonl,26,278.088,59.088,measure,15,6.906,-588.471,direction
3,r03_20260912_232834.jsonl,27,320.271,42.183,measure,15,36.902,-771.95,direction
3,r03_20260912_232834.jsonl,28,349.655,29.384,measure,15,8.37,-890.484,direction
3,r03_20260912_232834.jsonl,29,378.655,29.0,measure,15,13.734,-1010.364,direction
3,r03_20260912_232834.jsonl,30,407.655,29.0,measure,15,-13.456,-1127.243,direction
3,r03_20260912_232834.jsonl,31,429.362,21.707,measure,15,-60.745,-1196.106,direction
3,r03_20260912_232834.jsonl,32,444.435,15.073,clear,15,-10.517,-1192.423,success
3,r03_20260912_232834.jsonl,33,514.35,69.915,measure,3,156.26,-919.816,direction
3,r03_20260912_232834.jsonl,34,638.668,124.317,clear,3,619.35,-543.7,success
3,r03_20260912_232834.jsonl,35,713.725,75.058,measure,19,330.907,-353.898,direction
3,r03_20260912_232834.jsonl,36,782.168,68.442,measure,19,247.641,-47.81,direction
3,r03_20260912_232834.jsonl,37,904.296,122.128,clear,19,-84.819,434.316,success
3,r03_20260912_232834.jsonl,38,968.24,63.945,measure,12,176.709,558.986,direction
3,r03_20260912_232834.jsonl,39,1081.904,113.664,clear,12,719.899,570.804,success
3,r03_20260912_232834.jsonl,40,1157.904,76.0,measure,7,523.091,281.38,no_signal
3,r03_20260912_232834.jsonl,41,1232.904,75.0,measure,7,204.835,135.732,direction
3,r03_20260912_232834.jsonl,42,1307.904,75.0,measure,7,-14.313,-137.167,direction
3,r03_20260912_232834.jsonl,43,1363.533,55.629,measure,7,-236.299,-258.843,direction
3,r03_20260912_232834.jsonl,44,1402.005,38.471,measure,7,-354.784,-377.037,direction
3,r03_20260912_232834.jsonl,45,1431.005,29.0,measure,7,-456.363,-440.925,direction
3,r03_20260912_232834.jsonl,46,1479.061,48.057,measure,7,-650.337,-534.311,direction
3,r03_20260912_232834.jsonl,47,1494.009,14.948,clear,7,-621.698,-574.979,success
3,r03_20260912_232834.jsonl,48,1584.716,90.706,measure,6,-575.0,-995.929,no_signal
3,r03_20260912_232834.jsonl,49,1590.716,6.0,measure,8,-575.0,-995.929,no_signal
3,r03_20260912_232834.jsonl,50,1596.716,6.0,measure,5,-575.0,-995.929,no_signal
3,r03_20260912_232834.jsonl,51,1602.716,6.0,measure,9,-575.0,-995.929,no_signal
3,r03_20260912_232834.jsonl,52,1608.716,6.0,measure,4,-575.0,-995.929,no_signal
3,r03_20260912_232834.jsonl,53,1614.716,6.0,measure,10,-575.0,-995.929,no_signal
3,r03_20260912_232834.jsonl,54,1620.716,6.0,measure,11,-575.0,-995.929,no_signal
3,r03_20260912_232834.jsonl,55,1626.716,6.0,measure,2,-575.0,-995.929,no_signal
3,r03_20260912_232834.jsonl,56,1632.716,6.0,measure,1,-575.0,-995.929,no_signal
3,r03_20260912_232834.jsonl,57,1638.716,6.0,measure,13,-575.0,-995.929,no_signal
3,r03_20260912_232834.jsonl,58,1644.716,6.0,measure,14,-575.0,-995.929,no_signal
3,r03_20260912_232834.jsonl,59,1650.716,6.0,measure,16,-575.0,-995.929,no_signal
3,r03_20260912_232834.jsonl,60,1656.716,6.0,measure,17,-575.0,-995.929,no_signal
3,r03_20260912_232834.jsonl,61,1662.716,6.0,measure,18,-575.0,-995.929,no_signal
3,r03_20260912_232834.jsonl,62,1668.716,6.0,measure,20,-575.0,-995.929,direction
3,r03_20260912_232834.jsonl,63,1673.716,5.0,measure,20,-575.0,-995.929,direction
3,r03_20260912_232834.jsonl,64,1748.716,75.0,measure,20,-923.498,-963.538,direction
3,r03_20260912_232834.jsonl,65,1795.447,46.731,measure,20,-1079.65,-825.143,direction
3,r03_20260912_232834.jsonl,66,1828.044,32.597,measure,20,-1214.395,-795.406,direction
3,r03_20260912_232834.jsonl,67,1857.044,29.0,measure,20,-1312.784,-726.707,direction
3,r03_20260912_232834.jsonl,68,1886.044,29.0,measure,20,-1427.824,-692.563,direction
3,r03_20260912_232834.jsonl,69,1905.348,19.304,clear,20,-1489.417,-656.214,success
3,r03_20260912_232834.jsonl,70,2059.107,153.759,measure,18,-1150.0,0.0,no_signal
3,r03_20260912_232834.jsonl,71,2065.107,6.0,measure,17,-1150.0,0.0,no_signal
3,r03_20260912_232834.jsonl,72,2071.107,6.0,measure,16,-1150.0,0.0,no_signal
3,r03_20260912_232834.jsonl,73,2077.107,6.0,measure,14,-1150.0,0.0,no_signal
3,r03_20260912_232834.jsonl,74,2083.107,6.0,measure,13,-1150.0,0.0,no_signal
3,r03_20260912_232834.jsonl,75,2089.107,6.0,measure,11,-1150.0,0.0,no_signal
3,r03_20260912_232834.jsonl,76,2095.107,6.0,measure,10,-1150.0,0.0,no_signal
3,r03_20260912_232834.jsonl,77,2101.107,6.0,measure,9,-1150.0,0.0,no_signal
3,r03_20260912_232834.jsonl,78,2107.107,6.0,measure,8,-1150.0,0.0,no_signal
3,r03_20260912_232834.jsonl,79,2113.107,6.0,measure,6,-1150.0,0.0,no_signal
3,r03_20260912_232834.jsonl,80,2119.107,6.0,measure,5,-1150.0,0.0,no_signal
3,r03_20260912_232834.jsonl,81,2125.107,6.0,measure,4,-1150.0,0.0,direction
3,r03_20260912_232834.jsonl,82,2131.107,6.0,measure,2,-1150.0,0.0,no_signal
3,r03_20260912_232834.jsonl,83,2137.107,6.0,measure,1,-1150.0,0.0,no_signal
3,r03_20260912_232834.jsonl,84,2143.107,6.0,measure,4,-1150.0,0.0,direction
3,r03_20260912_232834.jsonl,85,2218.107,75.0,measure,4,-1468.105,145.976,direction
3,r03_20260912_232834.jsonl,86,2254.191,36.084,clear,4,-1507.211,296.395,success
3,r03_20260912_232834.jsonl,87,2493.289,239.098,measure,5,-575.0,995.929,no_signal
3,r03_20260912_232834.jsonl,88,2499.289,6.0,measure,2,-575.0,995.929,no_signal
3,r03_20260912_232834.jsonl,89,2505.289,6.0,measure,6,-575.0,995.929,no_signal
3,r03_20260912_232834.jsonl,90,2511.289,6.0,measure,1,-575.0,995.929,no_signal
3,r03_20260912_232834.jsonl,91,2517.289,6.0,measure,8,-575.0,995.929,no_signal
3,r03_20260912_232834.jsonl,92,2523.289,6.0,measure,9,-575.0,995.929,no_signal
3,r03_20260912_232834.jsonl,93,2529.289,6.0,measure,10,-575.0,995.929,no_signal
3,r03_20260912_232834.jsonl,94,2535.289,6.0,measure,11,-575.0,995.929,direction
3,r03_20260912_232834.jsonl,95,2541.289,6.0,measure,13,-575.0,995.929,no_signal
3,r03_20260912_232834.jsonl,96,2547.289,6.0,measure,14,-575.0,995.929,no_signal
3,r03_20260912_232834.jsonl,97,2553.289,6.0,measure,16,-575.0,995.929,no_signal
3,r03_20260912_232834.jsonl,98,2559.289,6.0,measure,17,-575.0,995.929,no_signal
3,r03_20260912_232834.jsonl,99,2565.289,6.0,measure,18,-575.0,995.929,no_signal
3,r03_20260912_232834.jsonl,100,2571.289,6.0,measure,11,-575.0,995.929,direction
3,r03_20260912_232834.jsonl,101,2646.289,75.0,measure,11,-254.494,1136.555,direction
3,r03_20260912_232834.jsonl,102,2710.287,63.998,measure,11,36.033,1085.432,direction
3,r03_20260912_232834.jsonl,103,2753.364,43.077,measure,11,215.796,1148.138,direction
3,r03_20260912_232834.jsonl,104,2782.364,29.0,measure,11,335.527,1140.112,direction
3,r03_20260912_232834.jsonl,105,2811.364,29.0,measure,11,452.638,1166.285,direction
3,r03_20260912_232834.jsonl,106,2840.364,29.0,measure,11,572.338,1157.802,direction
3,r03_20260912_232834.jsonl,107,2858.218,17.854,measure,11,523.78,1115.7,direction
3,r03_20260912_232834.jsonl,108,2873.253,15.035,clear,11,529.208,1165.582,success
3,r03_20260912_232834.jsonl,109,2914.398,41.145,measure,10,575.0,995.929,no_signal
3,r03_20260912_232834.jsonl,110,2920.398,6.0,measure,9,575.0,995.929,no_signal
3,r03_20260912_232834.jsonl,111,2926.398,6.0,measure,13,575.0,995.929,no_signal
3,r03_20260912_232834.jsonl,112,2932.398,6.0,measure,8,575.0,995.929,no_signal
3,r03_20260912_232834.jsonl,113,2938.398,6.0,measure,14,575.0,995.929,no_signal
3,r03_20260912_232834.jsonl,114,2944.398,6.0,measure,6,575.0,995.929,no_signal
3,r03_20260912_232834.jsonl,115,2950.398,6.0,measure,16,575.0,995.929,no_signal
3,r03_20260912_232834.jsonl,116,2956.398,6.0,measure,5,575.0,995.929,no_signal
3,r03_20260912_232834.jsonl,117,2962.398,6.0,measure,17,575.0,995.929,no_signal
3,r03_20260912_232834.jsonl,118,2968.398,6.0,measure,18,575.0,995.929,no_signal
3,r03_20260912_232834.jsonl,119,2974.398,6.0,measure,2,575.0,995.929,no_signal
3,r03_20260912_232834.jsonl,120,2980.398,6.0,measure,1,575.0,995.929,no_signal
3,r03_20260912_232834.jsonl,121,3215.398,235.0,measure,1,1150.0,0.0,no_signal
3,r03_20260912_232834.jsonl,122,3221.398,6.0,measure,2,1150.0,0.0,direction
3,r03_20260912_232834.jsonl,123,3227.398,6.0,measure,5,1150.0,0.0,no_signal
3,r03_20260912_232834.jsonl,124,3233.398,6.0,measure,6,1150.0,0.0,no_signal
3,r03_20260912_232834.jsonl,125,3239.398,6.0,measure,8,1150.0,0.0,no_signal
3,r03_20260912_232834.jsonl,126,3245.398,6.0,measure,9,1150.0,0.0,no_signal
3,r03_20260912_232834.jsonl,127,3251.398,6.0,measure,10,1150.0,0.0,no_signal
3,r03_20260912_232834.jsonl,128,3257.398,6.0,measure,13,1150.0,0.0,no_signal
3,r03_20260912_232834.jsonl,129,3263.398,6.0,measure,14,1150.0,0.0,no_signal
3,r03_20260912_232834.jsonl,130,3269.398,6.0,measure,16,1150.0,0.0,no_signal
3,r03_20260912_232834.jsonl,131,3275.398,6.0,measure,17,1150.0,0.0,no_signal
3,r03_20260912_232834.jsonl,132,3281.398,6.0,measure,18,1150.0,0.0,no_signal
3,r03_20260912_232834.jsonl,133,3287.398,6.0,measure,2,1150.0,0.0,direction
3,r03_20260912_232834.jsonl,134,3362.398,75.0,measure,2,1258.737,332.681,direction
3,r03_20260912_232834.jsonl,135,3401.678,39.28,measure,2,1401.266,427.88,direction
3,r03_20260912_232834.jsonl,136,3430.678,29.0,measure,2,1456.135,534.601,direction
3,r03_20260912_232834.jsonl,137,3459.678,29.0,measure,2,1548.573,611.12,direction
3,r03_20260912_232834.jsonl,138,3483.322,23.644,clear,2,1598.786,689.662,success
3,r03_20260912_232834.jsonl,139,3883.751,400.429,measure,1,575.0,-995.929,no_signal
3,r03_20260912_232834.jsonl,140,3889.751,6.0,measure,5,575.0,-995.929,no_signal
3,r03_20260912_232834.jsonl,141,3895.751,6.0,measure,6,575.0,-995.929,no_signal
3,r03_20260912_232834.jsonl,142,3901.751,6.0,measure,8,575.0,-995.929,no_signal
3,r03_20260912_232834.jsonl,143,3907.751,6.0,measure,9,575.0,-995.929,no_signal
3,r03_20260912_232834.jsonl,144,3913.751,6.0,measure,10,575.0,-995.929,no_signal
3,r03_20260912_232834.jsonl,145,3919.751,6.0,measure,13,575.0,-995.929,no_signal
3,r03_20260912_232834.jsonl,146,3925.751,6.0,measure,14,575.0,-995.929,no_signal
3,r03_20260912_232834.jsonl,147,3931.751,6.0,measure,16,575.0,-995.929,no_signal
3,r03_20260912_232834.jsonl,148,3937.751,6.0,measure,17,575.0,-995.929,direction
3,r03_20260912_232834.jsonl,149,3943.751,6.0,measure,18,575.0,-995.929,no_signal
3,r03_20260912_232834.jsonl,150,3949.751,6.0,measure,17,575.0,-995.929,direction
3,r03_20260912_232834.jsonl,151,4024.751,75.0,measure,17,900.624,-867.597,direction
3,r03_20260912_232834.jsonl,152,4094.748,69.997,clear,17,600.647,-992.618,success
3,r03_20260912_232834.jsonl,153,4094.748,0.0,exit,,,,
4,r04_20260912_222432.jsonl,0,0.0,0.0,enter,,,,
4,r04_20260912_222432.jsonl,1,5.0,5.0,measure,1,0.0,0.0,no_signal
4,r04_20260912_222432.jsonl,2,11.0,6.0,measure,2,0.0,0.0,no_signal
4,r04_20260912_222432.jsonl,3,17.0,6.0,measure,3,0.0,0.0,no_signal
4,r04_20260912_222432.jsonl,4,23.0,6.0,measure,4,0.0,0.0,no_signal
4,r04_20260912_222432.jsonl,5,29.0,6.0,measure,5,0.0,0.0,direction
4,r04_20260912_222432.jsonl,6,35.0,6.0,measure,6,0.0,0.0,no_signal
4,r04_20260912_222432.jsonl,7,41.0,6.0,measure,7,0.0,0.0,no_signal
4,r04_20260912_222432.jsonl,8,47.0,6.0,measure,8,0.0,0.0,no_signal
4,r04_20260912_222432.jsonl,9,53.0,6.0,measure,9,0.0,0.0,direction
4,r04_20260912_222432.jsonl,10,59.0,6.0,measure,10,0.0,0.0,direction
4,r04_20260912_222432.jsonl,11,65.0,6.0,measure,11,0.0,0.0,direction
4,r04_20260912_222432.jsonl,12,71.0,6.0,measure,12,0.0,0.0,direction
4,r04_20260912_222432.jsonl,13,77.0,6.0,measure,13,0.0,0.0,no_signal
4,r04_20260912_222432.jsonl,14,83.0,6.0,measure,14,0.0,0.0,no_signal
4,r04_20260912_222432.jsonl,15,89.0,6.0,measure,15,0.0,0.0,no_signal
4,r04_20260912_222432.jsonl,16,95.0,6.0,measure,16,0.0,0.0,no_signal
4,r04_20260912_222432.jsonl,17,101.0,6.0,measure,17,0.0,0.0,direction
4,r04_20260912_222432.jsonl,18,107.0,6.0,measure,18,0.0,0.0,direction
4,r04_20260912_222432.jsonl,19,113.0,6.0,measure,19,0.0,0.0,no_signal
4,r04_20260912_222432.jsonl,20,119.0,6.0,measure,20,0.0,0.0,no_signal
4,r04_20260912_222432.jsonl,21,195.0,76.0,measure,11,-335.5,-99.698,direction
4,r04_20260912_222432.jsonl,22,201.0,6.0,measure,5,-335.5,-99.698,direction
4,r04_20260912_222432.jsonl,23,207.0,6.0,measure,9,-335.5,-99.698,direction
4,r04_20260912_222432.jsonl,24,213.0,6.0,measure,10,-335.5,-99.698,direction
4,r04_20260912_222432.jsonl,25,219.0,6.0,measure,12,-335.5,-99.698,direction
4,r04_20260912_222432.jsonl,26,225.0,6.0,measure,17,-335.5,-99.698,direction
4,r04_20260912_222432.jsonl,27,231.0,6.0,measure,18,-335.5,-99.698,direction
4,r04_20260912_222432.jsonl,28,285.71,54.71,measure,11,-566.558,-22.701,direction
4,r04_20260912_222432.jsonl,29,323.339,37.63,measure,11,-726.95,-52.56,direction
4,r04_20260912_222432.jsonl,30,352.339,29.0,measure,11,-844.155,-26.81,direction
4,r04_20260912_222432.jsonl,31,381.34,29.0,measure,11,-963.731,-36.894,direction
4,r04_20260912_222432.jsonl,32,410.34,29.0,measure,11,-1080.772,-10.409,direction
4,r04_20260912_222432.jsonl,33,425.755,15.415,measure,11,-1123.481,19.387,direction
4,r04_20260912_222432.jsonl,34,440.744,14.989,clear,11,-1094.888,-21.566,success
4,r04_20260912_222432.jsonl,35,516.744,76.0,measure,12,-928.415,286.309,direction
4,r04_20260912_222432.jsonl,36,674.676,157.931,clear,12,-341.413,776.339,success
4,r04_20260912_222432.jsonl,37,724.892,50.216,measure,18,-122.403,746.157,direction
4,r04_20260912_222432.jsonl,38,814.699,89.807,clear,18,222.993,500.174,success
4,r04_20260912_222432.jsonl,39,965.055,150.357,clear,10,34.386,-201.71,success
4,r04_20260912_222432.jsonl,40,1005.855,40.799,clear,5,-144.571,-197.979,success
4,r04_20260912_222432.jsonl,41,1052.479,46.625,measure,9,-270.756,-357.153,direction
4,r04_20260912_222432.jsonl,42,1137.797,85.318,clear,9,-619.169,-556.862,success
4,r04_20260912_222432.jsonl,43,1206.949,69.152,measure,17,-309.306,-617.6,direction
4,r04_20260912_222432.jsonl,44,1332.622,125.673,clear,17,191.685,-953.839,success
4,r04_20260912_222432.jsonl,45,1415.746,83.124,measure,16,575.0,-995.929,no_signal
4,r04_20260912_222432.jsonl,46,1421.746,6.0,measure,15,575.0,-995.929,no_signal
4,r04_20260912_222432.jsonl,47,1427.746,6.0,measure,19,575.0,-995.929,no_signal
4,r04_20260912_222432.jsonl,48,1433.746,6.0,measure,14,575.0,-995.929,no_signal
4,r04_20260912_222432.jsonl,49,1439.746,6.0,measure,20,575.0,-995.929,no_signal
4,r04_20260912_222432.jsonl,50,1445.746,6.0,measure,13,575.0,-995.929,no_signal
4,r04_20260912_222432.jsonl,51,1451.746,6.0,measure,8,575.0,-995.929,no_signal
4,r04_20260912_222432.jsonl,52,1457.746,6.0,measure,7,575.0,-995.929,no_signal
4,r04_20260912_222432.jsonl,53,1463.746,6.0,measure,6,575.0,-995.929,no_signal
4,r04_20260912_222432.jsonl,54,1469.746,6.0,measure,4,575.0,-995.929,no_signal
4,r04_20260912_222432.jsonl,55,1475.746,6.0,measure,3,575.0,-995.929,no_signal
4,r04_20260912_222432.jsonl,56,1481.746,6.0,measure,2,575.0,-995.929,no_signal
4,r04_20260912_222432.jsonl,57,1487.746,6.0,measure,1,575.0,-995.929,no_signal
4,r04_20260912_222432.jsonl,58,1722.746,235.0,measure,1,1150.0,0.0,direction
4,r04_20260912_222432.jsonl,59,1728.746,6.0,measure,2,1150.0,0.0,no_signal
4,r04_20260912_222432.jsonl,60,1734.746,6.0,measure,3,1150.0,0.0,no_signal
4,r04_20260912_222432.jsonl,61,1740.746,6.0,measure,4,1150.0,0.0,no_signal
4,r04_20260912_222432.jsonl,62,1746.746,6.0,measure,6,1150.0,0.0,no_signal
4,r04_20260912_222432.jsonl,63,1752.746,6.0,measure,7,1150.0,0.0,no_signal
4,r04_20260912_222432.jsonl,64,1758.746,6.0,measure,8,1150.0,0.0,no_signal
4,r04_20260912_222432.jsonl,65,1764.746,6.0,measure,13,1150.0,0.0,no_signal
4,r04_20260912_222432.jsonl,66,1770.746,6.0,measure,14,1150.0,0.0,no_signal
4,r04_20260912_222432.jsonl,67,1776.746,6.0,measure,15,1150.0,0.0,direction
4,r04_20260912_222432.jsonl,68,1782.746,6.0,measure,16,1150.0,0.0,no_signal
4,r04_20260912_222432.jsonl,69,1788.746,6.0,measure,19,1150.0,0.0,no_signal
4,r04_20260912_222432.jsonl,70,1794.746,6.0,measure,20,1150.0,0.0,no_signal
4,r04_20260912_222432.jsonl,71,1800.746,6.0,measure,1,1150.0,0.0,direction
4,r04_20260912_222432.jsonl,72,1806.746,6.0,measure,15,1150.0,0.0,direction
4,r04_20260912_222432.jsonl,73,1882.746,76.0,measure,1,1145.113,349.966,direction
4,r04_20260912_222432.jsonl,74,1907.218,24.472,clear,1,1224.072,293.008,success
4,r04_20260912_222432.jsonl,75,1983.218,76.0,measure,15,1159.209,636.945,direction
4,r04_20260912_222432.jsonl,76,2012.218,29.0,measure,15,1228.346,735.027,direction
4,r04_20260912_222432.jsonl,77,2024.948,12.73,clear,15,1215.334,771.421,success
4,r04_20260912_222432.jsonl,78,2166.658,141.71,measure,14,575.0,995.929,no_signal
4,r04_20260912_222432.jsonl,79,2172.658,6.0,measure,16,575.0,995.929,direction
4,r04_20260912_222432.jsonl,80,2178.658,6.0,measure,13,575.0,995.929,no_signal
4,r04_20260912_222432.jsonl,81,2184.658,6.0,measure,19,575.0,995.929,no_signal
4,r04_20260912_222432.jsonl,82,2190.658,6.0,measure,20,575.0,995.929,no_signal
4,r04_20260912_222432.jsonl,83,2196.658,6.0,measure,8,575.0,995.929,no_signal
4,r04_20260912_222432.jsonl,84,2202.658,6.0,measure,7,575.0,995.929,no_signal
4,r04_20260912_222432.jsonl,85,2208.658,6.0,measure,6,575.0,995.929,no_signal
4,r04_20260912_222432.jsonl,86,2214.658,6.0,measure,4,575.0,995.929,direction
4,r04_20260912_222432.jsonl,87,2220.658,6.0,measure,3,575.0,995.929,no_signal
4,r04_20260912_222432.jsonl,88,2226.658,6.0,measure,2,575.0,995.929,no_signal
4,r04_20260912_222432.jsonl,89,2232.658,6.0,measure,4,575.0,995.929,direction
4,r04_20260912_222432.jsonl,90,2238.658,6.0,measure,16,575.0,995.929,direction
4,r04_20260912_222432.jsonl,91,2314.658,76.0,measure,4,416.866,1308.169,direction
4,r04_20260912_222432.jsonl,92,2343.658,29.0,measure,4,449.963,1423.515,direction
4,r04_20260912_222432.jsonl,93,2372.658,29.0,measure,4,423.475,1540.555,direction
4,r04_20260912_222432.jsonl,94,2402.11,29.452,clear,4,440.518,1661.623,success
4,r04_20260912_222432.jsonl,95,2478.11,76.0,measure,16,243.334,1950.792,direction
4,r04_20260912_222432.jsonl,96,2553.11,75.0,measure,16,201.711,2298.308,direction
4,r04_20260912_222432.jsonl,97,2616.011,62.901,measure,16,319.228,2033.727,direction
4,r04_20260912_222432.jsonl,98,2653.325,37.314,measure,16,317.465,1872.168,direction
4,r04_20260912_222432.jsonl,99,2682.325,29.0,measure,16,349.714,1756.583,direction
4,r04_20260912_222432.jsonl,100,2711.325,29.0,measure,16,353.348,1636.638,direction
4,r04_20260912_222432.jsonl,101,2727.325,16.0,measure,16,319.366,1593.392,direction
4,r04_20260912_222432.jsonl,102,2742.407,15.082,clear,16,366.489,1611.3,success
4,r04_20260912_222432.jsonl,103,2973.359,230.952,measure,14,-575.0,995.929,no_signal
4,r04_20260912_222432.jsonl,104,2979.359,6.0,measure,13,-575.0,995.929,no_signal
4,r04_20260912_222432.jsonl,105,2985.359,6.0,measure,19,-575.0,995.929,no_signal
4,r04_20260912_222432.jsonl,106,2991.359,6.0,measure,20,-575.0,995.929,no_signal
4,r04_20260912_222432.jsonl,107,2997.359,6.0,measure,8,-575.0,995.929,no_signal
4,r04_20260912_222432.jsonl,108,3003.359,6.0,measure,7,-575.0,995.929,no_signal
4,r04_20260912_222432.jsonl,109,3009.359,6.0,measure,6,-575.0,995.929,no_signal
4,r04_20260912_222432.jsonl,110,3015.359,6.0,measure,3,-575.0,995.929,no_signal
4,r04_20260912_222432.jsonl,111,3021.359,6.0,measure,2,-575.0,995.929,no_signal
4,r04_20260912_222432.jsonl,112,3256.359,235.0,measure,2,-1150.0,0.0,no_signal
4,r04_20260912_222432.jsonl,113,3262.359,6.0,measure,3,-1150.0,0.0,no_signal
4,r04_20260912_222432.jsonl,114,3268.359,6.0,measure,6,-1150.0,0.0,no_signal
4,r04_20260912_222432.jsonl,115,3274.359,6.0,measure,7,-1150.0,0.0,no_signal
4,r04_20260912_222432.jsonl,116,3280.359,6.0,measure,8,-1150.0,0.0,no_signal
4,r04_20260912_222432.jsonl,117,3286.359,6.0,measure,13,-1150.0,0.0,direction
4,r04_20260912_222432.jsonl,118,3292.359,6.0,measure,14,-1150.0,0.0,no_signal
4,r04_20260912_222432.jsonl,119,3298.359,6.0,measure,19,-1150.0,0.0,no_signal
4,r04_20260912_222432.jsonl,120,3304.359,6.0,measure,20,-1150.0,0.0,no_signal
4,r04_20260912_222432.jsonl,121,3310.359,6.0,measure,13,-1150.0,0.0,direction
4,r04_20260912_222432.jsonl,122,3385.359,75.0,measure,13,-1119.313,-348.652,direction
4,r04_20260912_222432.jsonl,123,3426.029,40.67,measure,13,-1215.69,-498.717,direction
4,r04_20260912_222432.jsonl,124,3455.029,29.0,measure,13,-1223.181,-618.483,direction
4,r04_20260912_222432.jsonl,125,3484.029,29.0,measure,13,-1275.915,-726.275,direction
4,r04_20260912_222432.jsonl,126,3513.029,29.0,measure,13,-1288.74,-845.588,direction
4,r04_20260912_222432.jsonl,127,3525.072,12.044,clear,13,-1309.61,-873.956,success
4,r04_20260912_222432.jsonl,128,3680.006,154.933,measure,14,-575.0,-995.929,no_signal
4,r04_20260912_222432.jsonl,129,3686.006,6.0,measure,8,-575.0,-995.929,no_signal
4,r04_20260912_222432.jsonl,130,3692.006,6.0,measure,7,-575.0,-995.929,no_signal
4,r04_20260912_222432.jsonl,131,3698.006,6.0,measure,19,-575.0,-995.929,no_signal
4,r04_20260912_222432.jsonl,132,3704.006,6.0,measure,6,-575.0,-995.929,no_signal
4,r04_20260912_222432.jsonl,133,3710.006,6.0,measure,20,-575.0,-995.929,no_signal
4,r04_20260912_222432.jsonl,134,3716.006,6.0,measure,3,-575.0,-995.929,no_signal
4,r04_20260912_222432.jsonl,135,3722.006,6.0,measure,2,-575.0,-995.929,no_signal
4,r04_20260912_222432.jsonl,136,3722.006,0.0,exit,,,,
4,r04_20260912_232845.jsonl,0,0.0,0.0,enter,,,,
4,r04_20260912_232845.jsonl,1,5.0,5.0,measure,1,0.0,0.0,no_signal
4,r04_20260912_232845.jsonl,2,11.0,6.0,measure,2,0.0,0.0,no_signal
4,r04_20260912_232845.jsonl,3,17.0,6.0,measure,3,0.0,0.0,no_signal
4,r04_20260912_232845.jsonl,4,23.0,6.0,measure,4,0.0,0.0,no_signal
4,r04_20260912_232845.jsonl,5,29.0,6.0,measure,5,0.0,0.0,direction
4,r04_20260912_232845.jsonl,6,35.0,6.0,measure,6,0.0,0.0,no_signal
4,r04_20260912_232845.jsonl,7,41.0,6.0,measure,7,0.0,0.0,direction
4,r04_20260912_232845.jsonl,8,47.0,6.0,measure,8,0.0,0.0,direction
4,r04_20260912_232845.jsonl,9,53.0,6.0,measure,9,0.0,0.0,no_signal
4,r04_20260912_232845.jsonl,10,59.0,6.0,measure,10,0.0,0.0,no_signal
4,r04_20260912_232845.jsonl,11,65.0,6.0,measure,11,0.0,0.0,direction
4,r04_20260912_232845.jsonl,12,71.0,6.0,measure,12,0.0,0.0,no_signal
4,r04_20260912_232845.jsonl,13,77.0,6.0,measure,13,0.0,0.0,no_signal
4,r04_20260912_232845.jsonl,14,83.0,6.0,measure,14,0.0,0.0,no_signal
4,r04_20260912_232845.jsonl,15,89.0,6.0,measure,15,0.0,0.0,no_signal
4,r04_20260912_232845.jsonl,16,95.0,6.0,measure,16,0.0,0.0,direction
4,r04_20260912_232845.jsonl,17,101.0,6.0,measure,17,0.0,0.0,no_signal
4,r04_20260912_232845.jsonl,18,107.0,6.0,measure,18,0.0,0.0,no_signal
4,r04_20260912_232845.jsonl,19,113.0,6.0,measure,19,0.0,0.0,direction
4,r04_20260912_232845.jsonl,20,119.0,6.0,measure,20,0.0,0.0,no_signal
4,r04_20260912_232845.jsonl,21,195.0,76.0,measure,8,87.515,-338.882,direction
4,r04_20260912_232845.jsonl,22,201.0,6.0,measure,5,87.515,-338.882,direction
4,r04_20260912_232845.jsonl,23,207.0,6.0,measure,7,87.515,-338.882,direction
4,r04_20260912_232845.jsonl,24,213.0,6.0,measure,11,87.515,-338.882,direction
4,r04_20260912_232845.jsonl,25,219.0,6.0,measure,16,87.515,-338.882,direction
4,r04_20260912_232845.jsonl,26,225.0,6.0,measure,19,87.515,-338.882,direction
4,r04_20260912_232845.jsonl,27,255.0,30.0,measure,8,21.44,-439.052,direction
4,r04_20260912_232845.jsonl,28,286.745,31.745,clear,8,-0.659,-570.937,success
4,r04_20260912_232845.jsonl,29,352.649,65.905,clear,11,-304.436,-592.252,success
4,r04_20260912_232845.jsonl,30,401.804,49.154,measure,7,-432.352,-418.486,direction
4,r04_20260912_232845.jsonl,31,489.212,87.408,clear,7,-529.006,-17.942,success
4,r04_20260912_232845.jsonl,32,543.957,54.745,measure,16,-685.66,168.773,direction
4,r04_20260912_232845.jsonl,33,584.936,40.979,measure,16,-710.856,346.894,direction
4,r04_20260912_232845.jsonl,34,613.936,29.0,measure,16,-783.155,442.669,direction
4,r04_20260912_232845.jsonl,35,642.936,29.0,measure,16,-813.462,558.779,direction
4,r04_20260912_232845.jsonl,36,672.964,30.028,clear,16,-877.445,666.325,success
4,r04_20260912_232845.jsonl,37,748.964,76.0,measure,5,-916.797,318.544,direction
4,r04_20260912_232845.jsonl,38,967.986,219.021,clear,5,-1305.839,-678.339,success
4,r04_20260912_232845.jsonl,39,1378.82,410.835,clear,19,630.114,-70.369,success
4,r04_20260912_232845.jsonl,40,1489.745,110.925,measure,4,1150.0,0.0,direction
4,r04_20260912_232845.jsonl,41,1495.745,6.0,measure,6,1150.0,0.0,no_signal
4,r04_20260912_232845.jsonl,42,1501.745,6.0,measure,3,1150.0,0.0,no_signal
4,r04_20260912_232845.jsonl,43,1507.745,6.0,measure,2,1150.0,0.0,no_signal
4,r04_20260912_232845.jsonl,44,1513.745,6.0,measure,1,1150.0,0.0,no_signal
4,r04_20260912_232845.jsonl,45,1519.745,6.0,measure,9,1150.0,0.0,no_signal
4,r04_20260912_232845.jsonl,46,1525.745,6.0,measure,10,1150.0,0.0,no_signal
4,r04_20260912_232845.jsonl,47,1531.745,6.0,measure,12,1150.0,0.0,no_signal
4,r04_20260912_232845.jsonl,48,1537.745,6.0,measure,13,1150.0,0.0,no_signal
4,r04_20260912_232845.jsonl,49,1543.745,6.0,measure,14,1150.0,0.0,no_signal
4,r04_20260912_232845.jsonl,50,1549.745,6.0,measure,15,1150.0,0.0,direction
4,r04_20260912_232845.jsonl,51,1555.745,6.0,measure,17,1150.0,0.0,no_signal
4,r04_20260912_232845.jsonl,52,1561.745,6.0,measure,18,1150.0,0.0,no_signal
4,r04_20260912_232845.jsonl,53,1567.745,6.0,measure,20,1150.0,0.0,no_signal
4,r04_20260912_232845.jsonl,54,1573.745,6.0,measure,4,1150.0,0.0,direction
4,r04_20260912_232845.jsonl,55,1579.745,6.0,measure,15,1150.0,0.0,direction
4,r04_20260912_232845.jsonl,56,1655.745,76.0,measure,4,1416.261,-227.167,direction
4,r04_20260912_232845.jsonl,57,1682.921,27.176,clear,4,1305.393,-225.667,success
4,r04_20260912_232845.jsonl,58,1758.921,76.0,measure,15,1281.405,123.51,direction
4,r04_20260912_232845.jsonl,59,1813.131,54.21,measure,15,1344.922,361.221,direction
4,r04_20260912_232845.jsonl,60,1851.759,38.628,measure,15,1305.153,524.59,direction
4,r04_20260912_232845.jsonl,61,1880.759,29.0,measure,15,1323.822,643.129,direction
4,r04_20260912_232845.jsonl,62,1909.759,29.0,measure,15,1306.946,761.936,direction
4,r04_20260912_232845.jsonl,63,1938.759,29.0,measure,15,1326.861,880.272,direction
4,r04_20260912_232845.jsonl,64,1953.838,15.079,measure,15,1329.919,930.574,direction
4,r04_20260912_232845.jsonl,65,1968.838,15.0,clear,15,1314.355,883.058,success
4,r04_20260912_232845.jsonl,66,2124.422,155.584,measure,14,575.0,995.929,no_signal
4,r04_20260912_232845.jsonl,67,2130.422,6.0,measure,13,575.0,995.929,no_signal
4,r04_20260912_232845.jsonl,68,2136.422,6.0,measure,17,575.0,995.929,no_signal
4,r04_20260912_232845.jsonl,69,2142.422,6.0,measure,12,575.0,995.929,no_signal
4,r04_20260912_232845.jsonl,70,2148.422,6.0,measure,18,575.0,995.929,no_signal
4,r04_20260912_232845.jsonl,71,2154.422,6.0,measure,10,575.0,995.929,no_signal
4,r04_20260912_232845.jsonl,72,2160.422,6.0,measure,20,575.0,995.929,direction
4,r04_20260912_232845.jsonl,73,2166.422,6.0,measure,9,575.0,995.929,direction
4,r04_20260912_232845.jsonl,74,2172.422,6.0,measure,6,575.0,995.929,no_signal
4,r04_20260912_232845.jsonl,75,2178.422,6.0,measure,3,575.0,995.929,no_signal
4,r04_20260912_232845.jsonl,76,2184.422,6.0,measure,2,575.0,995.929,no_signal
4,r04_20260912_232845.jsonl,77,2190.422,6.0,measure,1,575.0,995.929,no_signal
4,r04_20260912_232845.jsonl,78,2196.422,6.0,measure,9,575.0,995.929,direction
4,r04_20260912_232845.jsonl,79,2202.422,6.0,measure,20,575.0,995.929,direction
4,r04_20260912_232845.jsonl,80,2277.422,75.0,measure,20,368.14,1278.257,direction
4,r04_20260912_232845.jsonl,81,2328.444,51.021,clear,20,376.593,1508.209,success
4,r04_20260912_232845.jsonl,82,2404.444,76.0,measure,9,102.604,1725.993,direction
4,r04_20260912_232845.jsonl,83,2421.41,16.966,clear,9,73.093,1673.946,success
4,r04_20260912_232845.jsonl,84,2614.998,193.588,measure,10,-575.0,995.929,no_signal
4,r04_20260912_232845.jsonl,85,2620.998,6.0,measure,6,-575.0,995.929,no_signal
4,r04_20260912_232845.jsonl,86,2626.998,6.0,measure,12,-575.0,995.929,no_signal
4,r04_20260912_232845.jsonl,87,2632.998,6.0,measure,13,-575.0,995.929,direction
4,r04_20260912_232845.jsonl,88,2638.998,6.0,measure,14,-575.0,995.929,no_signal
4,r04_20260912_232845.jsonl,89,2644.998,6.0,measure,3,-575.0,995.929,no_signal
4,r04_20260912_232845.jsonl,90,2650.998,6.0,measure,2,-575.0,995.929,no_signal
4,r04_20260912_232845.jsonl,91,2656.998,6.0,measure,1,-575.0,995.929,no_signal
4,r04_20260912_232845.jsonl,92,2662.998,6.0,measure,17,-575.0,995.929,no_signal
4,r04_20260912_232845.jsonl,93,2668.998,6.0,measure,18,-575.0,995.929,no_signal
4,r04_20260912_232845.jsonl,94,2674.998,6.0,measure,13,-575.0,995.929,direction
4,r04_20260912_232845.jsonl,95,2749.998,75.0,measure,13,-792.689,1269.994,direction
4,r04_20260912_232845.jsonl,96,2785.49,35.492,clear,13,-660.874,1193.383,success
4,r04_20260912_232845.jsonl,97,3049.437,263.946,measure,12,-1150.0,0.0,direction
4,r04_20260912_232845.jsonl,98,3055.437,6.0,measure,14,-1150.0,0.0,no_signal
4,r04_20260912_232845.jsonl,99,3061.437,6.0,measure,10,-1150.0,0.0,no_signal
4,r04_20260912_232845.jsonl,100,3067.437,6.0,measure,17,-1150.0,0.0,no_signal
4,r04_20260912_232845.jsonl,101,3073.437,6.0,measure,18,-1150.0,0.0,no_signal
4,r04_20260912_232845.jsonl,102,3079.437,6.0,measure,6,-1150.0,0.0,no_signal
4,r04_20260912_232845.jsonl,103,3085.437,6.0,measure,3,-1150.0,0.0,no_signal
4,r04_20260912_232845.jsonl,104,3091.437,6.0,measure,2,-1150.0,0.0,direction
4,r04_20260912_232845.jsonl,105,3097.437,6.0,measure,1,-1150.0,0.0,no_signal
4,r04_20260912_232845.jsonl,106,3103.437,6.0,measure,2,-1150.0,0.0,direction
4,r04_20260912_232845.jsonl,107,3109.437,6.0,measure,12,-1150.0,0.0,direction
4,r04_20260912_232845.jsonl,108,3184.437,75.0,measure,12,-1499.351,-21.306,direction
4,r04_20260912_232845.jsonl,109,3219.065,34.628,clear,12,-1595.894,91.056,success
4,r04_20260912_232845.jsonl,110,3295.065,76.0,measure,2,-1895.018,-90.671,direction
4,r04_20260912_232845.jsonl,111,3351.573,56.508,clear,2,-1642.952,-143.486,success
4,r04_20260912_232845.jsonl,112,3630.862,279.29,measure,1,-575.0,-995.929,direction
4,r04_20260912_232845.jsonl,113,3636.862,6.0,measure,3,-575.0,-995.929,no_signal
4,r04_20260912_232845.jsonl,114,3642.862,6.0,measure,6,-575.0,-995.929,no_signal
4,r04_20260912_232845.jsonl,115,3648.862,6.0,measure,10,-575.0,-995.929,no_signal
4,r04_20260912_232845.jsonl,116,3654.862,6.0,measure,14,-575.0,-995.929,no_signal
4,r04_20260912_232845.jsonl,117,3660.862,6.0,measure,17,-575.0,-995.929,no_signal
4,r04_20260912_232845.jsonl,118,3666.862,6.0,measure,18,-575.0,-995.929,no_signal
4,r04_20260912_232845.jsonl,119,3672.862,6.0,measure,1,-575.0,-995.929,direction
4,r04_20260912_232845.jsonl,120,3747.862,75.0,measure,1,-225.323,-980.906,direction
4,r04_20260912_232845.jsonl,121,3798.144,50.281,measure,1,-35.636,-1104.514,direction
4,r04_20260912_232845.jsonl,122,3833.316,35.172,measure,1,114.831,-1115.397,direction
4,r04_20260912_232845.jsonl,123,3862.316,29.0,measure,1,221.629,-1170.117,direction
4,r04_20260912_232845.jsonl,124,3891.316,29.0,measure,1,340.096,-1189.236,direction
4,r04_20260912_232845.jsonl,125,3920.316,29.0,measure,1,443.867,-1249.499,direction
4,r04_20260912_232845.jsonl,126,3936.379,16.063,measure,1,389.6,-1260.226,direction
4,r04_20260912_232845.jsonl,127,3951.428,15.049,clear,1,424.563,-1224.141,success
4,r04_20260912_232845.jsonl,128,4012.095,60.667,measure,3,575.0,-995.929,no_signal
4,r04_20260912_232845.jsonl,129,4018.095,6.0,measure,6,575.0,-995.929,direction
4,r04_20260912_232845.jsonl,130,4024.095,6.0,measure,10,575.0,-995.929,no_signal
4,r04_20260912_232845.jsonl,131,4030.095,6.0,measure,14,575.0,-995.929,no_signal
4,r04_20260912_232845.jsonl,132,4036.095,6.0,measure,17,575.0,-995.929,no_signal
4,r04_20260912_232845.jsonl,133,4042.095,6.0,measure,18,575.0,-995.929,no_signal
4,r04_20260912_232845.jsonl,134,4048.095,6.0,measure,6,575.0,-995.929,direction
4,r04_20260912_232845.jsonl,135,4123.095,75.0,measure,6,626.915,-1342.057,direction
4,r04_20260912_232845.jsonl,136,4153.353,30.258,measure,6,557.193,-1447.355,direction
4,r04_20260912_232845.jsonl,137,4182.353,29.0,measure,6,547.234,-1566.941,direction
4,r04_20260912_232845.jsonl,138,4212.738,30.385,clear,6,492.717,-1681.564,success
4,r04_20260912_232845.jsonl,139,4212.738,0.0,exit,,,,
5,r05_20260912_222445.jsonl,0,0.0,0.0,enter,,,,
5,r05_20260912_222445.jsonl,1,5.0,5.0,measure,1,0.0,0.0,no_signal
5,r05_20260912_222445.jsonl,2,11.0,6.0,measure,2,0.0,0.0,direction
5,r05_20260912_222445.jsonl,3,17.0,6.0,measure,3,0.0,0.0,direction
5,r05_20260912_222445.jsonl,4,23.0,6.0,measure,4,0.0,0.0,no_signal
5,r05_20260912_222445.jsonl,5,29.0,6.0,measure,5,0.0,0.0,no_signal
5,r05_20260912_222445.jsonl,6,35.0,6.0,measure,6,0.0,0.0,no_signal
5,r05_20260912_222445.jsonl,7,41.0,6.0,measure,7,0.0,0.0,no_signal
5,r05_20260912_222445.jsonl,8,47.0,6.0,measure,8,0.0,0.0,no_signal
5,r05_20260912_222445.jsonl,9,53.0,6.0,measure,9,0.0,0.0,no_signal
5,r05_20260912_222445.jsonl,10,59.0,6.0,measure,10,0.0,0.0,no_signal
5,r05_20260912_222445.jsonl,11,65.0,6.0,measure,11,0.0,0.0,no_signal
5,r05_20260912_222445.jsonl,12,71.0,6.0,measure,12,0.0,0.0,no_signal
5,r05_20260912_222445.jsonl,13,77.0,6.0,measure,13,0.0,0.0,no_signal
5,r05_20260912_222445.jsonl,14,83.0,6.0,measure,14,0.0,0.0,no_signal
5,r05_20260912_222445.jsonl,15,89.0,6.0,measure,15,0.0,0.0,direction
5,r05_20260912_222445.jsonl,16,95.0,6.0,measure,16,0.0,0.0,no_signal
5,r05_20260912_222445.jsonl,17,101.0,6.0,measure,17,0.0,0.0,no_signal
5,r05_20260912_222445.jsonl,18,107.0,6.0,measure,18,0.0,0.0,no_signal
5,r05_20260912_222445.jsonl,19,113.0,6.0,measure,19,0.0,0.0,no_signal
5,r05_20260912_222445.jsonl,20,119.0,6.0,measure,20,0.0,0.0,no_signal
5,r05_20260912_222445.jsonl,21,195.0,76.0,measure,3,-60.657,-344.704,direction
5,r05_20260912_222445.jsonl,22,201.0,6.0,measure,2,-60.657,-344.704,direction
5,r05_20260912_222445.jsonl,23,207.0,6.0,measure,15,-60.657,-344.704,direction
5,r05_20260912_222445.jsonl,24,236.028,29.028,clear,3,-109.281,-234.846,success
5,r05_20260912_222445.jsonl,25,358.419,122.392,clear,15,484.618,-295.212,no_target_in_range
5,r05_20260912_222445.jsonl,26,366.102,7.683,clear,15,508.029,-294.842,no_target_in_range
5,r05_20260912_222445.jsonl,27,376.173,10.071,clear,15,483.029,-269.842,no_target_in_range
5,r05_20260912_222445.jsonl,28,388.244,12.071,clear,15,458.029,-294.842,success
5,r05_20260912_222445.jsonl,29,451.907,63.663,measure,2,443.351,-582.784,direction
5,r05_20260912_222445.jsonl,30,555.469,103.562,clear,2,177.681,-997.851,success
5,r05_20260912_222445.jsonl,31,640.934,85.465,measure,1,575.0,-995.929,no_signal
5,r05_20260912_222445.jsonl,32,646.934,6.0,measure,4,575.0,-995.929,no_signal
5,r05_20260912_222445.jsonl,33,652.934,6.0,measure,5,575.0,-995.929,no_signal
5,r05_20260912_222445.jsonl,34,658.934,6.0,measure,6,575.0,-995.929,direction
5,r05_20260912_222445.jsonl,35,664.934,6.0,measure,7,575.0,-995.929,no_signal
5,r05_20260912_222445.jsonl,36,670.934,6.0,measure,8,575.0,-995.929,no_signal
5,r05_20260912_222445.jsonl,37,676.934,6.0,measure,9,575.0,-995.929,no_signal
5,r05_20260912_222445.jsonl,38,682.934,6.0,measure,10,575.0,-995.929,no_signal
5,r05_20260912_222445.jsonl,39,688.934,6.0,measure,11,575.0,-995.929,no_signal
5,r05_20260912_222445.jsonl,40,694.934,6.0,measure,12,575.0,-995.929,no_signal
5,r05_20260912_222445.jsonl,41,700.934,6.0,measure,13,575.0,-995.929,no_signal
5,r05_20260912_222445.jsonl,42,706.934,6.0,measure,14,575.0,-995.929,no_signal
5,r05_20260912_222445.jsonl,43,712.934,6.0,measure,16,575.0,-995.929,no_signal
5,r05_20260912_222445.jsonl,44,718.934,6.0,measure,17,575.0,-995.929,no_signal
5,r05_20260912_222445.jsonl,45,724.934,6.0,measure,18,575.0,-995.929,direction
5,r05_20260912_222445.jsonl,46,730.934,6.0,measure,19,575.0,-995.929,direction
5,r05_20260912_222445.jsonl,47,736.934,6.0,measure,20,575.0,-995.929,no_signal
5,r05_20260912_222445.jsonl,48,742.934,6.0,measure,6,575.0,-995.929,direction
5,r05_20260912_222445.jsonl,49,748.934,6.0,measure,18,575.0,-995.929,direction
5,r05_20260912_222445.jsonl,50,754.934,6.0,measure,19,575.0,-995.929,direction
5,r05_20260912_222445.jsonl,51,830.934,76.0,measure,6,772.285,-706.829,direction
5,r05_20260912_222445.jsonl,52,858.281,27.347,clear,6,880.893,-733.084,success
5,r05_20260912_222445.jsonl,53,934.281,76.0,measure,19,1107.921,-466.704,direction
5,r05_20260912_222445.jsonl,54,1001.89,67.608,clear,19,949.999,-736.992,success
5,r05_20260912_222445.jsonl,55,1077.89,76.0,measure,18,694.651,-976.361,direction
5,r05_20260912_222445.jsonl,56,1152.89,75.0,measure,18,355.345,-1062.219,direction
5,r05_20260912_222445.jsonl,57,1227.89,75.0,measure,18,87.815,-1287.89,direction
5,r05_20260912_222445.jsonl,58,1291.447,63.557,measure,18,-189.638,-1381.4,direction
5,r05_20260912_222445.jsonl,59,1325.976,34.529,measure,18,-309.112,-1468.148,direction
5,r05_20260912_222445.jsonl,60,1354.976,29.0,measure,18,-419.24,-1515.812,direction
5,r05_20260912_222445.jsonl,61,1393.031,38.055,measure,18,-583.221,-1536.45,direction
5,r05_20260912_222445.jsonl,62,1413.161,20.13,clear,18,-542.973,-1600.503,success
5,r05_20260912_222445.jsonl,63,1540.245,127.084,measure,17,-575.0,-995.929,direction
5,r05_20260912_222445.jsonl,64,1546.245,6.0,measure,16,-575.0,-995.929,no_signal
5,r05_20260912_222445.jsonl,65,1552.245,6.0,measure,20,-575.0,-995.929,no_signal
5,r05_20260912_222445.jsonl,66,1558.245,6.0,measure,14,-575.0,-995.929,no_signal
5,r05_20260912_222445.jsonl,67,1564.245,6.0,measure,13,-575.0,-995.929,no_signal
5,r05_20260912_222445.jsonl,68,1570.245,6.0,measure,12,-575.0,-995.929,no_signal
5,r05_20260912_222445.jsonl,69,1576.245,6.0,measure,11,-575.0,-995.929,no_signal
5,r05_20260912_222445.jsonl,70,1582.245,6.0,measure,10,-575.0,-995.929,no_signal
5,r05_20260912_222445.jsonl,71,1588.245,6.0,measure,9,-575.0,-995.929,no_signal
5,r05_20260912_222445.jsonl,72,1594.245,6.0,measure,8,-575.0,-995.929,no_signal
5,r05_20260912_222445.jsonl,73,1600.245,6.0,measure,7,-575.0,-995.929,no_signal
5,r05_20260912_222445.jsonl,74,1606.245,6.0,measure,5,-575.0,-995.929,no_signal
5,r05_20260912_222445.jsonl,75,1612.245,6.0,measure,4,-575.0,-995.929,no_signal
5,r05_20260912_222445.jsonl,76,1618.245,6.0,measure,1,-575.0,-995.929,no_signal
5,r05_20260912_222445.jsonl,77,1624.245,6.0,measure,17,-575.0,-995.929,direction
5,r05_20260912_222445.jsonl,78,1699.245,75.0,measure,17,-887.377,-838.067,direction
5,r05_20260912_222445.jsonl,79,1760.26,61.015,measure,17,-1023.971,-593.56,direction
5,r05_20260912_222445.jsonl,80,1802.962,42.701,measure,17,-1184.082,-494.064,direction
5,r05_20260912_222445.jsonl,81,1831.962,29.0,measure,17,-1252.825,-395.705,direction
5,r05_20260912_222445.jsonl,82,1860.962,29.0,measure,17,-1346.6,-320.83,direction
5,r05_20260912_222445.jsonl,83,1887.526,26.565,clear,17,-1412.565,-235.539,success
5,r05_20260912_222445.jsonl,84,1964.072,76.546,measure,16,-1150.0,0.0,no_signal
5,r05_20260912_222445.jsonl,85,1970.072,6.0,measure,14,-1150.0,0.0,no_signal
5,r05_20260912_222445.jsonl,86,1976.072,6.0,measure,20,-1150.0,0.0,no_signal
5,r05_20260912_222445.jsonl,87,1982.072,6.0,measure,13,-1150.0,0.0,no_signal
5,r05_20260912_222445.jsonl,88,1988.072,6.0,measure,12,-1150.0,0.0,direction
5,r05_20260912_222445.jsonl,89,1994.072,6.0,measure,11,-1150.0,0.0,no_signal
5,r05_20260912_222445.jsonl,90,2000.072,6.0,measure,10,-1150.0,0.0,no_signal
5,r05_20260912_222445.jsonl,91,2006.072,6.0,measure,9,-1150.0,0.0,no_signal
5,r05_20260912_222445.jsonl,92,2012.072,6.0,measure,8,-1150.0,0.0,no_signal
5,r05_20260912_222445.jsonl,93,2018.072,6.0,measure,7,-1150.0,0.0,no_signal
5,r05_20260912_222445.jsonl,94,2024.072,6.0,measure,5,-1150.0,0.0,direction
5,r05_20260912_222445.jsonl,95,2030.072,6.0,measure,4,-1150.0,0.0,no_signal
5,r05_20260912_222445.jsonl,96,2036.072,6.0,measure,1,-1150.0,0.0,no_signal
5,r05_20260912_222445.jsonl,97,2042.072,6.0,measure,5,-1150.0,0.0,direction
5,r05_20260912_222445.jsonl,98,2048.072,6.0,measure,12,-1150.0,0.0,direction
5,r05_20260912_222445.jsonl,99,2123.072,75.0,measure,12,-1493.452,67.383,direction
5,r05_20260912_222445.jsonl,100,2167.779,44.706,clear,12,-1611.855,226.743,success
5,r05_20260912_222445.jsonl,101,2243.779,76.0,measure,5,-1949.011,320.688,direction
5,r05_20260912_222445.jsonl,102,2279.05,35.271,measure,5,-1812.446,255.433,direction
5,r05_20260912_222445.jsonl,103,2345.652,66.602,clear,5,-1507.693,210.761,success
5,r05_20260912_222445.jsonl,104,2595.488,249.836,measure,4,-575.0,995.929,no_signal
5,r05_20260912_222445.jsonl,105,2601.488,6.0,measure,7,-575.0,995.929,no_signal
5,r05_20260912_222445.jsonl,106,2607.488,6.0,measure,8,-575.0,995.929,no_signal
5,r05_20260912_222445.jsonl,107,2613.488,6.0,measure,1,-575.0,995.929,no_signal
5,r05_20260912_222445.jsonl,108,2619.488,6.0,measure,9,-575.0,995.929,no_signal
5,r05_20260912_222445.jsonl,109,2625.488,6.0,measure,10,-575.0,995.929,no_signal
5,r05_20260912_222445.jsonl,110,2631.488,6.0,measure,11,-575.0,995.929,no_signal
5,r05_20260912_222445.jsonl,111,2637.488,6.0,measure,13,-575.0,995.929,no_signal
5,r05_20260912_222445.jsonl,112,2643.488,6.0,measure,14,-575.0,995.929,no_signal
5,r05_20260912_222445.jsonl,113,2649.488,6.0,measure,16,-575.0,995.929,direction
5,r05_20260912_222445.jsonl,114,2655.488,6.0,measure,20,-575.0,995.929,no_signal
5,r05_20260912_222445.jsonl,115,2661.488,6.0,measure,16,-575.0,995.929,direction
5,r05_20260912_222445.jsonl,116,2736.488,75.0,measure,16,-695.51,1324.528,direction
5,r05_20260912_222445.jsonl,117,2776.829,40.341,clear,16,-591.884,1181.4,success
5,r05_20260912_222445.jsonl,118,3019.135,242.306,measure,14,575.0,995.929,direction
5,r05_20260912_222445.jsonl,119,3025.135,6.0,measure,13,575.0,995.929,no_signal
5,r05_20260912_222445.jsonl,120,3031.135,6.0,measure,20,575.0,995.929,no_signal
5,r05_20260912_222445.jsonl,121,3037.135,6.0,measure,11,575.0,995.929,no_signal
5,r05_20260912_222445.jsonl,122,3043.135,6.0,measure,10,575.0,995.929,no_signal
5,r05_20260912_222445.jsonl,123,3049.135,6.0,measure,9,575.0,995.929,no_signal
5,r05_20260912_222445.jsonl,124,3055.135,6.0,measure,8,575.0,995.929,no_signal
5,r05_20260912_222445.jsonl,125,3061.135,6.0,measure,7,575.0,995.929,no_signal
5,r05_20260912_222445.jsonl,126,3067.135,6.0,measure,4,575.0,995.929,no_signal
5,r05_20260912_222445.jsonl,127,3073.135,6.0,measure,1,575.0,995.929,no_signal
5,r05_20260912_222445.jsonl,128,3079.135,6.0,measure,14,575.0,995.929,direction
5,r05_20260912_222445.jsonl,129,3154.135,75.0,measure,14,922.421,1038.341,direction
5,r05_20260912_222445.jsonl,130,3191.272,37.137,measure,14,1058.807,953.382,direction
5,r05_20260912_222445.jsonl,131,3220.272,29.0,measure,14,1178.703,948.398,direction
5,r05_20260912_222445.jsonl,132,3249.272,29.0,measure,14,1286.619,895.918,direction
5,r05_20260912_222445.jsonl,133,3265.534,16.263,clear,14,1342.931,895.449,success
5,r05_20260912_222445.jsonl,134,3454.734,189.199,measure,13,1150.0,0.0,no_signal
5,r05_20260912_222445.jsonl,135,3460.734,6.0,measure,11,1150.0,0.0,no_signal
5,r05_20260912_222445.jsonl,136,3466.734,6.0,measure,10,1150.0,0.0,no_signal
5,r05_20260912_222445.jsonl,137,3472.734,6.0,measure,9,1150.0,0.0,no_signal
5,r05_20260912_222445.jsonl,138,3478.734,6.0,measure,8,1150.0,0.0,no_signal
5,r05_20260912_222445.jsonl,139,3484.734,6.0,measure,20,1150.0,0.0,no_signal
5,r05_20260912_222445.jsonl,140,3490.734,6.0,measure,7,1150.0,0.0,no_signal
5,r05_20260912_222445.jsonl,141,3496.734,6.0,measure,4,1150.0,0.0,no_signal
5,r05_20260912_222445.jsonl,142,3502.734,6.0,measure,1,1150.0,0.0,no_signal
5,r05_20260912_222445.jsonl,143,3502.734,0.0,exit,,,,
5,r05_20260912_232857.jsonl,0,0.0,0.0,enter,,,,
5,r05_20260912_232857.jsonl,1,5.0,5.0,measure,1,0.0,0.0,no_signal
5,r05_20260912_232857.jsonl,2,11.0,6.0,measure,2,0.0,0.0,no_signal
5,r05_20260912_232857.jsonl,3,17.0,6.0,measure,3,0.0,0.0,no_signal
5,r05_20260912_232857.jsonl,4,23.0,6.0,measure,4,0.0,0.0,no_signal
5,r05_20260912_232857.jsonl,5,29.0,6.0,measure,5,0.0,0.0,no_signal
5,r05_20260912_232857.jsonl,6,35.0,6.0,measure,6,0.0,0.0,direction
5,r05_20260912_232857.jsonl,7,41.0,6.0,measure,7,0.0,0.0,no_signal
5,r05_20260912_232857.jsonl,8,47.0,6.0,measure,8,0.0,0.0,no_signal
5,r05_20260912_232857.jsonl,9,53.0,6.0,measure,9,0.0,0.0,no_signal
5,r05_20260912_232857.jsonl,10,59.0,6.0,measure,10,0.0,0.0,no_signal
5,r05_20260912_232857.jsonl,11,65.0,6.0,measure,11,0.0,0.0,no_signal
5,r05_20260912_232857.jsonl,12,71.0,6.0,measure,12,0.0,0.0,no_signal
5,r05_20260912_232857.jsonl,13,77.0,6.0,measure,13,0.0,0.0,direction
5,r05_20260912_232857.jsonl,14,83.0,6.0,measure,14,0.0,0.0,direction
5,r05_20260912_232857.jsonl,15,89.0,6.0,measure,15,0.0,0.0,no_signal
5,r05_20260912_232857.jsonl,16,95.0,6.0,measure,16,0.0,0.0,no_signal
5,r05_20260912_232857.jsonl,17,101.0,6.0,measure,17,0.0,0.0,no_signal
5,r05_20260912_232857.jsonl,18,107.0,6.0,measure,18,0.0,0.0,no_signal
5,r05_20260912_232857.jsonl,19,113.0,6.0,measure,19,0.0,0.0,direction
5,r05_20260912_232857.jsonl,20,119.0,6.0,measure,20,0.0,0.0,no_signal
5,r05_20260912_232857.jsonl,21,195.0,76.0,measure,14,-295.154,188.106,direction
5,r05_20260912_232857.jsonl,22,201.0,6.0,measure,6,-295.154,188.106,direction
5,r05_20260912_232857.jsonl,23,207.0,6.0,measure,13,-295.154,188.106,no_signal
5,r05_20260912_232857.jsonl,24,213.0,6.0,measure,19,-295.154,188.106,direction
5,r05_20260912_232857.jsonl,25,245.489,32.489,measure,14,-331.972,315.333,direction
5,r05_20260912_232857.jsonl,26,251.489,6.0,measure,13,-331.972,315.333,no_signal
5,r05_20260912_232857.jsonl,27,281.489,30.0,measure,14,-417.03,399.98,direction
5,r05_20260912_232857.jsonl,28,310.489,29.0,measure,14,-456.195,513.409,direction
5,r05_20260912_232857.jsonl,29,329.753,19.263,clear,14,-502.941,567.269,success
5,r05_20260912_232857.jsonl,30,468.745,138.993,clear,19,-103.772,29.203,success
5,r05_20260912_232857.jsonl,31,544.745,76.0,measure,6,-336.299,-232.391,direction
5,r05_20260912_232857.jsonl,32,550.745,6.0,measure,13,-336.299,-232.391,no_signal
5,r05_20260912_232857.jsonl,33,606.831,56.086,measure,6,-579.711,-291.262,direction
5,r05_20260912_232857.jsonl,34,612.831,6.0,measure,13,-579.711,-291.262,no_signal
5,r05_20260912_232857.jsonl,35,652.02,39.189,measure,6,-701.743,-403.715,direction
5,r05_20260912_232857.jsonl,36,681.02,29.0,measure,6,-814.418,-444.998,direction
5,r05_20260912_232857.jsonl,37,710.02,29.0,measure,6,-909.843,-517.759,direction
5,r05_20260912_232857.jsonl,38,739.02,29.0,measure,6,-1022.37,-559.446,direction
5,r05_20260912_232857.jsonl,39,755.101,16.081,measure,6,-996.949,-510.219,direction
5,r05_20260912_232857.jsonl,40,770.092,14.991,clear,6,-993.132,-560.028,success
5,r05_20260912_232857.jsonl,41,846.092,76.0,measure,13,-725.922,-333.978,no_signal
5,r05_20260912_232857.jsonl,42,921.092,75.0,measure,13,-381.486,-271.818,no_signal
5,r05_20260912_232857.jsonl,43,996.092,75.0,measure,13,-114.276,-45.768,direction
5,r05_20260912_232857.jsonl,44,1044.843,48.751,measure,13,94.854,18.409,direction
5,r05_20260912_232857.jsonl,45,1119.843,75.0,measure,13,394.76,198.843,direction
5,r05_20260912_232857.jsonl,46,1162.772,42.929,measure,13,574.876,258.197,direction
5,r05_20260912_232857.jsonl,47,1274.508,111.736,measure,13,1102.13,175.621,direction
5,r05_20260912_232857.jsonl,48,1340.137,65.629,clear,13,959.428,443.075,success
5,r05_20260912_232857.jsonl,49,1442.601,102.464,measure,12,1150.0,0.0,no_signal
5,r05_20260912_232857.jsonl,50,1448.601,6.0,measure,11,1150.0,0.0,no_signal
5,r05_20260912_232857.jsonl,51,1454.601,6.0,measure,15,1150.0,0.0,no_signal
5,r05_20260912_232857.jsonl,52,1460.601,6.0,measure,10,1150.0,0.0,no_signal
5,r05_20260912_232857.jsonl,53,1466.601,6.0,measure,16,1150.0,0.0,no_signal
5,r05_20260912_232857.jsonl,54,1472.601,6.0,measure,9,1150.0,0.0,no_signal
5,r05_20260912_232857.jsonl,55,1478.601,6.0,measure,17,1150.0,0.0,no_signal
5,r05_20260912_232857.jsonl,56,1484.601,6.0,measure,8,1150.0,0.0,direction
5,r05_20260912_232857.jsonl,57,1490.601,6.0,measure,18,1150.0,0.0,no_signal
5,r05_20260912_232857.jsonl,58,1496.601,6.0,measure,7,1150.0,0.0,no_signal
5,r05_20260912_232857.jsonl,59,1502.601,6.0,measure,20,1150.0,0.0,no_signal
5,r05_20260912_232857.jsonl,60,1508.601,6.0,measure,5,1150.0,0.0,no_signal
5,r05_20260912_232857.jsonl,61,1514.601,6.0,measure,4,1150.0,0.0,no_signal
5,r05_20260912_232857.jsonl,62,1520.601,6.0,measure,3,1150.0,0.0,no_signal
5,r05_20260912_232857.jsonl,63,1526.601,6.0,measure,2,1150.0,0.0,no_signal
5,r05_20260912_232857.jsonl,64,1532.601,6.0,measure,1,1150.0,0.0,no_signal
5,r05_20260912_232857.jsonl,65,1538.601,6.0,measure,8,1150.0,0.0,direction
5,r05_20260912_232857.jsonl,66,1613.601,75.0,measure,8,1494.039,-64.323,direction
5,r05_20260912_232857.jsonl,67,1642.601,29.0,measure,8,1562.146,-163.123,direction
5,r05_20260912_232857.jsonl,68,1671.601,29.0,measure,8,1671.071,-213.475,direction
5,r05_20260912_232857.jsonl,69,1685.587,13.986,clear,8,1693.016,-252.682,success
5,r05_20260912_232857.jsonl,70,1960.092,274.505,measure,7,575.0,-995.929,direction
5,r05_20260912_232857.jsonl,71,1966.092,6.0,measure,9,575.0,-995.929,no_signal
5,r05_20260912_232857.jsonl,72,1972.092,6.0,measure,10,575.0,-995.929,direction
5,r05_20260912_232857.jsonl,73,1978.092,6.0,measure,5,575.0,-995.929,no_signal
5,r05_20260912_232857.jsonl,74,1984.092,6.0,measure,11,575.0,-995.929,no_signal
5,r05_20260912_232857.jsonl,75,1990.092,6.0,measure,4,575.0,-995.929,no_signal
5,r05_20260912_232857.jsonl,76,1996.092,6.0,measure,12,575.0,-995.929,no_signal
5,r05_20260912_232857.jsonl,77,2002.092,6.0,measure,3,575.0,-995.929,no_signal
5,r05_20260912_232857.jsonl,78,2008.092,6.0,measure,2,575.0,-995.929,no_signal
5,r05_20260912_232857.jsonl,79,2014.092,6.0,measure,1,575.0,-995.929,no_signal
5,r05_20260912_232857.jsonl,80,2020.092,6.0,measure,15,575.0,-995.929,no_signal
5,r05_20260912_232857.jsonl,81,2026.092,6.0,measure,16,575.0,-995.929,direction
5,r05_20260912_232857.jsonl,82,2032.092,6.0,measure,17,575.0,-995.929,no_signal
5,r05_20260912_232857.jsonl,83,2038.092,6.0,measure,18,575.0,-995.929,no_signal
5,r05_20260912_232857.jsonl,84,2044.092,6.0,measure,20,575.0,-995.929,no_signal
5,r05_20260912_232857.jsonl,85,2050.092,6.0,measure,7,575.0,-995.929,direction
5,r05_20260912_232857.jsonl,86,2056.092,6.0,measure,10,575.0,-995.929,direction
5,r05_20260912_232857.jsonl,87,2062.092,6.0,measure,16,575.0,-995.929,direction
5,r05_20260912_232857.jsonl,88,2138.092,76.0,measure,7,466.844,-1328.799,direction
5,r05_20260912_232857.jsonl,89,2171.517,33.425,measure,7,345.805,-1403.292,direction
5,r05_20260912_232857.jsonl,90,2200.517,29.0,measure,7,286.843,-1507.808,direction
5,r05_20260912_232857.jsonl,91,2229.517,29.0,measure,7,189.939,-1578.587,direction
5,r05_20260912_232857.jsonl,92,2251.639,22.121,clear,7,143.013,-1650.186,success
5,r05_20260912_232857.jsonl,93,2327.639,76.0,measure,16,-71.89,-1926.44,direction
5,r05_20260912_232857.jsonl,94,2418.368,90.729,clear,16,-87.945,-1498.096,success
5,r05_20260912_232857.jsonl,95,2494.368,76.0,measure,10,-319.725,-1760.352,direction
5,r05_20260912_232857.jsonl,96,2523.368,29.0,measure,10,-238.33,-1672.176,direction
5,r05_20260912_232857.jsonl,97,2569.655,46.287,clear,10,-157.767,-1482.108,success
5,r05_20260912_232857.jsonl,98,2703.788,134.133,measure,9,-575.0,-995.929,no_signal
5,r05_20260912_232857.jsonl,99,2709.788,6.0,measure,11,-575.0,-995.929,no_signal
5,r05_20260912_232857.jsonl,100,2715.788,6.0,measure,12,-575.0,-995.929,no_signal
5,r05_20260912_232857.jsonl,101,2721.788,6.0,measure,5,-575.0,-995.929,no_signal
5,r05_20260912_232857.jsonl,102,2727.788,6.0,measure,15,-575.0,-995.929,no_signal
5,r05_20260912_232857.jsonl,103,2733.788,6.0,measure,4,-575.0,-995.929,no_signal
5,r05_20260912_232857.jsonl,104,2739.788,6.0,measure,3,-575.0,-995.929,no_signal
5,r05_20260912_232857.jsonl,105,2745.788,6.0,measure,17,-575.0,-995.929,no_signal
5,r05_20260912_232857.jsonl,106,2751.788,6.0,measure,2,-575.0,-995.929,no_signal
5,r05_20260912_232857.jsonl,107,2757.788,6.0,measure,18,-575.0,-995.929,no_signal
5,r05_20260912_232857.jsonl,108,2763.788,6.0,measure,1,-575.0,-995.929,no_signal
5,r05_20260912_232857.jsonl,109,2769.788,6.0,measure,20,-575.0,-995.929,no_signal
5,r05_20260912_232857.jsonl,110,3004.788,235.0,measure,20,-1150.0,0.0,no_signal
5,r05_20260912_232857.jsonl,111,3010.788,6.0,measure,18,-1150.0,0.0,no_signal
5,r05_20260912_232857.jsonl,112,3016.788,6.0,measure,17,-1150.0,0.0,no_signal
5,r05_20260912_232857.jsonl,113,3022.788,6.0,measure,15,-1150.0,0.0,no_signal
5,r05_20260912_232857.jsonl,114,3028.788,6.0,measure,12,-1150.0,0.0,no_signal
5,r05_20260912_232857.jsonl,115,3034.788,6.0,measure,11,-1150.0,0.0,no_signal
5,r05_20260912_232857.jsonl,116,3040.788,6.0,measure,9,-1150.0,0.0,no_signal
5,r05_20260912_232857.jsonl,117,3046.788,6.0,measure,5,-1150.0,0.0,direction
5,r05_20260912_232857.jsonl,118,3052.788,6.0,measure,4,-1150.0,0.0,no_signal
5,r05_20260912_232857.jsonl,119,3058.788,6.0,measure,3,-1150.0,0.0,no_signal
5,r05_20260912_232857.jsonl,120,3064.788,6.0,measure,2,-1150.0,0.0,no_signal
5,r05_20260912_232857.jsonl,121,3070.788,6.0,measure,1,-1150.0,0.0,no_signal
5,r05_20260912_232857.jsonl,122,3076.788,6.0,measure,5,-1150.0,0.0,direction
5,r05_20260912_232857.jsonl,123,3151.788,75.0,measure,5,-1493.523,67.023,direction
5,r05_20260912_232857.jsonl,124,3183.887,32.098,clear,5,-1544.023,192.751,success
5,r05_20260912_232857.jsonl,125,3441.609,257.722,measure,4,-575.0,995.929,no_signal
5,r05_20260912_232857.jsonl,126,3447.609,6.0,measure,3,-575.0,995.929,no_signal
5,r05_20260912_232857.jsonl,127,3453.609,6.0,measure,2,-575.0,995.929,no_signal
5,r05_20260912_232857.jsonl,128,3459.609,6.0,measure,1,-575.0,995.929,no_signal
5,r05_20260912_232857.jsonl,129,3465.609,6.0,measure,9,-575.0,995.929,no_signal
5,r05_20260912_232857.jsonl,130,3471.609,6.0,measure,11,-575.0,995.929,no_signal
5,r05_20260912_232857.jsonl,131,3477.609,6.0,measure,12,-575.0,995.929,direction
5,r05_20260912_232857.jsonl,132,3483.609,6.0,measure,15,-575.0,995.929,no_signal
5,r05_20260912_232857.jsonl,133,3489.609,6.0,measure,17,-575.0,995.929,no_signal
5,r05_20260912_232857.jsonl,134,3495.609,6.0,measure,18,-575.0,995.929,direction
5,r05_20260912_232857.jsonl,135,3501.609,6.0,measure,20,-575.0,995.929,no_signal
5,r05_20260912_232857.jsonl,136,3507.609,6.0,measure,12,-575.0,995.929,direction
5,r05_20260912_232857.jsonl,137,3513.609,6.0,measure,18,-575.0,995.929,direction
5,r05_20260912_232857.jsonl,138,3588.609,75.0,measure,18,-853.416,1208.025,direction
5,r05_20260912_232857.jsonl,139,3636.567,47.958,clear,18,-900.302,1417.635,success
5,r05_20260912_232857.jsonl,140,3712.567,76.0,measure,12,-1091.335,1710.903,direction
5,r05_20260912_232857.jsonl,141,3852.532,139.965,clear,12,-644.133,1205.53,success
5,r05_20260912_232857.jsonl,142,4105.936,253.404,measure,11,575.0,995.929,no_signal
5,r05_20260912_232857.jsonl,143,4111.936,6.0,measure,9,575.0,995.929,no_signal
5,r05_20260912_232857.jsonl,144,4117.936,6.0,measure,15,575.0,995.929,no_signal
5,r05_20260912_232857.jsonl,145,4123.936,6.0,measure,17,575.0,995.929,no_signal
5,r05_20260912_232857.jsonl,146,4129.936,6.0,measure,4,575.0,995.929,no_signal
5,r05_20260912_232857.jsonl,147,4135.936,6.0,measure,20,575.0,995.929,no_signal
5,r05_20260912_232857.jsonl,148,4141.936,6.0,measure,3,575.0,995.929,no_signal
5,r05_20260912_232857.jsonl,149,4147.936,6.0,measure,2,575.0,995.929,no_signal
5,r05_20260912_232857.jsonl,150,4153.936,6.0,measure,1,575.0,995.929,no_signal
5,r05_20260912_232857.jsonl,151,4153.936,0.0,exit,,,,
6,r06_20260912_222458.jsonl,0,0.0,0.0,enter,,,,
6,r06_20260912_222458.jsonl,1,5.0,5.0,measure,1,0.0,0.0,no_signal
6,r06_20260912_222458.jsonl,2,11.0,6.0,measure,2,0.0,0.0,no_signal
6,r06_20260912_222458.jsonl,3,17.0,6.0,measure,3,0.0,0.0,no_signal
6,r06_20260912_222458.jsonl,4,23.0,6.0,measure,4,0.0,0.0,no_signal
6,r06_20260912_222458.jsonl,5,29.0,6.0,measure,5,0.0,0.0,direction
6,r06_20260912_222458.jsonl,6,35.0,6.0,measure,6,0.0,0.0,no_signal
6,r06_20260912_222458.jsonl,7,41.0,6.0,measure,7,0.0,0.0,no_signal
6,r06_20260912_222458.jsonl,8,47.0,6.0,measure,8,0.0,0.0,no_signal
6,r06_20260912_222458.jsonl,9,53.0,6.0,measure,9,0.0,0.0,no_signal
6,r06_20260912_222458.jsonl,10,59.0,6.0,measure,10,0.0,0.0,no_signal
6,r06_20260912_222458.jsonl,11,65.0,6.0,measure,11,0.0,0.0,no_signal
6,r06_20260912_222458.jsonl,12,71.0,6.0,measure,12,0.0,0.0,direction
6,r06_20260912_222458.jsonl,13,77.0,6.0,measure,13,0.0,0.0,no_signal
6,r06_20260912_222458.jsonl,14,83.0,6.0,measure,14,0.0,0.0,no_signal
6,r06_20260912_222458.jsonl,15,89.0,6.0,measure,15,0.0,0.0,no_signal
6,r06_20260912_222458.jsonl,16,95.0,6.0,measure,16,0.0,0.0,no_signal
6,r06_20260912_222458.jsonl,17,101.0,6.0,measure,17,0.0,0.0,no_signal
6,r06_20260912_222458.jsonl,18,107.0,6.0,measure,18,0.0,0.0,direction
6,r06_20260912_222458.jsonl,19,113.0,6.0,measure,19,0.0,0.0,no_signal
6,r06_20260912_222458.jsonl,20,119.0,6.0,measure,20,0.0,0.0,no_signal
6,r06_20260912_222458.jsonl,21,195.0,76.0,measure,18,-291.522,-193.687,direction
6,r06_20260912_222458.jsonl,22,201.0,6.0,measure,5,-291.522,-193.687,direction
6,r06_20260912_222458.jsonl,23,207.0,6.0,measure,12,-291.522,-193.687,direction
6,r06_20260912_222458.jsonl,24,278.683,71.683,measure,18,-619.921,-196.897,direction
6,r06_20260912_222458.jsonl,25,320.962,42.279,measure,18,-780.506,-291.531,direction
6,r06_20260912_222458.jsonl,26,350.91,29.948,measure,18,-903.961,-309.392,direction
6,r06_20260912_222458.jsonl,27,379.91,29.0,measure,18,-1012.198,-361.206,direction
6,r06_20260912_222458.jsonl,28,408.91,29.0,measure,18,-1130.85,-379.14,direction
6,r06_20260912_222458.jsonl,29,424.919,16.009,measure,18,-1185.635,-373.774,direction
6,r06_20260912_222458.jsonl,30,439.919,15.0,clear,18,-1146.242,-404.565,success
6,r06_20260912_222458.jsonl,31,473.85,33.931,measure,5,-1042.657,-310.9,direction
6,r06_20260912_222458.jsonl,32,502.85,29.0,measure,5,-945.333,-240.7,direction
6,r06_20260912_222458.jsonl,33,531.85,29.0,measure,5,-830.146,-207.054,direction
6,r06_20260912_222458.jsonl,34,556.038,24.188,clear,5,-734.601,-215.737,success
6,r06_20260912_222458.jsonl,35,626.658,70.621,measure,12,-457.756,-382.327,direction
6,r06_20260912_222458.jsonl,36,756.41,129.752,clear,12,-95.499,-902.348,no_target_in_range
6,r06_20260912_222458.jsonl,37,764.871,8.461,clear,12,-68.36,-899.351,no_target_in_range
6,r06_20260912_222458.jsonl,38,776.942,12.071,clear,12,-93.36,-874.351,success
6,r06_20260912_222458.jsonl,39,882.292,105.35,measure,11,-575.0,-995.929,no_signal
6,r06_20260912_222458.jsonl,40,888.292,6.0,measure,13,-575.0,-995.929,no_signal
6,r06_20260912_222458.jsonl,41,894.292,6.0,measure,10,-575.0,-995.929,no_signal
6,r06_20260912_222458.jsonl,42,900.292,6.0,measure,14,-575.0,-995.929,no_signal
6,r06_20260912_222458.jsonl,43,906.292,6.0,measure,9,-575.0,-995.929,no_signal
6,r06_20260912_222458.jsonl,44,912.292,6.0,measure,15,-575.0,-995.929,direction
6,r06_20260912_222458.jsonl,45,918.292,6.0,measure,8,-575.0,-995.929,direction
6,r06_20260912_222458.jsonl,46,924.292,6.0,measure,16,-575.0,-995.929,no_signal
6,r06_20260912_222458.jsonl,47,930.292,6.0,measure,7,-575.0,-995.929,no_signal
6,r06_20260912_222458.jsonl,48,936.292,6.0,measure,17,-575.0,-995.929,no_signal
6,r06_20260912_222458.jsonl,49,942.292,6.0,measure,6,-575.0,-995.929,no_signal
6,r06_20260912_222458.jsonl,50,948.292,6.0,measure,19,-575.0,-995.929,no_signal
6,r06_20260912_222458.jsonl,51,954.292,6.0,measure,4,-575.0,-995.929,no_signal
6,r06_20260912_222458.jsonl,52,960.292,6.0,measure,20,-575.0,-995.929,no_signal
6,r06_20260912_222458.jsonl,53,966.292,6.0,measure,3,-575.0,-995.929,no_signal
6,r06_20260912_222458.jsonl,54,972.292,6.0,measure,2,-575.0,-995.929,no_signal
6,r06_20260912_222458.jsonl,55,978.292,6.0,measure,1,-575.0,-995.929,no_signal
6,r06_20260912_222458.jsonl,56,984.292,6.0,measure,8,-575.0,-995.929,direction
6,r06_20260912_222458.jsonl,57,990.292,6.0,measure,15,-575.0,-995.929,direction
6,r06_20260912_222458.jsonl,58,1066.291,76.0,measure,8,-924.993,-993.73,direction
6,r06_20260912_222458.jsonl,59,1106.927,40.635,measure,8,-1065.187,-883.765,direction
6,r06_20260912_222458.jsonl,60,1135.927,29.0,measure,8,-1183.769,-865.372,direction
6,r06_20260912_222458.jsonl,61,1164.927,29.0,measure,8,-1285.951,-802.453,direction
6,r06_20260912_222458.jsonl,62,1183.63,18.704,clear,8,-1353.447,-790.659,success
6,r06_20260912_222458.jsonl,63,1259.63,76.0,measure,15,-1680.375,-665.687,direction
6,r06_20260912_222458.jsonl,64,1344.775,85.145,clear,15,-1355.937,-430.486,success
6,r06_20260912_222458.jsonl,65,1446.217,101.442,measure,14,-1150.0,0.0,no_signal
6,r06_20260912_222458.jsonl,66,1452.217,6.0,measure,16,-1150.0,0.0,no_signal
6,r06_20260912_222458.jsonl,67,1458.217,6.0,measure,13,-1150.0,0.0,no_signal
6,r06_20260912_222458.jsonl,68,1464.217,6.0,measure,17,-1150.0,0.0,no_signal
6,r06_20260912_222458.jsonl,69,1470.217,6.0,measure,11,-1150.0,0.0,no_signal
6,r06_20260912_222458.jsonl,70,1476.217,6.0,measure,19,-1150.0,0.0,no_signal
6,r06_20260912_222458.jsonl,71,1482.217,6.0,measure,10,-1150.0,0.0,no_signal
6,r06_20260912_222458.jsonl,72,1488.217,6.0,measure,20,-1150.0,0.0,no_signal
6,r06_20260912_222458.jsonl,73,1494.217,6.0,measure,9,-1150.0,0.0,no_signal
6,r06_20260912_222458.jsonl,74,1500.217,6.0,measure,7,-1150.0,0.0,no_signal
6,r06_20260912_222458.jsonl,75,1506.217,6.0,measure,6,-1150.0,0.0,no_signal
6,r06_20260912_222458.jsonl,76,1512.217,6.0,measure,4,-1150.0,0.0,direction
6,r06_20260912_222458.jsonl,77,1518.217,6.0,measure,3,-1150.0,0.0,no_signal
6,r06_20260912_222458.jsonl,78,1524.217,6.0,measure,2,-1150.0,0.0,no_signal
6,r06_20260912_222458.jsonl,79,1530.217,6.0,measure,1,-1150.0,0.0,no_signal
6,r06_20260912_222458.jsonl,80,1536.217,6.0,measure,4,-1150.0,0.0,direction
6,r06_20260912_222458.jsonl,81,1611.217,75.0,measure,4,-1222.231,342.466,direction
6,r06_20260912_222458.jsonl,82,1672.927,61.71,measure,4,-1115.966,605.35,direction
6,r06_20260912_222458.jsonl,83,1714.13,41.203,measure,4,-1138.852,784.911,direction
6,r06_20260912_222458.jsonl,84,1743.13,29.0,measure,4,-1106.042,900.339,direction
6,r06_20260912_222458.jsonl,85,1772.13,29.0,measure,4,-1108.808,1020.307,direction
6,r06_20260912_222458.jsonl,86,1782.002,9.872,clear,4,-1099.026,1042.619,success
6,r06_20260912_222458.jsonl,87,1893.222,111.22,measure,3,-575.0,995.929,no_signal
6,r06_20260912_222458.jsonl,88,1899.222,6.0,measure,2,-575.0,995.929,no_signal
6,r06_20260912_222458.jsonl,89,1905.222,6.0,measure,6,-575.0,995.929,no_signal
6,r06_20260912_222458.jsonl,90,1911.222,6.0,measure,1,-575.0,995.929,no_signal
6,r06_20260912_222458.jsonl,91,1917.222,6.0,measure,7,-575.0,995.929,no_signal
6,r06_20260912_222458.jsonl,92,1923.222,6.0,measure,9,-575.0,995.929,no_signal
6,r06_20260912_222458.jsonl,93,1929.222,6.0,measure,10,-575.0,995.929,no_signal
6,r06_20260912_222458.jsonl,94,1935.222,6.0,measure,11,-575.0,995.929,no_signal
6,r06_20260912_222458.jsonl,95,1941.222,6.0,measure,13,-575.0,995.929,no_signal
6,r06_20260912_222458.jsonl,96,1947.222,6.0,measure,14,-575.0,995.929,no_signal
6,r06_20260912_222458.jsonl,97,1953.222,6.0,measure,16,-575.0,995.929,no_signal
6,r06_20260912_222458.jsonl,98,1959.222,6.0,measure,17,-575.0,995.929,no_signal
6,r06_20260912_222458.jsonl,99,1965.222,6.0,measure,19,-575.0,995.929,no_signal
6,r06_20260912_222458.jsonl,100,1971.222,6.0,measure,20,-575.0,995.929,no_signal
6,r06_20260912_222458.jsonl,101,2206.222,235.0,measure,20,575.0,995.929,no_signal
6,r06_20260912_222458.jsonl,102,2212.222,6.0,measure,19,575.0,995.929,no_signal
6,r06_20260912_222458.jsonl,103,2218.222,6.0,measure,17,575.0,995.929,no_signal
6,r06_20260912_222458.jsonl,104,2224.222,6.0,measure,16,575.0,995.929,direction
6,r06_20260912_222458.jsonl,105,2230.222,6.0,measure,14,575.0,995.929,no_signal
6,r06_20260912_222458.jsonl,106,2236.222,6.0,measure,13,575.0,995.929,no_signal
6,r06_20260912_222458.jsonl,107,2242.222,6.0,measure,11,575.0,995.929,no_signal
6,r06_20260912_222458.jsonl,108,2248.222,6.0,measure,10,575.0,995.929,no_signal
6,r06_20260912_222458.jsonl,109,2254.222,6.0,measure,9,575.0,995.929,no_signal
6,r06_20260912_222458.jsonl,110,2260.222,6.0,measure,7,575.0,995.929,no_signal
6,r06_20260912_222458.jsonl,111,2266.222,6.0,measure,6,575.0,995.929,no_signal
6,r06_20260912_222458.jsonl,112,2272.222,6.0,measure,3,575.0,995.929,no_signal
6,r06_20260912_222458.jsonl,113,2278.222,6.0,measure,2,575.0,995.929,no_signal
6,r06_20260912_222458.jsonl,114,2284.222,6.0,measure,1,575.0,995.929,direction
6,r06_20260912_222458.jsonl,115,2289.222,5.0,measure,1,575.0,995.929,direction
6,r06_20260912_222458.jsonl,116,2295.222,6.0,measure,16,575.0,995.929,direction
6,r06_20260912_222458.jsonl,117,2371.222,76.0,measure,1,765.367,1289.63,direction
6,r06_20260912_222458.jsonl,118,2402.054,30.831,clear,1,757.494,1160.714,success
6,r06_20260912_222458.jsonl,119,2478.054,76.0,measure,16,768.976,1510.526,direction
6,r06_20260912_222458.jsonl,120,2507.054,29.0,measure,16,693.621,1417.137,direction
6,r06_20260912_222458.jsonl,121,2532.409,25.355,clear,16,673.495,1317.37,success
6,r06_20260912_222458.jsonl,122,2818.589,286.18,measure,17,1150.0,0.0,direction
6,r06_20260912_222458.jsonl,123,2824.589,6.0,measure,14,1150.0,0.0,no_signal
6,r06_20260912_222458.jsonl,124,2830.589,6.0,measure,13,1150.0,0.0,no_signal
6,r06_20260912_222458.jsonl,125,2836.589,6.0,measure,19,1150.0,0.0,no_signal
6,r06_20260912_222458.jsonl,126,2842.589,6.0,measure,20,1150.0,0.0,no_signal
6,r06_20260912_222458.jsonl,127,2848.589,6.0,measure,11,1150.0,0.0,no_signal
6,r06_20260912_222458.jsonl,128,2854.589,6.0,measure,10,1150.0,0.0,no_signal
6,r06_20260912_222458.jsonl,129,2860.589,6.0,measure,9,1150.0,0.0,no_signal
6,r06_20260912_222458.jsonl,130,2866.589,6.0,measure,7,1150.0,0.0,no_signal
6,r06_20260912_222458.jsonl,131,2872.589,6.0,measure,6,1150.0,0.0,no_signal
6,r06_20260912_222458.jsonl,132,2878.589,6.0,measure,3,1150.0,0.0,direction
6,r06_20260912_222458.jsonl,133,2884.589,6.0,measure,2,1150.0,0.0,no_signal
6,r06_20260912_222458.jsonl,134,2890.589,6.0,measure,3,1150.0,0.0,direction
6,r06_20260912_222458.jsonl,135,2896.589,6.0,measure,17,1150.0,0.0,direction
6,r06_20260912_222458.jsonl,136,2971.589,75.0,measure,17,1482.471,-109.375,direction
6,r06_20260912_222458.jsonl,137,3000.589,29.0,measure,17,1540.208,-214.572,direction
6,r06_20260912_222458.jsonl,138,3029.589,29.0,measure,17,1641.493,-278.926,direction
6,r06_20260912_222458.jsonl,139,3058.41,28.821,clear,17,1712.194,-374.777,success
6,r06_20260912_222458.jsonl,140,3134.41,76.0,measure,3,1766.162,-720.591,direction
6,r06_20260912_222458.jsonl,141,3277.939,143.529,clear,3,1073.61,-709.103,success
6,r06_20260912_222458.jsonl,142,3398.984,121.045,measure,2,575.0,-995.929,no_signal
6,r06_20260912_222458.jsonl,143,3404.984,6.0,measure,6,575.0,-995.929,no_signal
6,r06_20260912_222458.jsonl,144,3410.984,6.0,measure,7,575.0,-995.929,no_signal
6,r06_20260912_222458.jsonl,145,3416.984,6.0,measure,9,575.0,-995.929,no_signal
6,r06_20260912_222458.jsonl,146,3422.984,6.0,measure,10,575.0,-995.929,no_signal
6,r06_20260912_222458.jsonl,147,3428.984,6.0,measure,11,575.0,-995.929,no_signal
6,r06_20260912_222458.jsonl,148,3434.984,6.0,measure,13,575.0,-995.929,no_signal
6,r06_20260912_222458.jsonl,149,3440.984,6.0,measure,14,575.0,-995.929,no_signal
6,r06_20260912_222458.jsonl,150,3446.984,6.0,measure,19,575.0,-995.929,no_signal
6,r06_20260912_222458.jsonl,151,3452.984,6.0,measure,20,575.0,-995.929,no_signal
6,r06_20260912_222458.jsonl,152,3452.984,0.0,exit,,,,
6,r06_20260912_232908.jsonl,0,0.0,0.0,enter,,,,
6,r06_20260912_232908.jsonl,1,5.0,5.0,measure,1,0.0,0.0,direction
6,r06_20260912_232908.jsonl,2,11.0,6.0,measure,2,0.0,0.0,no_signal
6,r06_20260912_232908.jsonl,3,17.0,6.0,measure,3,0.0,0.0,no_signal
6,r06_20260912_232908.jsonl,4,23.0,6.0,measure,4,0.0,0.0,direction
6,r06_20260912_232908.jsonl,5,29.0,6.0,measure,5,0.0,0.0,no_signal
6,r06_20260912_232908.jsonl,6,35.0,6.0,measure,6,0.0,0.0,no_signal
6,r06_20260912_232908.jsonl,7,41.0,6.0,measure,7,0.0,0.0,no_signal
6,r06_20260912_232908.jsonl,8,47.0,6.0,measure,8,0.0,0.0,no_signal
6,r06_20260912_232908.jsonl,9,53.0,6.0,measure,9,0.0,0.0,no_signal
6,r06_20260912_232908.jsonl,10,59.0,6.0,measure,10,0.0,0.0,no_signal
6,r06_20260912_232908.jsonl,11,65.0,6.0,measure,11,0.0,0.0,direction
6,r06_20260912_232908.jsonl,12,71.0,6.0,measure,12,0.0,0.0,no_signal
6,r06_20260912_232908.jsonl,13,77.0,6.0,measure,13,0.0,0.0,no_signal
6,r06_20260912_232908.jsonl,14,83.0,6.0,measure,14,0.0,0.0,no_signal
6,r06_20260912_232908.jsonl,15,89.0,6.0,measure,15,0.0,0.0,direction
6,r06_20260912_232908.jsonl,16,95.0,6.0,measure,16,0.0,0.0,no_signal
6,r06_20260912_232908.jsonl,17,101.0,6.0,measure,17,0.0,0.0,no_signal
6,r06_20260912_232908.jsonl,18,107.0,6.0,measure,18,0.0,0.0,no_signal
6,r06_20260912_232908.jsonl,19,113.0,6.0,measure,19,0.0,0.0,no_signal
6,r06_20260912_232908.jsonl,20,119.0,6.0,measure,20,0.0,0.0,direction
6,r06_20260912_232908.jsonl,21,195.0,76.0,measure,4,302.219,176.532,direction
6,r06_20260912_232908.jsonl,22,201.0,6.0,measure,1,302.219,176.532,direction
6,r06_20260912_232908.jsonl,23,207.0,6.0,measure,11,302.219,176.532,direction
6,r06_20260912_232908.jsonl,24,213.0,6.0,measure,15,302.219,176.532,no_signal
6,r06_20260912_232908.jsonl,25,219.0,6.0,measure,20,302.219,176.532,direction
6,r06_20260912_232908.jsonl,26,285.363,66.363,measure,4,603.551,159.474,direction
6,r06_20260912_232908.jsonl,27,291.363,6.0,measure,15,603.551,159.474,no_signal
6,r06_20260912_232908.jsonl,28,333.949,42.586,measure,4,767.48,240.662,direction
6,r06_20260912_232908.jsonl,29,363.878,29.929,measure,4,891.845,249.003,direction
6,r06_20260912_232908.jsonl,30,392.878,29.0,measure,4,1003.884,291.982,direction
6,r06_20260912_232908.jsonl,31,410.676,17.798,clear,4,1066.921,302.995,success
6,r06_20260912_232908.jsonl,32,447.479,36.802,measure,1,1106.733,154.219,direction
6,r06_20260912_232908.jsonl,33,453.479,6.0,measure,15,1106.733,154.219,no_signal
6,r06_20260912_232908.jsonl,34,522.61,69.131,clear,1,1157.823,-162.34,success
6,r06_20260912_232908.jsonl,35,651.379,128.769,clear,20,548.454,-270.233,success
6,r06_20260912_232908.jsonl,36,800.823,149.444,clear,11,338.987,420.944,success
6,r06_20260912_232908.jsonl,37,875.823,75.0,measure,15,105.064,160.598,direction
6,r06_20260912_232908.jsonl,38,932.75,56.927,measure,15,-127.212,44.587,direction
6,r06_20260912_232908.jsonl,39,978.634,45.884,measure,15,-247.693,-120.552,direction
6,r06_20260912_232908.jsonl,40,1010.511,31.878,measure,15,-362.874,-189.788,direction
6,r06_20260912_232908.jsonl,41,1039.511,29.0,measure,15,-444.659,-277.601,direction
6,r06_20260912_232908.jsonl,42,1068.511,29.0,measure,15,-545.361,-342.863,direction
6,r06_20260912_232908.jsonl,43,1095.699,27.187,measure,15,-651.533,-375.023,direction
6,r06_20260912_232908.jsonl,44,1111.868,16.169,clear,15,-636.174,-428.715,success
6,r06_20260912_232908.jsonl,45,1231.968,120.101,measure,14,-575.0,-995.929,no_signal
6,r06_20260912_232908.jsonl,46,1237.968,6.0,measure,16,-575.0,-995.929,no_signal
6,r06_20260912_232908.jsonl,47,1243.968,6.0,measure,13,-575.0,-995.929,no_signal
6,r06_20260912_232908.jsonl,48,1249.968,6.0,measure,17,-575.0,-995.929,no_signal
6,r06_20260912_232908.jsonl,49,1255.968,6.0,measure,12,-575.0,-995.929,no_signal
6,r06_20260912_232908.jsonl,50,1261.968,6.0,measure,18,-575.0,-995.929,no_signal
6,r06_20260912_232908.jsonl,51,1267.968,6.0,measure,19,-575.0,-995.929,no_signal
6,r06_20260912_232908.jsonl,52,1273.968,6.0,measure,10,-575.0,-995.929,no_signal
6,r06_20260912_232908.jsonl,53,1279.968,6.0,measure,9,-575.0,-995.929,no_signal
6,r06_20260912_232908.jsonl,54,1285.968,6.0,measure,8,-575.0,-995.929,no_signal
6,r06_20260912_232908.jsonl,55,1291.968,6.0,measure,7,-575.0,-995.929,no_signal
6,r06_20260912_232908.jsonl,56,1297.968,6.0,measure,6,-575.0,-995.929,no_signal
6,r06_20260912_232908.jsonl,57,1303.968,6.0,measure,5,-575.0,-995.929,no_signal
6,r06_20260912_232908.jsonl,58,1309.968,6.0,measure,3,-575.0,-995.929,no_signal
6,r06_20260912_232908.jsonl,59,1315.968,6.0,measure,2,-575.0,-995.929,no_signal
6,r06_20260912_232908.jsonl,60,1550.968,235.0,measure,2,-1150.0,0.0,no_signal
6,r06_20260912_232908.jsonl,61,1556.968,6.0,measure,3,-1150.0,0.0,no_signal
6,r06_20260912_232908.jsonl,62,1562.968,6.0,measure,5,-1150.0,0.0,no_signal
6,r06_20260912_232908.jsonl,63,1568.968,6.0,measure,6,-1150.0,0.0,no_signal
6,r06_20260912_232908.jsonl,64,1574.968,6.0,measure,7,-1150.0,0.0,no_signal
6,r06_20260912_232908.jsonl,65,1580.968,6.0,measure,8,-1150.0,0.0,no_signal
6,r06_20260912_232908.jsonl,66,1586.968,6.0,measure,9,-1150.0,0.0,no_signal
6,r06_20260912_232908.jsonl,67,1592.968,6.0,measure,10,-1150.0,0.0,direction
6,r06_20260912_232908.jsonl,68,1598.968,6.0,measure,12,-1150.0,0.0,no_signal
6,r06_20260912_232908.jsonl,69,1604.968,6.0,measure,13,-1150.0,0.0,no_signal
6,r06_20260912_232908.jsonl,70,1610.968,6.0,measure,14,-1150.0,0.0,no_signal
6,r06_20260912_232908.jsonl,71,1616.968,6.0,measure,16,-1150.0,0.0,direction
6,r06_20260912_232908.jsonl,72,1622.968,6.0,measure,17,-1150.0,0.0,no_signal
6,r06_20260912_232908.jsonl,73,1628.968,6.0,measure,18,-1150.0,0.0,no_signal
6,r06_20260912_232908.jsonl,74,1634.968,6.0,measure,19,-1150.0,0.0,direction
6,r06_20260912_232908.jsonl,75,1640.968,6.0,measure,10,-1150.0,0.0,direction
6,r06_20260912_232908.jsonl,76,1646.968,6.0,measure,16,-1150.0,0.0,direction
6,r06_20260912_232908.jsonl,77,1652.968,6.0,measure,19,-1150.0,0.0,direction
6,r06_20260912_232908.jsonl,78,1728.968,76.0,measure,16,-1394.402,250.535,direction
6,r06_20260912_232908.jsonl,79,1770.092,41.123,measure,16,-1415.412,429.926,direction
6,r06_20260912_232908.jsonl,80,1799.092,29.0,measure,16,-1485.257,527.505,direction
6,r06_20260912_232908.jsonl,81,1828.092,29.0,measure,16,-1511.972,644.493,direction
6,r06_20260912_232908.jsonl,82,1864.632,36.54,clear,16,-1578.786,787.339,success
6,r06_20260912_232908.jsonl,83,1940.632,76.0,measure,19,-1849.862,1008.739,direction
6,r06_20260912_232908.jsonl,84,1991.923,51.291,measure,19,-1765.447,793.225,direction
6,r06_20260912_232908.jsonl,85,2033.629,41.706,measure,19,-1625.787,674.151,direction
6,r06_20260912_232908.jsonl,86,2063.691,30.061,measure,19,-1569.033,562.433,direction
6,r06_20260912_232908.jsonl,87,2092.691,29.0,measure,19,-1486.528,475.295,direction
6,r06_20260912_232908.jsonl,88,2121.691,29.0,measure,19,-1429.85,369.523,direction
6,r06_20260912_232908.jsonl,89,2137.147,15.457,measure,19,-1480.244,383.449,direction
6,r06_20260912_232908.jsonl,90,2152.189,15.042,clear,19,-1430.709,391.653,success
6,r06_20260912_232908.jsonl,91,2228.189,76.0,measure,10,-1558.871,717.344,direction
6,r06_20260912_232908.jsonl,92,2298.261,70.071,clear,10,-1234.815,746.414,success
6,r06_20260912_232908.jsonl,93,2445.344,147.083,measure,9,-575.0,995.929,no_signal
6,r06_20260912_232908.jsonl,94,2451.344,6.0,measure,8,-575.0,995.929,no_signal
6,r06_20260912_232908.jsonl,95,2457.344,6.0,measure,12,-575.0,995.929,no_signal
6,r06_20260912_232908.jsonl,96,2463.344,6.0,measure,7,-575.0,995.929,no_signal
6,r06_20260912_232908.jsonl,97,2469.344,6.0,measure,13,-575.0,995.929,no_signal
6,r06_20260912_232908.jsonl,98,2475.344,6.0,measure,6,-575.0,995.929,no_signal
6,r06_20260912_232908.jsonl,99,2481.344,6.0,measure,14,-575.0,995.929,direction
6,r06_20260912_232908.jsonl,100,2487.344,6.0,measure,5,-575.0,995.929,no_signal
6,r06_20260912_232908.jsonl,101,2493.344,6.0,measure,3,-575.0,995.929,no_signal
6,r06_20260912_232908.jsonl,102,2499.344,6.0,measure,17,-575.0,995.929,direction
6,r06_20260912_232908.jsonl,103,2505.344,6.0,measure,2,-575.0,995.929,no_signal
6,r06_20260912_232908.jsonl,104,2511.344,6.0,measure,18,-575.0,995.929,direction
6,r06_20260912_232908.jsonl,105,2517.344,6.0,measure,14,-575.0,995.929,direction
6,r06_20260912_232908.jsonl,106,2523.344,6.0,measure,17,-575.0,995.929,direction
6,r06_20260912_232908.jsonl,107,2529.344,6.0,measure,18,-575.0,995.929,direction
6,r06_20260912_232908.jsonl,108,2604.344,75.0,measure,18,-688.313,1327.079,direction
6,r06_20260912_232908.jsonl,109,2637.687,33.342,clear,18,-590.685,1224.361,success
6,r06_20260912_232908.jsonl,110,2713.687,76.0,measure,14,-938.69,1261.675,direction
6,r06_20260912_232908.jsonl,111,2751.144,37.457,clear,14,-1085.71,1192.956,success
6,r06_20260912_232908.jsonl,112,2827.144,76.0,measure,17,-800.876,1396.351,direction
6,r06_20260912_232908.jsonl,113,2902.144,75.0,measure,17,-468.405,1286.976,direction
6,r06_20260912_232908.jsonl,114,2954.964,52.82,measure,17,-233.194,1329.921,direction
6,r06_20260912_232908.jsonl,115,2991.123,36.159,measure,17,-81.211,1295.665,direction
6,r06_20260912_232908.jsonl,116,3020.123,29.0,measure,17,38.528,1303.573,direction
6,r06_20260912_232908.jsonl,117,3049.123,29.0,measure,17,156.822,1283.408,direction
6,r06_20260912_232908.jsonl,118,3068.03,18.907,measure,17,211.681,1240.682,direction
6,r06_20260912_232908.jsonl,119,3083.085,15.055,clear,17,201.953,1290.008,success
6,r06_20260912_232908.jsonl,120,3184.09,101.005,measure,13,575.0,995.929,no_signal
6,r06_20260912_232908.jsonl,121,3190.09,6.0,measure,12,575.0,995.929,direction
6,r06_20260912_232908.jsonl,122,3196.09,6.0,measure,9,575.0,995.929,no_signal
6,r06_20260912_232908.jsonl,123,3202.09,6.0,measure,8,575.0,995.929,no_signal
6,r06_20260912_232908.jsonl,124,3208.09,6.0,measure,7,575.0,995.929,no_signal
6,r06_20260912_232908.jsonl,125,3214.09,6.0,measure,6,575.0,995.929,no_signal
6,r06_20260912_232908.jsonl,126,3220.09,6.0,measure,5,575.0,995.929,no_signal
6,r06_20260912_232908.jsonl,127,3226.09,6.0,measure,3,575.0,995.929,no_signal
6,r06_20260912_232908.jsonl,128,3232.09,6.0,measure,2,575.0,995.929,direction
6,r06_20260912_232908.jsonl,129,3237.09,5.0,measure,2,575.0,995.929,direction
6,r06_20260912_232908.jsonl,130,3243.09,6.0,measure,12,575.0,995.929,direction
6,r06_20260912_232908.jsonl,131,3319.09,76.0,measure,2,879.895,1167.799,direction
6,r06_20260912_232908.jsonl,132,3343.823,24.734,clear,2,940.151,1089.667,success
6,r06_20260912_232908.jsonl,133,3419.823,76.0,measure,12,1232.011,896.489,direction
6,r06_20260912_232908.jsonl,134,3515.227,95.404,clear,12,1012.063,501.593,success
6,r06_20260912_232908.jsonl,135,3625.27,110.043,measure,13,1150.0,0.0,no_signal
6,r06_20260912_232908.jsonl,136,3631.27,6.0,measure,9,1150.0,0.0,no_signal
6,r06_20260912_232908.jsonl,137,3637.27,6.0,measure,8,1150.0,0.0,direction
6,r06_20260912_232908.jsonl,138,3643.27,6.0,measure,7,1150.0,0.0,no_signal
6,r06_20260912_232908.jsonl,139,3649.27,6.0,measure,6,1150.0,0.0,no_signal
6,r06_20260912_232908.jsonl,140,3655.27,6.0,measure,5,1150.0,0.0,no_signal
6,r06_20260912_232908.jsonl,141,3661.27,6.0,measure,3,1150.0,0.0,no_signal
6,r06_20260912_232908.jsonl,142,3667.27,6.0,measure,8,1150.0,0.0,direction
6,r06_20260912_232908.jsonl,143,3742.27,75.0,measure,8,1329.53,300.448,direction
6,r06_20260912_232908.jsonl,144,3775.544,33.274,measure,8,1463.454,345.727,direction
6,r06_20260912_232908.jsonl,145,3804.544,29.0,measure,8,1544.039,434.643,direction
6,r06_20260912_232908.jsonl,146,3833.544,29.0,measure,8,1654.948,480.459,direction
6,r06_20260912_232908.jsonl,147,3849.466,15.923,clear,8,1692.237,520.361,success
6,r06_20260912_232908.jsonl,148,4232.155,382.688,measure,7,575.0,-995.929,no_signal
6,r06_20260912_232908.jsonl,149,4238.155,6.0,measure,9,575.0,-995.929,no_signal
6,r06_20260912_232908.jsonl,150,4244.155,6.0,measure,6,575.0,-995.929,direction
6,r06_20260912_232908.jsonl,151,4250.155,6.0,measure,5,575.0,-995.929,no_signal
6,r06_20260912_232908.jsonl,152,4256.155,6.0,measure,3,575.0,-995.929,no_signal
6,r06_20260912_232908.jsonl,153,4262.155,6.0,measure,13,575.0,-995.929,no_signal
6,r06_20260912_232908.jsonl,154,4268.155,6.0,measure,6,575.0,-995.929,direction
6,r06_20260912_232908.jsonl,155,4343.155,75.0,measure,6,901.993,-1120.73,direction
6,r06_20260912_232908.jsonl,156,4372.155,29.0,measure,6,952.346,-1229.654,direction
6,r06_20260912_232908.jsonl,157,4401.155,29.0,measure,6,1050.352,-1298.899,direction
6,r06_20260912_232908.jsonl,158,4423.081,21.926,clear,6,1092.34,-1372.38,success
6,r06_20260912_232908.jsonl,159,4423.081,0.0,exit,,,,
7,r07_20260912_222511.jsonl,0,0.0,0.0,enter,,,,
7,r07_20260912_222511.jsonl,1,5.0,5.0,measure,1,0.0,0.0,no_signal
7,r07_20260912_222511.jsonl,2,11.0,6.0,measure,2,0.0,0.0,direction
7,r07_20260912_222511.jsonl,3,17.0,6.0,measure,3,0.0,0.0,no_signal
7,r07_20260912_222511.jsonl,4,23.0,6.0,measure,4,0.0,0.0,no_signal
7,r07_20260912_222511.jsonl,5,29.0,6.0,measure,5,0.0,0.0,direction
7,r07_20260912_222511.jsonl,6,35.0,6.0,measure,6,0.0,0.0,no_signal
7,r07_20260912_222511.jsonl,7,41.0,6.0,measure,7,0.0,0.0,no_signal
7,r07_20260912_222511.jsonl,8,47.0,6.0,measure,8,0.0,0.0,no_signal
7,r07_20260912_222511.jsonl,9,53.0,6.0,measure,9,0.0,0.0,no_signal
7,r07_20260912_222511.jsonl,10,59.0,6.0,measure,10,0.0,0.0,no_signal
7,r07_20260912_222511.jsonl,11,65.0,6.0,measure,11,0.0,0.0,direction
7,r07_20260912_222511.jsonl,12,71.0,6.0,measure,12,0.0,0.0,no_signal
7,r07_20260912_222511.jsonl,13,77.0,6.0,measure,13,0.0,0.0,no_signal
7,r07_20260912_222511.jsonl,14,83.0,6.0,measure,14,0.0,0.0,direction
7,r07_20260912_222511.jsonl,15,89.0,6.0,measure,15,0.0,0.0,no_signal
7,r07_20260912_222511.jsonl,16,95.0,6.0,measure,16,0.0,0.0,direction
7,r07_20260912_222511.jsonl,17,101.0,6.0,measure,17,0.0,0.0,no_signal
7,r07_20260912_222511.jsonl,18,107.0,6.0,measure,18,0.0,0.0,direction
7,r07_20260912_222511.jsonl,19,113.0,6.0,measure,19,0.0,0.0,no_signal
7,r07_20260912_222511.jsonl,20,119.0,6.0,measure,20,0.0,0.0,no_signal
7,r07_20260912_222511.jsonl,21,195.0,76.0,measure,18,267.644,-225.537,direction
7,r07_20260912_222511.jsonl,22,201.0,6.0,measure,2,267.644,-225.537,direction
7,r07_20260912_222511.jsonl,23,207.0,6.0,measure,5,267.644,-225.537,no_signal
7,r07_20260912_222511.jsonl,24,213.0,6.0,measure,11,267.644,-225.537,direction
7,r07_20260912_222511.jsonl,25,219.0,6.0,measure,14,267.644,-225.537,direction
7,r07_20260912_222511.jsonl,26,225.0,6.0,measure,16,267.644,-225.537,direction
7,r07_20260912_222511.jsonl,27,301.0,76.0,measure,18,377.019,-558.008,direction
7,r07_20260912_222511.jsonl,28,307.0,6.0,measure,5,377.019,-558.008,no_signal
7,r07_20260912_222511.jsonl,29,367.382,60.382,measure,18,573.108,-746.383,direction
7,r07_20260912_222511.jsonl,30,405.689,38.307,measure,18,638.169,-899.682,direction
7,r07_20260912_222511.jsonl,31,434.689,29.0,measure,18,714.669,-992.136,direction
7,r07_20260912_222511.jsonl,32,463.689,29.0,measure,18,768.215,-1099.527,direction
7,r07_20260912_222511.jsonl,33,479.081,15.391,measure,18,763.764,-1151.293,direction
7,r07_20260912_222511.jsonl,34,494.121,15.041,clear,18,787.524,-1107.068,success
7,r07_20260912_222511.jsonl,35,545.711,51.59,measure,16,868.826,-894.109,direction
7,r07_20260912_222511.jsonl,36,551.711,6.0,measure,5,868.826,-894.109,no_signal
7,r07_20260912_222511.jsonl,37,638.2,86.489,clear,16,1052.158,-530.24,success
7,r07_20260912_222511.jsonl,38,714.2,76.0,measure,14,792.728,-765.178,direction
7,r07_20260912_222511.jsonl,39,720.2,6.0,measure,5,792.728,-765.178,no_signal
7,r07_20260912_222511.jsonl,40,796.2,76.0,measure,14,449.291,-832.64,direction
7,r07_20260912_222511.jsonl,41,802.2,6.0,measure,5,449.291,-832.64,no_signal
7,r07_20260912_222511.jsonl,42,878.2,76.0,measure,14,171.019,-1044.925,direction
7,r07_20260912_222511.jsonl,43,1040.605,162.404,clear,14,-550.994,-1358.135,success
7,r07_20260912_222511.jsonl,44,1107.505,66.9,measure,11,-302.191,-1182.586,direction
7,r07_20260912_222511.jsonl,45,1113.505,6.0,measure,5,-302.191,-1182.586,no_signal
7,r07_20260912_222511.jsonl,46,1233.879,120.375,clear,11,268.788,-1100.332,success
7,r07_20260912_222511.jsonl,47,1308.879,75.0,measure,5,-76.177,-1159.484,no_signal
7,r07_20260912_222511.jsonl,48,1383.879,75.0,measure,5,-404.502,-1038.228,no_signal
7,r07_20260912_222511.jsonl,49,1458.879,75.0,measure,5,-749.467,-1097.38,direction
7,r07_20260912_222511.jsonl,50,1533.88,75.0,measure,5,-848.111,-761.568,direction
7,r07_20260912_222511.jsonl,51,1737.681,203.802,clear,5,-1305.747,120.829,success
7,r07_20260912_222511.jsonl,52,1812.711,75.029,measure,2,-1099.417,397.514,direction
7,r07_20260912_222511.jsonl,53,1949.122,136.411,clear,2,-543.143,747.199,success
7,r07_20260912_222511.jsonl,54,2005.274,56.152,measure,1,-575.0,995.929,no_signal
7,r07_20260912_222511.jsonl,55,2011.274,6.0,measure,3,-575.0,995.929,no_signal
7,r07_20260912_222511.jsonl,56,2017.274,6.0,measure,4,-575.0,995.929,no_signal
7,r07_20260912_222511.jsonl,57,2023.274,6.0,measure,6,-575.0,995.929,no_signal
7,r07_20260912_222511.jsonl,58,2029.274,6.0,measure,7,-575.0,995.929,direction
7,r07_20260912_222511.jsonl,59,2035.274,6.0,measure,8,-575.0,995.929,no_signal
7,r07_20260912_222511.jsonl,60,2041.274,6.0,measure,9,-575.0,995.929,no_signal
7,r07_20260912_222511.jsonl,61,2047.274,6.0,measure,10,-575.0,995.929,direction
7,r07_20260912_222511.jsonl,62,2053.274,6.0,measure,12,-575.0,995.929,no_signal
7,r07_20260912_222511.jsonl,63,2059.274,6.0,measure,13,-575.0,995.929,no_signal
7,r07_20260912_222511.jsonl,64,2065.274,6.0,measure,15,-575.0,995.929,no_signal
7,r07_20260912_222511.jsonl,65,2071.274,6.0,measure,17,-575.0,995.929,direction
7,r07_20260912_222511.jsonl,66,2077.274,6.0,measure,19,-575.0,995.929,direction
7,r07_20260912_222511.jsonl,67,2083.274,6.0,measure,20,-575.0,995.929,direction
7,r07_20260912_222511.jsonl,68,2089.274,6.0,measure,7,-575.0,995.929,direction
7,r07_20260912_222511.jsonl,69,2095.274,6.0,measure,10,-575.0,995.929,direction
7,r07_20260912_222511.jsonl,70,2101.274,6.0,measure,17,-575.0,995.929,direction
7,r07_20260912_222511.jsonl,71,2107.274,6.0,measure,19,-575.0,995.929,direction
7,r07_20260912_222511.jsonl,72,2113.274,6.0,measure,20,-575.0,995.929,direction
7,r07_20260912_222511.jsonl,73,2188.274,75.0,measure,20,-281.832,1187.116,direction
7,r07_20260912_222511.jsonl,74,2263.274,75.0,measure,20,68.156,1189.987,direction
7,r07_20260912_222511.jsonl,75,2318.559,55.285,measure,20,287.912,1312.141,direction
7,r07_20260912_222511.jsonl,76,2351.824,33.265,measure,20,428.576,1325.769,direction
7,r07_20260912_222511.jsonl,77,2380.824,29.0,measure,20,539.833,1370.735,direction
7,r07_20260912_222511.jsonl,78,2409.824,29.0,measure,20,658.72,1387.041,direction
7,r07_20260912_222511.jsonl,79,2424.917,15.093,measure,20,708.786,1380.689,direction
7,r07_20260912_222511.jsonl,80,2439.917,15.0,clear,20,661.599,1397.218,success
7,r07_20260912_222511.jsonl,81,2515.917,76.0,measure,19,954.098,1589.427,direction
7,r07_20260912_222511.jsonl,82,2585.949,70.033,measure,19,634.844,1527.717,direction
7,r07_20260912_222511.jsonl,83,2628.467,42.518,measure,19,494.529,1403.214,direction
7,r07_20260912_222511.jsonl,84,2657.866,29.399,measure,19,379.123,1363.656,direction
7,r07_20260912_222511.jsonl,85,2686.867,29.0,measure,19,330.033,1254.156,direction
7,r07_20260912_222511.jsonl,86,2713.796,26.93,clear,19,221.101,1266.664,success
7,r07_20260912_222511.jsonl,87,2789.796,76.0,measure,17,316.575,1603.39,direction
7,r07_20260912_222511.jsonl,88,2916.747,126.951,clear,17,-281.838,1486.338,success
7,r07_20260912_222511.jsonl,89,2992.747,76.0,measure,7,-572.001,1682.056,direction
7,r07_20260912_222511.jsonl,90,3088.738,95.991,clear,7,-944.148,1420.346,success
7,r07_20260912_222511.jsonl,91,3164.738,76.0,measure,10,-1213.36,1196.683,direction
7,r07_20260912_222511.jsonl,92,3226.305,61.567,measure,10,-1409.834,993.228,direction
7,r07_20260912_222511.jsonl,93,3335.621,109.316,clear,10,-1618.136,515.05,success
7,r07_20260912_222511.jsonl,94,3480.823,145.202,measure,9,-1150.0,0.0,no_signal
7,r07_20260912_222511.jsonl,95,3486.823,6.0,measure,8,-1150.0,0.0,no_signal
7,r07_20260912_222511.jsonl,96,3492.823,6.0,measure,12,-1150.0,0.0,no_signal
7,r07_20260912_222511.jsonl,97,3498.823,6.0,measure,13,-1150.0,0.0,no_signal
7,r07_20260912_222511.jsonl,98,3504.823,6.0,measure,6,-1150.0,0.0,no_signal
7,r07_20260912_222511.jsonl,99,3510.823,6.0,measure,15,-1150.0,0.0,no_signal
7,r07_20260912_222511.jsonl,100,3516.823,6.0,measure,4,-1150.0,0.0,no_signal
7,r07_20260912_222511.jsonl,101,3522.823,6.0,measure,3,-1150.0,0.0,no_signal
7,r07_20260912_222511.jsonl,102,3528.823,6.0,measure,1,-1150.0,0.0,no_signal
7,r07_20260912_222511.jsonl,103,3763.823,235.0,measure,1,-575.0,-995.929,no_signal
7,r07_20260912_222511.jsonl,104,3769.823,6.0,measure,3,-575.0,-995.929,no_signal
7,r07_20260912_222511.jsonl,105,3775.823,6.0,measure,4,-575.0,-995.929,no_signal
7,r07_20260912_222511.jsonl,106,3781.823,6.0,measure,6,-575.0,-995.929,no_signal
7,r07_20260912_222511.jsonl,107,3787.823,6.0,measure,8,-575.0,-995.929,no_signal
7,r07_20260912_222511.jsonl,108,3793.823,6.0,measure,9,-575.0,-995.929,no_signal
7,r07_20260912_222511.jsonl,109,3799.823,6.0,measure,12,-575.0,-995.929,no_signal
7,r07_20260912_222511.jsonl,110,3805.823,6.0,measure,13,-575.0,-995.929,no_signal
7,r07_20260912_222511.jsonl,111,3811.823,6.0,measure,15,-575.0,-995.929,no_signal
7,r07_20260912_222511.jsonl,112,4046.823,235.0,measure,15,575.0,-995.929,no_signal
7,r07_20260912_222511.jsonl,113,4052.823,6.0,measure,13,575.0,-995.929,no_signal
7,r07_20260912_222511.jsonl,114,4058.823,6.0,measure,12,575.0,-995.929,no_signal
7,r07_20260912_222511.jsonl,115,4064.823,6.0,measure,9,575.0,-995.929,no_signal
7,r07_20260912_222511.jsonl,116,4070.823,6.0,measure,8,575.0,-995.929,no_signal
7,r07_20260912_222511.jsonl,117,4076.823,6.0,measure,6,575.0,-995.929,no_signal
7,r07_20260912_222511.jsonl,118,4082.823,6.0,measure,4,575.0,-995.929,no_signal
7,r07_20260912_222511.jsonl,119,4088.823,6.0,measure,3,575.0,-995.929,no_signal
7,r07_20260912_222511.jsonl,120,4094.823,6.0,measure,1,575.0,-995.929,direction
7,r07_20260912_222511.jsonl,121,4099.823,5.0,measure,1,575.0,-995.929,direction
7,r07_20260912_222511.jsonl,122,4174.822,75.0,measure,1,659.969,-656.4,direction
7,r07_20260912_222511.jsonl,123,4215.806,40.983,measure,1,836.97,-688.662,direction
7,r07_20260912_222511.jsonl,124,4244.806,29.0,measure,1,950.695,-650.366,direction
7,r07_20260912_222511.jsonl,125,4294.86,50.054,clear,1,1175.534,-636.454,success
7,r07_20260912_222511.jsonl,126,4428.253,133.393,measure,3,1150.0,0.0,no_signal
7,r07_20260912_222511.jsonl,127,4434.253,6.0,measure,4,1150.0,0.0,no_signal
7,r07_20260912_222511.jsonl,128,4440.253,6.0,measure,6,1150.0,0.0,no_signal
7,r07_20260912_222511.jsonl,129,4446.253,6.0,measure,8,1150.0,0.0,direction
7,r07_20260912_222511.jsonl,130,4452.253,6.0,measure,9,1150.0,0.0,no_signal
7,r07_20260912_222511.jsonl,131,4458.253,6.0,measure,12,1150.0,0.0,no_signal
7,r07_20260912_222511.jsonl,132,4464.253,6.0,measure,13,1150.0,0.0,no_signal
7,r07_20260912_222511.jsonl,133,4470.253,6.0,measure,15,1150.0,0.0,no_signal
7,r07_20260912_222511.jsonl,134,4476.253,6.0,measure,8,1150.0,0.0,direction
7,r07_20260912_222511.jsonl,135,4551.253,75.0,measure,8,1460.51,161.504,direction
7,r07_20260912_222511.jsonl,136,4605.73,54.477,clear,8,1704.742,122.129,success
7,r07_20260912_222511.jsonl,137,4897.376,291.646,measure,9,575.0,995.929,no_signal
7,r07_20260912_222511.jsonl,138,4903.376,6.0,measure,6,575.0,995.929,no_signal
7,r07_20260912_222511.jsonl,139,4909.376,6.0,measure,4,575.0,995.929,no_signal
7,r07_20260912_222511.jsonl,140,4915.376,6.0,measure,12,575.0,995.929,no_signal
7,r07_20260912_222511.jsonl,141,4921.376,6.0,measure,3,575.0,995.929,no_signal
7,r07_20260912_222511.jsonl,142,4927.376,6.0,measure,13,575.0,995.929,no_signal
7,r07_20260912_222511.jsonl,143,4933.376,6.0,measure,15,575.0,995.929,no_signal
7,r07_20260912_222511.jsonl,144,4933.376,0.0,exit,,,,
7,r07_20260912_232919.jsonl,0,0.0,0.0,enter,,,,
7,r07_20260912_232919.jsonl,1,5.0,5.0,measure,1,0.0,0.0,direction
7,r07_20260912_232919.jsonl,2,11.0,6.0,measure,2,0.0,0.0,no_signal
7,r07_20260912_232919.jsonl,3,17.0,6.0,measure,3,0.0,0.0,no_signal
7,r07_20260912_232919.jsonl,4,23.0,6.0,measure,4,0.0,0.0,no_signal
7,r07_20260912_232919.jsonl,5,29.0,6.0,measure,5,0.0,0.0,no_signal
7,r07_20260912_232919.jsonl,6,35.0,6.0,measure,6,0.0,0.0,no_signal
7,r07_20260912_232919.jsonl,7,41.0,6.0,measure,7,0.0,0.0,no_signal
7,r07_20260912_232919.jsonl,8,47.0,6.0,measure,8,0.0,0.0,no_signal
7,r07_20260912_232919.jsonl,9,53.0,6.0,measure,9,0.0,0.0,direction
7,r07_20260912_232919.jsonl,10,59.0,6.0,measure,10,0.0,0.0,direction
7,r07_20260912_232919.jsonl,11,65.0,6.0,measure,11,0.0,0.0,direction
7,r07_20260912_232919.jsonl,12,71.0,6.0,measure,12,0.0,0.0,direction
7,r07_20260912_232919.jsonl,13,77.0,6.0,measure,13,0.0,0.0,no_signal
7,r07_20260912_232919.jsonl,14,83.0,6.0,measure,14,0.0,0.0,no_signal
7,r07_20260912_232919.jsonl,15,89.0,6.0,measure,15,0.0,0.0,direction
7,r07_20260912_232919.jsonl,16,95.0,6.0,measure,16,0.0,0.0,no_signal
7,r07_20260912_232919.jsonl,17,101.0,6.0,measure,17,0.0,0.0,direction
7,r07_20260912_232919.jsonl,18,107.0,6.0,measure,18,0.0,0.0,no_signal
7,r07_20260912_232919.jsonl,19,113.0,6.0,measure,19,0.0,0.0,direction
7,r07_20260912_232919.jsonl,20,119.0,6.0,measure,20,0.0,0.0,no_signal
7,r07_20260912_232919.jsonl,21,195.0,76.0,measure,1,125.771,-326.622,direction
7,r07_20260912_232919.jsonl,22,201.0,6.0,measure,9,125.771,-326.622,direction
7,r07_20260912_232919.jsonl,23,207.0,6.0,measure,10,125.771,-326.622,no_signal
7,r07_20260912_232919.jsonl,24,213.0,6.0,measure,11,125.771,-326.622,direction
7,r07_20260912_232919.jsonl,25,219.0,6.0,measure,12,125.771,-326.622,no_signal
7,r07_20260912_232919.jsonl,26,225.0,6.0,measure,15,125.771,-326.622,direction
7,r07_20260912_232919.jsonl,27,231.0,6.0,measure,17,125.771,-326.622,direction
7,r07_20260912_232919.jsonl,28,237.0,6.0,measure,19,125.771,-326.622,no_signal
7,r07_20260912_232919.jsonl,29,267.0,30.0,measure,1,76.198,-435.904,direction
7,r07_20260912_232919.jsonl,30,273.0,6.0,measure,10,76.198,-435.904,no_signal
7,r07_20260912_232919.jsonl,31,279.0,6.0,measure,12,76.198,-435.904,no_signal
7,r07_20260912_232919.jsonl,32,285.0,6.0,measure,19,76.198,-435.904,no_signal
7,r07_20260912_232919.jsonl,33,315.0,30.0,measure,1,89.039,-555.215,direction
7,r07_20260912_232919.jsonl,34,330.664,15.664,clear,1,63.785,-602.175,success
7,r07_20260912_232919.jsonl,35,385.821,55.157,measure,17,308.871,-583.665,direction
7,r07_20260912_232919.jsonl,36,391.821,6.0,measure,10,308.871,-583.665,no_signal
7,r07_20260912_232919.jsonl,37,397.821,6.0,measure,12,308.871,-583.665,no_signal
7,r07_20260912_232919.jsonl,38,403.821,6.0,measure,19,308.871,-583.665,no_signal
7,r07_20260912_232919.jsonl,39,439.732,35.911,measure,17,439.981,-655.616,direction
7,r07_20260912_232919.jsonl,40,445.732,6.0,measure,10,439.981,-655.616,no_signal
7,r07_20260912_232919.jsonl,41,451.732,6.0,measure,12,439.981,-655.616,no_signal
7,r07_20260912_232919.jsonl,42,457.732,6.0,measure,19,439.981,-655.616,no_signal
7,r07_20260912_232919.jsonl,43,519.492,61.76,clear,17,719.617,-704.066,success
7,r07_20260912_232919.jsonl,44,592.558,73.066,measure,11,511.962,-967.364,direction
7,r07_20260912_232919.jsonl,45,598.558,6.0,measure,10,511.962,-967.364,no_signal
7,r07_20260912_232919.jsonl,46,604.558,6.0,measure,12,511.962,-967.364,no_signal
7,r07_20260912_232919.jsonl,47,610.558,6.0,measure,19,511.962,-967.364,no_signal
7,r07_20260912_232919.jsonl,48,754.096,143.538,clear,11,-58.463,-1360.342,success
7,r07_20260912_232919.jsonl,49,830.096,76.0,measure,9,-329.652,-1139.08,direction
7,r07_20260912_232919.jsonl,50,836.096,6.0,measure,10,-329.652,-1139.08,no_signal
7,r07_20260912_232919.jsonl,51,842.096,6.0,measure,12,-329.652,-1139.08,no_signal
7,r07_20260912_232919.jsonl,52,848.096,6.0,measure,19,-329.652,-1139.08,no_signal
7,r07_20260912_232919.jsonl,53,1008.541,160.445,clear,9,-724.754,-469.774,success
7,r07_20260912_232919.jsonl,54,1084.541,76.0,measure,15,-629.245,-133.057,direction
7,r07_20260912_232919.jsonl,55,1090.541,6.0,measure,10,-629.245,-133.057,direction
7,r07_20260912_232919.jsonl,56,1096.541,6.0,measure,12,-629.245,-133.057,no_signal
7,r07_20260912_232919.jsonl,57,1102.541,6.0,measure,19,-629.245,-133.057,no_signal
7,r07_20260912_232919.jsonl,58,1178.537,75.997,measure,15,-365.689,97.217,direction
7,r07_20260912_232919.jsonl,59,1184.537,6.0,measure,12,-365.689,97.217,direction
7,r07_20260912_232919.jsonl,60,1190.537,6.0,measure,19,-365.689,97.217,direction
7,r07_20260912_232919.jsonl,61,1329.532,138.995,clear,15,-36.876,680.953,success
7,r07_20260912_232919.jsonl,62,1380.307,50.775,measure,12,-120.386,888.669,direction
7,r07_20260912_232919.jsonl,63,1415.241,34.934,measure,12,-85.671,1034.256,direction
7,r07_20260912_232919.jsonl,64,1444.241,29.0,measure,12,-117.223,1150.034,direction
7,r07_20260912_232919.jsonl,65,1473.241,29.0,measure,12,-97.997,1268.484,direction
7,r07_20260912_232919.jsonl,66,1495.228,21.987,clear,12,-110.264,1352.526,success
7,r07_20260912_232919.jsonl,67,1553.807,58.579,measure,10,-328.222,1205.526,direction
7,r07_20260912_232919.jsonl,68,1659.129,105.322,clear,10,-823.343,1125.091,success
7,r07_20260912_232919.jsonl,69,1735.129,76.0,measure,19,-485.451,1216.353,direction
7,r07_20260912_232919.jsonl,70,1969.585,234.455,clear,19,655.972,1100.605,success
7,r07_20260912_232919.jsonl,71,2002.052,32.468,measure,18,575.0,995.929,no_signal
7,r07_20260912_232919.jsonl,72,2008.052,6.0,measure,20,575.0,995.929,no_signal
7,r07_20260912_232919.jsonl,73,2014.052,6.0,measure,16,575.0,995.929,no_signal
7,r07_20260912_232919.jsonl,74,2020.052,6.0,measure,14,575.0,995.929,no_signal
7,r07_20260912_232919.jsonl,75,2026.052,6.0,measure,13,575.0,995.929,no_signal
7,r07_20260912_232919.jsonl,76,2032.052,6.0,measure,8,575.0,995.929,no_signal
7,r07_20260912_232919.jsonl,77,2038.052,6.0,measure,7,575.0,995.929,no_signal
7,r07_20260912_232919.jsonl,78,2044.052,6.0,measure,6,575.0,995.929,no_signal
7,r07_20260912_232919.jsonl,79,2050.052,6.0,measure,5,575.0,995.929,no_signal
7,r07_20260912_232919.jsonl,80,2056.052,6.0,measure,4,575.0,995.929,no_signal
7,r07_20260912_232919.jsonl,81,2062.052,6.0,measure,3,575.0,995.929,direction
7,r07_20260912_232919.jsonl,82,2068.052,6.0,measure,2,575.0,995.929,no_signal
7,r07_20260912_232919.jsonl,83,2074.052,6.0,measure,3,575.0,995.929,direction
7,r07_20260912_232919.jsonl,84,2149.052,75.0,measure,3,924.139,971.392,direction
7,r07_20260912_232919.jsonl,85,2178.052,29.0,measure,3,1004.714,882.467,direction
7,r07_20260912_232919.jsonl,86,2207.052,29.0,measure,3,1118.891,845.541,direction
7,r07_20260912_232919.jsonl,87,2226.421,19.369,clear,3,1170.859,795.931,success
7,r07_20260912_232919.jsonl,88,2391.662,165.241,measure,2,1150.0,0.0,no_signal
7,r07_20260912_232919.jsonl,89,2397.662,6.0,measure,4,1150.0,0.0,no_signal
7,r07_20260912_232919.jsonl,90,2403.662,6.0,measure,5,1150.0,0.0,no_signal
7,r07_20260912_232919.jsonl,91,2409.662,6.0,measure,6,1150.0,0.0,no_signal
7,r07_20260912_232919.jsonl,92,2415.662,6.0,measure,7,1150.0,0.0,no_signal
7,r07_20260912_232919.jsonl,93,2421.662,6.0,measure,8,1150.0,0.0,no_signal
7,r07_20260912_232919.jsonl,94,2427.662,6.0,measure,13,1150.0,0.0,no_signal
7,r07_20260912_232919.jsonl,95,2433.662,6.0,measure,14,1150.0,0.0,no_signal
7,r07_20260912_232919.jsonl,96,2439.662,6.0,measure,16,1150.0,0.0,no_signal
7,r07_20260912_232919.jsonl,97,2445.662,6.0,measure,18,1150.0,0.0,no_signal
7,r07_20260912_232919.jsonl,98,2451.662,6.0,measure,20,1150.0,0.0,no_signal
7,r07_20260912_232919.jsonl,99,2686.662,235.0,measure,20,575.0,-995.929,direction
7,r07_20260912_232919.jsonl,100,2692.662,6.0,measure,18,575.0,-995.929,no_signal
7,r07_20260912_232919.jsonl,101,2698.662,6.0,measure,16,575.0,-995.929,no_signal
7,r07_20260912_232919.jsonl,102,2704.662,6.0,measure,14,575.0,-995.929,no_signal
7,r07_20260912_232919.jsonl,103,2710.662,6.0,measure,13,575.0,-995.929,no_signal
7,r07_20260912_232919.jsonl,104,2716.662,6.0,measure,8,575.0,-995.929,no_signal
7,r07_20260912_232919.jsonl,105,2722.662,6.0,measure,7,575.0,-995.929,no_signal
7,r07_20260912_232919.jsonl,106,2728.662,6.0,measure,6,575.0,-995.929,no_signal
7,r07_20260912_232919.jsonl,107,2734.662,6.0,measure,5,575.0,-995.929,no_signal
7,r07_20260912_232919.jsonl,108,2740.662,6.0,measure,4,575.0,-995.929,no_signal
7,r07_20260912_232919.jsonl,109,2746.662,6.0,measure,2,575.0,-995.929,no_signal
7,r07_20260912_232919.jsonl,110,2752.662,6.0,measure,20,575.0,-995.929,direction
7,r07_20260912_232919.jsonl,111,2827.662,75.0,measure,20,638.903,-1340.046,direction
7,r07_20260912_232919.jsonl,112,2864.956,37.293,clear,20,537.872,-1465.999,success
7,r07_20260912_232919.jsonl,113,3112.571,247.615,measure,18,-575.0,-995.929,no_signal
7,r07_20260912_232919.jsonl,114,3118.571,6.0,measure,16,-575.0,-995.929,no_signal
7,r07_20260912_232919.jsonl,115,3124.571,6.0,measure,14,-575.0,-995.929,no_signal
7,r07_20260912_232919.jsonl,116,3130.571,6.0,measure,13,-575.0,-995.929,no_signal
7,r07_20260912_232919.jsonl,117,3136.571,6.0,measure,8,-575.0,-995.929,direction
7,r07_20260912_232919.jsonl,118,3142.571,6.0,measure,7,-575.0,-995.929,no_signal
7,r07_20260912_232919.jsonl,119,3148.571,6.0,measure,6,-575.0,-995.929,no_signal
7,r07_20260912_232919.jsonl,120,3154.571,6.0,measure,5,-575.0,-995.929,no_signal
7,r07_20260912_232919.jsonl,121,3160.571,6.0,measure,4,-575.0,-995.929,no_signal
7,r07_20260912_232919.jsonl,122,3166.571,6.0,measure,2,-575.0,-995.929,no_signal
7,r07_20260912_232919.jsonl,123,3172.571,6.0,measure,8,-575.0,-995.929,direction
7,r07_20260912_232919.jsonl,124,3247.571,75.0,measure,8,-924.87,-1005.457,direction
7,r07_20260912_232919.jsonl,125,3277.503,29.932,clear,8,-820.423,-937.409,success
7,r07_20260912_232919.jsonl,126,3482.234,204.732,measure,7,-1150.0,0.0,no_signal
7,r07_20260912_232919.jsonl,127,3488.234,6.0,measure,6,-1150.0,0.0,no_signal
7,r07_20260912_232919.jsonl,128,3494.234,6.0,measure,5,-1150.0,0.0,no_signal
7,r07_20260912_232919.jsonl,129,3500.234,6.0,measure,4,-1150.0,0.0,no_signal
7,r07_20260912_232919.jsonl,130,3506.234,6.0,measure,13,-1150.0,0.0,no_signal
7,r07_20260912_232919.jsonl,131,3512.234,6.0,measure,2,-1150.0,0.0,no_signal
7,r07_20260912_232919.jsonl,132,3518.234,6.0,measure,14,-1150.0,0.0,no_signal
7,r07_20260912_232919.jsonl,133,3524.234,6.0,measure,16,-1150.0,0.0,no_signal
7,r07_20260912_232919.jsonl,134,3530.234,6.0,measure,18,-1150.0,0.0,direction
7,r07_20260912_232919.jsonl,135,3535.234,5.0,measure,18,-1150.0,0.0,direction
7,r07_20260912_232919.jsonl,136,3610.234,75.0,measure,18,-1158.063,349.907,direction
7,r07_20260912_232919.jsonl,137,3665.071,54.836,measure,18,-1020.566,557.72,direction
7,r07_20260912_232919.jsonl,138,3702.841,37.77,measure,18,-1006.611,720.976,direction
7,r07_20260912_232919.jsonl,139,3731.841,29.0,measure,18,-951.086,827.357,direction
7,r07_20260912_232919.jsonl,140,3760.841,29.0,measure,18,-928.864,945.281,direction
7,r07_20260912_232919.jsonl,141,3789.841,29.0,measure,18,-873.019,1051.494,direction
7,r07_20260912_232919.jsonl,142,3805.145,15.304,measure,18,-831.101,1081.449,direction
7,r07_20260912_232919.jsonl,143,3820.153,15.008,clear,18,-879.126,1067.385,success
7,r07_20260912_232919.jsonl,144,3888.635,68.482,measure,16,-575.0,995.929,no_signal
7,r07_20260912_232919.jsonl,145,3894.635,6.0,measure,14,-575.0,995.929,no_signal
7,r07_20260912_232919.jsonl,146,3900.635,6.0,measure,13,-575.0,995.929,no_signal
7,r07_20260912_232919.jsonl,147,3906.635,6.0,measure,7,-575.0,995.929,no_signal
7,r07_20260912_232919.jsonl,148,3912.635,6.0,measure,6,-575.0,995.929,no_signal
7,r07_20260912_232919.jsonl,149,3918.635,6.0,measure,5,-575.0,995.929,no_signal
7,r07_20260912_232919.jsonl,150,3924.635,6.0,measure,4,-575.0,995.929,no_signal
7,r07_20260912_232919.jsonl,151,3930.635,6.0,measure,2,-575.0,995.929,no_signal
7,r07_20260912_232919.jsonl,152,3930.635,0.0,exit,,,,
8,r08_20260912_222523.jsonl,0,0.0,0.0,enter,,,,
8,r08_20260912_222523.jsonl,1,5.0,5.0,measure,1,0.0,0.0,no_signal
8,r08_20260912_222523.jsonl,2,11.0,6.0,measure,2,0.0,0.0,no_signal
8,r08_20260912_222523.jsonl,3,17.0,6.0,measure,3,0.0,0.0,no_signal
8,r08_20260912_222523.jsonl,4,23.0,6.0,measure,4,0.0,0.0,no_signal
8,r08_20260912_222523.jsonl,5,29.0,6.0,measure,5,0.0,0.0,no_signal
8,r08_20260912_222523.jsonl,6,35.0,6.0,measure,6,0.0,0.0,direction
8,r08_20260912_222523.jsonl,7,41.0,6.0,measure,7,0.0,0.0,direction
8,r08_20260912_222523.jsonl,8,47.0,6.0,measure,8,0.0,0.0,direction
8,r08_20260912_222523.jsonl,9,53.0,6.0,measure,9,0.0,0.0,no_signal
8,r08_20260912_222523.jsonl,10,59.0,6.0,measure,10,0.0,0.0,no_signal
8,r08_20260912_222523.jsonl,11,65.0,6.0,measure,11,0.0,0.0,direction
8,r08_20260912_222523.jsonl,12,71.0,6.0,measure,12,0.0,0.0,direction
8,r08_20260912_222523.jsonl,13,77.0,6.0,measure,13,0.0,0.0,no_signal
8,r08_20260912_222523.jsonl,14,83.0,6.0,measure,14,0.0,0.0,direction
8,r08_20260912_222523.jsonl,15,89.0,6.0,measure,15,0.0,0.0,no_signal
8,r08_20260912_222523.jsonl,16,95.0,6.0,measure,16,0.0,0.0,no_signal
8,r08_20260912_222523.jsonl,17,101.0,6.0,measure,17,0.0,0.0,direction
8,r08_20260912_222523.jsonl,18,107.0,6.0,measure,18,0.0,0.0,no_signal
8,r08_20260912_222523.jsonl,19,113.0,6.0,measure,19,0.0,0.0,no_signal
8,r08_20260912_222523.jsonl,20,119.0,6.0,measure,20,0.0,0.0,no_signal
8,r08_20260912_222523.jsonl,21,195.0,76.0,measure,7,137.543,321.842,direction
8,r08_20260912_222523.jsonl,22,201.0,6.0,measure,6,137.543,321.842,no_signal
8,r08_20260912_222523.jsonl,23,207.0,6.0,measure,8,137.543,321.842,direction
8,r08_20260912_222523.jsonl,24,213.0,6.0,measure,11,137.543,321.842,direction
8,r08_20260912_222523.jsonl,25,219.0,6.0,measure,12,137.543,321.842,direction
8,r08_20260912_222523.jsonl,26,225.0,6.0,measure,14,137.543,321.842,no_signal
8,r08_20260912_222523.jsonl,27,231.0,6.0,measure,17,137.543,321.842,no_signal
8,r08_20260912_222523.jsonl,28,296.77,65.77,measure,7,387.411,485.787,direction
8,r08_20260912_222523.jsonl,29,302.77,6.0,measure,6,387.411,485.787,no_signal
8,r08_20260912_222523.jsonl,30,308.77,6.0,measure,14,387.411,485.787,no_signal
8,r08_20260912_222523.jsonl,31,314.77,6.0,measure,17,387.411,485.787,no_signal
8,r08_20260912_222523.jsonl,32,362.401,47.631,measure,7,485.117,669.584,direction
8,r08_20260912_222523.jsonl,33,395.951,33.55,measure,7,595.32,760.317,direction
8,r08_20260912_222523.jsonl,34,424.951,29.0,measure,7,662.75,859.58,direction
8,r08_20260912_222523.jsonl,35,453.951,29.0,measure,7,751.819,939.996,direction
8,r08_20260912_222523.jsonl,36,478.968,25.018,measure,7,842.136,983.129,direction
8,r08_20260912_222523.jsonl,37,494.177,15.209,clear,7,796.331,1005.657,success
8,r08_20260912_222523.jsonl,38,707.755,213.578,clear,12,297.163,89.99,success
8,r08_20260912_222523.jsonl,39,783.755,76.0,measure,14,330.04,-258.462,direction
8,r08_20260912_222523.jsonl,40,789.755,6.0,measure,6,330.04,-258.462,direction
8,r08_20260912_222523.jsonl,41,795.755,6.0,measure,17,330.04,-258.462,no_signal
8,r08_20260912_222523.jsonl,42,861.55,65.795,measure,14,109.014,-459.792,direction
8,r08_20260912_222523.jsonl,43,867.55,6.0,measure,17,109.014,-459.792,no_signal
8,r08_20260912_222523.jsonl,44,913.297,45.747,measure,14,45.984,-648.268,direction
8,r08_20260912_222523.jsonl,45,944.631,31.334,measure,14,-40.629,-747.44,direction
8,r08_20260912_222523.jsonl,46,973.631,29.0,measure,14,-90.539,-856.569,direction
8,r08_20260912_222523.jsonl,47,1000.778,27.147,clear,14,-155.702,-946.101,success
8,r08_20260912_222523.jsonl,48,1037.737,36.959,measure,6,-220.857,-1086.515,direction
8,r08_20260912_222523.jsonl,49,1043.737,6.0,measure,17,-220.857,-1086.515,no_signal
8,r08_20260912_222523.jsonl,50,1073.737,30.0,measure,6,-323.687,-1148.37,direction
8,r08_20260912_222523.jsonl,51,1079.737,6.0,measure,17,-323.687,-1148.37,no_signal
8,r08_20260912_222523.jsonl,52,1109.737,30.0,measure,6,-381.503,-1253.524,direction
8,r08_20260912_222523.jsonl,53,1137.782,28.045,clear,6,-468.246,-1329.369,success
8,r08_20260912_222523.jsonl,54,1213.782,76.0,measure,11,-679.557,-1050.357,direction
8,r08_20260912_222523.jsonl,55,1219.782,6.0,measure,17,-679.557,-1050.357,no_signal
8,r08_20260912_222523.jsonl,56,1438.528,218.746,clear,11,-983.6,-25.788,success
8,r08_20260912_222523.jsonl,57,1513.528,75.0,measure,17,-1333.088,-44.716,direction
8,r08_20260912_222523.jsonl,58,1594.211,80.683,clear,17,-1067.191,224.535,success
8,r08_20260912_222523.jsonl,59,1670.211,76.0,measure,8,-749.527,371.469,no_signal
8,r08_20260912_222523.jsonl,60,1745.211,75.0,measure,8,-401.287,336.417,direction
8,r08_20260912_222523.jsonl,61,1820.211,75.0,measure,8,-72.824,457.298,direction
8,r08_20260912_222523.jsonl,62,1895.211,75.0,measure,8,277.119,450.97,direction
8,r08_20260912_222523.jsonl,63,1947.056,51.846,measure,8,502.646,514.217,direction
8,r08_20260912_222523.jsonl,64,1982.665,35.609,measure,8,655.478,522.289,direction
8,r08_20260912_222523.jsonl,65,2046.959,64.294,measure,8,928.142,638.687,direction
8,r08_20260912_222523.jsonl,66,2064.443,17.484,clear,8,936.221,576.794,success
8,r08_20260912_222523.jsonl,67,2181.105,116.663,measure,9,575.0,995.929,no_signal
8,r08_20260912_222523.jsonl,68,2187.105,6.0,measure,10,575.0,995.929,no_signal
8,r08_20260912_222523.jsonl,69,2193.105,6.0,measure,5,575.0,995.929,no_signal
8,r08_20260912_222523.jsonl,70,2199.105,6.0,measure,4,575.0,995.929,no_signal
8,r08_20260912_222523.jsonl,71,2205.105,6.0,measure,3,575.0,995.929,no_signal
8,r08_20260912_222523.jsonl,72,2211.105,6.0,measure,13,575.0,995.929,no_signal
8,r08_20260912_222523.jsonl,73,2217.105,6.0,measure,2,575.0,995.929,no_signal
8,r08_20260912_222523.jsonl,74,2223.105,6.0,measure,1,575.0,995.929,direction
8,r08_20260912_222523.jsonl,75,2229.105,6.0,measure,15,575.0,995.929,direction
8,r08_20260912_222523.jsonl,76,2235.105,6.0,measure,16,575.0,995.929,no_signal
8,r08_20260912_222523.jsonl,77,2241.105,6.0,measure,18,575.0,995.929,no_signal
8,r08_20260912_222523.jsonl,78,2247.105,6.0,measure,19,575.0,995.929,no_signal
8,r08_20260912_222523.jsonl,79,2253.105,6.0,measure,20,575.0,995.929,no_signal
8,r08_20260912_222523.jsonl,80,2259.105,6.0,measure,1,575.0,995.929,direction
8,r08_20260912_222523.jsonl,81,2265.105,6.0,measure,15,575.0,995.929,direction
8,r08_20260912_222523.jsonl,82,2341.105,76.0,measure,1,242.301,1104.608,direction
8,r08_20260912_222523.jsonl,83,2364.563,23.458,clear,1,306.716,1170.697,success
8,r08_20260912_222523.jsonl,84,2440.563,76.0,measure,15,-41.157,1209.225,direction
8,r08_20260912_222523.jsonl,85,2469.563,29.0,measure,15,-130.92,1288.865,direction
8,r08_20260912_222523.jsonl,86,2497.581,28.018,clear,15,-241.654,1320.224,success
8,r08_20260912_222523.jsonl,87,2596.594,99.013,measure,16,-575.0,995.929,no_signal
8,r08_20260912_222523.jsonl,88,2602.594,6.0,measure,13,-575.0,995.929,no_signal
8,r08_20260912_222523.jsonl,89,2608.594,6.0,measure,18,-575.0,995.929,no_signal
8,r08_20260912_222523.jsonl,90,2614.594,6.0,measure,19,-575.0,995.929,no_signal
8,r08_20260912_222523.jsonl,91,2620.594,6.0,measure,10,-575.0,995.929,direction
8,r08_20260912_222523.jsonl,92,2626.594,6.0,measure,20,-575.0,995.929,no_signal
8,r08_20260912_222523.jsonl,93,2632.594,6.0,measure,9,-575.0,995.929,no_signal
8,r08_20260912_222523.jsonl,94,2638.594,6.0,measure,5,-575.0,995.929,no_signal
8,r08_20260912_222523.jsonl,95,2644.594,6.0,measure,4,-575.0,995.929,no_signal
8,r08_20260912_222523.jsonl,96,2650.594,6.0,measure,3,-575.0,995.929,no_signal
8,r08_20260912_222523.jsonl,97,2656.594,6.0,measure,2,-575.0,995.929,no_signal
8,r08_20260912_222523.jsonl,98,2662.594,6.0,measure,10,-575.0,995.929,direction
8,r08_20260912_222523.jsonl,99,2737.594,75.0,measure,10,-911.693,900.337,direction
8,r08_20260912_222523.jsonl,100,2770.847,33.253,measure,10,-1040.115,959.187,direction
8,r08_20260912_222523.jsonl,101,2799.847,29.0,measure,10,-1159.744,949.755,direction
8,r08_20260912_222523.jsonl,102,2828.847,29.0,measure,10,-1272.545,990.694,direction
8,r08_20260912_222523.jsonl,103,2846.833,17.986,clear,10,-1337.316,986.162,success
8,r08_20260912_222523.jsonl,104,3053.592,206.759,measure,9,-1150.0,0.0,no_signal
8,r08_20260912_222523.jsonl,105,3059.592,6.0,measure,13,-1150.0,0.0,no_signal
8,r08_20260912_222523.jsonl,106,3065.592,6.0,measure,5,-1150.0,0.0,no_signal
8,r08_20260912_222523.jsonl,107,3071.592,6.0,measure,4,-1150.0,0.0,no_signal
8,r08_20260912_222523.jsonl,108,3077.592,6.0,measure,16,-1150.0,0.0,no_signal
8,r08_20260912_222523.jsonl,109,3083.592,6.0,measure,3,-1150.0,0.0,no_signal
8,r08_20260912_222523.jsonl,110,3089.592,6.0,measure,2,-1150.0,0.0,no_signal
8,r08_20260912_222523.jsonl,111,3095.592,6.0,measure,18,-1150.0,0.0,no_signal
8,r08_20260912_222523.jsonl,112,3101.592,6.0,measure,19,-1150.0,0.0,direction
8,r08_20260912_222523.jsonl,113,3107.592,6.0,measure,20,-1150.0,0.0,no_signal
8,r08_20260912_222523.jsonl,114,3113.592,6.0,measure,19,-1150.0,0.0,direction
8,r08_20260912_222523.jsonl,115,3188.591,75.0,measure,19,-1063.018,-339.019,direction
8,r08_20260912_222523.jsonl,116,3253.855,65.263,measure,19,-1161.862,-623.662,direction
8,r08_20260912_222523.jsonl,117,3296.599,42.744,measure,19,-1128.422,-809.398,direction
8,r08_20260912_222523.jsonl,118,3325.599,29.0,measure,19,-1155.314,-926.346,direction
8,r08_20260912_222523.jsonl,119,3354.599,29.0,measure,19,-1147.904,-1046.117,direction
8,r08_20260912_222523.jsonl,120,3373.985,19.386,clear,19,-1162.427,-1116.564,success
8,r08_20260912_222523.jsonl,121,3499.922,125.937,measure,18,-575.0,-995.929,no_signal
8,r08_20260912_222523.jsonl,122,3505.922,6.0,measure,20,-575.0,-995.929,no_signal
8,r08_20260912_222523.jsonl,123,3511.922,6.0,measure,16,-575.0,-995.929,no_signal
8,r08_20260912_222523.jsonl,124,3517.922,6.0,measure,13,-575.0,-995.929,no_signal
8,r08_20260912_222523.jsonl,125,3523.922,6.0,measure,9,-575.0,-995.929,no_signal
8,r08_20260912_222523.jsonl,126,3529.922,6.0,measure,5,-575.0,-995.929,no_signal
8,r08_20260912_222523.jsonl,127,3535.922,6.0,measure,4,-575.0,-995.929,direction
8,r08_20260912_222523.jsonl,128,3541.922,6.0,measure,3,-575.0,-995.929,direction
8,r08_20260912_222523.jsonl,129,3547.922,6.0,measure,2,-575.0,-995.929,no_signal
8,r08_20260912_222523.jsonl,130,3553.922,6.0,measure,3,-575.0,-995.929,direction
8,r08_20260912_222523.jsonl,131,3559.922,6.0,measure,4,-575.0,-995.929,direction
8,r08_20260912_222523.jsonl,132,3635.922,76.0,measure,3,-495.077,-1336.682,direction
8,r08_20260912_222523.jsonl,133,3690.801,54.879,clear,3,-593.554,-1565.81,success
8,r08_20260912_222523.jsonl,134,3766.801,76.0,measure,4,-243.568,-1568.925,direction
8,r08_20260912_222523.jsonl,135,3827.632,60.831,measure,4,33.187,-1532.391,direction
8,r08_20260912_222523.jsonl,136,3869.828,42.196,measure,4,183.016,-1422.209,direction
8,r08_20260912_222523.jsonl,137,3946.051,76.223,clear,4,516.898,-1298.35,success
8,r08_20260912_222523.jsonl,138,4013.642,67.59,measure,5,575.0,-995.929,direction
8,r08_20260912_222523.jsonl,139,4019.642,6.0,measure,2,575.0,-995.929,no_signal
8,r08_20260912_222523.jsonl,140,4025.642,6.0,measure,9,575.0,-995.929,no_signal
8,r08_20260912_222523.jsonl,141,4031.642,6.0,measure,13,575.0,-995.929,no_signal
8,r08_20260912_222523.jsonl,142,4037.642,6.0,measure,16,575.0,-995.929,no_signal
8,r08_20260912_222523.jsonl,143,4043.642,6.0,measure,18,575.0,-995.929,no_signal
8,r08_20260912_222523.jsonl,144,4049.642,6.0,measure,20,575.0,-995.929,no_signal
8,r08_20260912_222523.jsonl,145,4055.642,6.0,measure,5,575.0,-995.929,direction
8,r08_20260912_222523.jsonl,146,4130.642,75.0,measure,5,867.801,-804.18,direction
8,r08_20260912_222523.jsonl,147,4189.992,59.35,measure,5,1139.512,-808.828,direction
8,r08_20260912_222523.jsonl,148,4230.368,40.376,measure,5,1295.4,-725.253,direction
8,r08_20260912_222523.jsonl,149,4259.943,29.575,measure,5,1417.654,-712.91,direction
8,r08_20260912_222523.jsonl,150,4288.943,29.0,measure,5,1528.537,-667.03,direction
8,r08_20260912_222523.jsonl,151,4317.943,29.0,measure,5,1647.563,-651.773,direction
8,r08_20260912_222523.jsonl,152,4333.121,15.178,measure,5,1698.449,-652.544,direction
8,r08_20260912_222523.jsonl,153,4348.128,15.007,clear,5,1651.057,-636.496,success
8,r08_20260912_222523.jsonl,154,4516.139,168.011,measure,2,1150.0,0.0,direction
8,r08_20260912_222523.jsonl,155,4522.139,6.0,measure,9,1150.0,0.0,no_signal
8,r08_20260912_222523.jsonl,156,4528.139,6.0,measure,13,1150.0,0.0,no_signal
8,r08_20260912_222523.jsonl,157,4534.139,6.0,measure,16,1150.0,0.0,no_signal
8,r08_20260912_222523.jsonl,158,4540.139,6.0,measure,18,1150.0,0.0,direction
8,r08_20260912_222523.jsonl,159,4546.139,6.0,measure,20,1150.0,0.0,no_signal
8,r08_20260912_222523.jsonl,160,4552.139,6.0,measure,2,1150.0,0.0,direction
8,r08_20260912_222523.jsonl,161,4558.139,6.0,measure,18,1150.0,0.0,direction
8,r08_20260912_222523.jsonl,162,4634.139,76.0,measure,2,1463.309,-156.005,direction
8,r08_20260912_222523.jsonl,163,4669.538,35.399,clear,2,1311.884,-142.85,success
8,r08_20260912_222523.jsonl,164,4745.538,76.0,measure,18,1557.289,106.702,direction
8,r08_20260912_222523.jsonl,165,4795.832,50.295,clear,18,1667.017,304.818,success
8,r08_20260912_222523.jsonl,166,4795.832,0.0,exit,,,,
8,r08_20260912_232931.jsonl,0,0.0,0.0,enter,,,,
8,r08_20260912_232931.jsonl,1,5.0,5.0,measure,1,0.0,0.0,no_signal
8,r08_20260912_232931.jsonl,2,11.0,6.0,measure,2,0.0,0.0,direction
8,r08_20260912_232931.jsonl,3,17.0,6.0,measure,3,0.0,0.0,no_signal
8,r08_20260912_232931.jsonl,4,23.0,6.0,measure,4,0.0,0.0,direction
8,r08_20260912_232931.jsonl,5,29.0,6.0,measure,5,0.0,0.0,no_signal
8,r08_20260912_232931.jsonl,6,35.0,6.0,measure,6,0.0,0.0,no_signal
8,r08_20260912_232931.jsonl,7,41.0,6.0,measure,7,0.0,0.0,no_signal
8,r08_20260912_232931.jsonl,8,47.0,6.0,measure,8,0.0,0.0,direction
8,r08_20260912_232931.jsonl,9,53.0,6.0,measure,9,0.0,0.0,direction
8,r08_20260912_232931.jsonl,10,59.0,6.0,measure,10,0.0,0.0,no_signal
8,r08_20260912_232931.jsonl,11,65.0,6.0,measure,11,0.0,0.0,no_signal
8,r08_20260912_232931.jsonl,12,71.0,6.0,measure,12,0.0,0.0,no_signal
8,r08_20260912_232931.jsonl,13,77.0,6.0,measure,13,0.0,0.0,no_signal
8,r08_20260912_232931.jsonl,14,83.0,6.0,measure,14,0.0,0.0,direction
8,r08_20260912_232931.jsonl,15,89.0,6.0,measure,15,0.0,0.0,direction
8,r08_20260912_232931.jsonl,16,95.0,6.0,measure,16,0.0,0.0,no_signal
8,r08_20260912_232931.jsonl,17,101.0,6.0,measure,17,0.0,0.0,no_signal
8,r08_20260912_232931.jsonl,18,107.0,6.0,measure,18,0.0,0.0,direction
8,r08_20260912_232931.jsonl,19,113.0,6.0,measure,19,0.0,0.0,direction
8,r08_20260912_232931.jsonl,20,119.0,6.0,measure,20,0.0,0.0,direction
8,r08_20260912_232931.jsonl,21,195.0,76.0,measure,15,282.976,-205.972,direction
8,r08_20260912_232931.jsonl,22,201.0,6.0,measure,2,282.976,-205.972,direction
8,r08_20260912_232931.jsonl,23,207.0,6.0,measure,4,282.976,-205.972,direction
8,r08_20260912_232931.jsonl,24,213.0,6.0,measure,8,282.976,-205.972,direction
8,r08_20260912_232931.jsonl,25,219.0,6.0,measure,9,282.976,-205.972,direction
8,r08_20260912_232931.jsonl,26,225.0,6.0,measure,14,282.976,-205.972,direction
8,r08_20260912_232931.jsonl,27,231.0,6.0,measure,18,282.976,-205.972,direction
8,r08_20260912_232931.jsonl,28,237.0,6.0,measure,19,282.976,-205.972,direction
8,r08_20260912_232931.jsonl,29,243.0,6.0,measure,20,282.976,-205.972,direction
8,r08_20260912_232931.jsonl,30,268.606,25.606,clear,15,243.19,-301.009,success
8,r08_20260912_232931.jsonl,31,340.441,71.835,measure,8,-54.293,-441.939,direction
8,r08_20260912_232931.jsonl,32,387.786,47.345,measure,8,-262.102,-401.408,direction
8,r08_20260912_232931.jsonl,33,420.765,32.979,measure,8,-395.196,-444.49,direction
8,r08_20260912_232931.jsonl,34,479.945,59.18,clear,8,-665.754,-458.087,success
8,r08_20260912_232931.jsonl,35,551.384,71.439,measure,18,-446.904,-701.32,direction
8,r08_20260912_232931.jsonl,36,603.479,52.095,measure,18,-432.757,-936.372,direction
8,r08_20260912_232931.jsonl,37,699.538,96.059,clear,18,-269.208,-1361.277,success
8,r08_20260912_232931.jsonl,38,893.812,194.274,clear,14,251.477,-559.076,no_target_in_range
8,r08_20260912_232931.jsonl,39,901.756,7.944,clear,14,276.101,-556.904,no_target_in_range
8,r08_20260912_232931.jsonl,40,913.827,12.071,clear,14,251.101,-531.904,success
8,r08_20260912_232931.jsonl,41,1034.992,121.165,clear,9,459.28,10.332,success
8,r08_20260912_232931.jsonl,42,1084.198,49.206,measure,19,675.253,5.397,direction
8,r08_20260912_232931.jsonl,43,1122.273,38.075,measure,19,813.163,-85.873,direction
8,r08_20260912_232931.jsonl,44,1151.273,29.0,measure,19,932.848,-94.564,direction
8,r08_20260912_232931.jsonl,45,1180.273,29.0,measure,19,1039.462,-149.641,direction
8,r08_20260912_232931.jsonl,46,1198.685,18.412,clear,19,1106.325,-154.808,success
8,r08_20260912_232931.jsonl,47,1229.386,30.701,measure,20,1149.333,-39.035,direction
8,r08_20260912_232931.jsonl,48,1278.908,49.522,clear,20,1293.018,130.991,success
8,r08_20260912_232931.jsonl,49,1354.908,76.0,measure,2,1082.471,410.58,direction
8,r08_20260912_232931.jsonl,50,1508.42,153.512,clear,2,852.767,1116.719,success
8,r08_20260912_232931.jsonl,51,1584.42,76.0,measure,4,924.971,774.248,no_signal
8,r08_20260912_232931.jsonl,52,1659.42,75.0,measure,4,813.871,442.349,no_signal
8,r08_20260912_232931.jsonl,53,1734.42,75.0,measure,4,856.537,94.959,direction
8,r08_20260912_232931.jsonl,54,1809.42,75.0,measure,4,796.378,-249.832,direction
8,r08_20260912_232931.jsonl,55,1873.379,63.959,measure,4,823.289,-543.397,direction
8,r08_20260912_232931.jsonl,56,1986.195,112.816,clear,4,797.699,-1091.881,no_target_in_range
8,r08_20260912_232931.jsonl,57,1994.452,8.257,clear,4,823.955,-1090.639,no_target_in_range
8,r08_20260912_232931.jsonl,58,2004.523,10.071,clear,4,798.955,-1065.639,no_target_in_range
8,r08_20260912_232931.jsonl,59,2014.594,10.071,clear,4,773.955,-1090.639,no_target_in_range
8,r08_20260912_232931.jsonl,60,2026.665,12.071,clear,4,798.955,-1115.639,success
8,r08_20260912_232931.jsonl,61,2083.454,56.788,measure,3,575.0,-995.929,no_signal
8,r08_20260912_232931.jsonl,62,2089.454,6.0,measure,5,575.0,-995.929,no_signal
8,r08_20260912_232931.jsonl,63,2095.454,6.0,measure,6,575.0,-995.929,no_signal
8,r08_20260912_232931.jsonl,64,2101.454,6.0,measure,1,575.0,-995.929,no_signal
8,r08_20260912_232931.jsonl,65,2107.454,6.0,measure,7,575.0,-995.929,no_signal
8,r08_20260912_232931.jsonl,66,2113.454,6.0,measure,10,575.0,-995.929,no_signal
8,r08_20260912_232931.jsonl,67,2119.454,6.0,measure,11,575.0,-995.929,no_signal
8,r08_20260912_232931.jsonl,68,2125.454,6.0,measure,12,575.0,-995.929,no_signal
8,r08_20260912_232931.jsonl,69,2131.454,6.0,measure,13,575.0,-995.929,no_signal
8,r08_20260912_232931.jsonl,70,2137.454,6.0,measure,16,575.0,-995.929,no_signal
8,r08_20260912_232931.jsonl,71,2143.454,6.0,measure,17,575.0,-995.929,no_signal
8,r08_20260912_232931.jsonl,72,2378.454,235.0,measure,17,1150.0,0.0,no_signal
8,r08_20260912_232931.jsonl,73,2384.454,6.0,measure,16,1150.0,0.0,no_signal
8,r08_20260912_232931.jsonl,74,2390.454,6.0,measure,13,1150.0,0.0,no_signal
8,r08_20260912_232931.jsonl,75,2396.454,6.0,measure,12,1150.0,0.0,direction
8,r08_20260912_232931.jsonl,76,2402.454,6.0,measure,11,1150.0,0.0,direction
8,r08_20260912_232931.jsonl,77,2408.454,6.0,measure,10,1150.0,0.0,no_signal
8,r08_20260912_232931.jsonl,78,2414.454,6.0,measure,7,1150.0,0.0,no_signal
8,r08_20260912_232931.jsonl,79,2420.454,6.0,measure,6,1150.0,0.0,no_signal
8,r08_20260912_232931.jsonl,80,2426.454,6.0,measure,5,1150.0,0.0,no_signal
8,r08_20260912_232931.jsonl,81,2432.454,6.0,measure,3,1150.0,0.0,no_signal
8,r08_20260912_232931.jsonl,82,2438.454,6.0,measure,1,1150.0,0.0,no_signal
8,r08_20260912_232931.jsonl,83,2444.454,6.0,measure,11,1150.0,0.0,direction
8,r08_20260912_232931.jsonl,84,2450.454,6.0,measure,12,1150.0,0.0,direction
8,r08_20260912_232931.jsonl,85,2525.454,75.0,measure,12,1319.256,306.354,direction
8,r08_20260912_232931.jsonl,86,2554.474,29.02,clear,12,1329.629,186.701,success
8,r08_20260912_232931.jsonl,87,2630.474,76.0,measure,11,1317.475,536.49,direction
8,r08_20260912_232931.jsonl,88,2659.474,29.0,measure,11,1352.6,651.234,direction
8,r08_20260912_232931.jsonl,89,2688.474,29.0,measure,11,1325.294,768.086,direction
8,r08_20260912_232931.jsonl,90,2713.535,25.061,clear,11,1342.062,866.981,success
8,r08_20260912_232931.jsonl,91,2875.1,161.565,measure,10,575.0,995.929,no_signal
8,r08_20260912_232931.jsonl,92,2881.1,6.0,measure,13,575.0,995.929,no_signal
8,r08_20260912_232931.jsonl,93,2887.1,6.0,measure,7,575.0,995.929,no_signal
8,r08_20260912_232931.jsonl,94,2893.1,6.0,measure,6,575.0,995.929,no_signal
8,r08_20260912_232931.jsonl,95,2899.1,6.0,measure,16,575.0,995.929,direction
8,r08_20260912_232931.jsonl,96,2905.1,6.0,measure,5,575.0,995.929,direction
8,r08_20260912_232931.jsonl,97,2911.1,6.0,measure,17,575.0,995.929,no_signal
8,r08_20260912_232931.jsonl,98,2917.1,6.0,measure,3,575.0,995.929,no_signal
8,r08_20260912_232931.jsonl,99,2923.1,6.0,measure,1,575.0,995.929,no_signal
8,r08_20260912_232931.jsonl,100,2929.1,6.0,measure,5,575.0,995.929,direction
8,r08_20260912_232931.jsonl,101,2935.1,6.0,measure,16,575.0,995.929,direction
8,r08_20260912_232931.jsonl,102,3010.1,75.0,measure,16,544.861,1344.629,direction
8,r08_20260912_232931.jsonl,103,3039.1,29.0,measure,16,627.144,1431.976,direction
8,r08_20260912_232931.jsonl,104,3074.231,35.131,clear,16,680.216,1572.972,success
8,r08_20260912_232931.jsonl,105,3150.231,76.0,measure,5,529.261,1888.745,direction
8,r08_20260912_232931.jsonl,106,3207.623,57.392,measure,5,479.008,1631.651,direction
8,r08_20260912_232931.jsonl,107,3247.347,39.724,measure,5,532.648,1466.523,direction
8,r08_20260912_232931.jsonl,108,3276.347,29.0,measure,5,583.428,1357.797,direction
8,r08_20260912_232931.jsonl,109,3320.624,44.276,clear,5,543.715,1165.473,success
8,r08_20260912_232931.jsonl,110,3552.922,232.298,measure,6,-575.0,995.929,no_signal
8,r08_20260912_232931.jsonl,111,3558.922,6.0,measure,3,-575.0,995.929,no_signal
8,r08_20260912_232931.jsonl,112,3564.922,6.0,measure,7,-575.0,995.929,no_signal
8,r08_20260912_232931.jsonl,113,3570.922,6.0,measure,1,-575.0,995.929,no_signal
8,r08_20260912_232931.jsonl,114,3576.922,6.0,measure,10,-575.0,995.929,no_signal
8,r08_20260912_232931.jsonl,115,3582.922,6.0,measure,13,-575.0,995.929,no_signal
8,r08_20260912_232931.jsonl,116,3588.922,6.0,measure,17,-575.0,995.929,no_signal
8,r08_20260912_232931.jsonl,117,3823.921,235.0,measure,17,-1150.0,0.0,no_signal
8,r08_20260912_232931.jsonl,118,3829.921,6.0,measure,13,-1150.0,0.0,no_signal
8,r08_20260912_232931.jsonl,119,3835.921,6.0,measure,10,-1150.0,0.0,no_signal
8,r08_20260912_232931.jsonl,120,3841.921,6.0,measure,7,-1150.0,0.0,no_signal
8,r08_20260912_232931.jsonl,121,3847.921,6.0,measure,6,-1150.0,0.0,no_signal
8,r08_20260912_232931.jsonl,122,3853.921,6.0,measure,3,-1150.0,0.0,no_signal
8,r08_20260912_232931.jsonl,123,3859.921,6.0,measure,1,-1150.0,0.0,no_signal
8,r08_20260912_232931.jsonl,124,4094.921,235.0,measure,1,-575.0,-995.929,no_signal
8,r08_20260912_232931.jsonl,125,4100.921,6.0,measure,3,-575.0,-995.929,no_signal
8,r08_20260912_232931.jsonl,126,4106.921,6.0,measure,6,-575.0,-995.929,no_signal
8,r08_20260912_232931.jsonl,127,4112.921,6.0,measure,7,-575.0,-995.929,no_signal
8,r08_20260912_232931.jsonl,128,4118.921,6.0,measure,10,-575.0,-995.929,no_signal
8,r08_20260912_232931.jsonl,129,4124.921,6.0,measure,13,-575.0,-995.929,no_signal
8,r08_20260912_232931.jsonl,130,4130.921,6.0,measure,17,-575.0,-995.929,no_signal
8,r08_20260912_232931.jsonl,131,4130.921,0.0,exit,,,,
9,r09_20260912_222538.jsonl,0,0.0,0.0,enter,,,,
9,r09_20260912_222538.jsonl,1,5.0,5.0,measure,1,0.0,0.0,no_signal
9,r09_20260912_222538.jsonl,2,11.0,6.0,measure,2,0.0,0.0,no_signal
9,r09_20260912_222538.jsonl,3,17.0,6.0,measure,3,0.0,0.0,no_signal
9,r09_20260912_222538.jsonl,4,23.0,6.0,measure,4,0.0,0.0,no_signal
9,r09_20260912_222538.jsonl,5,29.0,6.0,measure,5,0.0,0.0,direction
9,r09_20260912_222538.jsonl,6,35.0,6.0,measure,6,0.0,0.0,no_signal
9,r09_20260912_222538.jsonl,7,41.0,6.0,measure,7,0.0,0.0,no_signal
9,r09_20260912_222538.jsonl,8,47.0,6.0,measure,8,0.0,0.0,no_signal
9,r09_20260912_222538.jsonl,9,53.0,6.0,measure,9,0.0,0.0,no_signal
9,r09_20260912_222538.jsonl,10,59.0,6.0,measure,10,0.0,0.0,no_signal
9,r09_20260912_222538.jsonl,11,65.0,6.0,measure,11,0.0,0.0,direction
9,r09_20260912_222538.jsonl,12,71.0,6.0,measure,12,0.0,0.0,direction
9,r09_20260912_222538.jsonl,13,77.0,6.0,measure,13,0.0,0.0,no_signal
9,r09_20260912_222538.jsonl,14,83.0,6.0,measure,14,0.0,0.0,no_signal
9,r09_20260912_222538.jsonl,15,89.0,6.0,measure,15,0.0,0.0,direction
9,r09_20260912_222538.jsonl,16,95.0,6.0,measure,16,0.0,0.0,no_signal
9,r09_20260912_222538.jsonl,17,101.0,6.0,measure,17,0.0,0.0,direction
9,r09_20260912_222538.jsonl,18,107.0,6.0,measure,18,0.0,0.0,no_signal
9,r09_20260912_222538.jsonl,19,113.0,6.0,measure,19,0.0,0.0,no_signal
9,r09_20260912_222538.jsonl,20,119.0,6.0,measure,20,0.0,0.0,no_signal
9,r09_20260912_222538.jsonl,21,195.0,76.0,measure,5,-258.624,235.825,direction
9,r09_20260912_222538.jsonl,22,201.0,6.0,measure,11,-258.624,235.825,direction
9,r09_20260912_222538.jsonl,23,207.0,6.0,measure,12,-258.624,235.825,no_signal
9,r09_20260912_222538.jsonl,24,213.0,6.0,measure,15,-258.624,235.825,direction
9,r09_20260912_222538.jsonl,25,219.0,6.0,measure,17,-258.624,235.825,direction
9,r09_20260912_222538.jsonl,26,281.975,62.975,measure,5,-326.335,512.536,direction
9,r09_20260912_222538.jsonl,27,287.975,6.0,measure,12,-326.335,512.536,no_signal
9,r09_20260912_222538.jsonl,28,334.899,46.924,measure,5,-463.484,664.388,direction
9,r09_20260912_222538.jsonl,29,365.666,30.767,measure,5,-505.539,786.166,direction
9,r09_20260912_222538.jsonl,30,394.666,29.0,measure,5,-574.749,884.196,direction
9,r09_20260912_222538.jsonl,31,423.666,29.0,measure,5,-615.459,997.08,direction
9,r09_20260912_222538.jsonl,32,444.253,20.588,measure,5,-606.887,1074.545,direction
9,r09_20260912_222538.jsonl,33,459.355,15.101,clear,5,-650.447,1048.981,success
9,r09_20260912_222538.jsonl,34,501.74,42.385,measure,17,-511.394,931.675,direction
9,r09_20260912_222538.jsonl,35,507.74,6.0,measure,12,-511.394,931.675,no_signal
9,r09_20260912_222538.jsonl,36,586.937,79.197,clear,17,-348.253,598.486,success
9,r09_20260912_222538.jsonl,37,627.819,40.883,measure,15,-515.848,646.774,direction
9,r09_20260912_222538.jsonl,38,633.819,6.0,measure,12,-515.848,646.774,no_signal
9,r09_20260912_222538.jsonl,39,667.89,34.071,measure,15,-600.057,759.059,direction
9,r09_20260912_222538.jsonl,40,673.89,6.0,measure,12,-600.057,759.059,no_signal
9,r09_20260912_222538.jsonl,41,703.89,30.0,measure,15,-711.108,804.531,direction
9,r09_20260912_222538.jsonl,42,731.882,27.992,clear,15,-796.483,881.521,success
9,r09_20260912_222538.jsonl,43,807.882,76.0,measure,11,-463.843,990.382,direction
9,r09_20260912_222538.jsonl,44,813.882,6.0,measure,12,-463.843,990.382,no_signal
9,r09_20260912_222538.jsonl,45,982.109,168.227,clear,11,346.827,896.111,success
9,r09_20260912_222538.jsonl,46,1057.109,75.0,measure,12,652.736,726.054,no_signal
9,r09_20260912_222538.jsonl,47,1132.109,75.0,measure,12,832.633,425.825,direction
9,r09_20260912_222538.jsonl,48,1207.109,75.0,measure,12,899.596,82.29,direction
9,r09_20260912_222538.jsonl,49,1275.821,68.712,measure,12,842.301,-231.075,direction
9,r09_20260912_222538.jsonl,50,1399.356,123.534,clear,12,850.033,-823.697,success
9,r09_20260912_222538.jsonl,51,1470.258,70.902,measure,13,575.0,-995.929,no_signal
9,r09_20260912_222538.jsonl,52,1476.258,6.0,measure,10,575.0,-995.929,no_signal
9,r09_20260912_222538.jsonl,53,1482.258,6.0,measure,14,575.0,-995.929,no_signal
9,r09_20260912_222538.jsonl,54,1488.258,6.0,measure,9,575.0,-995.929,no_signal
9,r09_20260912_222538.jsonl,55,1494.258,6.0,measure,8,575.0,-995.929,no_signal
9,r09_20260912_222538.jsonl,56,1500.258,6.0,measure,16,575.0,-995.929,no_signal
9,r09_20260912_222538.jsonl,57,1506.258,6.0,measure,7,575.0,-995.929,no_signal
9,r09_20260912_222538.jsonl,58,1512.258,6.0,measure,6,575.0,-995.929,direction
9,r09_20260912_222538.jsonl,59,1518.258,6.0,measure,18,575.0,-995.929,no_signal
9,r09_20260912_222538.jsonl,60,1524.258,6.0,measure,19,575.0,-995.929,no_signal
9,r09_20260912_222538.jsonl,61,1530.258,6.0,measure,4,575.0,-995.929,no_signal
9,r09_20260912_222538.jsonl,62,1536.258,6.0,measure,20,575.0,-995.929,direction
9,r09_20260912_222538.jsonl,63,1542.258,6.0,measure,3,575.0,-995.929,no_signal
9,r09_20260912_222538.jsonl,64,1548.258,6.0,measure,2,575.0,-995.929,no_signal
9,r09_20260912_222538.jsonl,65,1554.258,6.0,measure,1,575.0,-995.929,no_signal
9,r09_20260912_222538.jsonl,66,1560.258,6.0,measure,6,575.0,-995.929,direction
9,r09_20260912_222538.jsonl,67,1566.258,6.0,measure,20,575.0,-995.929,direction
9,r09_20260912_222538.jsonl,68,1641.258,75.0,measure,20,548.087,-1344.893,direction
9,r09_20260912_222538.jsonl,69,1670.242,28.984,clear,20,488.918,-1240.587,success
9,r09_20260912_222538.jsonl,70,1746.242,76.0,measure,6,224.369,-1469.746,direction
9,r09_20260912_222538.jsonl,71,1784.955,38.713,measure,6,67.146,-1408.953,direction
9,r09_20260912_222538.jsonl,72,1813.955,29.0,measure,6,-51.735,-1425.304,direction
9,r09_20260912_222538.jsonl,73,1858.229,44.274,clear,6,-245.566,-1393.823,success
9,r09_20260912_222538.jsonl,74,1967.544,109.314,measure,7,-575.0,-995.929,no_signal
9,r09_20260912_222538.jsonl,75,1973.544,6.0,measure,4,-575.0,-995.929,no_signal
9,r09_20260912_222538.jsonl,76,1979.544,6.0,measure,8,-575.0,-995.929,no_signal
9,r09_20260912_222538.jsonl,77,1985.544,6.0,measure,3,-575.0,-995.929,no_signal
9,r09_20260912_222538.jsonl,78,1991.544,6.0,measure,9,-575.0,-995.929,no_signal
9,r09_20260912_222538.jsonl,79,1997.544,6.0,measure,2,-575.0,-995.929,no_signal
9,r09_20260912_222538.jsonl,80,2003.544,6.0,measure,10,-575.0,-995.929,no_signal
9,r09_20260912_222538.jsonl,81,2009.544,6.0,measure,1,-575.0,-995.929,no_signal
9,r09_20260912_222538.jsonl,82,2015.544,6.0,measure,13,-575.0,-995.929,no_signal
9,r09_20260912_222538.jsonl,83,2021.544,6.0,measure,14,-575.0,-995.929,no_signal
9,r09_20260912_222538.jsonl,84,2027.544,6.0,measure,16,-575.0,-995.929,no_signal
9,r09_20260912_222538.jsonl,85,2033.544,6.0,measure,18,-575.0,-995.929,no_signal
9,r09_20260912_222538.jsonl,86,2039.544,6.0,measure,19,-575.0,-995.929,no_signal
9,r09_20260912_222538.jsonl,87,2274.544,235.0,measure,19,-1150.0,0.0,no_signal
9,r09_20260912_222538.jsonl,88,2280.544,6.0,measure,18,-1150.0,0.0,no_signal
9,r09_20260912_222538.jsonl,89,2286.544,6.0,measure,16,-1150.0,0.0,direction
9,r09_20260912_222538.jsonl,90,2292.544,6.0,measure,14,-1150.0,0.0,no_signal
9,r09_20260912_222538.jsonl,91,2298.544,6.0,measure,13,-1150.0,0.0,direction
9,r09_20260912_222538.jsonl,92,2304.544,6.0,measure,10,-1150.0,0.0,no_signal
9,r09_20260912_222538.jsonl,93,2310.544,6.0,measure,9,-1150.0,0.0,no_signal
9,r09_20260912_222538.jsonl,94,2316.544,6.0,measure,8,-1150.0,0.0,no_signal
9,r09_20260912_222538.jsonl,95,2322.544,6.0,measure,7,-1150.0,0.0,no_signal
9,r09_20260912_222538.jsonl,96,2328.544,6.0,measure,4,-1150.0,0.0,no_signal
9,r09_20260912_222538.jsonl,97,2334.544,6.0,measure,3,-1150.0,0.0,no_signal
9,r09_20260912_222538.jsonl,98,2340.544,6.0,measure,2,-1150.0,0.0,no_signal
9,r09_20260912_222538.jsonl,99,2346.544,6.0,measure,1,-1150.0,0.0,no_signal
9,r09_20260912_222538.jsonl,100,2352.544,6.0,measure,13,-1150.0,0.0,direction
9,r09_20260912_222538.jsonl,101,2358.544,6.0,measure,16,-1150.0,0.0,direction
9,r09_20260912_222538.jsonl,102,2433.544,75.0,measure,16,-1266.487,330.047,direction
9,r09_20260912_222538.jsonl,103,2481.518,47.974,clear,16,-1190.741,531.124,success
9,r09_20260912_222538.jsonl,104,2557.518,76.0,measure,13,-1264.346,873.297,direction
9,r09_20260912_222538.jsonl,105,2600.489,42.971,clear,13,-1112.275,759.633,success
9,r09_20260912_222538.jsonl,106,2723.877,123.388,measure,14,-575.0,995.929,no_signal
9,r09_20260912_222538.jsonl,107,2729.877,6.0,measure,10,-575.0,995.929,no_signal
9,r09_20260912_222538.jsonl,108,2735.877,6.0,measure,9,-575.0,995.929,no_signal
9,r09_20260912_222538.jsonl,109,2741.877,6.0,measure,8,-575.0,995.929,no_signal
9,r09_20260912_222538.jsonl,110,2747.877,6.0,measure,18,-575.0,995.929,no_signal
9,r09_20260912_222538.jsonl,111,2753.877,6.0,measure,7,-575.0,995.929,no_signal
9,r09_20260912_222538.jsonl,112,2759.877,6.0,measure,19,-575.0,995.929,no_signal
9,r09_20260912_222538.jsonl,113,2765.877,6.0,measure,4,-575.0,995.929,no_signal
9,r09_20260912_222538.jsonl,114,2771.877,6.0,measure,3,-575.0,995.929,no_signal
9,r09_20260912_222538.jsonl,115,2777.877,6.0,measure,2,-575.0,995.929,no_signal
9,r09_20260912_222538.jsonl,116,2783.877,6.0,measure,1,-575.0,995.929,no_signal
9,r09_20260912_222538.jsonl,117,3018.877,235.0,measure,1,575.0,995.929,no_signal
9,r09_20260912_222538.jsonl,118,3024.877,6.0,measure,2,575.0,995.929,no_signal
9,r09_20260912_222538.jsonl,119,3030.877,6.0,measure,3,575.0,995.929,no_signal
9,r09_20260912_222538.jsonl,120,3036.877,6.0,measure,4,575.0,995.929,no_signal
9,r09_20260912_222538.jsonl,121,3042.877,6.0,measure,7,575.0,995.929,no_signal
9,r09_20260912_222538.jsonl,122,3048.877,6.0,measure,8,575.0,995.929,no_signal
9,r09_20260912_222538.jsonl,123,3054.877,6.0,measure,9,575.0,995.929,no_signal
9,r09_20260912_222538.jsonl,124,3060.877,6.0,measure,10,575.0,995.929,no_signal
9,r09_20260912_222538.jsonl,125,3066.877,6.0,measure,14,575.0,995.929,direction
9,r09_20260912_222538.jsonl,126,3072.877,6.0,measure,18,575.0,995.929,no_signal
9,r09_20260912_222538.jsonl,127,3078.877,6.0,measure,19,575.0,995.929,direction
9,r09_20260912_222538.jsonl,128,3084.877,6.0,measure,14,575.0,995.929,direction
9,r09_20260912_222538.jsonl,129,3090.877,6.0,measure,19,575.0,995.929,direction
9,r09_20260912_222538.jsonl,130,3166.877,76.0,measure,14,824.209,1241.683,direction
9,r09_20260912_222538.jsonl,131,3201.681,34.804,clear,14,971.793,1221.046,success
9,r09_20260912_222538.jsonl,132,3277.681,76.0,measure,19,1127.142,1534.681,direction
9,r09_20260912_222538.jsonl,133,3307.26,29.579,measure,19,1017.209,1479.751,direction
9,r09_20260912_222538.jsonl,134,3336.26,29.0,measure,19,949.624,1380.594,direction
9,r09_20260912_222538.jsonl,135,3358.946,22.686,clear,19,875.126,1332.946,success
9,r09_20260912_222538.jsonl,136,3637.145,278.199,measure,18,1150.0,0.0,no_signal
9,r09_20260912_222538.jsonl,137,3643.145,6.0,measure,10,1150.0,0.0,no_signal
9,r09_20260912_222538.jsonl,138,3649.145,6.0,measure,9,1150.0,0.0,no_signal
9,r09_20260912_222538.jsonl,139,3655.145,6.0,measure,8,1150.0,0.0,no_signal
9,r09_20260912_222538.jsonl,140,3661.145,6.0,measure,7,1150.0,0.0,no_signal
9,r09_20260912_222538.jsonl,141,3667.145,6.0,measure,4,1150.0,0.0,no_signal
9,r09_20260912_222538.jsonl,142,3673.145,6.0,measure,3,1150.0,0.0,no_signal
9,r09_20260912_222538.jsonl,143,3679.145,6.0,measure,2,1150.0,0.0,no_signal
9,r09_20260912_222538.jsonl,144,3685.145,6.0,measure,1,1150.0,0.0,no_signal
9,r09_20260912_222538.jsonl,145,3685.145,0.0,exit,,,,
9,r09_20260912_232942.jsonl,0,0.0,0.0,enter,,,,
9,r09_20260912_232942.jsonl,1,5.0,5.0,measure,1,0.0,0.0,direction
9,r09_20260912_232942.jsonl,2,11.0,6.0,measure,2,0.0,0.0,no_signal
9,r09_20260912_232942.jsonl,3,17.0,6.0,measure,3,0.0,0.0,no_signal
9,r09_20260912_232942.jsonl,4,23.0,6.0,measure,4,0.0,0.0,direction
9,r09_20260912_232942.jsonl,5,29.0,6.0,measure,5,0.0,0.0,direction
9,r09_20260912_232942.jsonl,6,35.0,6.0,measure,6,0.0,0.0,direction
9,r09_20260912_232942.jsonl,7,41.0,6.0,measure,7,0.0,0.0,no_signal
9,r09_20260912_232942.jsonl,8,47.0,6.0,measure,8,0.0,0.0,no_signal
9,r09_20260912_232942.jsonl,9,53.0,6.0,measure,9,0.0,0.0,no_signal
9,r09_20260912_232942.jsonl,10,59.0,6.0,measure,10,0.0,0.0,no_signal
9,r09_20260912_232942.jsonl,11,65.0,6.0,measure,11,0.0,0.0,no_signal
9,r09_20260912_232942.jsonl,12,71.0,6.0,measure,12,0.0,0.0,no_signal
9,r09_20260912_232942.jsonl,13,77.0,6.0,measure,13,0.0,0.0,no_signal
9,r09_20260912_232942.jsonl,14,83.0,6.0,measure,14,0.0,0.0,no_signal
9,r09_20260912_232942.jsonl,15,89.0,6.0,measure,15,0.0,0.0,no_signal
9,r09_20260912_232942.jsonl,16,95.0,6.0,measure,16,0.0,0.0,no_signal
9,r09_20260912_232942.jsonl,17,101.0,6.0,measure,17,0.0,0.0,no_signal
9,r09_20260912_232942.jsonl,18,107.0,6.0,measure,18,0.0,0.0,no_signal
9,r09_20260912_232942.jsonl,19,113.0,6.0,measure,19,0.0,0.0,no_signal
9,r09_20260912_232942.jsonl,20,119.0,6.0,measure,20,0.0,0.0,no_signal
9,r09_20260912_232942.jsonl,21,195.0,76.0,measure,5,-269.173,223.71,direction
9,r09_20260912_232942.jsonl,22,201.0,6.0,measure,1,-269.173,223.71,direction
9,r09_20260912_232942.jsonl,23,207.0,6.0,measure,4,-269.173,223.71,direction
9,r09_20260912_232942.jsonl,24,213.0,6.0,measure,6,-269.173,223.71,direction
9,r09_20260912_232942.jsonl,25,263.513,50.512,measure,5,-325.199,439.105,direction
9,r09_20260912_232942.jsonl,26,298.138,34.625,measure,5,-427.354,546.37,direction
9,r09_20260912_232942.jsonl,27,327.138,29.0,measure,5,-470.427,658.373,direction
9,r09_20260912_232942.jsonl,28,356.138,29.0,measure,5,-546.619,751.081,direction
9,r09_20260912_232942.jsonl,29,367.84,11.702,clear,5,-558.582,782.385,success
9,r09_20260912_232942.jsonl,30,397.84,30.0,measure,4,-622.475,883.961,direction
9,r09_20260912_232942.jsonl,31,413.8,15.96,clear,4,-590.001,928.1,success
9,r09_20260912_232942.jsonl,32,643.76,229.96,clear,6,0.317,-29.345,success
9,r09_20260912_232942.jsonl,33,701.98,58.22,clear,1,-79.211,-283.282,success
9,r09_20260912_232942.jsonl,34,881.608,179.629,measure,3,-575.0,-995.929,no_signal
9,r09_20260912_232942.jsonl,35,887.608,6.0,measure,2,-575.0,-995.929,no_signal
9,r09_20260912_232942.jsonl,36,893.608,6.0,measure,7,-575.0,-995.929,no_signal
9,r09_20260912_232942.jsonl,37,899.608,6.0,measure,8,-575.0,-995.929,no_signal
9,r09_20260912_232942.jsonl,38,905.608,6.0,measure,9,-575.0,-995.929,no_signal
9,r09_20260912_232942.jsonl,39,911.608,6.0,measure,10,-575.0,-995.929,no_signal
9,r09_20260912_232942.jsonl,40,917.608,6.0,measure,11,-575.0,-995.929,direction
9,r09_20260912_232942.jsonl,41,923.608,6.0,measure,12,-575.0,-995.929,no_signal
9,r09_20260912_232942.jsonl,42,929.608,6.0,measure,13,-575.0,-995.929,no_signal
9,r09_20260912_232942.jsonl,43,935.608,6.0,measure,14,-575.0,-995.929,no_signal
9,r09_20260912_232942.jsonl,44,941.608,6.0,measure,15,-575.0,-995.929,no_signal
9,r09_20260912_232942.jsonl,45,947.608,6.0,measure,16,-575.0,-995.929,direction
9,r09_20260912_232942.jsonl,46,953.608,6.0,measure,17,-575.0,-995.929,no_signal
9,r09_20260912_232942.jsonl,47,959.608,6.0,measure,18,-575.0,-995.929,no_signal
9,r09_20260912_232942.jsonl,48,965.608,6.0,measure,19,-575.0,-995.929,no_signal
9,r09_20260912_232942.jsonl,49,971.608,6.0,measure,20,-575.0,-995.929,no_signal
9,r09_20260912_232942.jsonl,50,977.608,6.0,measure,11,-575.0,-995.929,direction
9,r09_20260912_232942.jsonl,51,983.608,6.0,measure,16,-575.0,-995.929,direction
9,r09_20260912_232942.jsonl,52,1058.608,75.0,measure,16,-734.549,-1307.448,direction
9,r09_20260912_232942.jsonl,53,1088.898,30.289,clear,16,-742.39,-1181.244,success
9,r09_20260912_232942.jsonl,54,1164.898,76.0,measure,11,-517.414,-1449.36,direction
9,r09_20260912_232942.jsonl,55,1210.357,45.46,clear,11,-328.961,-1522.913,success
9,r09_20260912_232942.jsonl,56,1425.628,215.271,measure,10,575.0,-995.929,no_signal
9,r09_20260912_232942.jsonl,57,1431.628,6.0,measure,12,575.0,-995.929,no_signal
9,r09_20260912_232942.jsonl,58,1437.628,6.0,measure,9,575.0,-995.929,no_signal
9,r09_20260912_232942.jsonl,59,1443.628,6.0,measure,13,575.0,-995.929,no_signal
9,r09_20260912_232942.jsonl,60,1449.628,6.0,measure,8,575.0,-995.929,no_signal
9,r09_20260912_232942.jsonl,61,1455.628,6.0,measure,14,575.0,-995.929,direction
9,r09_20260912_232942.jsonl,62,1461.628,6.0,measure,7,575.0,-995.929,no_signal
9,r09_20260912_232942.jsonl,63,1467.628,6.0,measure,15,575.0,-995.929,no_signal
9,r09_20260912_232942.jsonl,64,1473.628,6.0,measure,17,575.0,-995.929,no_signal
9,r09_20260912_232942.jsonl,65,1479.628,6.0,measure,18,575.0,-995.929,no_signal
9,r09_20260912_232942.jsonl,66,1485.628,6.0,measure,3,575.0,-995.929,direction
9,r09_20260912_232942.jsonl,67,1491.628,6.0,measure,19,575.0,-995.929,no_signal
9,r09_20260912_232942.jsonl,68,1497.628,6.0,measure,2,575.0,-995.929,no_signal
9,r09_20260912_232942.jsonl,69,1503.628,6.0,measure,20,575.0,-995.929,no_signal
9,r09_20260912_232942.jsonl,70,1509.628,6.0,measure,3,575.0,-995.929,direction
9,r09_20260912_232942.jsonl,71,1515.628,6.0,measure,14,575.0,-995.929,direction
9,r09_20260912_232942.jsonl,72,1590.628,75.0,measure,14,897.009,-858.78,direction
9,r09_20260912_232942.jsonl,73,1639.66,49.032,measure,14,1111.774,-907.219,direction
9,r09_20260912_232942.jsonl,74,1673.648,33.987,measure,14,1250.788,-866.209,direction
9,r09_20260912_232942.jsonl,75,1702.648,29.0,measure,14,1370.071,-879.307,direction
9,r09_20260912_232942.jsonl,76,1731.648,29.0,measure,14,1487.509,-854.643,direction
9,r09_20260912_232942.jsonl,77,1744.996,13.348,clear,14,1528.745,-861.111,success
9,r09_20260912_232942.jsonl,78,1820.996,76.0,measure,3,1631.776,-526.619,no_signal
9,r09_20260912_232942.jsonl,79,1895.996,75.0,measure,3,1888.249,-288.456,no_signal
9,r09_20260912_232942.jsonl,80,1970.996,75.0,measure,3,1991.28,46.036,no_signal
9,r09_20260912_232942.jsonl,81,2045.996,75.0,measure,3,2247.753,284.199,no_signal
9,r09_20260912_232942.jsonl,82,2120.996,75.0,measure,3,2350.784,618.691,no_signal
9,r09_20260912_232942.jsonl,83,2195.996,75.0,measure,3,2607.257,856.854,no_signal
9,r09_20260912_232942.jsonl,84,2583.69,387.694,measure,3,1612.444,-777.684,direction
9,r09_20260912_232942.jsonl,85,2782.296,198.606,clear,3,649.543,-877.19,success
9,r09_20260912_232942.jsonl,86,2990.278,207.982,measure,2,1150.0,0.0,no_signal
9,r09_20260912_232942.jsonl,87,2996.278,6.0,measure,7,1150.0,0.0,no_signal
9,r09_20260912_232942.jsonl,88,3002.278,6.0,measure,8,1150.0,0.0,no_signal
9,r09_20260912_232942.jsonl,89,3008.278,6.0,measure,9,1150.0,0.0,no_signal
9,r09_20260912_232942.jsonl,90,3014.278,6.0,measure,10,1150.0,0.0,no_signal
9,r09_20260912_232942.jsonl,91,3020.278,6.0,measure,12,1150.0,0.0,no_signal
9,r09_20260912_232942.jsonl,92,3026.278,6.0,measure,13,1150.0,0.0,no_signal
9,r09_20260912_232942.jsonl,93,3032.278,6.0,measure,15,1150.0,0.0,direction
9,r09_20260912_232942.jsonl,94,3038.278,6.0,measure,17,1150.0,0.0,no_signal
9,r09_20260912_232942.jsonl,95,3044.278,6.0,measure,18,1150.0,0.0,no_signal
9,r09_20260912_232942.jsonl,96,3050.278,6.0,measure,19,1150.0,0.0,no_signal
9,r09_20260912_232942.jsonl,97,3056.278,6.0,measure,20,1150.0,0.0,no_signal
9,r09_20260912_232942.jsonl,98,3062.278,6.0,measure,15,1150.0,0.0,direction
9,r09_20260912_232942.jsonl,99,3137.278,75.0,measure,15,1487.514,92.65,direction
9,r09_20260912_232942.jsonl,100,3166.494,29.216,clear,15,1407.592,1.693,success
9,r09_20260912_232942.jsonl,101,3431.856,265.362,measure,13,575.0,995.929,direction
9,r09_20260912_232942.jsonl,102,3437.856,6.0,measure,17,575.0,995.929,no_signal
9,r09_20260912_232942.jsonl,103,3443.856,6.0,measure,12,575.0,995.929,no_signal
9,r09_20260912_232942.jsonl,104,3449.856,6.0,measure,18,575.0,995.929,no_signal
9,r09_20260912_232942.jsonl,105,3455.856,6.0,measure,19,575.0,995.929,direction
9,r09_20260912_232942.jsonl,106,3461.856,6.0,measure,10,575.0,995.929,no_signal
9,r09_20260912_232942.jsonl,107,3467.856,6.0,measure,20,575.0,995.929,direction
9,r09_20260912_232942.jsonl,108,3473.856,6.0,measure,9,575.0,995.929,no_signal
9,r09_20260912_232942.jsonl,109,3479.856,6.0,measure,8,575.0,995.929,no_signal
9,r09_20260912_232942.jsonl,110,3485.856,6.0,measure,7,575.0,995.929,no_signal
9,r09_20260912_232942.jsonl,111,3491.856,6.0,measure,2,575.0,995.929,no_signal
9,r09_20260912_232942.jsonl,112,3497.856,6.0,measure,13,575.0,995.929,direction
9,r09_20260912_232942.jsonl,113,3503.856,6.0,measure,19,575.0,995.929,direction
9,r09_20260912_232942.jsonl,114,3509.856,6.0,measure,20,575.0,995.929,direction
9,r09_20260912_232942.jsonl,115,3584.856,75.0,measure,20,840.824,1223.607,direction
9,r09_20260912_232942.jsonl,116,3622.816,37.961,clear,20,1004.066,1200.977,success
9,r09_20260912_232942.jsonl,117,3698.816,76.0,measure,13,721.847,1407.985,direction
9,r09_20260912_232942.jsonl,118,3784.73,85.913,clear,13,332.575,1297.799,success
9,r09_20260912_232942.jsonl,119,3860.73,76.0,measure,19,15.032,1444.995,direction
9,r09_20260912_232942.jsonl,120,3889.73,29.0,measure,19,97.361,1357.691,direction
9,r09_20260912_232942.jsonl,121,3905.833,16.103,clear,19,152.559,1351.76,success
9,r09_20260912_232942.jsonl,122,4073.815,167.982,measure,18,-575.0,995.929,direction
9,r09_20260912_232942.jsonl,123,4079.815,6.0,measure,17,-575.0,995.929,no_signal
9,r09_20260912_232942.jsonl,124,4085.815,6.0,measure,12,-575.0,995.929,direction
9,r09_20260912_232942.jsonl,125,4091.815,6.0,measure,10,-575.0,995.929,no_signal
9,r09_20260912_232942.jsonl,126,4097.815,6.0,measure,9,-575.0,995.929,no_signal
9,r09_20260912_232942.jsonl,127,4103.815,6.0,measure,8,-575.0,995.929,no_signal
9,r09_20260912_232942.jsonl,128,4109.815,6.0,measure,7,-575.0,995.929,no_signal
9,r09_20260912_232942.jsonl,129,4115.815,6.0,measure,2,-575.0,995.929,no_signal
9,r09_20260912_232942.jsonl,130,4121.815,6.0,measure,12,-575.0,995.929,direction
9,r09_20260912_232942.jsonl,131,4127.815,6.0,measure,18,-575.0,995.929,direction
9,r09_20260912_232942.jsonl,132,4203.815,76.0,measure,12,-896.818,858.33,direction
9,r09_20260912_232942.jsonl,133,4257.896,54.081,clear,12,-1145.889,914.85,no_target_in_range
9,r09_20260912_232942.jsonl,134,4266.64,8.744,clear,12,-1117.171,914.704,no_target_in_range
9,r09_20260912_232942.jsonl,135,4276.711,10.071,clear,12,-1142.171,939.704,no_target_in_range
9,r09_20260912_232942.jsonl,136,4288.782,12.071,clear,12,-1167.171,914.704,success
9,r09_20260912_232942.jsonl,137,4364.782,76.0,measure,18,-1380.286,637.068,direction
9,r09_20260912_232942.jsonl,138,4427.934,63.152,clear,18,-1091.92,599.835,success
9,r09_20260912_232942.jsonl,139,4554.462,126.528,measure,17,-1150.0,0.0,no_signal
9,r09_20260912_232942.jsonl,140,4560.462,6.0,measure,10,-1150.0,0.0,no_signal
9,r09_20260912_232942.jsonl,141,4566.462,6.0,measure,9,-1150.0,0.0,no_signal
9,r09_20260912_232942.jsonl,142,4572.462,6.0,measure,8,-1150.0,0.0,no_signal
9,r09_20260912_232942.jsonl,143,4578.462,6.0,measure,7,-1150.0,0.0,no_signal
9,r09_20260912_232942.jsonl,144,4584.462,6.0,measure,2,-1150.0,0.0,no_signal
9,r09_20260912_232942.jsonl,145,4584.462,0.0,exit,,,,
10,r10_20260912_222549.jsonl,0,0.0,0.0,enter,,,,
10,r10_20260912_222549.jsonl,1,5.0,5.0,measure,1,0.0,0.0,direction
10,r10_20260912_222549.jsonl,2,11.0,6.0,measure,2,0.0,0.0,direction
10,r10_20260912_222549.jsonl,3,17.0,6.0,measure,3,0.0,0.0,no_signal
10,r10_20260912_222549.jsonl,4,23.0,6.0,measure,4,0.0,0.0,direction
10,r10_20260912_222549.jsonl,5,29.0,6.0,measure,5,0.0,0.0,direction
10,r10_20260912_222549.jsonl,6,35.0,6.0,measure,6,0.0,0.0,direction
10,r10_20260912_222549.jsonl,7,41.0,6.0,measure,7,0.0,0.0,no_signal
10,r10_20260912_222549.jsonl,8,47.0,6.0,measure,8,0.0,0.0,no_signal
10,r10_20260912_222549.jsonl,9,53.0,6.0,measure,9,0.0,0.0,no_signal
10,r10_20260912_222549.jsonl,10,59.0,6.0,measure,10,0.0,0.0,no_signal
10,r10_20260912_222549.jsonl,11,65.0,6.0,measure,11,0.0,0.0,direction
10,r10_20260912_222549.jsonl,12,71.0,6.0,measure,12,0.0,0.0,no_signal
10,r10_20260912_222549.jsonl,13,77.0,6.0,measure,13,0.0,0.0,no_signal
10,r10_20260912_222549.jsonl,14,83.0,6.0,measure,14,0.0,0.0,no_signal
10,r10_20260912_222549.jsonl,15,89.0,6.0,measure,15,0.0,0.0,direction
10,r10_20260912_222549.jsonl,16,95.0,6.0,measure,16,0.0,0.0,no_signal
10,r10_20260912_222549.jsonl,17,101.0,6.0,measure,17,0.0,0.0,direction
10,r10_20260912_222549.jsonl,18,107.0,6.0,measure,18,0.0,0.0,no_signal
10,r10_20260912_222549.jsonl,19,113.0,6.0,measure,19,0.0,0.0,direction
10,r10_20260912_222549.jsonl,20,119.0,6.0,measure,20,0.0,0.0,no_signal
10,r10_20260912_222549.jsonl,21,195.0,76.0,measure,17,-244.314,250.62,direction
10,r10_20260912_222549.jsonl,22,201.0,6.0,measure,1,-244.314,250.62,direction
10,r10_20260912_222549.jsonl,23,207.0,6.0,measure,2,-244.314,250.62,direction
10,r10_20260912_222549.jsonl,24,213.0,6.0,measure,4,-244.314,250.62,direction
10,r10_20260912_222549.jsonl,25,219.0,6.0,measure,5,-244.314,250.62,direction
10,r10_20260912_222549.jsonl,26,225.0,6.0,measure,6,-244.314,250.62,direction
10,r10_20260912_222549.jsonl,27,231.0,6.0,measure,11,-244.314,250.62,direction
10,r10_20260912_222549.jsonl,28,237.0,6.0,measure,15,-244.314,250.62,direction
10,r10_20260912_222549.jsonl,29,243.0,6.0,measure,19,-244.314,250.62,direction
10,r10_20260912_222549.jsonl,30,273.0,30.0,measure,17,-235.734,370.313,direction
10,r10_20260912_222549.jsonl,31,303.637,30.637,clear,17,-280.18,490.547,success
10,r10_20260912_222549.jsonl,32,350.698,47.06,measure,15,-418.459,338.798,direction
10,r10_20260912_222549.jsonl,33,435.777,85.079,clear,15,-796.126,178.197,no_target_in_range
10,r10_20260912_222549.jsonl,34,444.534,8.757,clear,15,-767.421,176.047,no_target_in_range
10,r10_20260912_222549.jsonl,35,454.605,10.071,clear,15,-792.421,201.047,no_target_in_range
10,r10_20260912_222549.jsonl,36,466.676,12.071,clear,15,-817.421,176.047,success
10,r10_20260912_222549.jsonl,37,542.676,76.0,measure,6,-544.129,394.705,direction
10,r10_20260912_222549.jsonl,38,617.676,75.0,measure,6,-196.496,435.344,direction
10,r10_20260912_222549.jsonl,39,678.697,61.021,measure,6,34.424,593.882,direction
10,r10_20260912_222549.jsonl,40,720.414,41.717,measure,6,214.29,630.645,direction
10,r10_20260912_222549.jsonl,41,794.477,74.063,clear,6,531.875,766.226,success
10,r10_20260912_222549.jsonl,42,824.643,30.166,measure,11,503.723,883.731,direction
10,r10_20260912_222549.jsonl,43,873.133,48.49,clear,11,529.591,1099.639,success
10,r10_20260912_222549.jsonl,44,1079.29,206.157,clear,2,72.093,203.928,success
10,r10_20260912_222549.jsonl,45,1181.233,101.943,clear,4,-90.835,-252.585,success
10,r10_20260912_222549.jsonl,46,1217.167,35.934,measure,5,53.405,-212.643,direction
10,r10_20260912_222549.jsonl,47,1292.691,75.524,clear,5,396.587,-293.677,success
10,r10_20260912_222549.jsonl,48,1368.691,76.0,measure,1,701.181,-466.078,direction
10,r10_20260912_222549.jsonl,49,1406.729,38.039,measure,1,570.617,-364.876,direction
10,r10_20260912_222549.jsonl,50,1476.733,70.004,clear,1,263.767,-257.729,success
10,r10_20260912_222549.jsonl,51,1548.997,72.264,measure,19,195.669,-581.973,direction
10,r10_20260912_222549.jsonl,52,1599.278,50.281,measure,19,31.925,-738.327,direction
10,r10_20260912_222549.jsonl,53,1634.206,34.928,measure,19,-12.687,-881.164,direction
10,r10_20260912_222549.jsonl,54,1699.09,64.884,clear,19,-167.052,-1137.728,success
10,r10_20260912_222549.jsonl,55,1791.468,92.378,measure,18,-575.0,-995.929,no_signal
10,r10_20260912_222549.jsonl,56,1797.468,6.0,measure,20,-575.0,-995.929,no_signal
10,r10_20260912_222549.jsonl,57,1803.468,6.0,measure,16,-575.0,-995.929,no_signal
10,r10_20260912_222549.jsonl,58,1809.468,6.0,measure,14,-575.0,-995.929,direction
10,r10_20260912_222549.jsonl,59,1815.468,6.0,measure,13,-575.0,-995.929,no_signal
10,r10_20260912_222549.jsonl,60,1821.468,6.0,measure,12,-575.0,-995.929,no_signal
10,r10_20260912_222549.jsonl,61,1827.468,6.0,measure,10,-575.0,-995.929,no_signal
10,r10_20260912_222549.jsonl,62,1833.468,6.0,measure,9,-575.0,-995.929,no_signal
10,r10_20260912_222549.jsonl,63,1839.468,6.0,measure,8,-575.0,-995.929,no_signal
10,r10_20260912_222549.jsonl,64,1845.468,6.0,measure,7,-575.0,-995.929,no_signal
10,r10_20260912_222549.jsonl,65,1851.468,6.0,measure,3,-575.0,-995.929,no_signal
10,r10_20260912_222549.jsonl,66,1857.468,6.0,measure,14,-575.0,-995.929,direction
10,r10_20260912_222549.jsonl,67,1932.468,75.0,measure,14,-895.433,-1136.723,direction
10,r10_20260912_222549.jsonl,68,1961.468,29.0,measure,14,-1005.016,-1087.819,direction
10,r10_20260912_222549.jsonl,69,1995.896,34.427,clear,14,-1152.124,-1084.943,success
10,r10_20260912_222549.jsonl,70,2218.885,222.989,measure,13,-1150.0,0.0,no_signal
10,r10_20260912_222549.jsonl,71,2224.885,6.0,measure,12,-1150.0,0.0,no_signal
10,r10_20260912_222549.jsonl,72,2230.885,6.0,measure,16,-1150.0,0.0,no_signal
10,r10_20260912_222549.jsonl,73,2236.885,6.0,measure,10,-1150.0,0.0,direction
10,r10_20260912_222549.jsonl,74,2242.885,6.0,measure,18,-1150.0,0.0,no_signal
10,r10_20260912_222549.jsonl,75,2248.885,6.0,measure,9,-1150.0,0.0,direction
10,r10_20260912_222549.jsonl,76,2254.885,6.0,measure,8,-1150.0,0.0,no_signal
10,r10_20260912_222549.jsonl,77,2260.885,6.0,measure,20,-1150.0,0.0,no_signal
10,r10_20260912_222549.jsonl,78,2266.885,6.0,measure,7,-1150.0,0.0,no_signal
10,r10_20260912_222549.jsonl,79,2272.885,6.0,measure,3,-1150.0,0.0,no_signal
10,r10_20260912_222549.jsonl,80,2278.885,6.0,measure,9,-1150.0,0.0,direction
10,r10_20260912_222549.jsonl,81,2284.885,6.0,measure,10,-1150.0,0.0,direction
10,r10_20260912_222549.jsonl,82,2359.885,75.0,measure,10,-1397.358,247.617,direction
10,r10_20260912_222549.jsonl,83,2397.077,37.192,measure,10,-1414.49,407.665,direction
10,r10_20260912_222549.jsonl,84,2426.077,29.0,measure,10,-1484.009,505.477,direction
10,r10_20260912_222549.jsonl,85,2455.077,29.0,measure,10,-1508.237,623.006,direction
10,r10_20260912_222549.jsonl,86,2473.081,18.004,clear,10,-1544.343,677.081,success
10,r10_20260912_222549.jsonl,87,2549.081,76.0,measure,9,-1717.116,981.465,direction
10,r10_20260912_222549.jsonl,88,2640.46,91.379,clear,9,-1347.584,757.904,success
10,r10_20260912_222549.jsonl,89,2808.144,167.684,measure,8,-575.0,995.929,no_signal
10,r10_20260912_222549.jsonl,90,2814.144,6.0,measure,7,-575.0,995.929,no_signal
10,r10_20260912_222549.jsonl,91,2820.144,6.0,measure,12,-575.0,995.929,direction
10,r10_20260912_222549.jsonl,92,2826.144,6.0,measure,13,-575.0,995.929,direction
10,r10_20260912_222549.jsonl,93,2832.144,6.0,measure,3,-575.0,995.929,no_signal
10,r10_20260912_222549.jsonl,94,2838.144,6.0,measure,16,-575.0,995.929,no_signal
10,r10_20260912_222549.jsonl,95,2844.144,6.0,measure,18,-575.0,995.929,no_signal
10,r10_20260912_222549.jsonl,96,2850.144,6.0,measure,20,-575.0,995.929,no_signal
10,r10_20260912_222549.jsonl,97,2856.144,6.0,measure,12,-575.0,995.929,direction
10,r10_20260912_222549.jsonl,98,2862.144,6.0,measure,13,-575.0,995.929,direction
10,r10_20260912_222549.jsonl,99,2937.144,75.0,measure,13,-354.975,1268.122,direction
10,r10_20260912_222549.jsonl,100,2991.821,54.677,clear,13,-114.504,1330.321,success
10,r10_20260912_222549.jsonl,101,3067.821,76.0,measure,12,109.3,1599.416,direction
10,r10_20260912_222549.jsonl,102,3096.821,29.0,measure,12,17.093,1522.619,direction
10,r10_20260912_222549.jsonl,103,3145.07,48.248,clear,12,-93.585,1336.848,success
10,r10_20260912_222549.jsonl,104,3301.167,156.098,measure,8,575.0,995.929,no_signal
10,r10_20260912_222549.jsonl,105,3307.167,6.0,measure,16,575.0,995.929,no_signal
10,r10_20260912_222549.jsonl,106,3313.167,6.0,measure,7,575.0,995.929,no_signal
10,r10_20260912_222549.jsonl,107,3319.167,6.0,measure,18,575.0,995.929,no_signal
10,r10_20260912_222549.jsonl,108,3325.167,6.0,measure,20,575.0,995.929,no_signal
10,r10_20260912_222549.jsonl,109,3331.167,6.0,measure,3,575.0,995.929,no_signal
10,r10_20260912_222549.jsonl,110,3566.167,235.0,measure,3,1150.0,0.0,no_signal
10,r10_20260912_222549.jsonl,111,3572.167,6.0,measure,7,1150.0,0.0,no_signal
10,r10_20260912_222549.jsonl,112,3578.167,6.0,measure,8,1150.0,0.0,no_signal
10,r10_20260912_222549.jsonl,113,3584.167,6.0,measure,16,1150.0,0.0,no_signal
10,r10_20260912_222549.jsonl,114,3590.167,6.0,measure,18,1150.0,0.0,no_signal
10,r10_20260912_222549.jsonl,115,3596.167,6.0,measure,20,1150.0,0.0,no_signal
10,r10_20260912_222549.jsonl,116,3831.167,235.0,measure,20,575.0,-995.929,no_signal
10,r10_20260912_222549.jsonl,117,3837.167,6.0,measure,18,575.0,-995.929,no_signal
10,r10_20260912_222549.jsonl,118,3843.167,6.0,measure,16,575.0,-995.929,no_signal
10,r10_20260912_222549.jsonl,119,3849.167,6.0,measure,8,575.0,-995.929,direction
10,r10_20260912_222549.jsonl,120,3855.167,6.0,measure,7,575.0,-995.929,no_signal
10,r10_20260912_222549.jsonl,121,3861.167,6.0,measure,3,575.0,-995.929,no_signal
10,r10_20260912_222549.jsonl,122,3867.167,6.0,measure,8,575.0,-995.929,direction
10,r10_20260912_222549.jsonl,123,3942.167,75.0,measure,8,828.629,-1237.119,direction
10,r10_20260912_222549.jsonl,124,3967.84,25.673,clear,8,777.125,-1326.737,success
10,r10_20260912_222549.jsonl,125,3967.84,0.0,exit,,,,
10,r10_20260912_232955.jsonl,0,0.0,0.0,enter,,,,
10,r10_20260912_232955.jsonl,1,5.0,5.0,measure,1,0.0,0.0,direction
10,r10_20260912_232955.jsonl,2,11.0,6.0,measure,2,0.0,0.0,no_signal
10,r10_20260912_232955.jsonl,3,17.0,6.0,measure,3,0.0,0.0,no_signal
10,r10_20260912_232955.jsonl,4,23.0,6.0,measure,4,0.0,0.0,direction
10,r10_20260912_232955.jsonl,5,29.0,6.0,measure,5,0.0,0.0,direction
10,r10_20260912_232955.jsonl,6,35.0,6.0,measure,6,0.0,0.0,no_signal
10,r10_20260912_232955.jsonl,7,41.0,6.0,measure,7,0.0,0.0,direction
10,r10_20260912_232955.jsonl,8,47.0,6.0,measure,8,0.0,0.0,no_signal
10,r10_20260912_232955.jsonl,9,53.0,6.0,measure,9,0.0,0.0,no_signal
10,r10_20260912_232955.jsonl,10,59.0,6.0,measure,10,0.0,0.0,no_signal
10,r10_20260912_232955.jsonl,11,65.0,6.0,measure,11,0.0,0.0,no_signal
10,r10_20260912_232955.jsonl,12,71.0,6.0,measure,12,0.0,0.0,no_signal
10,r10_20260912_232955.jsonl,13,77.0,6.0,measure,13,0.0,0.0,no_signal
10,r10_20260912_232955.jsonl,14,83.0,6.0,measure,14,0.0,0.0,no_signal
10,r10_20260912_232955.jsonl,15,89.0,6.0,measure,15,0.0,0.0,no_signal
10,r10_20260912_232955.jsonl,16,95.0,6.0,measure,16,0.0,0.0,no_signal
10,r10_20260912_232955.jsonl,17,101.0,6.0,measure,17,0.0,0.0,no_signal
10,r10_20260912_232955.jsonl,18,107.0,6.0,measure,18,0.0,0.0,no_signal
10,r10_20260912_232955.jsonl,19,113.0,6.0,measure,19,0.0,0.0,no_signal
10,r10_20260912_232955.jsonl,20,119.0,6.0,measure,20,0.0,0.0,no_signal
10,r10_20260912_232955.jsonl,21,195.0,76.0,measure,1,347.339,43.079,direction
10,r10_20260912_232955.jsonl,22,201.0,6.0,measure,4,347.339,43.079,no_signal
10,r10_20260912_232955.jsonl,23,207.0,6.0,measure,5,347.339,43.079,direction
10,r10_20260912_232955.jsonl,24,213.0,6.0,measure,7,347.339,43.079,direction
10,r10_20260912_232955.jsonl,25,280.688,67.688,measure,1,623.78,-93.727,direction
10,r10_20260912_232955.jsonl,26,286.688,6.0,measure,4,623.78,-93.727,no_signal
10,r10_20260912_232955.jsonl,27,337.745,51.057,measure,1,848.925,-85.793,direction
10,r10_20260912_232955.jsonl,28,373.745,36.0,measure,1,994.086,-140.141,direction
10,r10_20260912_232955.jsonl,29,402.745,29.0,measure,1,1113.757,-149.027,direction
10,r10_20260912_232955.jsonl,30,431.745,29.0,measure,1,1228.222,-185.052,direction
10,r10_20260912_232955.jsonl,31,475.954,44.209,measure,1,1396.844,-285.051,direction
10,r10_20260912_232955.jsonl,32,498.34,22.386,clear,1,1457.12,-222.412,success
10,r10_20260912_232955.jsonl,33,574.34,76.0,measure,7,1756.57,-41.223,direction
10,r10_20260912_232955.jsonl,34,580.34,6.0,measure,4,1756.57,-41.223,no_signal
10,r10_20260912_232955.jsonl,35,638.204,57.864,measure,7,1517.613,59.508,direction
10,r10_20260912_232955.jsonl,36,644.204,6.0,measure,4,1517.613,59.508,no_signal
10,r10_20260912_232955.jsonl,37,684.633,40.429,measure,7,1346.489,40.796,direction
10,r10_20260912_232955.jsonl,38,713.633,29.0,measure,7,1231.39,74.742,direction
10,r10_20260912_232955.jsonl,39,742.633,29.0,measure,7,1111.392,74.018,direction
10,r10_20260912_232955.jsonl,40,771.633,29.0,measure,7,995.981,106.887,direction
10,r10_20260912_232955.jsonl,41,787.71,16.077,measure,7,957.591,146.805,direction
10,r10_20260912_232955.jsonl,42,802.738,15.028,clear,7,969.014,97.983,success
10,r10_20260912_232955.jsonl,43,878.738,76.0,measure,5,662.819,267.526,direction
10,r10_20260912_232955.jsonl,44,884.738,6.0,measure,4,662.819,267.526,no_signal
10,r10_20260912_232955.jsonl,45,957.786,73.048,measure,5,505.887,563.765,direction
10,r10_20260912_232955.jsonl,46,963.786,6.0,measure,4,505.887,563.765,direction
10,r10_20260912_232955.jsonl,47,1096.39,132.604,clear,5,42.174,1001.991,success
10,r10_20260912_232955.jsonl,48,1135.324,38.934,measure,4,-127.492,1002.77,direction
10,r10_20260912_232955.jsonl,49,1204.769,69.446,clear,4,-424.921,1126.735,success
10,r10_20260912_232955.jsonl,50,1250.586,45.817,measure,3,-575.0,995.929,no_signal
10,r10_20260912_232955.jsonl,51,1256.586,6.0,measure,2,-575.0,995.929,no_signal
10,r10_20260912_232955.jsonl,52,1262.586,6.0,measure,6,-575.0,995.929,no_signal
10,r10_20260912_232955.jsonl,53,1268.586,6.0,measure,8,-575.0,995.929,no_signal
10,r10_20260912_232955.jsonl,54,1274.586,6.0,measure,9,-575.0,995.929,direction
10,r10_20260912_232955.jsonl,55,1280.586,6.0,measure,10,-575.0,995.929,no_signal
10,r10_20260912_232955.jsonl,56,1286.586,6.0,measure,11,-575.0,995.929,no_signal
10,r10_20260912_232955.jsonl,57,1292.586,6.0,measure,12,-575.0,995.929,direction
10,r10_20260912_232955.jsonl,58,1298.586,6.0,measure,13,-575.0,995.929,no_signal
10,r10_20260912_232955.jsonl,59,1304.586,6.0,measure,14,-575.0,995.929,no_signal
10,r10_20260912_232955.jsonl,60,1310.586,6.0,measure,15,-575.0,995.929,no_signal
10,r10_20260912_232955.jsonl,61,1316.586,6.0,measure,16,-575.0,995.929,no_signal
10,r10_20260912_232955.jsonl,62,1322.586,6.0,measure,17,-575.0,995.929,no_signal
10,r10_20260912_232955.jsonl,63,1328.586,6.0,measure,18,-575.0,995.929,direction
10,r10_20260912_232955.jsonl,64,1334.586,6.0,measure,19,-575.0,995.929,no_signal
10,r10_20260912_232955.jsonl,65,1340.586,6.0,measure,20,-575.0,995.929,no_signal
10,r10_20260912_232955.jsonl,66,1346.586,6.0,measure,9,-575.0,995.929,direction
10,r10_20260912_232955.jsonl,67,1352.586,6.0,measure,12,-575.0,995.929,direction
10,r10_20260912_232955.jsonl,68,1358.586,6.0,measure,18,-575.0,995.929,direction
10,r10_20260912_232955.jsonl,69,1434.586,76.0,measure,9,-531.436,1343.207,direction
10,r10_20260912_232955.jsonl,70,1463.586,29.0,measure,9,-437.276,1417.597,direction
10,r10_20260912_232955.jsonl,71,1492.586,29.0,measure,9,-393.322,1529.258,direction
10,r10_20260912_232955.jsonl,72,1518.323,25.737,clear,9,-322.406,1604.9,success
10,r10_20260912_232955.jsonl,73,1594.323,76.0,measure,18,-62.06,1838.823,direction
10,r10_20260912_232955.jsonl,74,1720.718,126.395,clear,18,453.183,1517.979,success
10,r10_20260912_232955.jsonl,75,1796.718,76.0,measure,12,282.806,1212.248,no_signal
10,r10_20260912_232955.jsonl,76,1871.718,75.0,measure,12,-17.611,1032.666,no_signal
10,r10_20260912_232955.jsonl,77,1946.718,75.0,measure,12,-187.988,726.935,no_signal
10,r10_20260912_232955.jsonl,78,2021.718,75.0,measure,12,-488.405,547.353,direction
10,r10_20260912_232955.jsonl,79,2096.576,74.858,measure,12,-794.403,378.921,direction
10,r10_20260912_232955.jsonl,80,2147.057,50.481,measure,12,-1012.879,315.818,direction
10,r10_20260912_232955.jsonl,81,2235.677,88.619,measure,12,-1367.532,94.4,direction
10,r10_20260912_232955.jsonl,82,2254.35,18.673,clear,12,-1410.85,147.292,success
10,r10_20260912_232955.jsonl,83,2320.262,65.912,measure,11,-1150.0,0.0,no_signal
10,r10_20260912_232955.jsonl,84,2326.262,6.0,measure,13,-1150.0,0.0,no_signal
10,r10_20260912_232955.jsonl,85,2332.262,6.0,measure,10,-1150.0,0.0,no_signal
10,r10_20260912_232955.jsonl,86,2338.262,6.0,measure,14,-1150.0,0.0,no_signal
10,r10_20260912_232955.jsonl,87,2344.262,6.0,measure,15,-1150.0,0.0,direction
10,r10_20260912_232955.jsonl,88,2350.262,6.0,measure,8,-1150.0,0.0,direction
10,r10_20260912_232955.jsonl,89,2356.262,6.0,measure,16,-1150.0,0.0,direction
10,r10_20260912_232955.jsonl,90,2362.262,6.0,measure,17,-1150.0,0.0,no_signal
10,r10_20260912_232955.jsonl,91,2368.262,6.0,measure,6,-1150.0,0.0,no_signal
10,r10_20260912_232955.jsonl,92,2374.262,6.0,measure,19,-1150.0,0.0,no_signal
10,r10_20260912_232955.jsonl,93,2380.262,6.0,measure,20,-1150.0,0.0,no_signal
10,r10_20260912_232955.jsonl,94,2386.262,6.0,measure,3,-1150.0,0.0,no_signal
10,r10_20260912_232955.jsonl,95,2392.262,6.0,measure,2,-1150.0,0.0,no_signal
10,r10_20260912_232955.jsonl,96,2398.262,6.0,measure,8,-1150.0,0.0,direction
10,r10_20260912_232955.jsonl,97,2404.262,6.0,measure,15,-1150.0,0.0,direction
10,r10_20260912_232955.jsonl,98,2410.262,6.0,measure,16,-1150.0,0.0,direction
10,r10_20260912_232955.jsonl,99,2486.262,76.0,measure,8,-1416.894,-226.423,direction
10,r10_20260912_232955.jsonl,100,2524.815,38.553,clear,8,-1327.782,-84.283,success
10,r10_20260912_232955.jsonl,101,2600.815,76.0,measure,16,-1364.124,-432.391,direction
10,r10_20260912_232955.jsonl,102,2629.815,29.0,measure,16,-1400.169,-546.85,direction
10,r10_20260912_232955.jsonl,103,2642.194,12.379,clear,16,-1376.504,-575.155,success
10,r10_20260912_232955.jsonl,104,2718.194,76.0,measure,15,-1126.61,-820.212,direction
10,r10_20260912_232955.jsonl,105,2820.899,102.705,clear,15,-639.962,-863.015,success
10,r10_20260912_232955.jsonl,106,2856.487,35.588,measure,14,-575.0,-995.929,no_signal
10,r10_20260912_232955.jsonl,107,2862.487,6.0,measure,13,-575.0,-995.929,no_signal
10,r10_20260912_232955.jsonl,108,2868.487,6.0,measure,17,-575.0,-995.929,no_signal
10,r10_20260912_232955.jsonl,109,2874.487,6.0,measure,11,-575.0,-995.929,no_signal
10,r10_20260912_232955.jsonl,110,2880.487,6.0,measure,19,-575.0,-995.929,no_signal
10,r10_20260912_232955.jsonl,111,2886.487,6.0,measure,10,-575.0,-995.929,no_signal
10,r10_20260912_232955.jsonl,112,2892.487,6.0,measure,20,-575.0,-995.929,no_signal
10,r10_20260912_232955.jsonl,113,2898.487,6.0,measure,6,-575.0,-995.929,no_signal
10,r10_20260912_232955.jsonl,114,2904.487,6.0,measure,3,-575.0,-995.929,no_signal
10,r10_20260912_232955.jsonl,115,2910.487,6.0,measure,2,-575.0,-995.929,no_signal
10,r10_20260912_232955.jsonl,116,3145.487,235.0,measure,2,575.0,-995.929,no_signal
10,r10_20260912_232955.jsonl,117,3151.487,6.0,measure,3,575.0,-995.929,no_signal
10,r10_20260912_232955.jsonl,118,3157.487,6.0,measure,6,575.0,-995.929,no_signal
10,r10_20260912_232955.jsonl,119,3163.487,6.0,measure,10,575.0,-995.929,no_signal
10,r10_20260912_232955.jsonl,120,3169.487,6.0,measure,11,575.0,-995.929,no_signal
10,r10_20260912_232955.jsonl,121,3175.487,6.0,measure,13,575.0,-995.929,no_signal
10,r10_20260912_232955.jsonl,122,3181.487,6.0,measure,14,575.0,-995.929,no_signal
10,r10_20260912_232955.jsonl,123,3187.487,6.0,measure,17,575.0,-995.929,no_signal
10,r10_20260912_232955.jsonl,124,3193.487,6.0,measure,19,575.0,-995.929,no_signal
10,r10_20260912_232955.jsonl,125,3199.487,6.0,measure,20,575.0,-995.929,no_signal
10,r10_20260912_232955.jsonl,126,3434.487,235.0,measure,20,1150.0,0.0,direction
10,r10_20260912_232955.jsonl,127,3440.487,6.0,measure,19,1150.0,0.0,no_signal
10,r10_20260912_232955.jsonl,128,3446.487,6.0,measure,17,1150.0,0.0,direction
10,r10_20260912_232955.jsonl,129,3452.487,6.0,measure,14,1150.0,0.0,direction
10,r10_20260912_232955.jsonl,130,3458.487,6.0,measure,13,1150.0,0.0,no_signal
10,r10_20260912_232955.jsonl,131,3464.487,6.0,measure,11,1150.0,0.0,no_signal
10,r10_20260912_232955.jsonl,132,3470.487,6.0,measure,10,1150.0,0.0,direction
10,r10_20260912_232955.jsonl,133,3476.487,6.0,measure,6,1150.0,0.0,direction
10,r10_20260912_232955.jsonl,134,3482.487,6.0,measure,3,1150.0,0.0,no_signal
10,r10_20260912_232955.jsonl,135,3488.487,6.0,measure,2,1150.0,0.0,no_signal
10,r10_20260912_232955.jsonl,136,3494.487,6.0,measure,6,1150.0,0.0,direction
10,r10_20260912_232955.jsonl,137,3500.487,6.0,measure,10,1150.0,0.0,direction
10,r10_20260912_232955.jsonl,138,3506.487,6.0,measure,14,1150.0,0.0,direction
10,r10_20260912_232955.jsonl,139,3512.487,6.0,measure,17,1150.0,0.0,direction
10,r10_20260912_232955.jsonl,140,3518.487,6.0,measure,20,1150.0,0.0,direction
10,r10_20260912_232955.jsonl,141,3594.487,76.0,measure,6,1317.006,307.586,direction
10,r10_20260912_232955.jsonl,142,3650.52,56.033,clear,6,1547.229,417.617,success
10,r10_20260912_232955.jsonl,143,3726.52,76.0,measure,14,1643.115,754.226,direction
10,r10_20260912_232955.jsonl,144,3768.553,42.032,measure,14,1507.081,628.61,direction
10,r10_20260912_232955.jsonl,145,3800.271,31.718,measure,14,1464.421,502.015,direction
10,r10_20260912_232955.jsonl,146,3829.271,29.0,measure,14,1385.47,411.645,direction
10,r10_20260912_232955.jsonl,147,3858.271,29.0,measure,14,1399.696,292.491,direction
10,r10_20260912_232955.jsonl,148,3891.539,33.269,clear,14,1279.042,218.866,success
10,r10_20260912_232955.jsonl,149,3967.539,76.0,measure,10,1522.655,470.168,direction
10,r10_20260912_232955.jsonl,150,4015.335,47.796,clear,10,1607.067,273.542,success
10,r10_20260912_232955.jsonl,151,4091.335,76.0,measure,17,1951.728,334.439,direction
10,r10_20260912_232955.jsonl,152,4193.324,101.989,clear,17,1647.312,-43.053,success
10,r10_20260912_232955.jsonl,153,4269.324,76.0,measure,20,1513.542,280.375,direction
10,r10_20260912_232955.jsonl,154,4335.48,66.157,measure,20,1399.043,563.912,direction
10,r10_20260912_232955.jsonl,155,4381.62,46.14,measure,20,1240.243,694.662,direction
10,r10_20260912_232955.jsonl,156,4413.885,32.265,measure,20,1177.316,815.593,direction
10,r10_20260912_232955.jsonl,157,4442.885,29.0,measure,20,1094.462,902.398,direction
10,r10_20260912_232955.jsonl,158,4471.885,29.0,measure,20,1036.219,1007.316,direction
10,r10_20260912_232955.jsonl,159,4490.26,18.375,measure,20,1043.631,1073.777,direction
10,r10_20260912_232955.jsonl,160,4505.481,15.222,clear,20,1000.459,1046.423,success
10,r10_20260912_232955.jsonl,161,4597.17,91.689,measure,19,575.0,995.929,no_signal
10,r10_20260912_232955.jsonl,162,4603.17,6.0,measure,13,575.0,995.929,no_signal
10,r10_20260912_232955.jsonl,163,4609.17,6.0,measure,11,575.0,995.929,no_signal
10,r10_20260912_232955.jsonl,164,4615.17,6.0,measure,3,575.0,995.929,no_signal
10,r10_20260912_232955.jsonl,165,4621.17,6.0,measure,2,575.0,995.929,direction
10,r10_20260912_232955.jsonl,166,4626.17,5.0,measure,2,575.0,995.929,direction
10,r10_20260912_232955.jsonl,167,4701.17,75.0,measure,2,416.593,1308.03,direction
10,r10_20260912_232955.jsonl,168,4732.983,31.813,clear,2,485.073,1423.284,success
10,r10_20260912_232955.jsonl,169,4732.983,0.0,exit,,,,
11,r11_20260912_233006.jsonl,0,0.0,0.0,enter,,,,
11,r11_20260912_233006.jsonl,1,5.0,5.0,measure,1,0.0,0.0,direction
11,r11_20260912_233006.jsonl,2,11.0,6.0,measure,2,0.0,0.0,no_signal
11,r11_20260912_233006.jsonl,3,17.0,6.0,measure,3,0.0,0.0,no_signal
11,r11_20260912_233006.jsonl,4,23.0,6.0,measure,4,0.0,0.0,no_signal
11,r11_20260912_233006.jsonl,5,29.0,6.0,measure,5,0.0,0.0,direction
11,r11_20260912_233006.jsonl,6,35.0,6.0,measure,6,0.0,0.0,direction
11,r11_20260912_233006.jsonl,7,41.0,6.0,measure,7,0.0,0.0,no_signal
11,r11_20260912_233006.jsonl,8,47.0,6.0,measure,8,0.0,0.0,no_signal
11,r11_20260912_233006.jsonl,9,53.0,6.0,measure,9,0.0,0.0,no_signal
11,r11_20260912_233006.jsonl,10,59.0,6.0,measure,10,0.0,0.0,no_signal
11,r11_20260912_233006.jsonl,11,65.0,6.0,measure,11,0.0,0.0,no_signal
11,r11_20260912_233006.jsonl,12,71.0,6.0,measure,12,0.0,0.0,no_signal
11,r11_20260912_233006.jsonl,13,77.0,6.0,measure,13,0.0,0.0,no_signal
11,r11_20260912_233006.jsonl,14,83.0,6.0,measure,14,0.0,0.0,no_signal
11,r11_20260912_233006.jsonl,15,89.0,6.0,measure,15,0.0,0.0,direction
11,r11_20260912_233006.jsonl,16,95.0,6.0,measure,16,0.0,0.0,no_signal
11,r11_20260912_233006.jsonl,17,101.0,6.0,measure,17,0.0,0.0,no_signal
11,r11_20260912_233006.jsonl,18,107.0,6.0,measure,18,0.0,0.0,no_signal
11,r11_20260912_233006.jsonl,19,113.0,6.0,measure,19,0.0,0.0,direction
11,r11_20260912_233006.jsonl,20,119.0,6.0,measure,20,0.0,0.0,no_signal
11,r11_20260912_233006.jsonl,21,195.0,76.0,measure,5,-56.2,345.459,direction
11,r11_20260912_233006.jsonl,22,201.0,6.0,measure,1,-56.2,345.459,direction
11,r11_20260912_233006.jsonl,23,207.0,6.0,measure,6,-56.2,345.459,no_signal
11,r11_20260912_233006.jsonl,24,213.0,6.0,measure,15,-56.2,345.459,direction
11,r11_20260912_233006.jsonl,25,219.0,6.0,measure,19,-56.2,345.459,direction
11,r11_20260912_233006.jsonl,26,249.0,30.0,measure,5,11.285,444.685,direction
11,r11_20260912_233006.jsonl,27,255.0,6.0,measure,6,11.285,444.685,no_signal
11,r11_20260912_233006.jsonl,28,299.741,44.741,clear,5,59.019,637.569,success
11,r11_20260912_233006.jsonl,29,329.741,30.0,measure,15,7.062,745.738,direction
11,r11_20260912_233006.jsonl,30,335.741,6.0,measure,6,7.062,745.738,no_signal
11,r11_20260912_233006.jsonl,31,366.41,30.669,clear,15,44.502,622.973,success
11,r11_20260912_233006.jsonl,32,430.661,64.251,measure,19,153.912,353.051,direction
11,r11_20260912_233006.jsonl,33,436.661,6.0,measure,6,153.912,353.051,direction
11,r11_20260912_233006.jsonl,34,552.968,116.307,clear,19,146.789,-203.44,success
11,r11_20260912_233006.jsonl,35,619.397,66.429,measure,6,447.143,-267.662,direction
11,r11_20260912_233006.jsonl,36,664.54,45.143,measure,6,584.123,-414.372,direction
11,r11_20260912_233006.jsonl,37,696.617,32.077,measure,6,712.718,-456.704,direction
11,r11_20260912_233006.jsonl,38,725.617,29.0,measure,6,803.268,-535.448,direction
11,r11_20260912_233006.jsonl,39,754.617,29.0,measure,6,914.991,-579.244,direction
11,r11_20260912_233006.jsonl,40,763.247,8.63,clear,6,896.847,-579.716,success
11,r11_20260912_233006.jsonl,41,839.247,76.0,measure,1,554.515,-652.577,no_signal
11,r11_20260912_233006.jsonl,42,914.247,75.0,measure,1,222.678,-541.291,direction
11,r11_20260912_233006.jsonl,43,989.247,75.0,measure,1,-124.579,-585.021,direction
11,r11_20260912_233006.jsonl,44,1064.247,75.0,measure,1,-465.168,-504.403,direction
11,r11_20260912_233006.jsonl,45,1117.13,52.883,measure,1,-704.242,-517.221,direction
11,r11_20260912_233006.jsonl,46,1153.192,36.061,measure,1,-857.28,-490.769,direction
11,r11_20260912_233006.jsonl,47,1215.079,61.887,measure,1,-1139.353,-527.338,direction
11,r11_20260912_233006.jsonl,48,1231.251,16.172,clear,1,-1159.466,-475.224,success
11,r11_20260912_233006.jsonl,49,1332.314,101.064,measure,2,-1150.0,0.0,no_signal
11,r11_20260912_233006.jsonl,50,1338.314,6.0,measure,3,-1150.0,0.0,no_signal
11,r11_20260912_233006.jsonl,51,1344.314,6.0,measure,4,-1150.0,0.0,no_signal
11,r11_20260912_233006.jsonl,52,1350.314,6.0,measure,7,-1150.0,0.0,no_signal
11,r11_20260912_233006.jsonl,53,1356.314,6.0,measure,8,-1150.0,0.0,no_signal
11,r11_20260912_233006.jsonl,54,1362.314,6.0,measure,9,-1150.0,0.0,no_signal
11,r11_20260912_233006.jsonl,55,1368.314,6.0,measure,10,-1150.0,0.0,no_signal
11,r11_20260912_233006.jsonl,56,1374.314,6.0,measure,11,-1150.0,0.0,direction
11,r11_20260912_233006.jsonl,57,1380.314,6.0,measure,12,-1150.0,0.0,no_signal
11,r11_20260912_233006.jsonl,58,1386.314,6.0,measure,13,-1150.0,0.0,no_signal
11,r11_20260912_233006.jsonl,59,1392.314,6.0,measure,14,-1150.0,0.0,direction
11,r11_20260912_233006.jsonl,60,1398.314,6.0,measure,16,-1150.0,0.0,no_signal
11,r11_20260912_233006.jsonl,61,1404.314,6.0,measure,17,-1150.0,0.0,no_signal
11,r11_20260912_233006.jsonl,62,1410.314,6.0,measure,18,-1150.0,0.0,no_signal
11,r11_20260912_233006.jsonl,63,1416.314,6.0,measure,20,-1150.0,0.0,no_signal
11,r11_20260912_233006.jsonl,64,1422.314,6.0,measure,11,-1150.0,0.0,direction
11,r11_20260912_233006.jsonl,65,1428.314,6.0,measure,14,-1150.0,0.0,direction
11,r11_20260912_233006.jsonl,66,1503.314,75.0,measure,14,-1446.752,-185.575,direction
11,r11_20260912_233006.jsonl,67,1527.282,23.967,clear,14,-1499.929,-107.05,success
11,r11_20260912_233006.jsonl,68,1603.282,76.0,measure,11,-1418.817,-447.522,direction
11,r11_20260912_233006.jsonl,69,1650.126,46.844,measure,11,-1377.893,-652.701,direction
11,r11_20260912_233006.jsonl,70,1682.491,32.365,measure,11,-1288.539,-756.322,direction
11,r11_20260912_233006.jsonl,71,1737.802,55.311,clear,11,-1177.129,-992.963,no_target_in_range
11,r11_20260912_233006.jsonl,72,1745.592,7.79,clear,11,-1153.212,-991.714,no_target_in_range
11,r11_20260912_233006.jsonl,73,1757.663,12.071,clear,11,-1178.212,-966.714,success
11,r11_20260912_233006.jsonl,74,1884.447,126.784,measure,10,-575.0,-995.929,no_signal
11,r11_20260912_233006.jsonl,75,1890.447,6.0,measure,12,-575.0,-995.929,no_signal
11,r11_20260912_233006.jsonl,76,1896.447,6.0,measure,9,-575.0,-995.929,no_signal
11,r11_20260912_233006.jsonl,77,1902.447,6.0,measure,13,-575.0,-995.929,no_signal
11,r11_20260912_233006.jsonl,78,1908.447,6.0,measure,8,-575.0,-995.929,no_signal
11,r11_20260912_233006.jsonl,79,1914.447,6.0,measure,7,-575.0,-995.929,no_signal
11,r11_20260912_233006.jsonl,80,1920.447,6.0,measure,16,-575.0,-995.929,no_signal
11,r11_20260912_233006.jsonl,81,1926.447,6.0,measure,17,-575.0,-995.929,no_signal
11,r11_20260912_233006.jsonl,82,1932.447,6.0,measure,4,-575.0,-995.929,no_signal
11,r11_20260912_233006.jsonl,83,1938.447,6.0,measure,18,-575.0,-995.929,no_signal
11,r11_20260912_233006.jsonl,84,1944.447,6.0,measure,3,-575.0,-995.929,no_signal
11,r11_20260912_233006.jsonl,85,1950.447,6.0,measure,2,-575.0,-995.929,no_signal
11,r11_20260912_233006.jsonl,86,1956.447,6.0,measure,20,-575.0,-995.929,no_signal
11,r11_20260912_233006.jsonl,87,2191.447,235.0,measure,20,575.0,-995.929,no_signal
11,r11_20260912_233006.jsonl,88,2197.447,6.0,measure,18,575.0,-995.929,no_signal
11,r11_20260912_233006.jsonl,89,2203.447,6.0,measure,17,575.0,-995.929,no_signal
11,r11_20260912_233006.jsonl,90,2209.447,6.0,measure,16,575.0,-995.929,no_signal
11,r11_20260912_233006.jsonl,91,2215.447,6.0,measure,13,575.0,-995.929,no_signal
11,r11_20260912_233006.jsonl,92,2221.447,6.0,measure,12,575.0,-995.929,no_signal
11,r11_20260912_233006.jsonl,93,2227.447,6.0,measure,10,575.0,-995.929,no_signal
11,r11_20260912_233006.jsonl,94,2233.447,6.0,measure,9,575.0,-995.929,no_signal
11,r11_20260912_233006.jsonl,95,2239.447,6.0,measure,8,575.0,-995.929,no_signal
11,r11_20260912_233006.jsonl,96,2245.447,6.0,measure,7,575.0,-995.929,no_signal
11,r11_20260912_233006.jsonl,97,2251.447,6.0,measure,4,575.0,-995.929,no_signal
11,r11_20260912_233006.jsonl,98,2257.447,6.0,measure,3,575.0,-995.929,no_signal
11,r11_20260912_233006.jsonl,99,2263.447,6.0,measure,2,575.0,-995.929,no_signal
11,r11_20260912_233006.jsonl,100,2498.447,235.0,measure,2,1150.0,0.0,no_signal
11,r11_20260912_233006.jsonl,101,2504.447,6.0,measure,3,1150.0,0.0,no_signal
11,r11_20260912_233006.jsonl,102,2510.447,6.0,measure,4,1150.0,0.0,no_signal
11,r11_20260912_233006.jsonl,103,2516.447,6.0,measure,7,1150.0,0.0,no_signal
11,r11_20260912_233006.jsonl,104,2522.447,6.0,measure,8,1150.0,0.0,no_signal
11,r11_20260912_233006.jsonl,105,2528.447,6.0,measure,9,1150.0,0.0,no_signal
11,r11_20260912_233006.jsonl,106,2534.447,6.0,measure,10,1150.0,0.0,no_signal
11,r11_20260912_233006.jsonl,107,2540.447,6.0,measure,12,1150.0,0.0,no_signal
11,r11_20260912_233006.jsonl,108,2546.447,6.0,measure,13,1150.0,0.0,no_signal
11,r11_20260912_233006.jsonl,109,2552.447,6.0,measure,16,1150.0,0.0,no_signal
11,r11_20260912_233006.jsonl,110,2558.447,6.0,measure,17,1150.0,0.0,no_signal
11,r11_20260912_233006.jsonl,111,2564.447,6.0,measure,18,1150.0,0.0,no_signal
11,r11_20260912_233006.jsonl,112,2570.447,6.0,measure,20,1150.0,0.0,direction
11,r11_20260912_233006.jsonl,113,2575.447,5.0,measure,20,1150.0,0.0,direction
11,r11_20260912_233006.jsonl,114,2650.447,75.0,measure,20,972.151,301.446,direction
11,r11_20260912_233006.jsonl,115,2717.555,67.108,measure,20,987.429,611.608,direction
11,r11_20260912_233006.jsonl,116,2756.677,39.122,measure,20,909.61,763.439,direction
11,r11_20260912_233006.jsonl,117,2785.677,29.0,measure,20,899.835,883.04,direction
11,r11_20260912_233006.jsonl,118,2814.677,29.0,measure,20,855.403,994.511,direction
11,r11_20260912_233006.jsonl,119,2843.677,29.0,measure,20,844.936,1114.054,direction
11,r11_20260912_233006.jsonl,120,2863.885,20.208,measure,20,894.309,1056.224,direction
11,r11_20260912_233006.jsonl,121,2878.979,15.094,clear,20,844.584,1047.57,success
11,r11_20260912_233006.jsonl,122,2939.876,60.897,measure,18,575.0,995.929,no_signal
11,r11_20260912_233006.jsonl,123,2945.876,6.0,measure,17,575.0,995.929,no_signal
11,r11_20260912_233006.jsonl,124,2951.876,6.0,measure,16,575.0,995.929,no_signal
11,r11_20260912_233006.jsonl,125,2957.876,6.0,measure,13,575.0,995.929,direction
11,r11_20260912_233006.jsonl,126,2963.876,6.0,measure,12,575.0,995.929,no_signal
11,r11_20260912_233006.jsonl,127,2969.876,6.0,measure,10,575.0,995.929,no_signal
11,r11_20260912_233006.jsonl,128,2975.876,6.0,measure,9,575.0,995.929,no_signal
11,r11_20260912_233006.jsonl,129,2981.876,6.0,measure,8,575.0,995.929,no_signal
11,r11_20260912_233006.jsonl,130,2987.876,6.0,measure,7,575.0,995.929,no_signal
11,r11_20260912_233006.jsonl,131,2993.876,6.0,measure,4,575.0,995.929,direction
11,r11_20260912_233006.jsonl,132,2999.876,6.0,measure,3,575.0,995.929,no_signal
11,r11_20260912_233006.jsonl,133,3005.876,6.0,measure,2,575.0,995.929,no_signal
11,r11_20260912_233006.jsonl,134,3011.876,6.0,measure,4,575.0,995.929,direction
11,r11_20260912_233006.jsonl,135,3017.876,6.0,measure,13,575.0,995.929,direction
11,r11_20260912_233006.jsonl,136,3093.876,76.0,measure,4,872.301,1180.623,direction
11,r11_20260912_233006.jsonl,137,3122.876,29.0,measure,4,989.934,1156.904,direction
11,r11_20260912_233006.jsonl,138,3151.876,29.0,measure,4,1104.064,1193.976,direction
11,r11_20260912_233006.jsonl,139,3179.755,27.878,clear,4,1218.346,1188.98,success
11,r11_20260912_233006.jsonl,140,3255.755,76.0,measure,13,873.621,1249.516,direction
11,r11_20260912_233006.jsonl,141,3325.886,70.131,measure,13,559.017,1333.637,direction
11,r11_20260912_233006.jsonl,142,3374.767,48.881,measure,13,345.78,1281.985,direction
11,r11_20260912_233006.jsonl,143,3408.826,34.06,measure,13,202.418,1305.625,direction
11,r11_20260912_233006.jsonl,144,3470.358,61.531,clear,13,-80.186,1300.182,success
11,r11_20260912_233006.jsonl,145,3592.532,122.174,measure,12,-575.0,995.929,no_signal
11,r11_20260912_233006.jsonl,146,3598.532,6.0,measure,10,-575.0,995.929,no_signal
11,r11_20260912_233006.jsonl,147,3604.532,6.0,measure,16,-575.0,995.929,no_signal
11,r11_20260912_233006.jsonl,148,3610.532,6.0,measure,9,-575.0,995.929,no_signal
11,r11_20260912_233006.jsonl,149,3616.532,6.0,measure,17,-575.0,995.929,no_signal
11,r11_20260912_233006.jsonl,150,3622.532,6.0,measure,8,-575.0,995.929,no_signal
11,r11_20260912_233006.jsonl,151,3628.532,6.0,measure,18,-575.0,995.929,no_signal
11,r11_20260912_233006.jsonl,152,3634.532,6.0,measure,7,-575.0,995.929,no_signal
11,r11_20260912_233006.jsonl,153,3640.532,6.0,measure,3,-575.0,995.929,no_signal
11,r11_20260912_233006.jsonl,154,3646.532,6.0,measure,2,-575.0,995.929,no_signal
11,r11_20260912_233006.jsonl,155,3646.532,0.0,exit,,,,
12,r12_20260912_233017.jsonl,0,0.0,0.0,enter,,,,
12,r12_20260912_233017.jsonl,1,5.0,5.0,measure,1,0.0,0.0,no_signal
12,r12_20260912_233017.jsonl,2,11.0,6.0,measure,2,0.0,0.0,no_signal
12,r12_20260912_233017.jsonl,3,17.0,6.0,measure,3,0.0,0.0,direction
12,r12_20260912_233017.jsonl,4,23.0,6.0,measure,4,0.0,0.0,no_signal
12,r12_20260912_233017.jsonl,5,29.0,6.0,measure,5,0.0,0.0,no_signal
12,r12_20260912_233017.jsonl,6,35.0,6.0,measure,6,0.0,0.0,direction
12,r12_20260912_233017.jsonl,7,41.0,6.0,measure,7,0.0,0.0,no_signal
12,r12_20260912_233017.jsonl,8,47.0,6.0,measure,8,0.0,0.0,no_signal
12,r12_20260912_233017.jsonl,9,53.0,6.0,measure,9,0.0,0.0,direction
12,r12_20260912_233017.jsonl,10,59.0,6.0,measure,10,0.0,0.0,no_signal
12,r12_20260912_233017.jsonl,11,65.0,6.0,measure,11,0.0,0.0,no_signal
12,r12_20260912_233017.jsonl,12,71.0,6.0,measure,12,0.0,0.0,direction
12,r12_20260912_233017.jsonl,13,77.0,6.0,measure,13,0.0,0.0,no_signal
12,r12_20260912_233017.jsonl,14,83.0,6.0,measure,14,0.0,0.0,no_signal
12,r12_20260912_233017.jsonl,15,89.0,6.0,measure,15,0.0,0.0,no_signal
12,r12_20260912_233017.jsonl,16,95.0,6.0,measure,16,0.0,0.0,direction
12,r12_20260912_233017.jsonl,17,101.0,6.0,measure,17,0.0,0.0,no_signal
12,r12_20260912_233017.jsonl,18,107.0,6.0,measure,18,0.0,0.0,no_signal
12,r12_20260912_233017.jsonl,19,113.0,6.0,measure,19,0.0,0.0,no_signal
12,r12_20260912_233017.jsonl,20,119.0,6.0,measure,20,0.0,0.0,no_signal
12,r12_20260912_233017.jsonl,21,195.0,76.0,measure,3,232.785,-261.364,direction
12,r12_20260912_233017.jsonl,22,201.0,6.0,measure,6,232.785,-261.364,direction
12,r12_20260912_233017.jsonl,23,207.0,6.0,measure,9,232.785,-261.364,direction
12,r12_20260912_233017.jsonl,24,213.0,6.0,measure,12,232.785,-261.364,direction
12,r12_20260912_233017.jsonl,25,219.0,6.0,measure,16,232.785,-261.364,direction
12,r12_20260912_233017.jsonl,26,249.0,30.0,measure,3,229.56,-381.321,direction
12,r12_20260912_233017.jsonl,27,278.0,29.0,measure,3,285.585,-487.44,direction
12,r12_20260912_233017.jsonl,28,306.83,28.83,clear,3,301.451,-605.53,success
12,r12_20260912_233017.jsonl,29,463.405,156.574,clear,12,-238.605,-73.825,success
12,r12_20260912_233017.jsonl,30,531.961,68.556,measure,9,-548.471,-116.434,direction
12,r12_20260912_233017.jsonl,31,577.02,45.059,measure,9,-725.41,-22.568,direction
12,r12_20260912_233017.jsonl,32,608.59,31.57,measure,9,-858.243,-24.559,direction
12,r12_20260912_233017.jsonl,33,637.59,29.0,measure,9,-969.545,20.295,direction
12,r12_20260912_233017.jsonl,34,666.59,29.0,measure,9,-1089.412,25.945,direction
12,r12_20260912_233017.jsonl,35,673.798,7.208,clear,9,-1086.543,36.608,success
12,r12_20260912_233017.jsonl,36,749.798,76.0,measure,16,-771.506,-115.876,no_signal
12,r12_20260912_233017.jsonl,37,824.798,75.0,measure,16,-577.901,-407.453,direction
12,r12_20260912_233017.jsonl,38,899.798,75.0,measure,16,-265.994,-566.242,direction
12,r12_20260912_233017.jsonl,39,966.986,67.188,measure,16,-60.036,-799.19,direction
12,r12_20260912_233017.jsonl,40,1090.408,123.422,clear,16,411.338,-1157.521,success
12,r12_20260912_233017.jsonl,41,1166.408,76.0,measure,6,552.07,-837.061,direction
12,r12_20260912_233017.jsonl,42,1241.408,75.0,measure,6,841.859,-640.789,direction
12,r12_20260912_233017.jsonl,43,1300.582,59.174,measure,6,969.259,-401.752,direction
12,r12_20260912_233017.jsonl,44,1341.314,40.733,measure,6,1108.077,-289.28,direction
12,r12_20260912_233017.jsonl,45,1412.846,71.531,clear,6,1318.691,-31.788,success
12,r12_20260912_233017.jsonl,46,1453.178,40.332,measure,5,1150.0,0.0,no_signal
12,r12_20260912_233017.jsonl,47,1459.178,6.0,measure,7,1150.0,0.0,no_signal
12,r12_20260912_233017.jsonl,48,1465.178,6.0,measure,4,1150.0,0.0,no_signal
12,r12_20260912_233017.jsonl,49,1471.178,6.0,measure,8,1150.0,0.0,no_signal
12,r12_20260912_233017.jsonl,50,1477.178,6.0,measure,2,1150.0,0.0,direction
12,r12_20260912_233017.jsonl,51,1483.178,6.0,measure,10,1150.0,0.0,no_signal
12,r12_20260912_233017.jsonl,52,1489.178,6.0,measure,1,1150.0,0.0,no_signal
12,r12_20260912_233017.jsonl,53,1495.178,6.0,measure,11,1150.0,0.0,no_signal
12,r12_20260912_233017.jsonl,54,1501.178,6.0,measure,13,1150.0,0.0,no_signal
12,r12_20260912_233017.jsonl,55,1507.178,6.0,measure,14,1150.0,0.0,no_signal
12,r12_20260912_233017.jsonl,56,1513.178,6.0,measure,15,1150.0,0.0,direction
12,r12_20260912_233017.jsonl,57,1519.178,6.0,measure,17,1150.0,0.0,no_signal
12,r12_20260912_233017.jsonl,58,1525.178,6.0,measure,18,1150.0,0.0,no_signal
12,r12_20260912_233017.jsonl,59,1531.178,6.0,measure,19,1150.0,0.0,no_signal
12,r12_20260912_233017.jsonl,60,1537.178,6.0,measure,20,1150.0,0.0,no_signal
12,r12_20260912_233017.jsonl,61,1543.178,6.0,measure,2,1150.0,0.0,direction
12,r12_20260912_233017.jsonl,62,1549.178,6.0,measure,15,1150.0,0.0,direction
12,r12_20260912_233017.jsonl,63,1624.178,75.0,measure,15,1492.121,73.844,direction
12,r12_20260912_233017.jsonl,64,1651.427,27.249,clear,15,1551.976,-19.929,success
12,r12_20260912_233017.jsonl,65,1727.427,76.0,measure,2,1788.748,-277.687,direction
12,r12_20260912_233017.jsonl,66,1829.392,101.965,clear,2,1496.759,-664.722,success
12,r12_20260912_233017.jsonl,67,2031.283,201.892,measure,1,575.0,-995.929,direction
12,r12_20260912_233017.jsonl,68,2037.283,6.0,measure,4,575.0,-995.929,no_signal
12,r12_20260912_233017.jsonl,69,2043.283,6.0,measure,5,575.0,-995.929,no_signal
12,r12_20260912_233017.jsonl,70,2049.283,6.0,measure,7,575.0,-995.929,no_signal
12,r12_20260912_233017.jsonl,71,2055.283,6.0,measure,8,575.0,-995.929,no_signal
12,r12_20260912_233017.jsonl,72,2061.283,6.0,measure,10,575.0,-995.929,no_signal
12,r12_20260912_233017.jsonl,73,2067.283,6.0,measure,11,575.0,-995.929,no_signal
12,r12_20260912_233017.jsonl,74,2073.283,6.0,measure,13,575.0,-995.929,no_signal
12,r12_20260912_233017.jsonl,75,2079.283,6.0,measure,14,575.0,-995.929,direction
12,r12_20260912_233017.jsonl,76,2085.283,6.0,measure,17,575.0,-995.929,no_signal
12,r12_20260912_233017.jsonl,77,2091.283,6.0,measure,18,575.0,-995.929,no_signal
12,r12_20260912_233017.jsonl,78,2097.283,6.0,measure,19,575.0,-995.929,direction
12,r12_20260912_233017.jsonl,79,2103.283,6.0,measure,20,575.0,-995.929,no_signal
12,r12_20260912_233017.jsonl,80,2109.283,6.0,measure,1,575.0,-995.929,direction
12,r12_20260912_233017.jsonl,81,2115.283,6.0,measure,14,575.0,-995.929,direction
12,r12_20260912_233017.jsonl,82,2121.283,6.0,measure,19,575.0,-995.929,direction
12,r12_20260912_233017.jsonl,83,2196.283,75.0,measure,19,899.56,-1126.928,direction
12,r12_20260912_233017.jsonl,84,2255.249,58.966,clear,19,642.127,-1046.08,success
12,r12_20260912_233017.jsonl,85,2331.249,76.0,measure,14,728.34,-1385.296,direction
12,r12_20260912_233017.jsonl,86,2397.228,65.979,clear,14,566.137,-1643.464,success
12,r12_20260912_233017.jsonl,87,2473.228,76.0,measure,1,259.577,-1812.345,direction
12,r12_20260912_233017.jsonl,88,2548.228,75.0,measure,1,6.243,-1570.846,direction
12,r12_20260912_233017.jsonl,89,2601.11,52.882,measure,1,-225.887,-1512.263,direction
12,r12_20260912_233017.jsonl,90,2697.526,96.416,clear,1,-626.124,-1291.511,success
12,r12_20260912_233017.jsonl,91,2763.52,65.994,measure,4,-575.0,-995.929,no_signal
12,r12_20260912_233017.jsonl,92,2769.52,6.0,measure,5,-575.0,-995.929,no_signal
12,r12_20260912_233017.jsonl,93,2775.52,6.0,measure,7,-575.0,-995.929,no_signal
12,r12_20260912_233017.jsonl,94,2781.52,6.0,measure,8,-575.0,-995.929,no_signal
12,r12_20260912_233017.jsonl,95,2787.52,6.0,measure,10,-575.0,-995.929,no_signal
12,r12_20260912_233017.jsonl,96,2793.52,6.0,measure,11,-575.0,-995.929,no_signal
12,r12_20260912_233017.jsonl,97,2799.52,6.0,measure,13,-575.0,-995.929,no_signal
12,r12_20260912_233017.jsonl,98,2805.52,6.0,measure,17,-575.0,-995.929,no_signal
12,r12_20260912_233017.jsonl,99,2811.52,6.0,measure,18,-575.0,-995.929,no_signal
12,r12_20260912_233017.jsonl,100,2817.52,6.0,measure,20,-575.0,-995.929,no_signal
12,r12_20260912_233017.jsonl,101,3052.52,235.0,measure,20,-1150.0,0.0,no_signal
12,r12_20260912_233017.jsonl,102,3058.52,6.0,measure,18,-1150.0,0.0,no_signal
12,r12_20260912_233017.jsonl,103,3064.52,6.0,measure,17,-1150.0,0.0,direction
12,r12_20260912_233017.jsonl,104,3070.52,6.0,measure,13,-1150.0,0.0,no_signal
12,r12_20260912_233017.jsonl,105,3076.52,6.0,measure,11,-1150.0,0.0,no_signal
12,r12_20260912_233017.jsonl,106,3082.52,6.0,measure,10,-1150.0,0.0,no_signal
12,r12_20260912_233017.jsonl,107,3088.52,6.0,measure,8,-1150.0,0.0,no_signal
12,r12_20260912_233017.jsonl,108,3094.52,6.0,measure,7,-1150.0,0.0,no_signal
12,r12_20260912_233017.jsonl,109,3100.52,6.0,measure,5,-1150.0,0.0,no_signal
12,r12_20260912_233017.jsonl,110,3106.52,6.0,measure,4,-1150.0,0.0,no_signal
12,r12_20260912_233017.jsonl,111,3112.52,6.0,measure,17,-1150.0,0.0,direction
12,r12_20260912_233017.jsonl,112,3187.52,75.0,measure,17,-1208.309,345.109,direction
12,r12_20260912_233017.jsonl,113,3231.181,43.661,measure,17,-1119.499,516.808,direction
12,r12_20260912_233017.jsonl,114,3261.694,30.513,measure,17,-1122.918,644.328,direction
12,r12_20260912_233017.jsonl,115,3290.694,29.0,measure,17,-1079.993,756.388,direction
12,r12_20260912_233017.jsonl,116,3319.694,29.0,measure,17,-1075.721,876.312,direction
12,r12_20260912_233017.jsonl,117,3348.429,28.735,clear,17,-1042.96,990.375,success
12,r12_20260912_233017.jsonl,118,3448.028,99.599,measure,18,-575.0,995.929,no_signal
12,r12_20260912_233017.jsonl,119,3454.028,6.0,measure,20,-575.0,995.929,direction
12,r12_20260912_233017.jsonl,120,3460.028,6.0,measure,13,-575.0,995.929,no_signal
12,r12_20260912_233017.jsonl,121,3466.028,6.0,measure,11,-575.0,995.929,no_signal
12,r12_20260912_233017.jsonl,122,3472.028,6.0,measure,10,-575.0,995.929,no_signal
12,r12_20260912_233017.jsonl,123,3478.028,6.0,measure,8,-575.0,995.929,no_signal
12,r12_20260912_233017.jsonl,124,3484.028,6.0,measure,7,-575.0,995.929,no_signal
12,r12_20260912_233017.jsonl,125,3490.028,6.0,measure,5,-575.0,995.929,no_signal
12,r12_20260912_233017.jsonl,126,3496.028,6.0,measure,4,-575.0,995.929,no_signal
12,r12_20260912_233017.jsonl,127,3502.028,6.0,measure,20,-575.0,995.929,direction
12,r12_20260912_233017.jsonl,128,3577.028,75.0,measure,20,-356.213,1269.118,direction
12,r12_20260912_233017.jsonl,129,3632.0,54.972,measure,20,-116.666,1340.166,direction
12,r12_20260912_233017.jsonl,130,3670.601,38.601,measure,20,1.457,1459.633,direction
12,r12_20260912_233017.jsonl,131,3699.601,29.0,measure,20,112.613,1504.848,direction
12,r12_20260912_233017.jsonl,132,3728.601,29.0,measure,20,205.356,1580.998,direction
12,r12_20260912_233017.jsonl,133,3757.601,29.0,measure,20,317.27,1624.302,direction
12,r12_20260912_233017.jsonl,134,3778.039,20.438,measure,20,394.38,1627.808,direction
12,r12_20260912_233017.jsonl,135,3793.092,15.053,clear,20,362.12,1666.353,success
12,r12_20260912_233017.jsonl,136,3939.774,146.682,measure,18,575.0,995.929,no_signal
12,r12_20260912_233017.jsonl,137,3945.774,6.0,measure,13,575.0,995.929,direction
12,r12_20260912_233017.jsonl,138,3951.774,6.0,measure,11,575.0,995.929,no_signal
12,r12_20260912_233017.jsonl,139,3957.774,6.0,measure,10,575.0,995.929,no_signal
12,r12_20260912_233017.jsonl,140,3963.774,6.0,measure,8,575.0,995.929,no_signal
12,r12_20260912_233017.jsonl,141,3969.774,6.0,measure,7,575.0,995.929,no_signal
12,r12_20260912_233017.jsonl,142,3975.774,6.0,measure,5,575.0,995.929,no_signal
12,r12_20260912_233017.jsonl,143,3981.774,6.0,measure,4,575.0,995.929,no_signal
12,r12_20260912_233017.jsonl,144,3987.774,6.0,measure,13,575.0,995.929,direction
12,r12_20260912_233017.jsonl,145,4062.774,75.0,measure,13,752.428,1297.623,direction
12,r12_20260912_233017.jsonl,146,4093.348,30.574,clear,13,751.457,1169.758,success
12,r12_20260912_233017.jsonl,147,4093.348,0.0,exit,,,,
13,r13_20260912_233028.jsonl,0,0.0,0.0,enter,,,,
13,r13_20260912_233028.jsonl,1,5.0,5.0,measure,1,0.0,0.0,no_signal
13,r13_20260912_233028.jsonl,2,11.0,6.0,measure,2,0.0,0.0,direction
13,r13_20260912_233028.jsonl,3,17.0,6.0,measure,3,0.0,0.0,direction
13,r13_20260912_233028.jsonl,4,23.0,6.0,measure,4,0.0,0.0,direction
13,r13_20260912_233028.jsonl,5,29.0,6.0,measure,5,0.0,0.0,no_signal
13,r13_20260912_233028.jsonl,6,35.0,6.0,measure,6,0.0,0.0,direction
13,r13_20260912_233028.jsonl,7,41.0,6.0,measure,7,0.0,0.0,no_signal
13,r13_20260912_233028.jsonl,8,47.0,6.0,measure,8,0.0,0.0,no_signal
13,r13_20260912_233028.jsonl,9,53.0,6.0,measure,9,0.0,0.0,no_signal
13,r13_20260912_233028.jsonl,10,59.0,6.0,measure,10,0.0,0.0,no_signal
13,r13_20260912_233028.jsonl,11,65.0,6.0,measure,11,0.0,0.0,direction
13,r13_20260912_233028.jsonl,12,71.0,6.0,measure,12,0.0,0.0,direction
13,r13_20260912_233028.jsonl,13,77.0,6.0,measure,13,0.0,0.0,direction
13,r13_20260912_233028.jsonl,14,83.0,6.0,measure,14,0.0,0.0,no_signal
13,r13_20260912_233028.jsonl,15,89.0,6.0,measure,15,0.0,0.0,no_signal
13,r13_20260912_233028.jsonl,16,95.0,6.0,measure,16,0.0,0.0,no_signal
13,r13_20260912_233028.jsonl,17,101.0,6.0,measure,17,0.0,0.0,no_signal
13,r13_20260912_233028.jsonl,18,107.0,6.0,measure,18,0.0,0.0,direction
13,r13_20260912_233028.jsonl,19,113.0,6.0,measure,19,0.0,0.0,no_signal
13,r13_20260912_233028.jsonl,20,119.0,6.0,measure,20,0.0,0.0,no_signal
13,r13_20260912_233028.jsonl,21,195.0,76.0,measure,6,347.324,-43.2,direction
13,r13_20260912_233028.jsonl,22,201.0,6.0,measure,2,347.324,-43.2,direction
13,r13_20260912_233028.jsonl,23,207.0,6.0,measure,3,347.324,-43.2,direction
13,r13_20260912_233028.jsonl,24,213.0,6.0,measure,4,347.324,-43.2,direction
13,r13_20260912_233028.jsonl,25,219.0,6.0,measure,11,347.324,-43.2,no_signal
13,r13_20260912_233028.jsonl,26,225.0,6.0,measure,12,347.324,-43.2,no_signal
13,r13_20260912_233028.jsonl,27,231.0,6.0,measure,13,347.324,-43.2,direction
13,r13_20260912_233028.jsonl,28,237.0,6.0,measure,18,347.324,-43.2,direction
13,r13_20260912_233028.jsonl,29,278.213,41.213,clear,6,167.959,-67.945,success
13,r13_20260912_233028.jsonl,30,319.233,41.02,measure,18,296.947,57.745,direction
13,r13_20260912_233028.jsonl,31,325.233,6.0,measure,11,296.947,57.745,no_signal
13,r13_20260912_233028.jsonl,32,331.233,6.0,measure,12,296.947,57.745,direction
13,r13_20260912_233028.jsonl,33,406.365,75.132,clear,18,622.691,187.565,success
13,r13_20260912_233028.jsonl,34,465.385,59.021,measure,3,362.688,239.316,direction
13,r13_20260912_233028.jsonl,35,471.385,6.0,measure,11,362.688,239.316,no_signal
13,r13_20260912_233028.jsonl,36,579.156,107.771,clear,3,-58.188,534.12,success
13,r13_20260912_233028.jsonl,37,618.74,39.583,measure,12,-168.381,660.823,direction
13,r13_20260912_233028.jsonl,38,624.74,6.0,measure,11,-168.381,660.823,no_signal
13,r13_20260912_233028.jsonl,39,654.74,30.0,measure,12,-180.81,780.178,direction
13,r13_20260912_233028.jsonl,40,660.74,6.0,measure,11,-180.81,780.178,no_signal
13,r13_20260912_233028.jsonl,41,690.74,30.0,measure,12,-250.744,877.694,direction
13,r13_20260912_233028.jsonl,42,719.74,29.0,measure,12,-264.985,996.846,direction
13,r13_20260912_233028.jsonl,43,728.931,9.191,clear,12,-283.896,987.819,success
13,r13_20260912_233028.jsonl,44,796.222,67.291,measure,4,-446.0,727.747,direction
13,r13_20260912_233028.jsonl,45,802.222,6.0,measure,11,-446.0,727.747,no_signal
13,r13_20260912_233028.jsonl,46,929.881,127.659,clear,4,-969.975,409.033,success
13,r13_20260912_233028.jsonl,47,1004.881,75.0,measure,11,-1109.817,88.184,direction
13,r13_20260912_233028.jsonl,48,1079.88,75.0,measure,11,-1082.539,-260.751,direction
13,r13_20260912_233028.jsonl,49,1240.622,160.742,clear,11,-778.415,-977.615,success
13,r13_20260912_233028.jsonl,50,1448.516,207.894,clear,2,113.804,-494.812,success
13,r13_20260912_233028.jsonl,51,1524.516,76.0,measure,13,36.798,-153.388,no_signal
13,r13_20260912_233028.jsonl,52,1599.517,75.0,measure,13,150.187,177.736,direction
13,r13_20260912_233028.jsonl,53,1669.326,69.81,measure,13,102.613,498.274,direction
13,r13_20260912_233028.jsonl,54,1715.797,46.47,measure,13,155.387,698.798,direction
13,r13_20260912_233028.jsonl,55,1747.586,31.789,measure,13,151.996,832.7,direction
13,r13_20260912_233028.jsonl,56,1776.586,29.0,measure,13,176.282,950.217,direction
13,r13_20260912_233028.jsonl,57,1805.473,28.887,measure,13,239.61,1051.479,direction
13,r13_20260912_233028.jsonl,58,1821.69,16.218,clear,13,183.612,1054.66,success
13,r13_20260912_233028.jsonl,59,1906.844,85.154,measure,14,575.0,995.929,no_signal
13,r13_20260912_233028.jsonl,60,1912.844,6.0,measure,15,575.0,995.929,no_signal
13,r13_20260912_233028.jsonl,61,1918.844,6.0,measure,10,575.0,995.929,no_signal
13,r13_20260912_233028.jsonl,62,1924.844,6.0,measure,16,575.0,995.929,no_signal
13,r13_20260912_233028.jsonl,63,1930.844,6.0,measure,9,575.0,995.929,no_signal
13,r13_20260912_233028.jsonl,64,1936.844,6.0,measure,17,575.0,995.929,no_signal
13,r13_20260912_233028.jsonl,65,1942.844,6.0,measure,8,575.0,995.929,no_signal
13,r13_20260912_233028.jsonl,66,1948.844,6.0,measure,7,575.0,995.929,no_signal
13,r13_20260912_233028.jsonl,67,1954.844,6.0,measure,19,575.0,995.929,no_signal
13,r13_20260912_233028.jsonl,68,1960.844,6.0,measure,20,575.0,995.929,no_signal
13,r13_20260912_233028.jsonl,69,1966.844,6.0,measure,5,575.0,995.929,no_signal
13,r13_20260912_233028.jsonl,70,1972.844,6.0,measure,1,575.0,995.929,no_signal
13,r13_20260912_233028.jsonl,71,2207.844,235.0,measure,1,1150.0,0.0,no_signal
13,r13_20260912_233028.jsonl,72,2213.844,6.0,measure,5,1150.0,0.0,no_signal
13,r13_20260912_233028.jsonl,73,2219.844,6.0,measure,7,1150.0,0.0,no_signal
13,r13_20260912_233028.jsonl,74,2225.844,6.0,measure,8,1150.0,0.0,no_signal
13,r13_20260912_233028.jsonl,75,2231.844,6.0,measure,9,1150.0,0.0,no_signal
13,r13_20260912_233028.jsonl,76,2237.844,6.0,measure,10,1150.0,0.0,no_signal
13,r13_20260912_233028.jsonl,77,2243.844,6.0,measure,14,1150.0,0.0,no_signal
13,r13_20260912_233028.jsonl,78,2249.844,6.0,measure,15,1150.0,0.0,no_signal
13,r13_20260912_233028.jsonl,79,2255.844,6.0,measure,16,1150.0,0.0,no_signal
13,r13_20260912_233028.jsonl,80,2261.844,6.0,measure,17,1150.0,0.0,no_signal
13,r13_20260912_233028.jsonl,81,2267.844,6.0,measure,19,1150.0,0.0,no_signal
13,r13_20260912_233028.jsonl,82,2273.844,6.0,measure,20,1150.0,0.0,no_signal
13,r13_20260912_233028.jsonl,83,2508.844,235.0,measure,20,575.0,-995.929,no_signal
13,r13_20260912_233028.jsonl,84,2514.844,6.0,measure,19,575.0,-995.929,no_signal
13,r13_20260912_233028.jsonl,85,2520.844,6.0,measure,17,575.0,-995.929,no_signal
13,r13_20260912_233028.jsonl,86,2526.844,6.0,measure,16,575.0,-995.929,no_signal
13,r13_20260912_233028.jsonl,87,2532.844,6.0,measure,15,575.0,-995.929,no_signal
13,r13_20260912_233028.jsonl,88,2538.844,6.0,measure,14,575.0,-995.929,no_signal
13,r13_20260912_233028.jsonl,89,2544.844,6.0,measure,10,575.0,-995.929,no_signal
13,r13_20260912_233028.jsonl,90,2550.844,6.0,measure,9,575.0,-995.929,no_signal
13,r13_20260912_233028.jsonl,91,2556.844,6.0,measure,8,575.0,-995.929,no_signal
13,r13_20260912_233028.jsonl,92,2562.844,6.0,measure,7,575.0,-995.929,no_signal
13,r13_20260912_233028.jsonl,93,2568.844,6.0,measure,5,575.0,-995.929,no_signal
13,r13_20260912_233028.jsonl,94,2574.844,6.0,measure,1,575.0,-995.929,no_signal
13,r13_20260912_233028.jsonl,95,2809.844,235.0,measure,1,-575.0,-995.929,no_signal
13,r13_20260912_233028.jsonl,96,2815.844,6.0,measure,5,-575.0,-995.929,no_signal
13,r13_20260912_233028.jsonl,97,2821.844,6.0,measure,7,-575.0,-995.929,no_signal
13,r13_20260912_233028.jsonl,98,2827.844,6.0,measure,8,-575.0,-995.929,no_signal
13,r13_20260912_233028.jsonl,99,2833.844,6.0,measure,9,-575.0,-995.929,no_signal
13,r13_20260912_233028.jsonl,100,2839.844,6.0,measure,10,-575.0,-995.929,no_signal
13,r13_20260912_233028.jsonl,101,2845.844,6.0,measure,14,-575.0,-995.929,direction
13,r13_20260912_233028.jsonl,102,2851.844,6.0,measure,15,-575.0,-995.929,no_signal
13,r13_20260912_233028.jsonl,103,2857.844,6.0,measure,16,-575.0,-995.929,no_signal
13,r13_20260912_233028.jsonl,104,2863.844,6.0,measure,17,-575.0,-995.929,no_signal
13,r13_20260912_233028.jsonl,105,2869.844,6.0,measure,19,-575.0,-995.929,no_signal
13,r13_20260912_233028.jsonl,106,2875.844,6.0,measure,20,-575.0,-995.929,no_signal
13,r13_20260912_233028.jsonl,107,2881.844,6.0,measure,14,-575.0,-995.929,direction
13,r13_20260912_233028.jsonl,108,2956.844,75.0,measure,14,-922.588,-954.912,direction
13,r13_20260912_233028.jsonl,109,2994.49,37.646,measure,14,-1037.141,-838.627,direction
13,r13_20260912_233028.jsonl,110,3023.49,29.0,measure,14,-1152.038,-804.006,direction
13,r13_20260912_233028.jsonl,111,3052.49,29.0,measure,14,-1242.716,-725.409,direction
13,r13_20260912_233028.jsonl,112,3080.603,28.112,clear,14,-1347.007,-675.63,success
13,r13_20260912_233028.jsonl,113,3227.356,146.753,measure,15,-1150.0,0.0,no_signal
13,r13_20260912_233028.jsonl,114,3233.356,6.0,measure,16,-1150.0,0.0,no_signal
13,r13_20260912_233028.jsonl,115,3239.356,6.0,measure,17,-1150.0,0.0,no_signal
13,r13_20260912_233028.jsonl,116,3245.356,6.0,measure,10,-1150.0,0.0,no_signal
13,r13_20260912_233028.jsonl,117,3251.356,6.0,measure,9,-1150.0,0.0,direction
13,r13_20260912_233028.jsonl,118,3257.356,6.0,measure,19,-1150.0,0.0,no_signal
13,r13_20260912_233028.jsonl,119,3263.356,6.0,measure,8,-1150.0,0.0,no_signal
13,r13_20260912_233028.jsonl,120,3269.356,6.0,measure,20,-1150.0,0.0,no_signal
13,r13_20260912_233028.jsonl,121,3275.356,6.0,measure,7,-1150.0,0.0,direction
13,r13_20260912_233028.jsonl,122,3281.356,6.0,measure,5,-1150.0,0.0,no_signal
13,r13_20260912_233028.jsonl,123,3287.356,6.0,measure,1,-1150.0,0.0,no_signal
13,r13_20260912_233028.jsonl,124,3293.356,6.0,measure,7,-1150.0,0.0,direction
13,r13_20260912_233028.jsonl,125,3299.356,6.0,measure,9,-1150.0,0.0,direction
13,r13_20260912_233028.jsonl,126,3375.356,76.0,measure,7,-1478.176,-121.657,direction
13,r13_20260912_233028.jsonl,127,3403.852,28.496,clear,7,-1560.917,-38.259,success
13,r13_20260912_233028.jsonl,128,3479.852,76.0,measure,9,-1906.247,-95.242,direction
13,r13_20260912_233028.jsonl,129,3528.623,48.771,clear,9,-1750.99,59.006,success
13,r13_20260912_233028.jsonl,130,3835.34,306.718,measure,8,-575.0,995.929,no_signal
13,r13_20260912_233028.jsonl,131,3841.34,6.0,measure,10,-575.0,995.929,direction
13,r13_20260912_233028.jsonl,132,3847.34,6.0,measure,5,-575.0,995.929,direction
13,r13_20260912_233028.jsonl,133,3853.34,6.0,measure,15,-575.0,995.929,no_signal
13,r13_20260912_233028.jsonl,134,3859.34,6.0,measure,16,-575.0,995.929,no_signal
13,r13_20260912_233028.jsonl,135,3865.34,6.0,measure,1,-575.0,995.929,no_signal
13,r13_20260912_233028.jsonl,136,3871.34,6.0,measure,17,-575.0,995.929,no_signal
13,r13_20260912_233028.jsonl,137,3877.34,6.0,measure,19,-575.0,995.929,no_signal
13,r13_20260912_233028.jsonl,138,3883.34,6.0,measure,20,-575.0,995.929,no_signal
13,r13_20260912_233028.jsonl,139,3889.34,6.0,measure,5,-575.0,995.929,direction
13,r13_20260912_233028.jsonl,140,3895.34,6.0,measure,10,-575.0,995.929,direction
13,r13_20260912_233028.jsonl,141,3971.34,76.0,measure,5,-793.644,1269.232,direction
13,r13_20260912_233028.jsonl,142,4024.941,53.601,clear,5,-620.395,1098.832,success
13,r13_20260912_233028.jsonl,143,4100.941,76.0,measure,10,-873.434,1340.641,direction
13,r13_20260912_233028.jsonl,144,4121.192,20.251,clear,10,-812.07,1385.909,success
13,r13_20260912_233028.jsonl,145,4121.192,0.0,exit,,,,
14,r14_20260912_233039.jsonl,0,0.0,0.0,enter,,,,
14,r14_20260912_233039.jsonl,1,5.0,5.0,measure,1,0.0,0.0,no_signal
14,r14_20260912_233039.jsonl,2,11.0,6.0,measure,2,0.0,0.0,no_signal
14,r14_20260912_233039.jsonl,3,17.0,6.0,measure,3,0.0,0.0,no_signal
14,r14_20260912_233039.jsonl,4,23.0,6.0,measure,4,0.0,0.0,direction
14,r14_20260912_233039.jsonl,5,29.0,6.0,measure,5,0.0,0.0,direction
14,r14_20260912_233039.jsonl,6,35.0,6.0,measure,6,0.0,0.0,no_signal
14,r14_20260912_233039.jsonl,7,41.0,6.0,measure,7,0.0,0.0,no_signal
14,r14_20260912_233039.jsonl,8,47.0,6.0,measure,8,0.0,0.0,direction
14,r14_20260912_233039.jsonl,9,53.0,6.0,measure,9,0.0,0.0,no_signal
14,r14_20260912_233039.jsonl,10,59.0,6.0,measure,10,0.0,0.0,no_signal
14,r14_20260912_233039.jsonl,11,65.0,6.0,measure,11,0.0,0.0,direction
14,r14_20260912_233039.jsonl,12,71.0,6.0,measure,12,0.0,0.0,no_signal
14,r14_20260912_233039.jsonl,13,77.0,6.0,measure,13,0.0,0.0,no_signal
14,r14_20260912_233039.jsonl,14,83.0,6.0,measure,14,0.0,0.0,no_signal
14,r14_20260912_233039.jsonl,15,89.0,6.0,measure,15,0.0,0.0,no_signal
14,r14_20260912_233039.jsonl,16,95.0,6.0,measure,16,0.0,0.0,direction
14,r14_20260912_233039.jsonl,17,101.0,6.0,measure,17,0.0,0.0,direction
14,r14_20260912_233039.jsonl,18,107.0,6.0,measure,18,0.0,0.0,no_signal
14,r14_20260912_233039.jsonl,19,113.0,6.0,measure,19,0.0,0.0,direction
14,r14_20260912_233039.jsonl,20,119.0,6.0,measure,20,0.0,0.0,no_signal
14,r14_20260912_233039.jsonl,21,195.0,76.0,measure,19,106.004,333.561,direction
14,r14_20260912_233039.jsonl,22,201.0,6.0,measure,4,106.004,333.561,direction
14,r14_20260912_233039.jsonl,23,207.0,6.0,measure,5,106.004,333.561,direction
14,r14_20260912_233039.jsonl,24,213.0,6.0,measure,8,106.004,333.561,direction
14,r14_20260912_233039.jsonl,25,219.0,6.0,measure,11,106.004,333.561,direction
14,r14_20260912_233039.jsonl,26,225.0,6.0,measure,16,106.004,333.561,direction
14,r14_20260912_233039.jsonl,27,231.0,6.0,measure,17,106.004,333.561,direction
14,r14_20260912_233039.jsonl,28,264.935,33.935,measure,19,224.778,407.061,direction
14,r14_20260912_233039.jsonl,29,293.935,29.0,measure,19,283.599,511.656,direction
14,r14_20260912_233039.jsonl,30,322.935,29.0,measure,19,380.762,582.078,direction
14,r14_20260912_233039.jsonl,31,348.901,25.966,clear,19,441.748,667.341,success
14,r14_20260912_233039.jsonl,32,458.349,109.448,clear,17,-56.032,509.382,success
14,r14_20260912_233039.jsonl,33,475.489,17.14,clear,11,-38.349,451.317,success
14,r14_20260912_233039.jsonl,34,520.534,45.045,measure,5,-89.495,639.725,direction
14,r14_20260912_233039.jsonl,35,586.255,65.721,clear,5,-24.344,936.257,success
14,r14_20260912_233039.jsonl,36,662.255,76.0,measure,16,-74.968,589.937,direction
14,r14_20260912_233039.jsonl,37,829.203,166.948,clear,16,-457.799,-123.59,success
14,r14_20260912_233039.jsonl,38,888.891,59.688,measure,8,-189.941,-141.231,direction
14,r14_20260912_233039.jsonl,39,998.177,109.286,clear,8,271.825,-383.432,success
14,r14_20260912_233039.jsonl,40,1028.424,30.247,measure,4,328.478,-490.614,direction
14,r14_20260912_233039.jsonl,41,1057.424,29.0,measure,4,317.667,-610.126,direction
14,r14_20260912_233039.jsonl,42,1086.424,29.0,measure,4,372.477,-716.877,direction
14,r14_20260912_233039.jsonl,43,1107.7,21.277,clear,4,374.297,-798.24,success
14,r14_20260912_233039.jsonl,44,1170.043,62.343,measure,3,575.0,-995.929,no_signal
14,r14_20260912_233039.jsonl,45,1176.043,6.0,measure,2,575.0,-995.929,direction
14,r14_20260912_233039.jsonl,46,1182.043,6.0,measure,6,575.0,-995.929,no_signal
14,r14_20260912_233039.jsonl,47,1188.043,6.0,measure,1,575.0,-995.929,no_signal
14,r14_20260912_233039.jsonl,48,1194.043,6.0,measure,7,575.0,-995.929,no_signal
14,r14_20260912_233039.jsonl,49,1200.043,6.0,measure,9,575.0,-995.929,no_signal
14,r14_20260912_233039.jsonl,50,1206.043,6.0,measure,10,575.0,-995.929,no_signal
14,r14_20260912_233039.jsonl,51,1212.043,6.0,measure,12,575.0,-995.929,no_signal
14,r14_20260912_233039.jsonl,52,1218.043,6.0,measure,13,575.0,-995.929,no_signal
14,r14_20260912_233039.jsonl,53,1224.043,6.0,measure,14,575.0,-995.929,no_signal
14,r14_20260912_233039.jsonl,54,1230.043,6.0,measure,15,575.0,-995.929,no_signal
14,r14_20260912_233039.jsonl,55,1236.043,6.0,measure,18,575.0,-995.929,no_signal
14,r14_20260912_233039.jsonl,56,1242.043,6.0,measure,20,575.0,-995.929,direction
14,r14_20260912_233039.jsonl,57,1248.043,6.0,measure,2,575.0,-995.929,direction
14,r14_20260912_233039.jsonl,58,1254.043,6.0,measure,20,575.0,-995.929,direction
14,r14_20260912_233039.jsonl,59,1329.043,75.0,measure,20,919.619,-1057.067,direction
14,r14_20260912_233039.jsonl,60,1352.168,23.125,clear,20,878.075,-1137.607,success
14,r14_20260912_233039.jsonl,61,1428.168,76.0,measure,2,1225.776,-1177.653,direction
14,r14_20260912_233039.jsonl,62,1450.215,22.048,clear,2,1154.897,-1225.001,success
14,r14_20260912_233039.jsonl,63,1701.218,251.002,measure,1,1150.0,0.0,no_signal
14,r14_20260912_233039.jsonl,64,1707.218,6.0,measure,3,1150.0,0.0,no_signal
14,r14_20260912_233039.jsonl,65,1713.218,6.0,measure,6,1150.0,0.0,no_signal
14,r14_20260912_233039.jsonl,66,1719.218,6.0,measure,7,1150.0,0.0,no_signal
14,r14_20260912_233039.jsonl,67,1725.218,6.0,measure,9,1150.0,0.0,no_signal
14,r14_20260912_233039.jsonl,68,1731.218,6.0,measure,10,1150.0,0.0,no_signal
14,r14_20260912_233039.jsonl,69,1737.218,6.0,measure,12,1150.0,0.0,no_signal
14,r14_20260912_233039.jsonl,70,1743.218,6.0,measure,13,1150.0,0.0,direction
14,r14_20260912_233039.jsonl,71,1749.218,6.0,measure,14,1150.0,0.0,no_signal
14,r14_20260912_233039.jsonl,72,1755.218,6.0,measure,15,1150.0,0.0,direction
14,r14_20260912_233039.jsonl,73,1761.218,6.0,measure,18,1150.0,0.0,no_signal
14,r14_20260912_233039.jsonl,74,1767.218,6.0,measure,13,1150.0,0.0,direction
14,r14_20260912_233039.jsonl,75,1773.218,6.0,measure,15,1150.0,0.0,direction
14,r14_20260912_233039.jsonl,76,1849.218,76.0,measure,13,1127.597,349.282,direction
14,r14_20260912_233039.jsonl,77,1903.451,54.234,measure,13,1255.229,559.778,direction
14,r14_20260912_233039.jsonl,78,1941.139,37.688,measure,13,1261.458,723.101,direction
14,r14_20260912_233039.jsonl,79,1970.139,29.0,measure,13,1312.684,831.618,direction
14,r14_20260912_233039.jsonl,80,1999.139,29.0,measure,13,1328.579,950.561,direction
14,r14_20260912_233039.jsonl,81,2014.533,15.393,clear,13,1349.86,997.97,success
14,r14_20260912_233039.jsonl,82,2090.533,76.0,measure,15,1250.865,1333.678,direction
14,r14_20260912_233039.jsonl,83,2127.883,37.35,measure,15,1175.077,1190.78,direction
14,r14_20260912_233039.jsonl,84,2156.883,29.0,measure,15,1178.2,1070.821,direction
14,r14_20260912_233039.jsonl,85,2185.883,29.0,measure,15,1132.215,959.982,direction
14,r14_20260912_233039.jsonl,86,2200.041,14.159,clear,15,1134.947,914.271,success
14,r14_20260912_233039.jsonl,87,2319.215,119.174,measure,14,575.0,995.929,no_signal
14,r14_20260912_233039.jsonl,88,2325.215,6.0,measure,12,575.0,995.929,no_signal
14,r14_20260912_233039.jsonl,89,2331.215,6.0,measure,18,575.0,995.929,no_signal
14,r14_20260912_233039.jsonl,90,2337.215,6.0,measure,10,575.0,995.929,no_signal
14,r14_20260912_233039.jsonl,91,2343.215,6.0,measure,9,575.0,995.929,direction
14,r14_20260912_233039.jsonl,92,2349.215,6.0,measure,7,575.0,995.929,no_signal
14,r14_20260912_233039.jsonl,93,2355.215,6.0,measure,6,575.0,995.929,no_signal
14,r14_20260912_233039.jsonl,94,2361.215,6.0,measure,3,575.0,995.929,no_signal
14,r14_20260912_233039.jsonl,95,2367.215,6.0,measure,1,575.0,995.929,no_signal
14,r14_20260912_233039.jsonl,96,2373.215,6.0,measure,9,575.0,995.929,direction
14,r14_20260912_233039.jsonl,97,2448.215,75.0,measure,9,248.687,1122.498,direction
14,r14_20260912_233039.jsonl,98,2503.739,55.524,measure,9,107.095,1331.707,direction
14,r14_20260912_233039.jsonl,99,2542.126,38.386,measure,9,-41.876,1407.032,direction
14,r14_20260912_233039.jsonl,100,2571.126,29.0,measure,9,-119.974,1498.14,direction
14,r14_20260912_233039.jsonl,101,2600.126,29.0,measure,9,-221.197,1562.591,direction
14,r14_20260912_233039.jsonl,102,2629.126,29.0,measure,9,-299.544,1653.485,direction
14,r14_20260912_233039.jsonl,103,2646.03,16.905,measure,9,-240.193,1648.958,direction
14,r14_20260912_233039.jsonl,104,2661.073,15.042,clear,9,-281.432,1620.313,success
14,r14_20260912_233039.jsonl,105,2805.064,143.991,measure,10,-575.0,995.929,no_signal
14,r14_20260912_233039.jsonl,106,2811.064,6.0,measure,7,-575.0,995.929,no_signal
14,r14_20260912_233039.jsonl,107,2817.064,6.0,measure,6,-575.0,995.929,no_signal
14,r14_20260912_233039.jsonl,108,2823.064,6.0,measure,12,-575.0,995.929,no_signal
14,r14_20260912_233039.jsonl,109,2829.064,6.0,measure,14,-575.0,995.929,no_signal
14,r14_20260912_233039.jsonl,110,2835.064,6.0,measure,3,-575.0,995.929,no_signal
14,r14_20260912_233039.jsonl,111,2841.064,6.0,measure,1,-575.0,995.929,no_signal
14,r14_20260912_233039.jsonl,112,2847.064,6.0,measure,18,-575.0,995.929,no_signal
14,r14_20260912_233039.jsonl,113,3082.064,235.0,measure,18,-1150.0,0.0,direction
14,r14_20260912_233039.jsonl,114,3088.064,6.0,measure,14,-1150.0,0.0,no_signal
14,r14_20260912_233039.jsonl,115,3094.064,6.0,measure,12,-1150.0,0.0,direction
14,r14_20260912_233039.jsonl,116,3100.064,6.0,measure,10,-1150.0,0.0,no_signal
14,r14_20260912_233039.jsonl,117,3106.064,6.0,measure,7,-1150.0,0.0,no_signal
14,r14_20260912_233039.jsonl,118,3112.064,6.0,measure,6,-1150.0,0.0,no_signal
14,r14_20260912_233039.jsonl,119,3118.064,6.0,measure,3,-1150.0,0.0,no_signal
14,r14_20260912_233039.jsonl,120,3124.064,6.0,measure,1,-1150.0,0.0,no_signal
14,r14_20260912_233039.jsonl,121,3130.064,6.0,measure,12,-1150.0,0.0,direction
14,r14_20260912_233039.jsonl,122,3136.064,6.0,measure,18,-1150.0,0.0,direction
14,r14_20260912_233039.jsonl,123,3212.064,76.0,measure,12,-1497.384,42.715,direction
14,r14_20260912_233039.jsonl,124,3241.064,29.0,measure,12,-1566.299,140.953,direction
14,r14_20260912_233039.jsonl,125,3276.838,35.775,clear,12,-1696.084,223.614,success
14,r14_20260912_233039.jsonl,126,3352.838,76.0,measure,18,-2033.517,130.669,direction
14,r14_20260912_233039.jsonl,127,3388.247,35.409,measure,18,-1902.457,53.592,direction
14,r14_20260912_233039.jsonl,128,3417.247,29.0,measure,18,-1782.517,49.802,direction
14,r14_20260912_233039.jsonl,129,3453.926,36.679,clear,18,-1633.307,-3.35,success
14,r14_20260912_233039.jsonl,130,3750.114,296.188,measure,14,-575.0,-995.929,no_signal
14,r14_20260912_233039.jsonl,131,3756.114,6.0,measure,10,-575.0,-995.929,no_signal
14,r14_20260912_233039.jsonl,132,3762.114,6.0,measure,7,-575.0,-995.929,no_signal
14,r14_20260912_233039.jsonl,133,3768.114,6.0,measure,6,-575.0,-995.929,no_signal
14,r14_20260912_233039.jsonl,134,3774.114,6.0,measure,3,-575.0,-995.929,no_signal
14,r14_20260912_233039.jsonl,135,3780.114,6.0,measure,1,-575.0,-995.929,no_signal
14,r14_20260912_233039.jsonl,136,3780.114,0.0,exit,,,,
15,r15_20260912_233049.jsonl,0,0.0,0.0,enter,,,,
15,r15_20260912_233049.jsonl,1,5.0,5.0,measure,1,0.0,0.0,direction
15,r15_20260912_233049.jsonl,2,11.0,6.0,measure,2,0.0,0.0,no_signal
15,r15_20260912_233049.jsonl,3,17.0,6.0,measure,3,0.0,0.0,no_signal
15,r15_20260912_233049.jsonl,4,23.0,6.0,measure,4,0.0,0.0,no_signal
15,r15_20260912_233049.jsonl,5,29.0,6.0,measure,5,0.0,0.0,no_signal
15,r15_20260912_233049.jsonl,6,35.0,6.0,measure,6,0.0,0.0,no_signal
15,r15_20260912_233049.jsonl,7,41.0,6.0,measure,7,0.0,0.0,direction
15,r15_20260912_233049.jsonl,8,47.0,6.0,measure,8,0.0,0.0,no_signal
15,r15_20260912_233049.jsonl,9,53.0,6.0,measure,9,0.0,0.0,no_signal
15,r15_20260912_233049.jsonl,10,59.0,6.0,measure,10,0.0,0.0,no_signal
15,r15_20260912_233049.jsonl,11,65.0,6.0,measure,11,0.0,0.0,no_signal
15,r15_20260912_233049.jsonl,12,71.0,6.0,measure,12,0.0,0.0,no_signal
15,r15_20260912_233049.jsonl,13,77.0,6.0,measure,13,0.0,0.0,direction
15,r15_20260912_233049.jsonl,14,83.0,6.0,measure,14,0.0,0.0,no_signal
15,r15_20260912_233049.jsonl,15,89.0,6.0,measure,15,0.0,0.0,no_signal
15,r15_20260912_233049.jsonl,16,95.0,6.0,measure,16,0.0,0.0,no_signal
15,r15_20260912_233049.jsonl,17,101.0,6.0,measure,17,0.0,0.0,no_signal
15,r15_20260912_233049.jsonl,18,107.0,6.0,measure,18,0.0,0.0,direction
15,r15_20260912_233049.jsonl,19,113.0,6.0,measure,19,0.0,0.0,direction
15,r15_20260912_233049.jsonl,20,119.0,6.0,measure,20,0.0,0.0,direction
15,r15_20260912_233049.jsonl,21,194.0,75.0,measure,20,-263.104,230.817,direction
15,r15_20260912_233049.jsonl,22,200.0,6.0,measure,1,-263.104,230.817,direction
15,r15_20260912_233049.jsonl,23,206.0,6.0,measure,7,-263.104,230.817,no_signal
15,r15_20260912_233049.jsonl,24,212.0,6.0,measure,13,-263.104,230.817,direction
15,r15_20260912_233049.jsonl,25,218.0,6.0,measure,18,-263.104,230.817,direction
15,r15_20260912_233049.jsonl,26,224.0,6.0,measure,19,-263.104,230.817,direction
15,r15_20260912_233049.jsonl,27,300.0,76.0,measure,20,-360.809,566.903,direction
15,r15_20260912_233049.jsonl,28,306.0,6.0,measure,7,-360.809,566.903,no_signal
15,r15_20260912_233049.jsonl,29,357.027,51.027,measure,20,-521.069,725.026,direction
15,r15_20260912_233049.jsonl,30,390.977,33.949,measure,20,-576.358,858.798,direction
15,r15_20260912_233049.jsonl,31,419.977,29.0,measure,20,-652.005,951.952,direction
15,r15_20260912_233049.jsonl,32,448.977,29.0,measure,20,-700.798,1061.584,direction
15,r15_20260912_233049.jsonl,33,467.481,18.504,measure,20,-638.46,1035.64,direction
15,r15_20260912_233049.jsonl,34,482.592,15.111,clear,20,-683.394,1012.468,success
15,r15_20260912_233049.jsonl,35,701.101,218.508,clear,1,45.416,232.417,success
15,r15_20260912_233049.jsonl,36,769.703,68.602,clear,19,142.682,535.189,success
15,r15_20260912_233049.jsonl,37,827.396,57.693,measure,13,367.941,408.453,direction
15,r15_20260912_233049.jsonl,38,833.396,6.0,measure,7,367.941,408.453,no_signal
15,r15_20260912_233049.jsonl,39,933.078,99.682,clear,13,634.986,17.552,success
15,r15_20260912_233049.jsonl,40,1008.078,75.0,measure,7,674.668,-330.191,direction
15,r15_20260912_233049.jsonl,41,1083.078,75.0,measure,7,392.412,-537.149,direction
15,r15_20260912_233049.jsonl,42,1156.573,73.496,measure,7,236.585,-842.123,direction
15,r15_20260912_233049.jsonl,43,1206.553,49.98,measure,7,64.47,-986.884,direction
15,r15_20260912_233049.jsonl,44,1241.05,34.497,measure,7,-16.598,-1110.093,direction
15,r15_20260912_233049.jsonl,45,1270.05,29.0,measure,7,-102.668,-1193.71,direction
15,r15_20260912_233049.jsonl,46,1309.262,39.212,measure,7,-157.726,-1355.666,direction
15,r15_20260912_233049.jsonl,47,1324.85,15.588,clear,7,-201.464,-1325.837,success
15,r15_20260912_233049.jsonl,48,1400.85,76.0,measure,18,-493.156,-1132.405,direction
15,r15_20260912_233049.jsonl,49,1608.039,207.189,clear,18,-1091.051,-317.218,success
15,r15_20260912_233049.jsonl,50,1678.569,70.53,measure,17,-1150.0,0.0,no_signal
15,r15_20260912_233049.jsonl,51,1684.569,6.0,measure,16,-1150.0,0.0,no_signal
15,r15_20260912_233049.jsonl,52,1690.569,6.0,measure,15,-1150.0,0.0,no_signal
15,r15_20260912_233049.jsonl,53,1696.569,6.0,measure,14,-1150.0,0.0,direction
15,r15_20260912_233049.jsonl,54,1702.569,6.0,measure,12,-1150.0,0.0,no_signal
15,r15_20260912_233049.jsonl,55,1708.569,6.0,measure,11,-1150.0,0.0,no_signal
15,r15_20260912_233049.jsonl,56,1714.569,6.0,measure,10,-1150.0,0.0,no_signal
15,r15_20260912_233049.jsonl,57,1720.569,6.0,measure,9,-1150.0,0.0,no_signal
15,r15_20260912_233049.jsonl,58,1726.569,6.0,measure,8,-1150.0,0.0,no_signal
15,r15_20260912_233049.jsonl,59,1732.569,6.0,measure,6,-1150.0,0.0,no_signal
15,r15_20260912_233049.jsonl,60,1738.569,6.0,measure,5,-1150.0,0.0,no_signal
15,r15_20260912_233049.jsonl,61,1744.569,6.0,measure,4,-1150.0,0.0,no_signal
15,r15_20260912_233049.jsonl,62,1750.569,6.0,measure,3,-1150.0,0.0,no_signal
15,r15_20260912_233049.jsonl,63,1756.569,6.0,measure,2,-1150.0,0.0,direction
15,r15_20260912_233049.jsonl,64,1761.569,5.0,measure,2,-1150.0,0.0,direction
15,r15_20260912_233049.jsonl,65,1767.569,6.0,measure,14,-1150.0,0.0,direction
15,r15_20260912_233049.jsonl,66,1842.569,75.0,measure,14,-1316.468,-307.877,direction
15,r15_20260912_233049.jsonl,67,1890.495,47.926,clear,14,-1516.178,-386.498,success
15,r15_20260912_233049.jsonl,68,1966.495,76.0,measure,2,-1572.016,-40.981,no_signal
15,r15_20260912_233049.jsonl,69,2041.495,75.0,measure,2,-1447.614,286.165,direction
15,r15_20260912_233049.jsonl,70,2097.425,55.93,measure,2,-1350.738,521.67,direction
15,r15_20260912_233049.jsonl,71,2194.891,97.466,clear,2,-1059.59,880.808,success
15,r15_20260912_233049.jsonl,72,2300.506,105.615,measure,3,-575.0,995.929,no_signal
15,r15_20260912_233049.jsonl,73,2306.506,6.0,measure,4,-575.0,995.929,no_signal
15,r15_20260912_233049.jsonl,74,2312.506,6.0,measure,5,-575.0,995.929,no_signal
15,r15_20260912_233049.jsonl,75,2318.506,6.0,measure,6,-575.0,995.929,no_signal
15,r15_20260912_233049.jsonl,76,2324.506,6.0,measure,8,-575.0,995.929,direction
15,r15_20260912_233049.jsonl,77,2330.506,6.0,measure,9,-575.0,995.929,no_signal
15,r15_20260912_233049.jsonl,78,2336.506,6.0,measure,10,-575.0,995.929,no_signal
15,r15_20260912_233049.jsonl,79,2342.506,6.0,measure,11,-575.0,995.929,no_signal
15,r15_20260912_233049.jsonl,80,2348.506,6.0,measure,12,-575.0,995.929,no_signal
15,r15_20260912_233049.jsonl,81,2354.506,6.0,measure,15,-575.0,995.929,no_signal
15,r15_20260912_233049.jsonl,82,2360.506,6.0,measure,16,-575.0,995.929,no_signal
15,r15_20260912_233049.jsonl,83,2366.506,6.0,measure,17,-575.0,995.929,no_signal
15,r15_20260912_233049.jsonl,84,2372.506,6.0,measure,8,-575.0,995.929,direction
15,r15_20260912_233049.jsonl,85,2447.506,75.0,measure,8,-516.751,1341.048,direction
15,r15_20260912_233049.jsonl,86,2476.506,29.0,measure,8,-415.906,1406.088,direction
15,r15_20260912_233049.jsonl,87,2511.011,34.505,clear,8,-332.806,1527.984,success
15,r15_20260912_233049.jsonl,88,2727.458,216.447,measure,9,575.0,995.929,no_signal
15,r15_20260912_233049.jsonl,89,2733.458,6.0,measure,6,575.0,995.929,no_signal
15,r15_20260912_233049.jsonl,90,2739.458,6.0,measure,10,575.0,995.929,no_signal
15,r15_20260912_233049.jsonl,91,2745.458,6.0,measure,5,575.0,995.929,no_signal
15,r15_20260912_233049.jsonl,92,2751.458,6.0,measure,11,575.0,995.929,no_signal
15,r15_20260912_233049.jsonl,93,2757.458,6.0,measure,4,575.0,995.929,no_signal
15,r15_20260912_233049.jsonl,94,2763.458,6.0,measure,12,575.0,995.929,no_signal
15,r15_20260912_233049.jsonl,95,2769.458,6.0,measure,3,575.0,995.929,no_signal
15,r15_20260912_233049.jsonl,96,2775.458,6.0,measure,15,575.0,995.929,no_signal
15,r15_20260912_233049.jsonl,97,2781.458,6.0,measure,16,575.0,995.929,direction
15,r15_20260912_233049.jsonl,98,2787.458,6.0,measure,17,575.0,995.929,direction
15,r15_20260912_233049.jsonl,99,2793.458,6.0,measure,16,575.0,995.929,direction
15,r15_20260912_233049.jsonl,100,2799.458,6.0,measure,17,575.0,995.929,direction
15,r15_20260912_233049.jsonl,101,2875.458,76.0,measure,16,496.743,1337.068,direction
15,r15_20260912_233049.jsonl,102,2904.458,29.0,measure,16,561.818,1437.891,direction
15,r15_20260912_233049.jsonl,103,2933.458,29.0,measure,16,564.988,1557.849,direction
15,r15_20260912_233049.jsonl,104,2950.544,17.086,clear,16,595.208,1610.178,success
15,r15_20260912_233049.jsonl,105,3026.544,76.0,measure,17,906.0,1771.139,direction
15,r15_20260912_233049.jsonl,106,3177.659,151.115,clear,17,1297.194,1154.123,success
15,r15_20260912_233049.jsonl,107,3416.353,238.694,measure,15,1150.0,0.0,no_signal
15,r15_20260912_233049.jsonl,108,3422.353,6.0,measure,12,1150.0,0.0,no_signal
15,r15_20260912_233049.jsonl,109,3428.353,6.0,measure,11,1150.0,0.0,no_signal
15,r15_20260912_233049.jsonl,110,3434.353,6.0,measure,10,1150.0,0.0,no_signal
15,r15_20260912_233049.jsonl,111,3440.353,6.0,measure,9,1150.0,0.0,no_signal
15,r15_20260912_233049.jsonl,112,3446.353,6.0,measure,6,1150.0,0.0,no_signal
15,r15_20260912_233049.jsonl,113,3452.353,6.0,measure,5,1150.0,0.0,no_signal
15,r15_20260912_233049.jsonl,114,3458.353,6.0,measure,4,1150.0,0.0,no_signal
15,r15_20260912_233049.jsonl,115,3464.353,6.0,measure,3,1150.0,0.0,no_signal
15,r15_20260912_233049.jsonl,116,3699.353,235.0,measure,3,575.0,-995.929,no_signal
15,r15_20260912_233049.jsonl,117,3705.353,6.0,measure,4,575.0,-995.929,no_signal
15,r15_20260912_233049.jsonl,118,3711.353,6.0,measure,5,575.0,-995.929,no_signal
15,r15_20260912_233049.jsonl,119,3717.353,6.0,measure,6,575.0,-995.929,no_signal
15,r15_20260912_233049.jsonl,120,3723.353,6.0,measure,9,575.0,-995.929,no_signal
15,r15_20260912_233049.jsonl,121,3729.353,6.0,measure,10,575.0,-995.929,no_signal
15,r15_20260912_233049.jsonl,122,3735.353,6.0,measure,11,575.0,-995.929,no_signal
15,r15_20260912_233049.jsonl,123,3741.353,6.0,measure,12,575.0,-995.929,no_signal
15,r15_20260912_233049.jsonl,124,3747.353,6.0,measure,15,575.0,-995.929,no_signal
15,r15_20260912_233049.jsonl,125,3982.353,235.0,measure,15,-575.0,-995.929,no_signal
15,r15_20260912_233049.jsonl,126,3988.353,6.0,measure,12,-575.0,-995.929,no_signal
15,r15_20260912_233049.jsonl,127,3994.353,6.0,measure,11,-575.0,-995.929,no_signal
15,r15_20260912_233049.jsonl,128,4000.353,6.0,measure,10,-575.0,-995.929,no_signal
15,r15_20260912_233049.jsonl,129,4006.353,6.0,measure,9,-575.0,-995.929,no_signal
15,r15_20260912_233049.jsonl,130,4012.353,6.0,measure,6,-575.0,-995.929,no_signal
15,r15_20260912_233049.jsonl,131,4018.353,6.0,measure,5,-575.0,-995.929,no_signal
15,r15_20260912_233049.jsonl,132,4024.353,6.0,measure,4,-575.0,-995.929,no_signal
15,r15_20260912_233049.jsonl,133,4030.353,6.0,measure,3,-575.0,-995.929,no_signal
15,r15_20260912_233049.jsonl,134,4030.353,0.0,exit,,,,
16,r16_20260912_233100.jsonl,0,0.0,0.0,enter,,,,
16,r16_20260912_233100.jsonl,1,5.0,5.0,measure,1,0.0,0.0,no_signal
16,r16_20260912_233100.jsonl,2,11.0,6.0,measure,2,0.0,0.0,no_signal
16,r16_20260912_233100.jsonl,3,17.0,6.0,measure,3,0.0,0.0,no_signal
16,r16_20260912_233100.jsonl,4,23.0,6.0,measure,4,0.0,0.0,no_signal
16,r16_20260912_233100.jsonl,5,29.0,6.0,measure,5,0.0,0.0,no_signal
16,r16_20260912_233100.jsonl,6,35.0,6.0,measure,6,0.0,0.0,direction
16,r16_20260912_233100.jsonl,7,41.0,6.0,measure,7,0.0,0.0,no_signal
16,r16_20260912_233100.jsonl,8,47.0,6.0,measure,8,0.0,0.0,no_signal
16,r16_20260912_233100.jsonl,9,53.0,6.0,measure,9,0.0,0.0,no_signal
16,r16_20260912_233100.jsonl,10,59.0,6.0,measure,10,0.0,0.0,no_signal
16,r16_20260912_233100.jsonl,11,65.0,6.0,measure,11,0.0,0.0,no_signal
16,r16_20260912_233100.jsonl,12,71.0,6.0,measure,12,0.0,0.0,direction
16,r16_20260912_233100.jsonl,13,77.0,6.0,measure,13,0.0,0.0,direction
16,r16_20260912_233100.jsonl,14,83.0,6.0,measure,14,0.0,0.0,no_signal
16,r16_20260912_233100.jsonl,15,89.0,6.0,measure,15,0.0,0.0,no_signal
16,r16_20260912_233100.jsonl,16,95.0,6.0,measure,16,0.0,0.0,no_signal
16,r16_20260912_233100.jsonl,17,101.0,6.0,measure,17,0.0,0.0,direction
16,r16_20260912_233100.jsonl,18,107.0,6.0,measure,18,0.0,0.0,no_signal
16,r16_20260912_233100.jsonl,19,113.0,6.0,measure,19,0.0,0.0,no_signal
16,r16_20260912_233100.jsonl,20,119.0,6.0,measure,20,0.0,0.0,direction
16,r16_20260912_233100.jsonl,21,194.0,75.0,measure,20,-299.82,180.577,direction
16,r16_20260912_233100.jsonl,22,200.0,6.0,measure,6,-299.82,180.577,direction
16,r16_20260912_233100.jsonl,23,206.0,6.0,measure,12,-299.82,180.577,no_signal
16,r16_20260912_233100.jsonl,24,212.0,6.0,measure,13,-299.82,180.577,direction
16,r16_20260912_233100.jsonl,25,218.0,6.0,measure,17,-299.82,180.577,direction
16,r16_20260912_233100.jsonl,26,281.877,63.877,measure,20,-422.806,442.529,direction
16,r16_20260912_233100.jsonl,27,287.877,6.0,measure,12,-422.806,442.529,no_signal
16,r16_20260912_233100.jsonl,28,330.994,43.116,measure,20,-573.733,550.519,direction
16,r16_20260912_233100.jsonl,29,359.994,29.0,measure,20,-635.767,653.241,direction
16,r16_20260912_233100.jsonl,30,388.994,29.0,measure,20,-725.794,732.583,direction
16,r16_20260912_233100.jsonl,31,395.656,6.662,clear,20,-721.813,739.879,success
16,r16_20260912_233100.jsonl,32,437.672,42.016,measure,13,-757.12,563.294,direction
16,r16_20260912_233100.jsonl,33,443.672,6.0,measure,12,-757.12,563.294,no_signal
16,r16_20260912_233100.jsonl,34,520.045,76.373,clear,13,-977.458,282.573,success
16,r16_20260912_233100.jsonl,35,550.045,30.0,measure,17,-929.16,172.722,direction
16,r16_20260912_233100.jsonl,36,556.045,6.0,measure,12,-929.16,172.722,no_signal
16,r16_20260912_233100.jsonl,37,586.045,30.0,measure,17,-1048.268,187.325,direction
16,r16_20260912_233100.jsonl,38,592.045,6.0,measure,12,-1048.268,187.325,no_signal
16,r16_20260912_233100.jsonl,39,602.092,10.047,clear,17,-1037.431,164.534,success
16,r16_20260912_233100.jsonl,40,658.894,56.802,measure,6,-945.818,-72.38,direction
16,r16_20260912_233100.jsonl,41,664.894,6.0,measure,12,-945.818,-72.38,direction
16,r16_20260912_233100.jsonl,42,760.091,95.197,clear,6,-914.401,-522.269,success
16,r16_20260912_233100.jsonl,43,835.091,75.0,measure,12,-625.067,-719.21,direction
16,r16_20260912_233100.jsonl,44,889.142,54.051,measure,12,-537.901,-948.45,direction
16,r16_20260912_233100.jsonl,45,987.346,98.204,clear,12,-240.029,-1306.848,success
16,r16_20260912_233100.jsonl,46,1084.752,97.406,measure,11,-575.0,-995.929,no_signal
16,r16_20260912_233100.jsonl,47,1090.752,6.0,measure,10,-575.0,-995.929,no_signal
16,r16_20260912_233100.jsonl,48,1096.752,6.0,measure,14,-575.0,-995.929,no_signal
16,r16_20260912_233100.jsonl,49,1102.752,6.0,measure,9,-575.0,-995.929,no_signal
16,r16_20260912_233100.jsonl,50,1108.752,6.0,measure,15,-575.0,-995.929,no_signal
16,r16_20260912_233100.jsonl,51,1114.752,6.0,measure,8,-575.0,-995.929,no_signal
16,r16_20260912_233100.jsonl,52,1120.752,6.0,measure,16,-575.0,-995.929,no_signal
16,r16_20260912_233100.jsonl,53,1126.752,6.0,measure,7,-575.0,-995.929,no_signal
16,r16_20260912_233100.jsonl,54,1132.752,6.0,measure,18,-575.0,-995.929,no_signal
16,r16_20260912_233100.jsonl,55,1138.752,6.0,measure,5,-575.0,-995.929,no_signal
16,r16_20260912_233100.jsonl,56,1144.752,6.0,measure,19,-575.0,-995.929,no_signal
16,r16_20260912_233100.jsonl,57,1150.752,6.0,measure,4,-575.0,-995.929,direction
16,r16_20260912_233100.jsonl,58,1156.752,6.0,measure,3,-575.0,-995.929,no_signal
16,r16_20260912_233100.jsonl,59,1162.752,6.0,measure,2,-575.0,-995.929,direction
16,r16_20260912_233100.jsonl,60,1168.752,6.0,measure,1,-575.0,-995.929,no_signal
16,r16_20260912_233100.jsonl,61,1174.752,6.0,measure,2,-575.0,-995.929,direction
16,r16_20260912_233100.jsonl,62,1180.752,6.0,measure,4,-575.0,-995.929,direction
16,r16_20260912_233100.jsonl,63,1255.752,75.0,measure,4,-266.198,-1160.675,direction
16,r16_20260912_233100.jsonl,64,1307.063,51.31,measure,4,-162.7,-1367.808,direction
16,r16_20260912_233100.jsonl,65,1342.976,35.914,measure,4,-35.452,-1455.556,direction
16,r16_20260912_233100.jsonl,66,1371.976,29.0,measure,4,28.705,-1556.965,direction
16,r16_20260912_233100.jsonl,67,1400.976,29.0,measure,4,120.771,-1633.932,direction
16,r16_20260912_233100.jsonl,68,1429.976,29.0,measure,4,178.901,-1738.913,direction
16,r16_20260912_233100.jsonl,69,1445.056,15.079,measure,4,214.981,-1774.099,direction
16,r16_20260912_233100.jsonl,70,1460.077,15.022,clear,4,191.177,-1730.006,success
16,r16_20260912_233100.jsonl,71,1536.078,76.0,measure,2,-117.539,-1565.098,no_signal
16,r16_20260912_233100.jsonl,72,1611.077,75.0,measure,2,-302.441,-1267.926,no_signal
16,r16_20260912_233100.jsonl,73,1686.078,75.0,measure,2,-611.157,-1103.018,direction
16,r16_20260912_233100.jsonl,74,1750.855,64.778,measure,2,-771.618,-850.854,direction
16,r16_20260912_233100.jsonl,75,1794.16,43.305,measure,2,-916.798,-725.935,direction
16,r16_20260912_233100.jsonl,76,1824.202,30.041,measure,2,-991.49,-625.447,direction
16,r16_20260912_233100.jsonl,77,1894.279,70.078,measure,2,-1061.535,-307.688,direction
16,r16_20260912_233100.jsonl,78,1934.149,39.87,clear,2,-1187.279,-428.463,success
16,r16_20260912_233100.jsonl,79,2026.166,92.016,measure,1,-1150.0,0.0,no_signal
16,r16_20260912_233100.jsonl,80,2032.166,6.0,measure,3,-1150.0,0.0,no_signal
16,r16_20260912_233100.jsonl,81,2038.166,6.0,measure,5,-1150.0,0.0,no_signal
16,r16_20260912_233100.jsonl,82,2044.166,6.0,measure,7,-1150.0,0.0,no_signal
16,r16_20260912_233100.jsonl,83,2050.166,6.0,measure,8,-1150.0,0.0,no_signal
16,r16_20260912_233100.jsonl,84,2056.166,6.0,measure,9,-1150.0,0.0,no_signal
16,r16_20260912_233100.jsonl,85,2062.166,6.0,measure,10,-1150.0,0.0,no_signal
16,r16_20260912_233100.jsonl,86,2068.166,6.0,measure,11,-1150.0,0.0,no_signal
16,r16_20260912_233100.jsonl,87,2074.166,6.0,measure,14,-1150.0,0.0,no_signal
16,r16_20260912_233100.jsonl,88,2080.166,6.0,measure,15,-1150.0,0.0,no_signal
16,r16_20260912_233100.jsonl,89,2086.166,6.0,measure,16,-1150.0,0.0,no_signal
16,r16_20260912_233100.jsonl,90,2092.166,6.0,measure,18,-1150.0,0.0,no_signal
16,r16_20260912_233100.jsonl,91,2098.166,6.0,measure,19,-1150.0,0.0,no_signal
16,r16_20260912_233100.jsonl,92,2333.166,235.0,measure,19,-575.0,995.929,no_signal
16,r16_20260912_233100.jsonl,93,2339.166,6.0,measure,18,-575.0,995.929,no_signal
16,r16_20260912_233100.jsonl,94,2345.166,6.0,measure,16,-575.0,995.929,no_signal
16,r16_20260912_233100.jsonl,95,2351.166,6.0,measure,15,-575.0,995.929,no_signal
16,r16_20260912_233100.jsonl,96,2357.166,6.0,measure,14,-575.0,995.929,no_signal
16,r16_20260912_233100.jsonl,97,2363.166,6.0,measure,11,-575.0,995.929,no_signal
16,r16_20260912_233100.jsonl,98,2369.166,6.0,measure,10,-575.0,995.929,no_signal
16,r16_20260912_233100.jsonl,99,2375.166,6.0,measure,9,-575.0,995.929,no_signal
16,r16_20260912_233100.jsonl,100,2381.166,6.0,measure,8,-575.0,995.929,no_signal
16,r16_20260912_233100.jsonl,101,2387.166,6.0,measure,7,-575.0,995.929,no_signal
16,r16_20260912_233100.jsonl,102,2393.166,6.0,measure,5,-575.0,995.929,no_signal
16,r16_20260912_233100.jsonl,103,2399.166,6.0,measure,3,-575.0,995.929,no_signal
16,r16_20260912_233100.jsonl,104,2405.166,6.0,measure,1,-575.0,995.929,no_signal
16,r16_20260912_233100.jsonl,105,2640.166,235.0,measure,1,575.0,995.929,no_signal
16,r16_20260912_233100.jsonl,106,2646.166,6.0,measure,3,575.0,995.929,no_signal
16,r16_20260912_233100.jsonl,107,2652.166,6.0,measure,5,575.0,995.929,no_signal
16,r16_20260912_233100.jsonl,108,2658.166,6.0,measure,7,575.0,995.929,no_signal
16,r16_20260912_233100.jsonl,109,2664.166,6.0,measure,8,575.0,995.929,no_signal
16,r16_20260912_233100.jsonl,110,2670.166,6.0,measure,9,575.0,995.929,no_signal
16,r16_20260912_233100.jsonl,111,2676.166,6.0,measure,10,575.0,995.929,direction
16,r16_20260912_233100.jsonl,112,2682.166,6.0,measure,11,575.0,995.929,no_signal
16,r16_20260912_233100.jsonl,113,2688.166,6.0,measure,14,575.0,995.929,no_signal
16,r16_20260912_233100.jsonl,114,2694.166,6.0,measure,15,575.0,995.929,no_signal
16,r16_20260912_233100.jsonl,115,2700.166,6.0,measure,16,575.0,995.929,no_signal
16,r16_20260912_233100.jsonl,116,2706.166,6.0,measure,18,575.0,995.929,no_signal
16,r16_20260912_233100.jsonl,117,2712.166,6.0,measure,19,575.0,995.929,direction
16,r16_20260912_233100.jsonl,118,2718.166,6.0,measure,10,575.0,995.929,direction
16,r16_20260912_233100.jsonl,119,2724.166,6.0,measure,19,575.0,995.929,direction
16,r16_20260912_233100.jsonl,120,2799.166,75.0,measure,19,671.767,1332.286,direction
16,r16_20260912_233100.jsonl,121,2845.99,46.824,clear,19,846.88,1446.599,success
16,r16_20260912_233100.jsonl,122,2921.99,76.0,measure,10,1195.673,1475.643,direction
16,r16_20260912_233100.jsonl,123,3044.09,122.1,clear,10,1149.32,891.979,success
16,r16_20260912_233100.jsonl,124,3228.486,184.396,measure,9,1150.0,0.0,no_signal
16,r16_20260912_233100.jsonl,125,3234.486,6.0,measure,11,1150.0,0.0,no_signal
16,r16_20260912_233100.jsonl,126,3240.486,6.0,measure,8,1150.0,0.0,no_signal
16,r16_20260912_233100.jsonl,127,3246.486,6.0,measure,7,1150.0,0.0,no_signal
16,r16_20260912_233100.jsonl,128,3252.486,6.0,measure,14,1150.0,0.0,no_signal
16,r16_20260912_233100.jsonl,129,3258.486,6.0,measure,5,1150.0,0.0,direction
16,r16_20260912_233100.jsonl,130,3264.486,6.0,measure,15,1150.0,0.0,no_signal
16,r16_20260912_233100.jsonl,131,3270.486,6.0,measure,16,1150.0,0.0,no_signal
16,r16_20260912_233100.jsonl,132,3276.486,6.0,measure,3,1150.0,0.0,no_signal
16,r16_20260912_233100.jsonl,133,3282.486,6.0,measure,18,1150.0,0.0,no_signal
16,r16_20260912_233100.jsonl,134,3288.486,6.0,measure,1,1150.0,0.0,no_signal
16,r16_20260912_233100.jsonl,135,3294.486,6.0,measure,5,1150.0,0.0,direction
16,r16_20260912_233100.jsonl,136,3369.486,75.0,measure,5,1221.275,-342.666,direction
16,r16_20260912_233100.jsonl,137,3443.918,74.432,measure,5,1096.921,-666.789,direction
16,r16_20260912_233100.jsonl,138,3495.192,51.274,measure,5,1129.302,-895.883,direction
16,r16_20260912_233100.jsonl,139,3529.305,34.112,measure,5,1091.691,-1036.501,direction
16,r16_20260912_233100.jsonl,140,3558.305,29.0,measure,5,1095.008,-1156.455,direction
16,r16_20260912_233100.jsonl,141,3587.305,29.0,measure,5,1068.664,-1273.528,direction
16,r16_20260912_233100.jsonl,142,3602.463,15.158,measure,5,1035.451,-1311.953,direction
16,r16_20260912_233100.jsonl,143,3617.474,15.012,clear,5,1076.42,-1283.187,success
16,r16_20260912_233100.jsonl,144,3739.049,121.575,measure,3,575.0,-995.929,no_signal
16,r16_20260912_233100.jsonl,145,3745.049,6.0,measure,7,575.0,-995.929,no_signal
16,r16_20260912_233100.jsonl,146,3751.049,6.0,measure,8,575.0,-995.929,no_signal
16,r16_20260912_233100.jsonl,147,3757.049,6.0,measure,1,575.0,-995.929,no_signal
16,r16_20260912_233100.jsonl,148,3763.049,6.0,measure,9,575.0,-995.929,no_signal
16,r16_20260912_233100.jsonl,149,3769.049,6.0,measure,11,575.0,-995.929,no_signal
16,r16_20260912_233100.jsonl,150,3775.049,6.0,measure,14,575.0,-995.929,no_signal
16,r16_20260912_233100.jsonl,151,3781.049,6.0,measure,15,575.0,-995.929,no_signal
16,r16_20260912_233100.jsonl,152,3787.049,6.0,measure,16,575.0,-995.929,no_signal
16,r16_20260912_233100.jsonl,153,3793.049,6.0,measure,18,575.0,-995.929,no_signal
16,r16_20260912_233100.jsonl,154,3793.049,0.0,exit,,,,
17,r17_20260912_233114.jsonl,0,0.0,0.0,enter,,,,
17,r17_20260912_233114.jsonl,1,5.0,5.0,measure,1,0.0,0.0,no_signal
17,r17_20260912_233114.jsonl,2,11.0,6.0,measure,2,0.0,0.0,no_signal
17,r17_20260912_233114.jsonl,3,17.0,6.0,measure,3,0.0,0.0,direction
17,r17_20260912_233114.jsonl,4,23.0,6.0,measure,4,0.0,0.0,direction
17,r17_20260912_233114.jsonl,5,29.0,6.0,measure,5,0.0,0.0,no_signal
17,r17_20260912_233114.jsonl,6,35.0,6.0,measure,6,0.0,0.0,no_signal
17,r17_20260912_233114.jsonl,7,41.0,6.0,measure,7,0.0,0.0,direction
17,r17_20260912_233114.jsonl,8,47.0,6.0,measure,8,0.0,0.0,direction
17,r17_20260912_233114.jsonl,9,53.0,6.0,measure,9,0.0,0.0,no_signal
17,r17_20260912_233114.jsonl,10,59.0,6.0,measure,10,0.0,0.0,no_signal
17,r17_20260912_233114.jsonl,11,65.0,6.0,measure,11,0.0,0.0,no_signal
17,r17_20260912_233114.jsonl,12,71.0,6.0,measure,12,0.0,0.0,direction
17,r17_20260912_233114.jsonl,13,77.0,6.0,measure,13,0.0,0.0,direction
17,r17_20260912_233114.jsonl,14,83.0,6.0,measure,14,0.0,0.0,no_signal
17,r17_20260912_233114.jsonl,15,89.0,6.0,measure,15,0.0,0.0,direction
17,r17_20260912_233114.jsonl,16,95.0,6.0,measure,16,0.0,0.0,no_signal
17,r17_20260912_233114.jsonl,17,101.0,6.0,measure,17,0.0,0.0,no_signal
17,r17_20260912_233114.jsonl,18,107.0,6.0,measure,18,0.0,0.0,direction
17,r17_20260912_233114.jsonl,19,113.0,6.0,measure,19,0.0,0.0,no_signal
17,r17_20260912_233114.jsonl,20,119.0,6.0,measure,20,0.0,0.0,no_signal
17,r17_20260912_233114.jsonl,21,195.0,76.0,measure,12,-83.783,339.824,direction
17,r17_20260912_233114.jsonl,22,201.0,6.0,measure,3,-83.783,339.824,direction
17,r17_20260912_233114.jsonl,23,207.0,6.0,measure,4,-83.783,339.824,direction
17,r17_20260912_233114.jsonl,24,213.0,6.0,measure,7,-83.783,339.824,direction
17,r17_20260912_233114.jsonl,25,219.0,6.0,measure,8,-83.783,339.824,direction
17,r17_20260912_233114.jsonl,26,225.0,6.0,measure,13,-83.783,339.824,no_signal
17,r17_20260912_233114.jsonl,27,231.0,6.0,measure,15,-83.783,339.824,no_signal
17,r17_20260912_233114.jsonl,28,237.0,6.0,measure,18,-83.783,339.824,direction
17,r17_20260912_233114.jsonl,29,313.0,76.0,measure,12,26.52,671.988,direction
17,r17_20260912_233114.jsonl,30,319.0,6.0,measure,13,26.52,671.988,no_signal
17,r17_20260912_233114.jsonl,31,325.0,6.0,measure,15,26.52,671.988,no_signal
17,r17_20260912_233114.jsonl,32,375.681,50.681,measure,12,-15.014,891.498,direction
17,r17_20260912_233114.jsonl,33,411.08,35.399,measure,12,16.213,1040.249,direction
17,r17_20260912_233114.jsonl,34,440.08,29.0,measure,12,6.111,1159.823,direction
17,r17_20260912_233114.jsonl,35,469.079,29.0,measure,12,24.431,1278.416,direction
17,r17_20260912_233114.jsonl,36,487.085,18.006,measure,12,62.697,1330.994,direction
17,r17_20260912_233114.jsonl,37,502.234,15.149,clear,12,12.123,1326.826,success
17,r17_20260912_233114.jsonl,38,578.234,76.0,measure,7,141.435,1001.59,no_signal
17,r17_20260912_233114.jsonl,39,584.234,6.0,measure,13,141.435,1001.59,no_signal
17,r17_20260912_233114.jsonl,40,590.234,6.0,measure,15,141.435,1001.59,no_signal
17,r17_20260912_233114.jsonl,41,666.234,76.0,measure,7,80.76,656.889,direction
17,r17_20260912_233114.jsonl,42,672.234,6.0,measure,13,80.76,656.889,no_signal
17,r17_20260912_233114.jsonl,43,678.234,6.0,measure,15,80.76,656.889,no_signal
17,r17_20260912_233114.jsonl,44,859.999,181.765,clear,7,177.26,-221.651,success
17,r17_20260912_233114.jsonl,45,1039.104,179.105,clear,3,-446.636,385.449,success
17,r17_20260912_233114.jsonl,46,1078.589,39.485,measure,18,-332.34,507.789,direction
17,r17_20260912_233114.jsonl,47,1084.589,6.0,measure,13,-332.34,507.789,no_signal
17,r17_20260912_233114.jsonl,48,1090.589,6.0,measure,15,-332.34,507.789,no_signal
17,r17_20260912_233114.jsonl,49,1156.079,65.49,clear,18,-44.385,600.292,success
17,r17_20260912_233114.jsonl,50,1232.079,76.0,measure,4,302.753,555.621,direction
17,r17_20260912_233114.jsonl,51,1238.079,6.0,measure,13,302.753,555.621,no_signal
17,r17_20260912_233114.jsonl,52,1244.079,6.0,measure,15,302.753,555.621,no_signal
17,r17_20260912_233114.jsonl,53,1312.417,68.338,measure,4,538.33,351.528,direction
17,r17_20260912_233114.jsonl,54,1318.417,6.0,measure,13,538.33,351.528,no_signal
17,r17_20260912_233114.jsonl,55,1324.417,6.0,measure,15,538.33,351.528,direction
17,r17_20260912_233114.jsonl,56,1371.905,47.489,measure,4,741.466,309.478,direction
17,r17_20260912_233114.jsonl,57,1404.461,32.555,measure,4,855.385,231.987,direction
17,r17_20260912_233114.jsonl,58,1433.461,29.0,measure,4,969.804,195.817,direction
17,r17_20260912_233114.jsonl,59,1462.461,29.0,measure,4,1072.248,133.325,direction
17,r17_20260912_233114.jsonl,60,1479.655,17.194,measure,4,1104.799,81.771,direction
17,r17_20260912_233114.jsonl,61,1494.693,15.038,clear,4,1111.103,131.564,success
17,r17_20260912_233114.jsonl,62,1570.693,76.0,measure,15,1144.218,-216.866,direction
17,r17_20260912_233114.jsonl,63,1576.693,6.0,measure,13,1144.218,-216.866,no_signal
17,r17_20260912_233114.jsonl,64,1744.158,167.465,clear,15,933.775,-1001.459,success
17,r17_20260912_233114.jsonl,65,1820.158,76.0,measure,8,589.401,-1063.96,direction
17,r17_20260912_233114.jsonl,66,1826.158,6.0,measure,13,589.401,-1063.96,direction
17,r17_20260912_233114.jsonl,67,1997.068,170.91,clear,8,-194.126,-791.498,success
17,r17_20260912_233114.jsonl,68,2076.379,79.311,clear,13,-341.349,-1132.642,success
17,r17_20260912_233114.jsonl,69,2136.52,60.142,measure,14,-575.0,-995.929,direction
17,r17_20260912_233114.jsonl,70,2142.52,6.0,measure,11,-575.0,-995.929,no_signal
17,r17_20260912_233114.jsonl,71,2148.52,6.0,measure,10,-575.0,-995.929,no_signal
17,r17_20260912_233114.jsonl,72,2154.52,6.0,measure,16,-575.0,-995.929,no_signal
17,r17_20260912_233114.jsonl,73,2160.52,6.0,measure,9,-575.0,-995.929,no_signal
17,r17_20260912_233114.jsonl,74,2166.52,6.0,measure,17,-575.0,-995.929,no_signal
17,r17_20260912_233114.jsonl,75,2172.52,6.0,measure,19,-575.0,-995.929,direction
17,r17_20260912_233114.jsonl,76,2178.52,6.0,measure,6,-575.0,-995.929,no_signal
17,r17_20260912_233114.jsonl,77,2184.52,6.0,measure,20,-575.0,-995.929,no_signal
17,r17_20260912_233114.jsonl,78,2190.52,6.0,measure,5,-575.0,-995.929,no_signal
17,r17_20260912_233114.jsonl,79,2196.52,6.0,measure,2,-575.0,-995.929,direction
17,r17_20260912_233114.jsonl,80,2202.52,6.0,measure,1,-575.0,-995.929,no_signal
17,r17_20260912_233114.jsonl,81,2208.52,6.0,measure,2,-575.0,-995.929,direction
17,r17_20260912_233114.jsonl,82,2214.52,6.0,measure,14,-575.0,-995.929,direction
17,r17_20260912_233114.jsonl,83,2220.52,6.0,measure,19,-575.0,-995.929,direction
17,r17_20260912_233114.jsonl,84,2296.521,76.0,measure,2,-910.639,-1095.159,direction
17,r17_20260912_233114.jsonl,85,2325.521,29.0,measure,2,-1017.321,-1040.214,direction
17,r17_20260912_233114.jsonl,86,2354.52,29.0,measure,2,-1137.205,-1045.483,direction
17,r17_20260912_233114.jsonl,87,2385.491,30.971,clear,2,-1261.888,-1009.208,success
17,r17_20260912_233114.jsonl,88,2461.491,76.0,measure,19,-1575.685,-854.188,direction
17,r17_20260912_233114.jsonl,89,2577.886,116.395,clear,19,-1164.538,-478.452,success
17,r17_20260912_233114.jsonl,90,2653.886,76.0,measure,14,-860.366,-651.597,no_signal
17,r17_20260912_233114.jsonl,91,2728.885,75.0,measure,14,-683.518,-953.631,direction
17,r17_20260912_233114.jsonl,92,2792.89,64.005,measure,14,-431.995,-1107.825,direction
17,r17_20260912_233114.jsonl,93,2832.423,39.532,measure,14,-332.415,-1248.877,direction
17,r17_20260912_233114.jsonl,94,2861.423,29.0,measure,14,-238.123,-1323.1,direction
17,r17_20260912_233114.jsonl,95,2890.423,29.0,measure,14,-162.983,-1416.663,direction
17,r17_20260912_233114.jsonl,96,2914.701,24.278,measure,14,-129.865,-1507.186,direction
17,r17_20260912_233114.jsonl,97,2929.908,15.207,clear,14,-103.969,-1463.21,success
17,r17_20260912_233114.jsonl,98,3100.753,170.845,measure,16,575.0,-995.929,no_signal
17,r17_20260912_233114.jsonl,99,3106.753,6.0,measure,11,575.0,-995.929,no_signal
17,r17_20260912_233114.jsonl,100,3112.753,6.0,measure,17,575.0,-995.929,no_signal
17,r17_20260912_233114.jsonl,101,3118.753,6.0,measure,10,575.0,-995.929,no_signal
17,r17_20260912_233114.jsonl,102,3124.753,6.0,measure,9,575.0,-995.929,no_signal
17,r17_20260912_233114.jsonl,103,3130.753,6.0,measure,20,575.0,-995.929,no_signal
17,r17_20260912_233114.jsonl,104,3136.753,6.0,measure,6,575.0,-995.929,no_signal
17,r17_20260912_233114.jsonl,105,3142.753,6.0,measure,5,575.0,-995.929,no_signal
17,r17_20260912_233114.jsonl,106,3148.753,6.0,measure,1,575.0,-995.929,no_signal
17,r17_20260912_233114.jsonl,107,3383.753,235.0,measure,1,1150.0,0.0,no_signal
17,r17_20260912_233114.jsonl,108,3389.753,6.0,measure,5,1150.0,0.0,no_signal
17,r17_20260912_233114.jsonl,109,3395.753,6.0,measure,6,1150.0,0.0,no_signal
17,r17_20260912_233114.jsonl,110,3401.753,6.0,measure,9,1150.0,0.0,no_signal
17,r17_20260912_233114.jsonl,111,3407.753,6.0,measure,10,1150.0,0.0,direction
17,r17_20260912_233114.jsonl,112,3413.753,6.0,measure,11,1150.0,0.0,no_signal
17,r17_20260912_233114.jsonl,113,3419.753,6.0,measure,16,1150.0,0.0,direction
17,r17_20260912_233114.jsonl,114,3425.753,6.0,measure,17,1150.0,0.0,no_signal
17,r17_20260912_233114.jsonl,115,3431.753,6.0,measure,20,1150.0,0.0,no_signal
17,r17_20260912_233114.jsonl,116,3437.753,6.0,measure,10,1150.0,0.0,direction
17,r17_20260912_233114.jsonl,117,3443.753,6.0,measure,16,1150.0,0.0,direction
17,r17_20260912_233114.jsonl,118,3519.753,76.0,measure,10,1495.964,53.002,direction
17,r17_20260912_233114.jsonl,119,3548.753,29.0,measure,10,1588.612,-23.263,direction
17,r17_20260912_233114.jsonl,120,3584.674,35.921,clear,10,1736.397,-68.67,success
17,r17_20260912_233114.jsonl,121,3660.674,76.0,measure,16,1761.116,280.456,direction
17,r17_20260912_233114.jsonl,122,3764.914,104.24,clear,16,1269.019,344.135,success
17,r17_20260912_233114.jsonl,123,3961.334,196.42,measure,17,575.0,995.929,no_signal
17,r17_20260912_233114.jsonl,124,3967.334,6.0,measure,20,575.0,995.929,no_signal
17,r17_20260912_233114.jsonl,125,3973.334,6.0,measure,11,575.0,995.929,no_signal
17,r17_20260912_233114.jsonl,126,3979.334,6.0,measure,9,575.0,995.929,no_signal
17,r17_20260912_233114.jsonl,127,3985.334,6.0,measure,6,575.0,995.929,no_signal
17,r17_20260912_233114.jsonl,128,3991.334,6.0,measure,5,575.0,995.929,no_signal
17,r17_20260912_233114.jsonl,129,3997.334,6.0,measure,1,575.0,995.929,no_signal
17,r17_20260912_233114.jsonl,130,4232.334,235.0,measure,1,-575.0,995.929,no_signal
17,r17_20260912_233114.jsonl,131,4238.334,6.0,measure,5,-575.0,995.929,direction
17,r17_20260912_233114.jsonl,132,4244.334,6.0,measure,6,-575.0,995.929,no_signal
17,r17_20260912_233114.jsonl,133,4250.334,6.0,measure,9,-575.0,995.929,no_signal
17,r17_20260912_233114.jsonl,134,4256.334,6.0,measure,11,-575.0,995.929,no_signal
17,r17_20260912_233114.jsonl,135,4262.334,6.0,measure,17,-575.0,995.929,no_signal
17,r17_20260912_233114.jsonl,136,4268.334,6.0,measure,20,-575.0,995.929,no_signal
17,r17_20260912_233114.jsonl,137,4274.334,6.0,measure,5,-575.0,995.929,direction
17,r17_20260912_233114.jsonl,138,4349.334,75.0,measure,5,-496.089,1336.917,direction
17,r17_20260912_233114.jsonl,139,4372.536,23.201,clear,5,-420.45,1286.31,success
17,r17_20260912_233114.jsonl,140,4674.295,301.759,measure,6,-1150.0,0.0,direction
17,r17_20260912_233114.jsonl,141,4680.295,6.0,measure,1,-1150.0,0.0,no_signal
17,r17_20260912_233114.jsonl,142,4686.295,6.0,measure,9,-1150.0,0.0,no_signal
17,r17_20260912_233114.jsonl,143,4692.295,6.0,measure,11,-1150.0,0.0,no_signal
17,r17_20260912_233114.jsonl,144,4698.295,6.0,measure,17,-1150.0,0.0,direction
17,r17_20260912_233114.jsonl,145,4704.295,6.0,measure,20,-1150.0,0.0,no_signal
17,r17_20260912_233114.jsonl,146,4710.295,6.0,measure,6,-1150.0,0.0,direction
17,r17_20260912_233114.jsonl,147,4716.295,6.0,measure,17,-1150.0,0.0,direction
17,r17_20260912_233114.jsonl,148,4792.295,76.0,measure,6,-1499.99,-2.688,direction
17,r17_20260912_233114.jsonl,149,4848.988,56.693,clear,6,-1242.885,23.813,success
17,r17_20260912_233114.jsonl,150,4924.988,76.0,measure,17,-1417.885,-279.296,direction
17,r17_20260912_233114.jsonl,151,4953.988,29.0,measure,17,-1320.289,-209.475,direction
17,r17_20260912_233114.jsonl,152,4982.41,28.422,clear,17,-1260.459,-108.801,success
17,r17_20260912_233114.jsonl,153,4982.41,0.0,exit,,,,
18,r18_20260912_233127.jsonl,0,0.0,0.0,enter,,,,
18,r18_20260912_233127.jsonl,1,5.0,5.0,measure,1,0.0,0.0,no_signal
18,r18_20260912_233127.jsonl,2,11.0,6.0,measure,2,0.0,0.0,no_signal
18,r18_20260912_233127.jsonl,3,17.0,6.0,measure,3,0.0,0.0,direction
18,r18_20260912_233127.jsonl,4,23.0,6.0,measure,4,0.0,0.0,direction
18,r18_20260912_233127.jsonl,5,29.0,6.0,measure,5,0.0,0.0,direction
18,r18_20260912_233127.jsonl,6,35.0,6.0,measure,6,0.0,0.0,no_signal
18,r18_20260912_233127.jsonl,7,41.0,6.0,measure,7,0.0,0.0,no_signal
18,r18_20260912_233127.jsonl,8,47.0,6.0,measure,8,0.0,0.0,no_signal
18,r18_20260912_233127.jsonl,9,53.0,6.0,measure,9,0.0,0.0,no_signal
18,r18_20260912_233127.jsonl,10,59.0,6.0,measure,10,0.0,0.0,no_signal
18,r18_20260912_233127.jsonl,11,65.0,6.0,measure,11,0.0,0.0,no_signal
18,r18_20260912_233127.jsonl,12,71.0,6.0,measure,12,0.0,0.0,no_signal
18,r18_20260912_233127.jsonl,13,77.0,6.0,measure,13,0.0,0.0,direction
18,r18_20260912_233127.jsonl,14,83.0,6.0,measure,14,0.0,0.0,no_signal
18,r18_20260912_233127.jsonl,15,89.0,6.0,measure,15,0.0,0.0,no_signal
18,r18_20260912_233127.jsonl,16,95.0,6.0,measure,16,0.0,0.0,no_signal
18,r18_20260912_233127.jsonl,17,101.0,6.0,measure,17,0.0,0.0,no_signal
18,r18_20260912_233127.jsonl,18,107.0,6.0,measure,18,0.0,0.0,no_signal
18,r18_20260912_233127.jsonl,19,113.0,6.0,measure,19,0.0,0.0,direction
18,r18_20260912_233127.jsonl,20,119.0,6.0,measure,20,0.0,0.0,direction
18,r18_20260912_233127.jsonl,21,195.0,76.0,measure,4,214.469,-276.592,direction
18,r18_20260912_233127.jsonl,22,201.0,6.0,measure,3,214.469,-276.592,direction
18,r18_20260912_233127.jsonl,23,207.0,6.0,measure,5,214.469,-276.592,direction
18,r18_20260912_233127.jsonl,24,213.0,6.0,measure,13,214.469,-276.592,direction
18,r18_20260912_233127.jsonl,25,219.0,6.0,measure,19,214.469,-276.592,direction
18,r18_20260912_233127.jsonl,26,225.0,6.0,measure,20,214.469,-276.592,direction
18,r18_20260912_233127.jsonl,27,301.0,76.0,measure,4,250.446,-624.738,direction
18,r18_20260912_233127.jsonl,28,363.732,62.732,measure,4,410.413,-865.018,direction
18,r18_20260912_233127.jsonl,29,407.714,43.983,measure,4,447.55,-1056.36,direction
18,r18_20260912_233127.jsonl,30,437.826,30.112,measure,4,505.647,-1167.671,direction
18,r18_20260912_233127.jsonl,31,466.826,29.0,measure,4,535.58,-1283.878,direction
18,r18_20260912_233127.jsonl,32,490.92,24.093,measure,4,522.652,-1378.466,direction
18,r18_20260912_233127.jsonl,33,506.3,15.38,clear,4,573.615,-1368.651,success
18,r18_20260912_233127.jsonl,34,582.3,76.0,measure,20,298.387,-1152.435,no_signal
18,r18_20260912_233127.jsonl,35,657.3,75.0,measure,20,384.445,-813.18,no_signal
18,r18_20260912_233127.jsonl,36,732.3,75.0,measure,20,314.317,-470.278,direction
18,r18_20260912_233127.jsonl,37,805.137,72.837,measure,20,369.054,-135.537,direction
18,r18_20260912_233127.jsonl,38,939.76,134.623,clear,20,352.666,512.369,success
18,r18_20260912_233127.jsonl,39,992.891,53.131,measure,5,127.54,442.718,direction
18,r18_20260912_233127.jsonl,40,1069.683,76.792,clear,5,-208.652,316.907,success
18,r18_20260912_233127.jsonl,41,1145.683,76.0,measure,13,-406.93,28.487,direction
18,r18_20260912_233127.jsonl,42,1218.169,72.486,measure,13,-720.953,-94.994,direction
18,r18_20260912_233127.jsonl,43,1268.446,50.277,measure,13,-865.813,-268.965,direction
18,r18_20260912_233127.jsonl,44,1303.382,34.936,measure,13,-998.83,-337.6,direction
18,r18_20260912_233127.jsonl,45,1332.382,29.0,measure,13,-1086.004,-420.066,direction
18,r18_20260912_233127.jsonl,46,1361.382,29.0,measure,13,-1190.278,-479.454,direction
18,r18_20260912_233127.jsonl,47,1380.839,19.457,measure,13,-1262.559,-480.233,direction
18,r18_20260912_233127.jsonl,48,1395.919,15.08,clear,13,-1224.957,-513.796,success
18,r18_20260912_233127.jsonl,49,1471.919,76.0,measure,19,-885.653,-599.663,direction
18,r18_20260912_233127.jsonl,50,1648.254,176.334,clear,19,-180.676,-1086.379,success
18,r18_20260912_233127.jsonl,51,1706.636,58.383,measure,3,30.951,-932.064,direction
18,r18_20260912_233127.jsonl,52,1842.031,135.395,clear,3,667.2,-1074.398,success
18,r18_20260912_233127.jsonl,53,1872.246,30.214,measure,2,575.0,-995.929,no_signal
18,r18_20260912_233127.jsonl,54,1878.246,6.0,measure,1,575.0,-995.929,no_signal
18,r18_20260912_233127.jsonl,55,1884.246,6.0,measure,6,575.0,-995.929,no_signal
18,r18_20260912_233127.jsonl,56,1890.246,6.0,measure,7,575.0,-995.929,no_signal
18,r18_20260912_233127.jsonl,57,1896.246,6.0,measure,8,575.0,-995.929,no_signal
18,r18_20260912_233127.jsonl,58,1902.246,6.0,measure,9,575.0,-995.929,no_signal
18,r18_20260912_233127.jsonl,59,1908.246,6.0,measure,10,575.0,-995.929,no_signal
18,r18_20260912_233127.jsonl,60,1914.246,6.0,measure,11,575.0,-995.929,direction
18,r18_20260912_233127.jsonl,61,1920.246,6.0,measure,12,575.0,-995.929,no_signal
18,r18_20260912_233127.jsonl,62,1926.246,6.0,measure,14,575.0,-995.929,no_signal
18,r18_20260912_233127.jsonl,63,1932.246,6.0,measure,15,575.0,-995.929,no_signal
18,r18_20260912_233127.jsonl,64,1938.246,6.0,measure,16,575.0,-995.929,direction
18,r18_20260912_233127.jsonl,65,1944.246,6.0,measure,17,575.0,-995.929,no_signal
18,r18_20260912_233127.jsonl,66,1950.246,6.0,measure,18,575.0,-995.929,no_signal
18,r18_20260912_233127.jsonl,67,1956.246,6.0,measure,11,575.0,-995.929,direction
18,r18_20260912_233127.jsonl,68,1962.246,6.0,measure,16,575.0,-995.929,direction
18,r18_20260912_233127.jsonl,69,2037.246,75.0,measure,16,404.356,-1301.511,direction
18,r18_20260912_233127.jsonl,70,2090.57,53.325,measure,16,186.782,-1406.597,direction
18,r18_20260912_233127.jsonl,71,2127.222,36.652,measure,16,95.878,-1536.142,direction
18,r18_20260912_233127.jsonl,72,2156.222,29.0,measure,16,-5.906,-1599.704,direction
18,r18_20260912_233127.jsonl,73,2185.222,29.0,measure,16,-83.675,-1691.093,direction
18,r18_20260912_233127.jsonl,74,2201.426,16.205,clear,16,-131.101,-1720.916,success
18,r18_20260912_233127.jsonl,75,2277.426,76.0,measure,11,-315.12,-2018.636,direction
18,r18_20260912_233127.jsonl,76,2317.409,39.982,measure,11,-194.431,-1892.033,direction
18,r18_20260912_233127.jsonl,77,2346.409,29.0,measure,11,-164.383,-1775.856,direction
18,r18_20260912_233127.jsonl,78,2375.409,29.0,measure,11,-148.949,-1656.853,direction
18,r18_20260912_233127.jsonl,79,2401.269,25.86,clear,11,-62.952,-1597.838,success
18,r18_20260912_233127.jsonl,80,2565.318,164.049,measure,10,-575.0,-995.929,no_signal
18,r18_20260912_233127.jsonl,81,2571.318,6.0,measure,12,-575.0,-995.929,no_signal
18,r18_20260912_233127.jsonl,82,2577.318,6.0,measure,9,-575.0,-995.929,no_signal
18,r18_20260912_233127.jsonl,83,2583.318,6.0,measure,8,-575.0,-995.929,direction
18,r18_20260912_233127.jsonl,84,2589.318,6.0,measure,14,-575.0,-995.929,no_signal
18,r18_20260912_233127.jsonl,85,2595.318,6.0,measure,7,-575.0,-995.929,no_signal
18,r18_20260912_233127.jsonl,86,2601.318,6.0,measure,15,-575.0,-995.929,no_signal
18,r18_20260912_233127.jsonl,87,2607.318,6.0,measure,6,-575.0,-995.929,no_signal
18,r18_20260912_233127.jsonl,88,2613.318,6.0,measure,17,-575.0,-995.929,no_signal
18,r18_20260912_233127.jsonl,89,2619.318,6.0,measure,18,-575.0,-995.929,no_signal
18,r18_20260912_233127.jsonl,90,2625.318,6.0,measure,2,-575.0,-995.929,no_signal
18,r18_20260912_233127.jsonl,91,2631.318,6.0,measure,1,-575.0,-995.929,no_signal
18,r18_20260912_233127.jsonl,92,2637.318,6.0,measure,8,-575.0,-995.929,direction
18,r18_20260912_233127.jsonl,93,2712.318,75.0,measure,8,-915.158,-913.511,direction
18,r18_20260912_233127.jsonl,94,2775.471,63.153,measure,8,-1112.045,-699.547,direction
18,r18_20260912_233127.jsonl,95,2820.514,45.043,measure,8,-1301.694,-635.364,direction
18,r18_20260912_233127.jsonl,96,2850.214,29.7,measure,8,-1393.701,-552.982,direction
18,r18_20260912_233127.jsonl,97,2879.214,29.0,measure,8,-1501.914,-501.117,direction
18,r18_20260912_233127.jsonl,98,2908.214,29.0,measure,8,-1590.901,-420.61,direction
18,r18_20260912_233127.jsonl,99,2925.771,17.557,measure,8,-1604.003,-359.209,direction
18,r18_20260912_233127.jsonl,100,2940.849,15.078,clear,8,-1628.959,-402.987,success
18,r18_20260912_233127.jsonl,101,3072.037,131.188,measure,7,-1150.0,0.0,no_signal
18,r18_20260912_233127.jsonl,102,3078.037,6.0,measure,9,-1150.0,0.0,no_signal
18,r18_20260912_233127.jsonl,103,3084.037,6.0,measure,6,-1150.0,0.0,no_signal
18,r18_20260912_233127.jsonl,104,3090.037,6.0,measure,10,-1150.0,0.0,no_signal
18,r18_20260912_233127.jsonl,105,3096.037,6.0,measure,12,-1150.0,0.0,no_signal
18,r18_20260912_233127.jsonl,106,3102.037,6.0,measure,2,-1150.0,0.0,no_signal
18,r18_20260912_233127.jsonl,107,3108.037,6.0,measure,14,-1150.0,0.0,no_signal
18,r18_20260912_233127.jsonl,108,3114.037,6.0,measure,1,-1150.0,0.0,no_signal
18,r18_20260912_233127.jsonl,109,3120.037,6.0,measure,15,-1150.0,0.0,no_signal
18,r18_20260912_233127.jsonl,110,3126.037,6.0,measure,17,-1150.0,0.0,no_signal
18,r18_20260912_233127.jsonl,111,3132.037,6.0,measure,18,-1150.0,0.0,no_signal
18,r18_20260912_233127.jsonl,112,3367.037,235.0,measure,18,-575.0,995.929,no_signal
18,r18_20260912_233127.jsonl,113,3373.037,6.0,measure,17,-575.0,995.929,no_signal
18,r18_20260912_233127.jsonl,114,3379.037,6.0,measure,15,-575.0,995.929,no_signal
18,r18_20260912_233127.jsonl,115,3385.037,6.0,measure,14,-575.0,995.929,no_signal
18,r18_20260912_233127.jsonl,116,3391.037,6.0,measure,12,-575.0,995.929,no_signal
18,r18_20260912_233127.jsonl,117,3397.037,6.0,measure,10,-575.0,995.929,no_signal
18,r18_20260912_233127.jsonl,118,3403.037,6.0,measure,9,-575.0,995.929,no_signal
18,r18_20260912_233127.jsonl,119,3409.037,6.0,measure,7,-575.0,995.929,no_signal
18,r18_20260912_233127.jsonl,120,3415.037,6.0,measure,6,-575.0,995.929,no_signal
18,r18_20260912_233127.jsonl,121,3421.037,6.0,measure,2,-575.0,995.929,no_signal
18,r18_20260912_233127.jsonl,122,3427.037,6.0,measure,1,-575.0,995.929,no_signal
18,r18_20260912_233127.jsonl,123,3662.037,235.0,measure,1,575.0,995.929,direction
18,r18_20260912_233127.jsonl,124,3668.037,6.0,measure,2,575.0,995.929,no_signal
18,r18_20260912_233127.jsonl,125,3674.037,6.0,measure,6,575.0,995.929,no_signal
18,r18_20260912_233127.jsonl,126,3680.037,6.0,measure,7,575.0,995.929,no_signal
18,r18_20260912_233127.jsonl,127,3686.037,6.0,measure,9,575.0,995.929,no_signal
18,r18_20260912_233127.jsonl,128,3692.037,6.0,measure,10,575.0,995.929,no_signal
18,r18_20260912_233127.jsonl,129,3698.037,6.0,measure,12,575.0,995.929,no_signal
18,r18_20260912_233127.jsonl,130,3704.037,6.0,measure,14,575.0,995.929,no_signal
18,r18_20260912_233127.jsonl,131,3710.037,6.0,measure,15,575.0,995.929,no_signal
18,r18_20260912_233127.jsonl,132,3716.037,6.0,measure,17,575.0,995.929,no_signal
18,r18_20260912_233127.jsonl,133,3722.037,6.0,measure,18,575.0,995.929,no_signal
18,r18_20260912_233127.jsonl,134,3728.037,6.0,measure,1,575.0,995.929,direction
18,r18_20260912_233127.jsonl,135,3803.037,75.0,measure,1,924.552,1013.637,direction
18,r18_20260912_233127.jsonl,136,3835.299,32.262,measure,1,1031.892,929.622,direction
18,r18_20260912_233127.jsonl,137,3864.299,29.0,measure,1,1150.249,909.83,direction
18,r18_20260912_233127.jsonl,138,3901.653,37.354,clear,1,1293.258,834.213,success
18,r18_20260912_233127.jsonl,139,4076.938,175.285,measure,2,1150.0,0.0,no_signal
18,r18_20260912_233127.jsonl,140,4082.938,6.0,measure,6,1150.0,0.0,no_signal
18,r18_20260912_233127.jsonl,141,4088.938,6.0,measure,7,1150.0,0.0,no_signal
18,r18_20260912_233127.jsonl,142,4094.938,6.0,measure,9,1150.0,0.0,no_signal
18,r18_20260912_233127.jsonl,143,4100.938,6.0,measure,10,1150.0,0.0,no_signal
18,r18_20260912_233127.jsonl,144,4106.938,6.0,measure,12,1150.0,0.0,no_signal
18,r18_20260912_233127.jsonl,145,4112.938,6.0,measure,14,1150.0,0.0,no_signal
18,r18_20260912_233127.jsonl,146,4118.938,6.0,measure,15,1150.0,0.0,no_signal
18,r18_20260912_233127.jsonl,147,4124.938,6.0,measure,17,1150.0,0.0,no_signal
18,r18_20260912_233127.jsonl,148,4130.938,6.0,measure,18,1150.0,0.0,no_signal
18,r18_20260912_233127.jsonl,149,4130.938,0.0,exit,,,,
19,r19_20260912_233138.jsonl,0,0.0,0.0,enter,,,,
19,r19_20260912_233138.jsonl,1,5.0,5.0,measure,1,0.0,0.0,direction
19,r19_20260912_233138.jsonl,2,11.0,6.0,measure,2,0.0,0.0,no_signal
19,r19_20260912_233138.jsonl,3,17.0,6.0,measure,3,0.0,0.0,no_signal
19,r19_20260912_233138.jsonl,4,23.0,6.0,measure,4,0.0,0.0,direction
19,r19_20260912_233138.jsonl,5,29.0,6.0,measure,5,0.0,0.0,no_signal
19,r19_20260912_233138.jsonl,6,35.0,6.0,measure,6,0.0,0.0,no_signal
19,r19_20260912_233138.jsonl,7,41.0,6.0,measure,7,0.0,0.0,no_signal
19,r19_20260912_233138.jsonl,8,47.0,6.0,measure,8,0.0,0.0,no_signal
19,r19_20260912_233138.jsonl,9,53.0,6.0,measure,9,0.0,0.0,no_signal
19,r19_20260912_233138.jsonl,10,59.0,6.0,measure,10,0.0,0.0,direction
19,r19_20260912_233138.jsonl,11,65.0,6.0,measure,11,0.0,0.0,no_signal
19,r19_20260912_233138.jsonl,12,71.0,6.0,measure,12,0.0,0.0,direction
19,r19_20260912_233138.jsonl,13,77.0,6.0,measure,13,0.0,0.0,no_signal
19,r19_20260912_233138.jsonl,14,83.0,6.0,measure,14,0.0,0.0,no_signal
19,r19_20260912_233138.jsonl,15,89.0,6.0,measure,15,0.0,0.0,direction
19,r19_20260912_233138.jsonl,16,95.0,6.0,measure,16,0.0,0.0,direction
19,r19_20260912_233138.jsonl,17,101.0,6.0,measure,17,0.0,0.0,direction
19,r19_20260912_233138.jsonl,18,107.0,6.0,measure,18,0.0,0.0,direction
19,r19_20260912_233138.jsonl,19,113.0,6.0,measure,19,0.0,0.0,no_signal
19,r19_20260912_233138.jsonl,20,119.0,6.0,measure,20,0.0,0.0,no_signal
19,r19_20260912_233138.jsonl,21,195.0,76.0,measure,12,223.098,269.68,direction
19,r19_20260912_233138.jsonl,22,201.0,6.0,measure,1,223.098,269.68,direction
19,r19_20260912_233138.jsonl,23,207.0,6.0,measure,4,223.098,269.68,direction
19,r19_20260912_233138.jsonl,24,213.0,6.0,measure,10,223.098,269.68,direction
19,r19_20260912_233138.jsonl,25,219.0,6.0,measure,15,223.098,269.68,direction
19,r19_20260912_233138.jsonl,26,225.0,6.0,measure,16,223.098,269.68,direction
19,r19_20260912_233138.jsonl,27,231.0,6.0,measure,17,223.098,269.68,direction
19,r19_20260912_233138.jsonl,28,237.0,6.0,measure,18,223.098,269.68,direction
19,r19_20260912_233138.jsonl,29,293.594,56.594,measure,12,466.629,338.133,direction
19,r19_20260912_233138.jsonl,30,333.413,39.819,measure,12,590.948,460.012,direction
19,r19_20260912_233138.jsonl,31,362.413,29.0,measure,12,702.529,504.166,direction
19,r19_20260912_233138.jsonl,32,391.413,29.0,measure,12,796.98,578.187,direction
19,r19_20260912_233138.jsonl,33,420.413,29.0,measure,12,909.444,620.041,direction
19,r19_20260912_233138.jsonl,34,435.442,15.029,measure,12,879.739,579.642,direction
19,r19_20260912_233138.jsonl,35,450.439,14.997,clear,12,899.835,625.412,success
19,r19_20260912_233138.jsonl,36,502.486,52.047,measure,4,1024.325,431.736,direction
19,r19_20260912_233138.jsonl,37,597.97,95.484,clear,4,1136.901,-6.454,success
19,r19_20260912_233138.jsonl,38,673.97,76.0,measure,10,874.617,-238.202,direction
19,r19_20260912_233138.jsonl,39,873.825,199.855,clear,10,-20.533,-622.798,success
19,r19_20260912_233138.jsonl,40,903.825,30.0,measure,1,-127.824,-569.053,direction
19,r19_20260912_233138.jsonl,41,955.828,52.003,clear,1,-228.044,-356.479,success
19,r19_20260912_233138.jsonl,42,990.956,35.128,measure,17,-184.425,-217.525,direction
19,r19_20260912_233138.jsonl,43,1019.956,29.0,measure,17,-89.331,-144.332,direction
19,r19_20260912_233138.jsonl,44,1050.294,30.338,clear,17,-30.015,-32.384,success
19,r19_20260912_233138.jsonl,45,1105.438,55.144,measure,18,-155.95,178.61,direction
19,r19_20260912_233138.jsonl,46,1205.606,100.168,clear,18,-227.948,648.974,success
19,r19_20260912_233138.jsonl,47,1235.606,30.0,measure,16,-209.095,767.484,direction
19,r19_20260912_233138.jsonl,48,1269.984,34.378,clear,16,-134.362,893.941,success
19,r19_20260912_233138.jsonl,49,1322.646,52.662,measure,15,-367.572,900.758,direction
19,r19_20260912_233138.jsonl,50,1360.466,37.82,measure,15,-496.338,1002.482,direction
19,r19_20260912_233138.jsonl,51,1389.466,29.0,measure,15,-614.796,1021.659,direction
19,r19_20260912_233138.jsonl,52,1418.466,29.0,measure,15,-715.475,1086.956,direction
19,r19_20260912_233138.jsonl,53,1442.013,23.547,clear,15,-804.378,1113.331,success
19,r19_20260912_233138.jsonl,54,1499.548,57.535,measure,14,-575.0,995.929,no_signal
19,r19_20260912_233138.jsonl,55,1505.548,6.0,measure,13,-575.0,995.929,no_signal
19,r19_20260912_233138.jsonl,56,1511.548,6.0,measure,11,-575.0,995.929,no_signal
19,r19_20260912_233138.jsonl,57,1517.548,6.0,measure,19,-575.0,995.929,no_signal
19,r19_20260912_233138.jsonl,58,1523.548,6.0,measure,20,-575.0,995.929,no_signal
19,r19_20260912_233138.jsonl,59,1529.548,6.0,measure,9,-575.0,995.929,no_signal
19,r19_20260912_233138.jsonl,60,1535.548,6.0,measure,8,-575.0,995.929,direction
19,r19_20260912_233138.jsonl,61,1541.548,6.0,measure,7,-575.0,995.929,no_signal
19,r19_20260912_233138.jsonl,62,1547.548,6.0,measure,6,-575.0,995.929,no_signal
19,r19_20260912_233138.jsonl,63,1553.548,6.0,measure,5,-575.0,995.929,no_signal
19,r19_20260912_233138.jsonl,64,1559.548,6.0,measure,3,-575.0,995.929,no_signal
19,r19_20260912_233138.jsonl,65,1565.548,6.0,measure,2,-575.0,995.929,direction
19,r19_20260912_233138.jsonl,66,1570.548,5.0,measure,2,-575.0,995.929,direction
19,r19_20260912_233138.jsonl,67,1576.548,6.0,measure,8,-575.0,995.929,direction
19,r19_20260912_233138.jsonl,68,1651.548,75.0,measure,8,-884.66,832.802,direction
19,r19_20260912_233138.jsonl,69,1695.578,44.03,measure,8,-1077.372,863.566,direction
19,r19_20260912_233138.jsonl,70,1726.45,30.872,measure,8,-1198.963,819.417,direction
19,r19_20260912_233138.jsonl,71,1755.45,29.0,measure,8,-1318.786,825.937,direction
19,r19_20260912_233138.jsonl,72,1784.45,29.0,measure,8,-1433.781,791.643,direction
19,r19_20260912_233138.jsonl,73,1796.636,12.186,clear,8,-1468.652,800.304,success
19,r19_20260912_233138.jsonl,74,1872.636,76.0,measure,2,-1376.65,1137.996,direction
19,r19_20260912_233138.jsonl,75,1947.636,75.0,measure,2,-1036.899,1222.076,direction
19,r19_20260912_233138.jsonl,76,2022.636,75.0,measure,2,-771.954,1450.776,direction
19,r19_20260912_233138.jsonl,77,2077.616,54.98,measure,2,-534.722,1529.328,direction
19,r19_20260912_233138.jsonl,78,2115.16,37.545,measure,2,-400.829,1621.802,direction
19,r19_20260912_233138.jsonl,79,2179.459,64.299,clear,2,-134.067,1751.208,success
19,r19_20260912_233138.jsonl,80,2392.652,213.193,measure,3,575.0,995.929,no_signal
19,r19_20260912_233138.jsonl,81,2398.652,6.0,measure,5,575.0,995.929,no_signal
19,r19_20260912_233138.jsonl,82,2404.652,6.0,measure,6,575.0,995.929,no_signal
19,r19_20260912_233138.jsonl,83,2410.652,6.0,measure,7,575.0,995.929,no_signal
19,r19_20260912_233138.jsonl,84,2416.652,6.0,measure,9,575.0,995.929,no_signal
19,r19_20260912_233138.jsonl,85,2422.652,6.0,measure,11,575.0,995.929,no_signal
19,r19_20260912_233138.jsonl,86,2428.652,6.0,measure,13,575.0,995.929,no_signal
19,r19_20260912_233138.jsonl,87,2434.652,6.0,measure,14,575.0,995.929,no_signal
19,r19_20260912_233138.jsonl,88,2440.652,6.0,measure,19,575.0,995.929,no_signal
19,r19_20260912_233138.jsonl,89,2446.652,6.0,measure,20,575.0,995.929,no_signal
19,r19_20260912_233138.jsonl,90,2681.652,235.0,measure,20,1150.0,0.0,no_signal
19,r19_20260912_233138.jsonl,91,2687.652,6.0,measure,19,1150.0,0.0,no_signal
19,r19_20260912_233138.jsonl,92,2693.652,6.0,measure,14,1150.0,0.0,no_signal
19,r19_20260912_233138.jsonl,93,2699.652,6.0,measure,13,1150.0,0.0,no_signal
19,r19_20260912_233138.jsonl,94,2705.652,6.0,measure,11,1150.0,0.0,no_signal
19,r19_20260912_233138.jsonl,95,2711.652,6.0,measure,9,1150.0,0.0,no_signal
19,r19_20260912_233138.jsonl,96,2717.652,6.0,measure,7,1150.0,0.0,direction
19,r19_20260912_233138.jsonl,97,2723.652,6.0,measure,6,1150.0,0.0,no_signal
19,r19_20260912_233138.jsonl,98,2729.652,6.0,measure,5,1150.0,0.0,no_signal
19,r19_20260912_233138.jsonl,99,2735.652,6.0,measure,3,1150.0,0.0,no_signal
19,r19_20260912_233138.jsonl,100,2741.652,6.0,measure,7,1150.0,0.0,direction
19,r19_20260912_233138.jsonl,101,2816.652,75.0,measure,7,1331.518,-299.251,direction
19,r19_20260912_233138.jsonl,102,2849.4,32.748,measure,7,1308.691,-436.102,direction
19,r19_20260912_233138.jsonl,103,2878.4,29.0,measure,7,1349.035,-549.117,direction
19,r19_20260912_233138.jsonl,104,2907.4,29.0,measure,7,1337.754,-668.586,direction
19,r19_20260912_233138.jsonl,105,2922.518,15.118,clear,7,1357.257,-715.265,success
19,r19_20260912_233138.jsonl,106,3094.735,172.217,measure,6,575.0,-995.929,no_signal
19,r19_20260912_233138.jsonl,107,3100.735,6.0,measure,5,575.0,-995.929,no_signal
19,r19_20260912_233138.jsonl,108,3106.735,6.0,measure,9,575.0,-995.929,no_signal
19,r19_20260912_233138.jsonl,109,3112.735,6.0,measure,3,575.0,-995.929,direction
19,r19_20260912_233138.jsonl,110,3118.735,6.0,measure,11,575.0,-995.929,no_signal
19,r19_20260912_233138.jsonl,111,3124.735,6.0,measure,13,575.0,-995.929,no_signal
19,r19_20260912_233138.jsonl,112,3130.735,6.0,measure,14,575.0,-995.929,no_signal
19,r19_20260912_233138.jsonl,113,3136.735,6.0,measure,19,575.0,-995.929,no_signal
19,r19_20260912_233138.jsonl,114,3142.735,6.0,measure,20,575.0,-995.929,no_signal
19,r19_20260912_233138.jsonl,115,3148.735,6.0,measure,3,575.0,-995.929,direction
19,r19_20260912_233138.jsonl,116,3223.735,75.0,measure,3,916.77,-1071.385,direction
19,r19_20260912_233138.jsonl,117,3257.747,34.012,clear,3,774.431,-1099.349,success
19,r19_20260912_233138.jsonl,118,3534.424,276.678,measure,5,-575.0,-995.929,direction
19,r19_20260912_233138.jsonl,119,3540.424,6.0,measure,6,-575.0,-995.929,no_signal
19,r19_20260912_233138.jsonl,120,3546.424,6.0,measure,9,-575.0,-995.929,no_signal
19,r19_20260912_233138.jsonl,121,3552.424,6.0,measure,11,-575.0,-995.929,no_signal
19,r19_20260912_233138.jsonl,122,3558.424,6.0,measure,13,-575.0,-995.929,no_signal
19,r19_20260912_233138.jsonl,123,3564.424,6.0,measure,14,-575.0,-995.929,no_signal
19,r19_20260912_233138.jsonl,124,3570.424,6.0,measure,19,-575.0,-995.929,no_signal
19,r19_20260912_233138.jsonl,125,3576.424,6.0,measure,20,-575.0,-995.929,no_signal
19,r19_20260912_233138.jsonl,126,3582.424,6.0,measure,5,-575.0,-995.929,direction
19,r19_20260912_233138.jsonl,127,3657.424,75.0,measure,5,-903.746,-875.82,direction
19,r19_20260912_233138.jsonl,128,3699.232,41.808,measure,5,-1002.658,-720.619,direction
19,r19_20260912_233138.jsonl,129,3728.281,29.048,measure,5,-1108.129,-662.878,direction
19,r19_20260912_233138.jsonl,130,3757.281,29.0,measure,5,-1182.624,-568.801,direction
19,r19_20260912_233138.jsonl,131,3786.281,29.0,measure,5,-1285.331,-506.743,direction
19,r19_20260912_233138.jsonl,132,3797.294,11.013,clear,5,-1296.024,-478.643,success
19,r19_20260912_233138.jsonl,133,3903.378,106.084,measure,6,-1150.0,0.0,no_signal
19,r19_20260912_233138.jsonl,134,3909.378,6.0,measure,9,-1150.0,0.0,no_signal
19,r19_20260912_233138.jsonl,135,3915.378,6.0,measure,11,-1150.0,0.0,no_signal
19,r19_20260912_233138.jsonl,136,3921.378,6.0,measure,13,-1150.0,0.0,no_signal
19,r19_20260912_233138.jsonl,137,3927.378,6.0,measure,14,-1150.0,0.0,no_signal
19,r19_20260912_233138.jsonl,138,3933.378,6.0,measure,19,-1150.0,0.0,no_signal
19,r19_20260912_233138.jsonl,139,3939.378,6.0,measure,20,-1150.0,0.0,no_signal
19,r19_20260912_233138.jsonl,140,3939.378,0.0,exit,,,,
20,r20_20260912_233148.jsonl,0,0.0,0.0,enter,,,,
20,r20_20260912_233148.jsonl,1,5.0,5.0,measure,1,0.0,0.0,no_signal
20,r20_20260912_233148.jsonl,2,11.0,6.0,measure,2,0.0,0.0,no_signal
20,r20_20260912_233148.jsonl,3,17.0,6.0,measure,3,0.0,0.0,direction
20,r20_20260912_233148.jsonl,4,23.0,6.0,measure,4,0.0,0.0,no_signal
20,r20_20260912_233148.jsonl,5,29.0,6.0,measure,5,0.0,0.0,no_signal
20,r20_20260912_233148.jsonl,6,35.0,6.0,measure,6,0.0,0.0,no_signal
20,r20_20260912_233148.jsonl,7,41.0,6.0,measure,7,0.0,0.0,direction
20,r20_20260912_233148.jsonl,8,47.0,6.0,measure,8,0.0,0.0,no_signal
20,r20_20260912_233148.jsonl,9,53.0,6.0,measure,9,0.0,0.0,no_signal
20,r20_20260912_233148.jsonl,10,59.0,6.0,measure,10,0.0,0.0,direction
20,r20_20260912_233148.jsonl,11,65.0,6.0,measure,11,0.0,0.0,no_signal
20,r20_20260912_233148.jsonl,12,71.0,6.0,measure,12,0.0,0.0,no_signal
20,r20_20260912_233148.jsonl,13,77.0,6.0,measure,13,0.0,0.0,no_signal
20,r20_20260912_233148.jsonl,14,83.0,6.0,measure,14,0.0,0.0,no_signal
20,r20_20260912_233148.jsonl,15,89.0,6.0,measure,15,0.0,0.0,no_signal
20,r20_20260912_233148.jsonl,16,95.0,6.0,measure,16,0.0,0.0,no_signal
20,r20_20260912_233148.jsonl,17,101.0,6.0,measure,17,0.0,0.0,no_signal
20,r20_20260912_233148.jsonl,18,107.0,6.0,measure,18,0.0,0.0,direction
20,r20_20260912_233148.jsonl,19,113.0,6.0,measure,19,0.0,0.0,no_signal
20,r20_20260912_233148.jsonl,20,119.0,6.0,measure,20,0.0,0.0,no_signal
20,r20_20260912_233148.jsonl,21,195.0,76.0,measure,3,99.815,335.465,direction
20,r20_20260912_233148.jsonl,22,201.0,6.0,measure,7,99.815,335.465,no_signal
20,r20_20260912_233148.jsonl,23,207.0,6.0,measure,10,99.815,335.465,direction
20,r20_20260912_233148.jsonl,24,213.0,6.0,measure,18,99.815,335.465,direction
20,r20_20260912_233148.jsonl,25,282.845,69.845,measure,3,343.53,541.639,direction
20,r20_20260912_233148.jsonl,26,288.845,6.0,measure,7,343.53,541.639,no_signal
20,r20_20260912_233148.jsonl,27,335.831,46.986,measure,3,415.367,733.568,direction
20,r20_20260912_233148.jsonl,28,367.631,31.8,measure,3,507.364,830.995,direction
20,r20_20260912_233148.jsonl,29,396.631,29.0,measure,3,561.313,938.184,direction
20,r20_20260912_233148.jsonl,30,413.955,17.324,clear,3,601.603,984.81,success
20,r20_20260912_233148.jsonl,31,619.558,205.602,clear,18,163.665,82.456,success
20,r20_20260912_233148.jsonl,32,695.558,76.0,measure,10,-158.801,218.528,direction
20,r20_20260912_233148.jsonl,33,701.558,6.0,measure,7,-158.801,218.528,direction
20,r20_20260912_233148.jsonl,34,756.289,54.731,measure,10,-287.134,425.648,direction
20,r20_20260912_233148.jsonl,35,793.562,37.273,measure,10,-427.556,505.148,direction
20,r20_20260912_233148.jsonl,36,858.275,64.714,clear,10,-636.622,718.301,success
20,r20_20260912_233148.jsonl,37,934.276,76.0,measure,7,-546.685,380.053,direction
20,r20_20260912_233148.jsonl,38,1009.276,75.0,measure,7,-649.25,45.418,direction
20,r20_20260912_233148.jsonl,39,1171.137,161.862,clear,7,-648.567,-738.89,success
20,r20_20260912_233148.jsonl,40,1230.609,59.472,measure,6,-575.0,-995.929,no_signal
20,r20_20260912_233148.jsonl,41,1236.609,6.0,measure,8,-575.0,-995.929,no_signal
20,r20_20260912_233148.jsonl,42,1242.609,6.0,measure,5,-575.0,-995.929,direction
20,r20_20260912_233148.jsonl,43,1248.609,6.0,measure,9,-575.0,-995.929,no_signal
20,r20_20260912_233148.jsonl,44,1254.609,6.0,measure,4,-575.0,-995.929,no_signal
20,r20_20260912_233148.jsonl,45,1260.609,6.0,measure,11,-575.0,-995.929,no_signal
20,r20_20260912_233148.jsonl,46,1266.609,6.0,measure,2,-575.0,-995.929,no_signal
20,r20_20260912_233148.jsonl,47,1272.609,6.0,measure,12,-575.0,-995.929,no_signal
20,r20_20260912_233148.jsonl,48,1278.609,6.0,measure,1,-575.0,-995.929,no_signal
20,r20_20260912_233148.jsonl,49,1284.609,6.0,measure,13,-575.0,-995.929,no_signal
20,r20_20260912_233148.jsonl,50,1290.609,6.0,measure,14,-575.0,-995.929,direction
20,r20_20260912_233148.jsonl,51,1296.609,6.0,measure,15,-575.0,-995.929,no_signal
20,r20_20260912_233148.jsonl,52,1302.609,6.0,measure,16,-575.0,-995.929,no_signal
20,r20_20260912_233148.jsonl,53,1308.609,6.0,measure,17,-575.0,-995.929,direction
20,r20_20260912_233148.jsonl,54,1314.609,6.0,measure,19,-575.0,-995.929,no_signal
20,r20_20260912_233148.jsonl,55,1320.609,6.0,measure,20,-575.0,-995.929,no_signal
20,r20_20260912_233148.jsonl,56,1326.609,6.0,measure,5,-575.0,-995.929,direction
20,r20_20260912_233148.jsonl,57,1332.609,6.0,measure,14,-575.0,-995.929,direction
20,r20_20260912_233148.jsonl,58,1338.609,6.0,measure,17,-575.0,-995.929,direction
20,r20_20260912_233148.jsonl,59,1414.609,76.0,measure,14,-567.792,-1345.855,direction
20,r20_20260912_233148.jsonl,60,1443.936,29.326,clear,14,-675.26,-1402.819,success
20,r20_20260912_233148.jsonl,61,1519.935,76.0,measure,5,-769.735,-1739.827,direction
20,r20_20260912_233148.jsonl,62,1571.377,51.441,measure,5,-673.293,-1528.595,direction
20,r20_20260912_233148.jsonl,63,1662.66,91.283,clear,5,-635.562,-1098.832,success
20,r20_20260912_233148.jsonl,64,1738.66,76.0,measure,17,-969.855,-995.159,direction
20,r20_20260912_233148.jsonl,65,1793.16,54.5,measure,17,-1086.049,-776.63,direction
20,r20_20260912_233148.jsonl,66,1831.076,37.916,measure,17,-1224.286,-687.312,direction
20,r20_20260912_233148.jsonl,67,1860.076,29.0,measure,17,-1292.265,-588.424,direction
20,r20_20260912_233148.jsonl,68,1889.076,29.0,measure,17,-1386.265,-513.832,direction
20,r20_20260912_233148.jsonl,69,1918.076,29.0,measure,17,-1453.203,-414.236,direction
20,r20_20260912_233148.jsonl,70,1935.183,17.107,measure,17,-1394.095,-427.294,direction
20,r20_20260912_233148.jsonl,71,1950.217,15.034,clear,17,-1438.322,-450.984,success
20,r20_20260912_233148.jsonl,72,2063.272,113.054,measure,16,-1150.0,0.0,no_signal
20,r20_20260912_233148.jsonl,73,2069.272,6.0,measure,15,-1150.0,0.0,no_signal
20,r20_20260912_233148.jsonl,74,2075.272,6.0,measure,19,-1150.0,0.0,no_signal
20,r20_20260912_233148.jsonl,75,2081.272,6.0,measure,20,-1150.0,0.0,no_signal
20,r20_20260912_233148.jsonl,76,2087.272,6.0,measure,13,-1150.0,0.0,direction
20,r20_20260912_233148.jsonl,77,2093.272,6.0,measure,12,-1150.0,0.0,direction
20,r20_20260912_233148.jsonl,78,2099.272,6.0,measure,11,-1150.0,0.0,no_signal
20,r20_20260912_233148.jsonl,79,2105.272,6.0,measure,9,-1150.0,0.0,no_signal
20,r20_20260912_233148.jsonl,80,2111.272,6.0,measure,8,-1150.0,0.0,no_signal
20,r20_20260912_233148.jsonl,81,2117.272,6.0,measure,6,-1150.0,0.0,no_signal
20,r20_20260912_233148.jsonl,82,2123.272,6.0,measure,4,-1150.0,0.0,no_signal
20,r20_20260912_233148.jsonl,83,2129.272,6.0,measure,2,-1150.0,0.0,no_signal
20,r20_20260912_233148.jsonl,84,2135.272,6.0,measure,1,-1150.0,0.0,no_signal
20,r20_20260912_233148.jsonl,85,2141.272,6.0,measure,12,-1150.0,0.0,direction
20,r20_20260912_233148.jsonl,86,2147.272,6.0,measure,13,-1150.0,0.0,direction
20,r20_20260912_233148.jsonl,87,2223.272,76.0,measure,12,-1238.106,338.729,direction
20,r20_20260912_233148.jsonl,88,2246.851,23.579,clear,12,-1147.319,358.412,success
20,r20_20260912_233148.jsonl,89,2322.851,76.0,measure,13,-1341.311,649.731,direction
20,r20_20260912_233148.jsonl,90,2351.851,29.0,measure,13,-1367.897,766.749,direction
20,r20_20260912_233148.jsonl,91,2380.851,29.0,measure,13,-1453.64,850.702,direction
20,r20_20260912_233148.jsonl,92,2392.289,11.438,clear,13,-1449.898,882.672,success
20,r20_20260912_233148.jsonl,93,2574.728,182.44,measure,11,-575.0,995.929,no_signal
20,r20_20260912_233148.jsonl,94,2580.728,6.0,measure,15,-575.0,995.929,no_signal
20,r20_20260912_233148.jsonl,95,2586.728,6.0,measure,16,-575.0,995.929,no_signal
20,r20_20260912_233148.jsonl,96,2592.728,6.0,measure,9,-575.0,995.929,no_signal
20,r20_20260912_233148.jsonl,97,2598.728,6.0,measure,8,-575.0,995.929,no_signal
20,r20_20260912_233148.jsonl,98,2604.728,6.0,measure,19,-575.0,995.929,no_signal
20,r20_20260912_233148.jsonl,99,2610.728,6.0,measure,6,-575.0,995.929,no_signal
20,r20_20260912_233148.jsonl,100,2616.728,6.0,measure,20,-575.0,995.929,no_signal
20,r20_20260912_233148.jsonl,101,2622.728,6.0,measure,4,-575.0,995.929,no_signal
20,r20_20260912_233148.jsonl,102,2628.728,6.0,measure,2,-575.0,995.929,no_signal
20,r20_20260912_233148.jsonl,103,2634.728,6.0,measure,1,-575.0,995.929,no_signal
20,r20_20260912_233148.jsonl,104,2869.728,235.0,measure,1,575.0,995.929,no_signal
20,r20_20260912_233148.jsonl,105,2875.728,6.0,measure,2,575.0,995.929,no_signal
20,r20_20260912_233148.jsonl,106,2881.728,6.0,measure,4,575.0,995.929,no_signal
20,r20_20260912_233148.jsonl,107,2887.728,6.0,measure,6,575.0,995.929,no_signal
20,r20_20260912_233148.jsonl,108,2893.728,6.0,measure,8,575.0,995.929,direction
20,r20_20260912_233148.jsonl,109,2899.728,6.0,measure,9,575.0,995.929,no_signal
20,r20_20260912_233148.jsonl,110,2905.728,6.0,measure,11,575.0,995.929,no_signal
20,r20_20260912_233148.jsonl,111,2911.728,6.0,measure,15,575.0,995.929,no_signal
20,r20_20260912_233148.jsonl,112,2917.728,6.0,measure,16,575.0,995.929,no_signal
20,r20_20260912_233148.jsonl,113,2923.728,6.0,measure,19,575.0,995.929,no_signal
20,r20_20260912_233148.jsonl,114,2929.728,6.0,measure,20,575.0,995.929,no_signal
20,r20_20260912_233148.jsonl,115,2935.728,6.0,measure,8,575.0,995.929,direction
20,r20_20260912_233148.jsonl,116,3010.728,75.0,measure,8,496.565,1337.027,direction
20,r20_20260912_233148.jsonl,117,3038.219,27.491,clear,8,584.602,1267.062,success
20,r20_20260912_233148.jsonl,118,3321.716,283.497,measure,9,1150.0,0.0,no_signal
20,r20_20260912_233148.jsonl,119,3327.716,6.0,measure,6,1150.0,0.0,no_signal
20,r20_20260912_233148.jsonl,120,3333.716,6.0,measure,11,1150.0,0.0,no_signal
20,r20_20260912_233148.jsonl,121,3339.716,6.0,measure,4,1150.0,0.0,no_signal
20,r20_20260912_233148.jsonl,122,3345.716,6.0,measure,2,1150.0,0.0,no_signal
20,r20_20260912_233148.jsonl,123,3351.716,6.0,measure,1,1150.0,0.0,direction
20,r20_20260912_233148.jsonl,124,3357.716,6.0,measure,15,1150.0,0.0,no_signal
20,r20_20260912_233148.jsonl,125,3363.716,6.0,measure,16,1150.0,0.0,direction
20,r20_20260912_233148.jsonl,126,3369.716,6.0,measure,19,1150.0,0.0,no_signal
20,r20_20260912_233148.jsonl,127,3375.716,6.0,measure,20,1150.0,0.0,no_signal
20,r20_20260912_233148.jsonl,128,3381.716,6.0,measure,1,1150.0,0.0,direction
20,r20_20260912_233148.jsonl,129,3387.716,6.0,measure,16,1150.0,0.0,direction
20,r20_20260912_233148.jsonl,130,3463.716,76.0,measure,1,1292.469,-319.691,direction
20,r20_20260912_233148.jsonl,131,3508.249,44.533,measure,1,1248.979,-512.514,direction
20,r20_20260912_233148.jsonl,132,3539.447,31.198,measure,1,1285.651,-638.266,direction
20,r20_20260912_233148.jsonl,133,3568.447,29.0,measure,1,1271.606,-757.441,direction
20,r20_20260912_233148.jsonl,134,3597.447,29.0,measure,1,1298.269,-874.441,direction
20,r20_20260912_233148.jsonl,135,3613.861,16.413,clear,1,1292.084,-931.171,success
20,r20_20260912_233148.jsonl,136,3689.861,76.0,measure,16,1429.571,-1253.037,direction
20,r20_20260912_233148.jsonl,137,3720.646,30.786,measure,16,1404.286,-1126.612,direction
20,r20_20260912_233148.jsonl,138,3749.647,29.0,measure,16,1325.768,-1035.865,direction
20,r20_20260912_233148.jsonl,139,3777.463,27.816,clear,16,1285.744,-929.036,success
20,r20_20260912_233148.jsonl,140,3926.24,148.777,measure,15,575.0,-995.929,no_signal
20,r20_20260912_233148.jsonl,141,3932.24,6.0,measure,19,575.0,-995.929,no_signal
20,r20_20260912_233148.jsonl,142,3938.24,6.0,measure,20,575.0,-995.929,no_signal
20,r20_20260912_233148.jsonl,143,3944.24,6.0,measure,11,575.0,-995.929,no_signal
20,r20_20260912_233148.jsonl,144,3950.24,6.0,measure,9,575.0,-995.929,no_signal
20,r20_20260912_233148.jsonl,145,3956.24,6.0,measure,6,575.0,-995.929,no_signal
20,r20_20260912_233148.jsonl,146,3962.24,6.0,measure,4,575.0,-995.929,no_signal
20,r20_20260912_233148.jsonl,147,3968.24,6.0,measure,2,575.0,-995.929,no_signal
20,r20_20260912_233148.jsonl,148,3968.24,0.0,exit,,,,
