run,log_file,idx,vt_s,dt_s,action,channel,x,y,result
1,r01_20260912_232452.jsonl,0,0.0,0.0,enter,,,,
1,r01_20260912_232452.jsonl,1,5.0,5.0,measure,1,0.0,0.0,no_signal
1,r01_20260912_232452.jsonl,2,11.0,6.0,measure,2,0.0,0.0,no_signal
1,r01_20260912_232452.jsonl,3,17.0,6.0,measure,3,0.0,0.0,no_signal
1,r01_20260912_232452.jsonl,4,23.0,6.0,measure,4,0.0,0.0,no_signal
1,r01_20260912_232452.jsonl,5,29.0,6.0,measure,5,0.0,0.0,no_signal
1,r01_20260912_232452.jsonl,6,35.0,6.0,measure,6,0.0,0.0,no_signal
1,r01_20260912_232452.jsonl,7,41.0,6.0,measure,7,0.0,0.0,no_signal
1,r01_20260912_232452.jsonl,8,47.0,6.0,measure,8,0.0,0.0,no_signal
1,r01_20260912_232452.jsonl,9,53.0,6.0,measure,9,0.0,0.0,no_signal
1,r01_20260912_232452.jsonl,10,59.0,6.0,measure,10,0.0,0.0,no_signal
1,r01_20260912_232452.jsonl,11,65.0,6.0,measure,11,0.0,0.0,no_signal
1,r01_20260912_232452.jsonl,12,71.0,6.0,measure,12,0.0,0.0,direction
1,r01_20260912_232452.jsonl,13,77.0,6.0,measure,13,0.0,0.0,no_signal
1,r01_20260912_232452.jsonl,14,83.0,6.0,measure,14,0.0,0.0,no_signal
1,r01_20260912_232452.jsonl,15,89.0,6.0,measure,15,0.0,0.0,no_signal
1,r01_20260912_232452.jsonl,16,95.0,6.0,measure,16,0.0,0.0,no_signal
1,r01_20260912_232452.jsonl,17,101.0,6.0,measure,17,0.0,0.0,no_signal
1,r01_20260912_232452.jsonl,18,107.0,6.0,measure,18,0.0,0.0,no_signal
1,r01_20260912_232452.jsonl,19,113.0,6.0,measure,19,0.0,0.0,no_signal
1,r01_20260912_232452.jsonl,20,119.0,6.0,measure,20,0.0,0.0,direction
1,r01_20260912_232452.jsonl,21,205.0,86.0,measure,19,400.0,0.0,no_signal
1,r01_20260912_232452.jsonl,22,211.0,6.0,measure,18,400.0,0.0,no_signal
1,r01_20260912_232452.jsonl,23,217.0,6.0,measure,17,400.0,0.0,no_signal
1,r01_20260912_232452.jsonl,24,223.0,6.0,measure,16,400.0,0.0,no_signal
1,r01_20260912_232452.jsonl,25,229.0,6.0,measure,15,400.0,0.0,no_signal
1,r01_20260912_232452.jsonl,26,235.0,6.0,measure,14,400.0,0.0,no_signal
1,r01_20260912_232452.jsonl,27,241.0,6.0,measure,13,400.0,0.0,no_signal
1,r01_20260912_232452.jsonl,28,247.0,6.0,measure,11,400.0,0.0,no_signal
1,r01_20260912_232452.jsonl,29,253.0,6.0,measure,10,400.0,0.0,no_signal
1,r01_20260912_232452.jsonl,30,259.0,6.0,measure,9,400.0,0.0,no_signal
1,r01_20260912_232452.jsonl,31,265.0,6.0,measure,8,400.0,0.0,no_signal
1,r01_20260912_232452.jsonl,32,271.0,6.0,measure,7,400.0,0.0,no_signal
1,r01_20260912_232452.jsonl,33,277.0,6.0,measure,6,400.0,0.0,no_signal
1,r01_20260912_232452.jsonl,34,283.0,6.0,measure,5,400.0,0.0,no_signal
1,r01_20260912_232452.jsonl,35,289.0,6.0,measure,4,400.0,0.0,no_signal
1,r01_20260912_232452.jsonl,36,295.0,6.0,measure,3,400.0,0.0,no_signal
1,r01_20260912_232452.jsonl,37,301.0,6.0,measure,2,400.0,0.0,no_signal
1,r01_20260912_232452.jsonl,38,307.0,6.0,measure,1,400.0,0.0,no_signal
1,r01_20260912_232452.jsonl,39,313.0,6.0,measure,12,400.0,0.0,direction
1,r01_20260912_232452.jsonl,40,399.0,86.0,measure,11,200.0,346.41,no_signal
1,r01_20260912_232452.jsonl,41,405.0,6.0,measure,13,200.0,346.41,no_signal
1,r01_20260912_232452.jsonl,42,411.0,6.0,measure,10,200.0,346.41,no_signal
1,r01_20260912_232452.jsonl,43,417.0,6.0,measure,14,200.0,346.41,no_signal
1,r01_20260912_232452.jsonl,44,423.0,6.0,measure,9,200.0,346.41,no_signal
1,r01_20260912_232452.jsonl,45,429.0,6.0,measure,15,200.0,346.41,direction
1,r01_20260912_232452.jsonl,46,435.0,6.0,measure,8,200.0,346.41,no_signal
1,r01_20260912_232452.jsonl,47,441.0,6.0,measure,16,200.0,346.41,no_signal
1,r01_20260912_232452.jsonl,48,447.0,6.0,measure,7,200.0,346.41,no_signal
1,r01_20260912_232452.jsonl,49,453.0,6.0,measure,17,200.0,346.41,no_signal
1,r01_20260912_232452.jsonl,50,459.0,6.0,measure,6,200.0,346.41,no_signal
1,r01_20260912_232452.jsonl,51,465.0,6.0,measure,18,200.0,346.41,no_signal
1,r01_20260912_232452.jsonl,52,471.0,6.0,measure,5,200.0,346.41,no_signal
1,r01_20260912_232452.jsonl,53,477.0,6.0,measure,19,200.0,346.41,no_signal
1,r01_20260912_232452.jsonl,54,483.0,6.0,measure,4,200.0,346.41,no_signal
1,r01_20260912_232452.jsonl,55,489.0,6.0,measure,3,200.0,346.41,no_signal
1,r01_20260912_232452.jsonl,56,495.0,6.0,measure,2,200.0,346.41,no_signal
1,r01_20260912_232452.jsonl,57,501.0,6.0,measure,1,200.0,346.41,no_signal
1,r01_20260912_232452.jsonl,58,507.0,6.0,measure,15,200.0,346.41,direction
1,r01_20260912_232452.jsonl,59,593.0,86.0,measure,14,-200.0,346.41,no_signal
1,r01_20260912_232452.jsonl,60,599.0,6.0,measure,16,-200.0,346.41,no_signal
1,r01_20260912_232452.jsonl,61,605.0,6.0,measure,13,-200.0,346.41,no_signal
1,r01_20260912_232452.jsonl,62,611.0,6.0,measure,17,-200.0,346.41,no_signal
1,r01_20260912_232452.jsonl,63,617.0,6.0,measure,18,-200.0,346.41,no_signal
1,r01_20260912_232452.jsonl,64,623.0,6.0,measure,11,-200.0,346.41,no_signal
1,r01_20260912_232452.jsonl,65,629.0,6.0,measure,19,-200.0,346.41,no_signal
1,r01_20260912_232452.jsonl,66,635.0,6.0,measure,10,-200.0,346.41,no_signal
1,r01_20260912_232452.jsonl,67,641.0,6.0,measure,9,-200.0,346.41,no_signal
1,r01_20260912_232452.jsonl,68,647.0,6.0,measure,8,-200.0,346.41,no_signal
1,r01_20260912_232452.jsonl,69,653.0,6.0,measure,7,-200.0,346.41,no_signal
1,r01_20260912_232452.jsonl,70,659.0,6.0,measure,6,-200.0,346.41,no_signal
1,r01_20260912_232452.jsonl,71,665.0,6.0,measure,5,-200.0,346.41,no_signal
1,r01_20260912_232452.jsonl,72,671.0,6.0,measure,4,-200.0,346.41,no_signal
1,r01_20260912_232452.jsonl,73,677.0,6.0,measure,3,-200.0,346.41,no_signal
1,r01_20260912_232452.jsonl,74,683.0,6.0,measure,2,-200.0,346.41,no_signal
1,r01_20260912_232452.jsonl,75,689.0,6.0,measure,1,-200.0,346.41,no_signal
1,r01_20260912_232452.jsonl,76,695.0,6.0,measure,20,-200.0,346.41,direction
1,r01_20260912_232452.jsonl,77,701.0,6.0,measure,15,-200.0,346.41,no_signal
1,r01_20260912_232452.jsonl,78,787.0,86.0,measure,14,-400.0,0.0,no_signal
1,r01_20260912_232452.jsonl,79,793.0,6.0,measure,16,-400.0,0.0,no_signal
1,r01_20260912_232452.jsonl,80,799.0,6.0,measure,13,-400.0,0.0,no_signal
1,r01_20260912_232452.jsonl,81,805.0,6.0,measure,17,-400.0,0.0,no_signal
1,r01_20260912_232452.jsonl,82,811.0,6.0,measure,18,-400.0,0.0,no_signal
1,r01_20260912_232452.jsonl,83,817.0,6.0,measure,11,-400.0,0.0,no_signal
1,r01_20260912_232452.jsonl,84,823.0,6.0,measure,19,-400.0,0.0,direction
1,r01_20260912_232452.jsonl,85,829.0,6.0,measure,10,-400.0,0.0,no_signal
1,r01_20260912_232452.jsonl,86,835.0,6.0,measure,9,-400.0,0.0,no_signal
1,r01_20260912_232452.jsonl,87,841.0,6.0,measure,8,-400.0,0.0,no_signal
1,r01_20260912_232452.jsonl,88,847.0,6.0,measure,7,-400.0,0.0,no_signal
1,r01_20260912_232452.jsonl,89,853.0,6.0,measure,6,-400.0,0.0,no_signal
1,r01_20260912_232452.jsonl,90,859.0,6.0,measure,5,-400.0,0.0,no_signal
1,r01_20260912_232452.jsonl,91,865.0,6.0,measure,4,-400.0,0.0,no_signal
1,r01_20260912_232452.jsonl,92,871.0,6.0,measure,3,-400.0,0.0,no_signal
1,r01_20260912_232452.jsonl,93,877.0,6.0,measure,2,-400.0,0.0,no_signal
1,r01_20260912_232452.jsonl,94,883.0,6.0,measure,1,-400.0,0.0,no_signal
1,r01_20260912_232452.jsonl,95,889.0,6.0,measure,19,-400.0,0.0,direction
1,r01_20260912_232452.jsonl,96,895.0,6.0,measure,20,-400.0,0.0,direction
1,r01_20260912_232452.jsonl,97,1039.564,144.564,measure,18,200.0,-346.41,no_signal
1,r01_20260912_232452.jsonl,98,1045.564,6.0,measure,17,200.0,-346.41,no_signal
1,r01_20260912_232452.jsonl,99,1051.564,6.0,measure,16,200.0,-346.41,no_signal
1,r01_20260912_232452.jsonl,100,1057.564,6.0,measure,14,200.0,-346.41,no_signal
1,r01_20260912_232452.jsonl,101,1063.564,6.0,measure,13,200.0,-346.41,no_signal
1,r01_20260912_232452.jsonl,102,1069.564,6.0,measure,11,200.0,-346.41,no_signal
1,r01_20260912_232452.jsonl,103,1075.564,6.0,measure,10,200.0,-346.41,no_signal
1,r01_20260912_232452.jsonl,104,1081.564,6.0,measure,9,200.0,-346.41,no_signal
1,r01_20260912_232452.jsonl,105,1087.564,6.0,measure,8,200.0,-346.41,no_signal
1,r01_20260912_232452.jsonl,106,1093.564,6.0,measure,7,200.0,-346.41,no_signal
1,r01_20260912_232452.jsonl,107,1099.564,6.0,measure,6,200.0,-346.41,no_signal
1,r01_20260912_232452.jsonl,108,1105.564,6.0,measure,5,200.0,-346.41,no_signal
1,r01_20260912_232452.jsonl,109,1111.564,6.0,measure,4,200.0,-346.41,no_signal
1,r01_20260912_232452.jsonl,110,1117.564,6.0,measure,3,200.0,-346.41,no_signal
1,r01_20260912_232452.jsonl,111,1123.564,6.0,measure,2,200.0,-346.41,no_signal
1,r01_20260912_232452.jsonl,112,1129.564,6.0,measure,1,200.0,-346.41,no_signal
1,r01_20260912_232452.jsonl,113,1135.564,6.0,measure,12,200.0,-346.41,direction
1,r01_20260912_232452.jsonl,114,1141.564,6.0,measure,20,200.0,-346.41,direction
1,r01_20260912_232452.jsonl,115,1227.564,86.0,measure,18,-200.0,-346.41,no_signal
1,r01_20260912_232452.jsonl,116,1233.564,6.0,measure,17,-200.0,-346.41,no_signal
1,r01_20260912_232452.jsonl,117,1239.564,6.0,measure,16,-200.0,-346.41,no_signal
1,r01_20260912_232452.jsonl,118,1245.564,6.0,measure,14,-200.0,-346.41,no_signal
1,r01_20260912_232452.jsonl,119,1251.564,6.0,measure,13,-200.0,-346.41,no_signal
1,r01_20260912_232452.jsonl,120,1257.564,6.0,measure,11,-200.0,-346.41,no_signal
1,r01_20260912_232452.jsonl,121,1263.564,6.0,measure,10,-200.0,-346.41,no_signal
1,r01_20260912_232452.jsonl,122,1269.564,6.0,measure,9,-200.0,-346.41,no_signal
1,r01_20260912_232452.jsonl,123,1275.564,6.0,measure,8,-200.0,-346.41,no_signal
1,r01_20260912_232452.jsonl,124,1281.564,6.0,measure,7,-200.0,-346.41,no_signal
1,r01_20260912_232452.jsonl,125,1287.564,6.0,measure,6,-200.0,-346.41,no_signal
1,r01_20260912_232452.jsonl,126,1293.564,6.0,measure,5,-200.0,-346.41,no_signal
1,r01_20260912_232452.jsonl,127,1299.564,6.0,measure,4,-200.0,-346.41,no_signal
1,r01_20260912_232452.jsonl,128,1305.564,6.0,measure,3,-200.0,-346.41,no_signal
1,r01_20260912_232452.jsonl,129,1311.564,6.0,measure,2,-200.0,-346.41,no_signal
1,r01_20260912_232452.jsonl,130,1317.564,6.0,measure,1,-200.0,-346.41,no_signal
1,r01_20260912_232452.jsonl,131,1323.564,6.0,measure,19,-200.0,-346.41,direction
1,r01_20260912_232452.jsonl,132,1329.564,6.0,measure,12,-200.0,-346.41,direction
1,r01_20260912_232452.jsonl,133,1415.284,85.72,measure,20,-487.524,-622.474,no_signal
1,r01_20260912_232452.jsonl,134,1420.579,5.295,clear,20,-486.062,-622.671,success
1,r01_20260912_232452.jsonl,135,1547.143,126.564,measure,12,21.715,-947.559,direction
1,r01_20260912_232452.jsonl,136,1554.304,7.161,clear,12,23.859,-936.967,success
1,r01_20260912_232452.jsonl,137,1633.067,78.763,measure,11,-0.0,-1300.0,no_signal
1,r01_20260912_232452.jsonl,138,1639.067,6.0,measure,13,-0.0,-1300.0,no_signal
1,r01_20260912_232452.jsonl,139,1645.067,6.0,measure,10,-0.0,-1300.0,no_signal
1,r01_20260912_232452.jsonl,140,1651.067,6.0,measure,14,-0.0,-1300.0,no_signal
1,r01_20260912_232452.jsonl,141,1657.067,6.0,measure,9,-0.0,-1300.0,no_signal
1,r01_20260912_232452.jsonl,142,1663.067,6.0,measure,8,-0.0,-1300.0,no_signal
1,r01_20260912_232452.jsonl,143,1669.067,6.0,measure,16,-0.0,-1300.0,no_signal
1,r01_20260912_232452.jsonl,144,1675.067,6.0,measure,7,-0.0,-1300.0,no_signal
1,r01_20260912_232452.jsonl,145,1681.067,6.0,measure,17,-0.0,-1300.0,no_signal
1,r01_20260912_232452.jsonl,146,1687.067,6.0,measure,6,-0.0,-1300.0,no_signal
1,r01_20260912_232452.jsonl,147,1693.067,6.0,measure,18,-0.0,-1300.0,no_signal
1,r01_20260912_232452.jsonl,148,1699.067,6.0,measure,5,-0.0,-1300.0,no_signal
1,r01_20260912_232452.jsonl,149,1705.067,6.0,measure,4,-0.0,-1300.0,no_signal
1,r01_20260912_232452.jsonl,150,1711.067,6.0,measure,3,-0.0,-1300.0,no_signal
1,r01_20260912_232452.jsonl,151,1717.067,6.0,measure,2,-0.0,-1300.0,no_signal
1,r01_20260912_232452.jsonl,152,1723.067,6.0,measure,1,-0.0,-1300.0,no_signal
1,r01_20260912_232452.jsonl,153,1848.067,125.0,measure,1,-0.0,-1900.0,no_signal
1,r01_20260912_232452.jsonl,154,1854.067,6.0,measure,2,-0.0,-1900.0,no_signal
1,r01_20260912_232452.jsonl,155,1860.067,6.0,measure,3,-0.0,-1900.0,no_signal
1,r01_20260912_232452.jsonl,156,1866.067,6.0,measure,4,-0.0,-1900.0,no_signal
1,r01_20260912_232452.jsonl,157,1872.067,6.0,measure,5,-0.0,-1900.0,no_signal
1,r01_20260912_232452.jsonl,158,1878.067,6.0,measure,6,-0.0,-1900.0,no_signal
1,r01_20260912_232452.jsonl,159,1884.067,6.0,measure,7,-0.0,-1900.0,no_signal
1,r01_20260912_232452.jsonl,160,1890.067,6.0,measure,8,-0.0,-1900.0,no_signal
1,r01_20260912_232452.jsonl,161,1896.067,6.0,measure,9,-0.0,-1900.0,no_signal
1,r01_20260912_232452.jsonl,162,1902.067,6.0,measure,10,-0.0,-1900.0,no_signal
1,r01_20260912_232452.jsonl,163,1908.067,6.0,measure,11,-0.0,-1900.0,no_signal
1,r01_20260912_232452.jsonl,164,1914.067,6.0,measure,13,-0.0,-1900.0,no_signal
1,r01_20260912_232452.jsonl,165,1920.067,6.0,measure,14,-0.0,-1900.0,no_signal
1,r01_20260912_232452.jsonl,166,1926.067,6.0,measure,16,-0.0,-1900.0,no_signal
1,r01_20260912_232452.jsonl,167,1932.067,6.0,measure,17,-0.0,-1900.0,no_signal
1,r01_20260912_232452.jsonl,168,1938.067,6.0,measure,18,-0.0,-1900.0,no_signal
1,r01_20260912_232452.jsonl,169,2139.77,201.702,measure,18,950.0,-1645.448,no_signal
1,r01_20260912_232452.jsonl,170,2145.77,6.0,measure,17,950.0,-1645.448,no_signal
1,r01_20260912_232452.jsonl,171,2151.77,6.0,measure,16,950.0,-1645.448,no_signal
1,r01_20260912_232452.jsonl,172,2157.77,6.0,measure,14,950.0,-1645.448,direction
1,r01_20260912_232452.jsonl,173,2163.77,6.0,measure,13,950.0,-1645.448,no_signal
1,r01_20260912_232452.jsonl,174,2169.77,6.0,measure,11,950.0,-1645.448,no_signal
1,r01_20260912_232452.jsonl,175,2175.77,6.0,measure,10,950.0,-1645.448,no_signal
1,r01_20260912_232452.jsonl,176,2181.77,6.0,measure,9,950.0,-1645.448,no_signal
1,r01_20260912_232452.jsonl,177,2187.77,6.0,measure,8,950.0,-1645.448,no_signal
1,r01_20260912_232452.jsonl,178,2193.77,6.0,measure,7,950.0,-1645.448,no_signal
1,r01_20260912_232452.jsonl,179,2199.77,6.0,measure,6,950.0,-1645.448,no_signal
1,r01_20260912_232452.jsonl,180,2205.77,6.0,measure,5,950.0,-1645.448,no_signal
1,r01_20260912_232452.jsonl,181,2211.77,6.0,measure,4,950.0,-1645.448,no_signal
1,r01_20260912_232452.jsonl,182,2217.77,6.0,measure,3,950.0,-1645.448,no_signal
1,r01_20260912_232452.jsonl,183,2223.77,6.0,measure,2,950.0,-1645.448,no_signal
1,r01_20260912_232452.jsonl,184,2229.77,6.0,measure,1,950.0,-1645.448,no_signal
1,r01_20260912_232452.jsonl,185,2235.77,6.0,measure,14,950.0,-1645.448,direction
1,r01_20260912_232452.jsonl,186,2387.142,151.372,measure,13,919.239,-919.239,no_signal
1,r01_20260912_232452.jsonl,187,2393.142,6.0,measure,16,919.239,-919.239,no_signal
1,r01_20260912_232452.jsonl,188,2399.142,6.0,measure,11,919.239,-919.239,no_signal
1,r01_20260912_232452.jsonl,189,2405.142,6.0,measure,17,919.239,-919.239,no_signal
1,r01_20260912_232452.jsonl,190,2411.142,6.0,measure,10,919.239,-919.239,no_signal
1,r01_20260912_232452.jsonl,191,2417.142,6.0,measure,18,919.239,-919.239,no_signal
1,r01_20260912_232452.jsonl,192,2423.142,6.0,measure,9,919.239,-919.239,no_signal
1,r01_20260912_232452.jsonl,193,2429.142,6.0,measure,8,919.239,-919.239,no_signal
1,r01_20260912_232452.jsonl,194,2435.142,6.0,measure,7,919.239,-919.239,no_signal
1,r01_20260912_232452.jsonl,195,2441.142,6.0,measure,6,919.239,-919.239,no_signal
1,r01_20260912_232452.jsonl,196,2447.142,6.0,measure,5,919.239,-919.239,no_signal
1,r01_20260912_232452.jsonl,197,2453.142,6.0,measure,4,919.239,-919.239,no_signal
1,r01_20260912_232452.jsonl,198,2459.142,6.0,measure,3,919.239,-919.239,no_signal
1,r01_20260912_232452.jsonl,199,2465.142,6.0,measure,2,919.239,-919.239,no_signal
1,r01_20260912_232452.jsonl,200,2471.142,6.0,measure,1,919.239,-919.239,no_signal
1,r01_20260912_232452.jsonl,201,2477.142,6.0,measure,14,919.239,-919.239,direction
1,r01_20260912_232452.jsonl,202,2593.59,116.449,clear,14,567.078,-1351.098,success
1,r01_20260912_232452.jsonl,203,2829.7,236.11,measure,13,1645.448,-950.0,no_signal
1,r01_20260912_232452.jsonl,204,2835.7,6.0,measure,16,1645.448,-950.0,no_signal
1,r01_20260912_232452.jsonl,205,2841.7,6.0,measure,11,1645.448,-950.0,no_signal
1,r01_20260912_232452.jsonl,206,2847.7,6.0,measure,17,1645.448,-950.0,no_signal
1,r01_20260912_232452.jsonl,207,2853.7,6.0,measure,10,1645.448,-950.0,no_signal
1,r01_20260912_232452.jsonl,208,2859.7,6.0,measure,18,1645.448,-950.0,no_signal
1,r01_20260912_232452.jsonl,209,2865.7,6.0,measure,9,1645.448,-950.0,no_signal
1,r01_20260912_232452.jsonl,210,2871.7,6.0,measure,8,1645.448,-950.0,no_signal
1,r01_20260912_232452.jsonl,211,2877.7,6.0,measure,7,1645.448,-950.0,no_signal
1,r01_20260912_232452.jsonl,212,2883.7,6.0,measure,6,1645.448,-950.0,no_signal
1,r01_20260912_232452.jsonl,213,2889.7,6.0,measure,5,1645.448,-950.0,no_signal
1,r01_20260912_232452.jsonl,214,2895.7,6.0,measure,4,1645.448,-950.0,no_signal
1,r01_20260912_232452.jsonl,215,2901.7,6.0,measure,3,1645.448,-950.0,no_signal
1,r01_20260912_232452.jsonl,216,2907.7,6.0,measure,2,1645.448,-950.0,no_signal
1,r01_20260912_232452.jsonl,217,2913.7,6.0,measure,1,1645.448,-950.0,no_signal
1,r01_20260912_232452.jsonl,218,3120.872,207.172,measure,1,1300.0,0.0,no_signal
1,r01_20260912_232452.jsonl,219,3126.872,6.0,measure,2,1300.0,0.0,no_signal
1,r01_20260912_232452.jsonl,220,3132.872,6.0,measure,3,1300.0,0.0,no_signal
1,r01_20260912_232452.jsonl,221,3138.872,6.0,measure,4,1300.0,0.0,no_signal
1,r01_20260912_232452.jsonl,222,3144.872,6.0,measure,5,1300.0,0.0,no_signal
1,r01_20260912_232452.jsonl,223,3150.872,6.0,measure,6,1300.0,0.0,no_signal
1,r01_20260912_232452.jsonl,224,3156.872,6.0,measure,7,1300.0,0.0,no_signal
1,r01_20260912_232452.jsonl,225,3162.872,6.0,measure,8,1300.0,0.0,no_signal
1,r01_20260912_232452.jsonl,226,3168.872,6.0,measure,9,1300.0,0.0,direction
1,r01_20260912_232452.jsonl,227,3174.872,6.0,measure,10,1300.0,0.0,no_signal
1,r01_20260912_232452.jsonl,228,3180.872,6.0,measure,11,1300.0,0.0,no_signal
1,r01_20260912_232452.jsonl,229,3186.872,6.0,measure,13,1300.0,0.0,no_signal
1,r01_20260912_232452.jsonl,230,3192.872,6.0,measure,16,1300.0,0.0,no_signal
1,r01_20260912_232452.jsonl,231,3198.872,6.0,measure,17,1300.0,0.0,no_signal
1,r01_20260912_232452.jsonl,232,3204.872,6.0,measure,18,1300.0,0.0,no_signal
1,r01_20260912_232452.jsonl,233,3210.872,6.0,measure,9,1300.0,0.0,direction
1,r01_20260912_232452.jsonl,234,3336.872,126.0,measure,8,1900.0,0.0,no_signal
1,r01_20260912_232452.jsonl,235,3342.872,6.0,measure,10,1900.0,0.0,no_signal
1,r01_20260912_232452.jsonl,236,3348.872,6.0,measure,7,1900.0,0.0,no_signal
1,r01_20260912_232452.jsonl,237,3354.872,6.0,measure,11,1900.0,0.0,no_signal
1,r01_20260912_232452.jsonl,238,3360.872,6.0,measure,6,1900.0,0.0,no_signal
1,r01_20260912_232452.jsonl,239,3366.872,6.0,measure,5,1900.0,0.0,no_signal
1,r01_20260912_232452.jsonl,240,3372.872,6.0,measure,13,1900.0,0.0,no_signal
1,r01_20260912_232452.jsonl,241,3378.872,6.0,measure,4,1900.0,0.0,no_signal
1,r01_20260912_232452.jsonl,242,3384.872,6.0,measure,3,1900.0,0.0,no_signal
1,r01_20260912_232452.jsonl,243,3390.872,6.0,measure,2,1900.0,0.0,no_signal
1,r01_20260912_232452.jsonl,244,3396.872,6.0,measure,16,1900.0,0.0,no_signal
1,r01_20260912_232452.jsonl,245,3402.872,6.0,measure,1,1900.0,0.0,no_signal
1,r01_20260912_232452.jsonl,246,3408.872,6.0,measure,17,1900.0,0.0,no_signal
1,r01_20260912_232452.jsonl,247,3414.872,6.0,measure,18,1900.0,0.0,no_signal
1,r01_20260912_232452.jsonl,248,3616.574,201.702,measure,18,1645.448,950.0,no_signal
1,r01_20260912_232452.jsonl,249,3622.574,6.0,measure,17,1645.448,950.0,no_signal
1,r01_20260912_232452.jsonl,250,3628.574,6.0,measure,16,1645.448,950.0,no_signal
1,r01_20260912_232452.jsonl,251,3634.574,6.0,measure,13,1645.448,950.0,no_signal
1,r01_20260912_232452.jsonl,252,3640.574,6.0,measure,11,1645.448,950.0,no_signal
1,r01_20260912_232452.jsonl,253,3646.574,6.0,measure,10,1645.448,950.0,no_signal
1,r01_20260912_232452.jsonl,254,3652.574,6.0,measure,8,1645.448,950.0,no_signal
1,r01_20260912_232452.jsonl,255,3658.574,6.0,measure,7,1645.448,950.0,no_signal
1,r01_20260912_232452.jsonl,256,3664.574,6.0,measure,6,1645.448,950.0,no_signal
1,r01_20260912_232452.jsonl,257,3670.574,6.0,measure,5,1645.448,950.0,no_signal
1,r01_20260912_232452.jsonl,258,3676.574,6.0,measure,4,1645.448,950.0,no_signal
1,r01_20260912_232452.jsonl,259,3682.574,6.0,measure,3,1645.448,950.0,no_signal
1,r01_20260912_232452.jsonl,260,3688.574,6.0,measure,2,1645.448,950.0,no_signal
1,r01_20260912_232452.jsonl,261,3694.574,6.0,measure,1,1645.448,950.0,no_signal
1,r01_20260912_232452.jsonl,262,3700.574,6.0,measure,9,1645.448,950.0,direction
1,r01_20260912_232452.jsonl,263,3706.574,6.0,measure,15,1645.448,950.0,no_signal
1,r01_20260912_232452.jsonl,264,3857.946,151.372,measure,16,919.239,919.239,no_signal
1,r01_20260912_232452.jsonl,265,3863.946,6.0,measure,13,919.239,919.239,no_signal
1,r01_20260912_232452.jsonl,266,3869.946,6.0,measure,17,919.239,919.239,no_signal
1,r01_20260912_232452.jsonl,267,3875.946,6.0,measure,18,919.239,919.239,direction
1,r01_20260912_232452.jsonl,268,3881.946,6.0,measure,11,919.239,919.239,no_signal
1,r01_20260912_232452.jsonl,269,3887.946,6.0,measure,10,919.239,919.239,no_signal
1,r01_20260912_232452.jsonl,270,3893.946,6.0,measure,8,919.239,919.239,no_signal
1,r01_20260912_232452.jsonl,271,3899.946,6.0,measure,7,919.239,919.239,no_signal
1,r01_20260912_232452.jsonl,272,3905.946,6.0,measure,6,919.239,919.239,no_signal
1,r01_20260912_232452.jsonl,273,3911.946,6.0,measure,5,919.239,919.239,no_signal
1,r01_20260912_232452.jsonl,274,3917.946,6.0,measure,4,919.239,919.239,no_signal
1,r01_20260912_232452.jsonl,275,3923.946,6.0,measure,3,919.239,919.239,no_signal
1,r01_20260912_232452.jsonl,276,3929.946,6.0,measure,2,919.239,919.239,no_signal
1,r01_20260912_232452.jsonl,277,3935.946,6.0,measure,1,919.239,919.239,no_signal
1,r01_20260912_232452.jsonl,278,3941.946,6.0,measure,15,919.239,919.239,no_signal
1,r01_20260912_232452.jsonl,279,3947.946,6.0,measure,18,919.239,919.239,direction
1,r01_20260912_232452.jsonl,280,4015.107,67.161,measure,9,677.342,732.151,no_signal
1,r01_20260912_232452.jsonl,281,4020.236,5.13,clear,9,677.959,731.952,success
1,r01_20260912_232452.jsonl,282,4216.865,196.629,measure,8,950.0,1645.448,no_signal
1,r01_20260912_232452.jsonl,283,4222.865,6.0,measure,10,950.0,1645.448,no_signal
1,r01_20260912_232452.jsonl,284,4228.865,6.0,measure,7,950.0,1645.448,no_signal
1,r01_20260912_232452.jsonl,285,4234.865,6.0,measure,11,950.0,1645.448,no_signal
1,r01_20260912_232452.jsonl,286,4240.865,6.0,measure,6,950.0,1645.448,no_signal
1,r01_20260912_232452.jsonl,287,4246.865,6.0,measure,5,950.0,1645.448,no_signal
1,r01_20260912_232452.jsonl,288,4252.865,6.0,measure,13,950.0,1645.448,no_signal
1,r01_20260912_232452.jsonl,289,4258.865,6.0,measure,4,950.0,1645.448,no_signal
1,r01_20260912_232452.jsonl,290,4264.865,6.0,measure,3,950.0,1645.448,no_signal
1,r01_20260912_232452.jsonl,291,4270.865,6.0,measure,2,950.0,1645.448,no_signal
1,r01_20260912_232452.jsonl,292,4276.865,6.0,measure,16,950.0,1645.448,no_signal
1,r01_20260912_232452.jsonl,293,4282.865,6.0,measure,1,950.0,1645.448,no_signal
1,r01_20260912_232452.jsonl,294,4288.865,6.0,measure,17,950.0,1645.448,no_signal
1,r01_20260912_232452.jsonl,295,4294.865,6.0,measure,15,950.0,1645.448,no_signal
1,r01_20260912_232452.jsonl,296,4300.865,6.0,measure,18,950.0,1645.448,direction
1,r01_20260912_232452.jsonl,297,4442.486,141.621,clear,18,1027.821,966.791,success
1,r01_20260912_232452.jsonl,298,4664.583,222.097,measure,17,0.0,1300.0,no_signal
1,r01_20260912_232452.jsonl,299,4670.583,6.0,measure,16,0.0,1300.0,no_signal
1,r01_20260912_232452.jsonl,300,4676.583,6.0,measure,13,0.0,1300.0,no_signal
1,r01_20260912_232452.jsonl,301,4682.583,6.0,measure,11,0.0,1300.0,no_signal
1,r01_20260912_232452.jsonl,302,4688.583,6.0,measure,10,0.0,1300.0,no_signal
1,r01_20260912_232452.jsonl,303,4694.583,6.0,measure,8,0.0,1300.0,no_signal
1,r01_20260912_232452.jsonl,304,4700.583,6.0,measure,7,0.0,1300.0,no_signal
1,r01_20260912_232452.jsonl,305,4706.583,6.0,measure,6,0.0,1300.0,no_signal
1,r01_20260912_232452.jsonl,306,4712.583,6.0,measure,5,0.0,1300.0,no_signal
1,r01_20260912_232452.jsonl,307,4718.583,6.0,measure,4,0.0,1300.0,no_signal
1,r01_20260912_232452.jsonl,308,4724.583,6.0,measure,3,0.0,1300.0,no_signal
1,r01_20260912_232452.jsonl,309,4730.583,6.0,measure,2,0.0,1300.0,no_signal
1,r01_20260912_232452.jsonl,310,4736.583,6.0,measure,1,0.0,1300.0,no_signal
1,r01_20260912_232452.jsonl,311,4742.583,6.0,measure,15,0.0,1300.0,direction
1,r01_20260912_232452.jsonl,312,4910.415,167.833,measure,15,778.61,1537.969,direction
1,r01_20260912_232452.jsonl,313,4917.159,6.743,clear,15,784.947,1531.985,success
1,r01_20260912_232452.jsonl,314,5096.546,179.387,measure,16,0.0,1900.0,no_signal
1,r01_20260912_232452.jsonl,315,5102.546,6.0,measure,13,0.0,1900.0,no_signal
1,r01_20260912_232452.jsonl,316,5108.546,6.0,measure,17,0.0,1900.0,no_signal
1,r01_20260912_232452.jsonl,317,5114.546,6.0,measure,11,0.0,1900.0,no_signal
1,r01_20260912_232452.jsonl,318,5120.546,6.0,measure,10,0.0,1900.0,no_signal
1,r01_20260912_232452.jsonl,319,5126.546,6.0,measure,8,0.0,1900.0,no_signal
1,r01_20260912_232452.jsonl,320,5132.546,6.0,measure,7,0.0,1900.0,no_signal
1,r01_20260912_232452.jsonl,321,5138.546,6.0,measure,6,0.0,1900.0,no_signal
1,r01_20260912_232452.jsonl,322,5144.546,6.0,measure,5,0.0,1900.0,no_signal
1,r01_20260912_232452.jsonl,323,5150.546,6.0,measure,4,0.0,1900.0,no_signal
1,r01_20260912_232452.jsonl,324,5156.546,6.0,measure,3,0.0,1900.0,no_signal
1,r01_20260912_232452.jsonl,325,5162.546,6.0,measure,2,0.0,1900.0,no_signal
1,r01_20260912_232452.jsonl,326,5168.546,6.0,measure,1,0.0,1900.0,no_signal
1,r01_20260912_232452.jsonl,327,5370.248,201.702,measure,1,-950.0,1645.448,no_signal
1,r01_20260912_232452.jsonl,328,5376.248,6.0,measure,2,-950.0,1645.448,no_signal
1,r01_20260912_232452.jsonl,329,5382.248,6.0,measure,3,-950.0,1645.448,no_signal
1,r01_20260912_232452.jsonl,330,5388.248,6.0,measure,4,-950.0,1645.448,no_signal
1,r01_20260912_232452.jsonl,331,5394.248,6.0,measure,5,-950.0,1645.448,no_signal
1,r01_20260912_232452.jsonl,332,5400.248,6.0,measure,6,-950.0,1645.448,no_signal
1,r01_20260912_232452.jsonl,333,5406.248,6.0,measure,7,-950.0,1645.448,no_signal
1,r01_20260912_232452.jsonl,334,5412.248,6.0,measure,8,-950.0,1645.448,no_signal
1,r01_20260912_232452.jsonl,335,5418.248,6.0,measure,10,-950.0,1645.448,no_signal
1,r01_20260912_232452.jsonl,336,5424.248,6.0,measure,11,-950.0,1645.448,direction
1,r01_20260912_232452.jsonl,337,5430.248,6.0,measure,13,-950.0,1645.448,no_signal
1,r01_20260912_232452.jsonl,338,5436.248,6.0,measure,16,-950.0,1645.448,no_signal
1,r01_20260912_232452.jsonl,339,5442.248,6.0,measure,17,-950.0,1645.448,no_signal
1,r01_20260912_232452.jsonl,340,5448.248,6.0,measure,11,-950.0,1645.448,direction
1,r01_20260912_232452.jsonl,341,5599.62,151.372,measure,10,-919.239,919.239,no_signal
1,r01_20260912_232452.jsonl,342,5605.62,6.0,measure,13,-919.239,919.239,no_signal
1,r01_20260912_232452.jsonl,343,5611.62,6.0,measure,8,-919.239,919.239,no_signal
1,r01_20260912_232452.jsonl,344,5617.62,6.0,measure,7,-919.239,919.239,no_signal
1,r01_20260912_232452.jsonl,345,5623.62,6.0,measure,6,-919.239,919.239,no_signal
1,r01_20260912_232452.jsonl,346,5629.62,6.0,measure,16,-919.239,919.239,no_signal
1,r01_20260912_232452.jsonl,347,5635.62,6.0,measure,5,-919.239,919.239,no_signal
1,r01_20260912_232452.jsonl,348,5641.62,6.0,measure,17,-919.239,919.239,no_signal
1,r01_20260912_232452.jsonl,349,5647.62,6.0,measure,4,-919.239,919.239,no_signal
1,r01_20260912_232452.jsonl,350,5653.62,6.0,measure,3,-919.239,919.239,no_signal
1,r01_20260912_232452.jsonl,351,5659.62,6.0,measure,2,-919.239,919.239,no_signal
1,r01_20260912_232452.jsonl,352,5665.62,6.0,measure,1,-919.239,919.239,no_signal
1,r01_20260912_232452.jsonl,353,5671.62,6.0,measure,11,-919.239,919.239,direction
1,r01_20260912_232452.jsonl,354,5771.62,100.0,clear,11,-493.993,1130.88,success
1,r01_20260912_232452.jsonl,355,6010.735,239.115,measure,10,-1645.448,950.0,no_signal
1,r01_20260912_232452.jsonl,356,6016.735,6.0,measure,13,-1645.448,950.0,no_signal
1,r01_20260912_232452.jsonl,357,6022.735,6.0,measure,8,-1645.448,950.0,no_signal
1,r01_20260912_232452.jsonl,358,6028.735,6.0,measure,7,-1645.448,950.0,no_signal
1,r01_20260912_232452.jsonl,359,6034.735,6.0,measure,6,-1645.448,950.0,no_signal
1,r01_20260912_232452.jsonl,360,6040.735,6.0,measure,16,-1645.448,950.0,no_signal
1,r01_20260912_232452.jsonl,361,6046.735,6.0,measure,5,-1645.448,950.0,no_signal
1,r01_20260912_232452.jsonl,362,6052.735,6.0,measure,17,-1645.448,950.0,no_signal
1,r01_20260912_232452.jsonl,363,6058.735,6.0,measure,4,-1645.448,950.0,no_signal
1,r01_20260912_232452.jsonl,364,6064.735,6.0,measure,3,-1645.448,950.0,no_signal
1,r01_20260912_232452.jsonl,365,6070.735,6.0,measure,2,-1645.448,950.0,no_signal
1,r01_20260912_232452.jsonl,366,6076.735,6.0,measure,1,-1645.448,950.0,no_signal
1,r01_20260912_232452.jsonl,367,6278.438,201.702,measure,1,-1900.0,0.0,direction
1,r01_20260912_232452.jsonl,368,6284.438,6.0,measure,2,-1900.0,0.0,no_signal
1,r01_20260912_232452.jsonl,369,6290.438,6.0,measure,3,-1900.0,0.0,no_signal
1,r01_20260912_232452.jsonl,370,6296.438,6.0,measure,4,-1900.0,0.0,no_signal
1,r01_20260912_232452.jsonl,371,6302.438,6.0,measure,5,-1900.0,0.0,no_signal
1,r01_20260912_232452.jsonl,372,6308.438,6.0,measure,6,-1900.0,0.0,direction
1,r01_20260912_232452.jsonl,373,6314.438,6.0,measure,7,-1900.0,0.0,no_signal
1,r01_20260912_232452.jsonl,374,6320.438,6.0,measure,8,-1900.0,0.0,no_signal
1,r01_20260912_232452.jsonl,375,6326.438,6.0,measure,10,-1900.0,0.0,no_signal
1,r01_20260912_232452.jsonl,376,6332.438,6.0,measure,13,-1900.0,0.0,no_signal
1,r01_20260912_232452.jsonl,377,6338.438,6.0,measure,16,-1900.0,0.0,no_signal
1,r01_20260912_232452.jsonl,378,6344.438,6.0,measure,17,-1900.0,0.0,no_signal
1,r01_20260912_232452.jsonl,379,6350.438,6.0,measure,1,-1900.0,0.0,direction
1,r01_20260912_232452.jsonl,380,6356.438,6.0,measure,6,-1900.0,0.0,direction
1,r01_20260912_232452.jsonl,381,6482.438,126.0,measure,5,-1300.0,0.0,no_signal
1,r01_20260912_232452.jsonl,382,6488.438,6.0,measure,7,-1300.0,0.0,no_signal
1,r01_20260912_232452.jsonl,383,6494.438,6.0,measure,4,-1300.0,0.0,no_signal
1,r01_20260912_232452.jsonl,384,6500.438,6.0,measure,8,-1300.0,0.0,no_signal
1,r01_20260912_232452.jsonl,385,6506.438,6.0,measure,3,-1300.0,0.0,no_signal
1,r01_20260912_232452.jsonl,386,6512.438,6.0,measure,2,-1300.0,0.0,no_signal
1,r01_20260912_232452.jsonl,387,6518.438,6.0,measure,10,-1300.0,0.0,no_signal
1,r01_20260912_232452.jsonl,388,6524.438,6.0,measure,13,-1300.0,0.0,no_signal
1,r01_20260912_232452.jsonl,389,6530.438,6.0,measure,16,-1300.0,0.0,no_signal
1,r01_20260912_232452.jsonl,390,6536.438,6.0,measure,17,-1300.0,0.0,no_signal
1,r01_20260912_232452.jsonl,391,6542.438,6.0,measure,1,-1300.0,0.0,direction
1,r01_20260912_232452.jsonl,392,6610.18,67.742,clear,1,-1373.232,-305.044,success
1,r01_20260912_232452.jsonl,393,6678.922,68.742,measure,6,-1300.0,0.0,direction
1,r01_20260912_232452.jsonl,394,6827.047,148.125,measure,6,-1656.244,620.65,no_signal
1,r01_20260912_232452.jsonl,395,6832.172,5.125,clear,6,-1656.188,620.03,success
1,r01_20260912_232452.jsonl,396,7152.185,320.013,measure,5,-1645.448,-950.0,no_signal
1,r01_20260912_232452.jsonl,397,7158.185,6.0,measure,7,-1645.448,-950.0,no_signal
1,r01_20260912_232452.jsonl,398,7164.185,6.0,measure,4,-1645.448,-950.0,no_signal
1,r01_20260912_232452.jsonl,399,7170.185,6.0,measure,8,-1645.448,-950.0,no_signal
1,r01_20260912_232452.jsonl,400,7176.185,6.0,measure,3,-1645.448,-950.0,no_signal
1,r01_20260912_232452.jsonl,401,7182.185,6.0,measure,2,-1645.448,-950.0,no_signal
1,r01_20260912_232452.jsonl,402,7188.185,6.0,measure,10,-1645.448,-950.0,no_signal
1,r01_20260912_232452.jsonl,403,7194.185,6.0,measure,13,-1645.448,-950.0,no_signal
1,r01_20260912_232452.jsonl,404,7200.185,6.0,measure,16,-1645.448,-950.0,no_signal
1,r01_20260912_232452.jsonl,405,7206.185,6.0,measure,17,-1645.448,-950.0,no_signal
1,r01_20260912_232452.jsonl,406,7212.185,6.0,measure,19,-1645.448,-950.0,direction
1,r01_20260912_232452.jsonl,407,7371.68,159.495,measure,19,-1269.686,-275.075,direction
1,r01_20260912_232452.jsonl,408,7378.233,6.553,clear,19,-1277.45,-274.924,success
1,r01_20260912_232452.jsonl,409,7531.672,153.439,measure,17,-919.239,-919.239,no_signal
1,r01_20260912_232452.jsonl,410,7537.672,6.0,measure,16,-919.239,-919.239,no_signal
1,r01_20260912_232452.jsonl,411,7543.672,6.0,measure,13,-919.239,-919.239,no_signal
1,r01_20260912_232452.jsonl,412,7549.672,6.0,measure,10,-919.239,-919.239,no_signal
1,r01_20260912_232452.jsonl,413,7555.672,6.0,measure,8,-919.239,-919.239,no_signal
1,r01_20260912_232452.jsonl,414,7561.672,6.0,measure,7,-919.239,-919.239,no_signal
1,r01_20260912_232452.jsonl,415,7567.672,6.0,measure,5,-919.239,-919.239,no_signal
1,r01_20260912_232452.jsonl,416,7573.672,6.0,measure,4,-919.239,-919.239,no_signal
1,r01_20260912_232452.jsonl,417,7579.672,6.0,measure,3,-919.239,-919.239,no_signal
1,r01_20260912_232452.jsonl,418,7585.672,6.0,measure,2,-919.239,-919.239,no_signal
1,r01_20260912_232452.jsonl,419,7736.044,150.372,measure,2,-950.0,-1645.448,no_signal
1,r01_20260912_232452.jsonl,420,7742.044,6.0,measure,3,-950.0,-1645.448,no_signal
1,r01_20260912_232452.jsonl,421,7748.044,6.0,measure,4,-950.0,-1645.448,no_signal
1,r01_20260912_232452.jsonl,422,7754.044,6.0,measure,5,-950.0,-1645.448,no_signal
1,r01_20260912_232452.jsonl,423,7760.044,6.0,measure,7,-950.0,-1645.448,no_signal
1,r01_20260912_232452.jsonl,424,7766.044,6.0,measure,8,-950.0,-1645.448,no_signal
1,r01_20260912_232452.jsonl,425,7772.044,6.0,measure,10,-950.0,-1645.448,no_signal
1,r01_20260912_232452.jsonl,426,7778.044,6.0,measure,13,-950.0,-1645.448,no_signal
1,r01_20260912_232452.jsonl,427,7784.044,6.0,measure,16,-950.0,-1645.448,no_signal
1,r01_20260912_232452.jsonl,428,7790.044,6.0,measure,17,-950.0,-1645.448,no_signal
1,r01_20260912_232452.jsonl,429,7790.044,0.0,exit,,,,
2,r02_20260912_232504.jsonl,0,0.0,0.0,enter,,,,
2,r02_20260912_232504.jsonl,1,5.0,5.0,measure,1,0.0,0.0,no_signal
2,r02_20260912_232504.jsonl,2,11.0,6.0,measure,2,0.0,0.0,no_signal
2,r02_20260912_232504.jsonl,3,17.0,6.0,measure,3,0.0,0.0,no_signal
2,r02_20260912_232504.jsonl,4,23.0,6.0,measure,4,0.0,0.0,no_signal
2,r02_20260912_232504.jsonl,5,29.0,6.0,measure,5,0.0,0.0,no_signal
2,r02_20260912_232504.jsonl,6,35.0,6.0,measure,6,0.0,0.0,no_signal
2,r02_20260912_232504.jsonl,7,41.0,6.0,measure,7,0.0,0.0,no_signal
2,r02_20260912_232504.jsonl,8,47.0,6.0,measure,8,0.0,0.0,no_signal
2,r02_20260912_232504.jsonl,9,53.0,6.0,measure,9,0.0,0.0,no_signal
2,r02_20260912_232504.jsonl,10,59.0,6.0,measure,10,0.0,0.0,no_signal
2,r02_20260912_232504.jsonl,11,65.0,6.0,measure,11,0.0,0.0,no_signal
2,r02_20260912_232504.jsonl,12,71.0,6.0,measure,12,0.0,0.0,no_signal
2,r02_20260912_232504.jsonl,13,77.0,6.0,measure,13,0.0,0.0,no_signal
2,r02_20260912_232504.jsonl,14,83.0,6.0,measure,14,0.0,0.0,no_signal
2,r02_20260912_232504.jsonl,15,89.0,6.0,measure,15,0.0,0.0,no_signal
2,r02_20260912_232504.jsonl,16,95.0,6.0,measure,16,0.0,0.0,no_signal
2,r02_20260912_232504.jsonl,17,101.0,6.0,measure,17,0.0,0.0,no_signal
2,r02_20260912_232504.jsonl,18,107.0,6.0,measure,18,0.0,0.0,no_signal
2,r02_20260912_232504.jsonl,19,113.0,6.0,measure,19,0.0,0.0,direction
2,r02_20260912_232504.jsonl,20,119.0,6.0,measure,20,0.0,0.0,no_signal
2,r02_20260912_232504.jsonl,21,204.0,85.0,measure,20,400.0,0.0,no_signal
2,r02_20260912_232504.jsonl,22,210.0,6.0,measure,18,400.0,0.0,no_signal
2,r02_20260912_232504.jsonl,23,216.0,6.0,measure,17,400.0,0.0,no_signal
2,r02_20260912_232504.jsonl,24,222.0,6.0,measure,16,400.0,0.0,no_signal
2,r02_20260912_232504.jsonl,25,228.0,6.0,measure,15,400.0,0.0,no_signal
2,r02_20260912_232504.jsonl,26,234.0,6.0,measure,14,400.0,0.0,no_signal
2,r02_20260912_232504.jsonl,27,240.0,6.0,measure,13,400.0,0.0,no_signal
2,r02_20260912_232504.jsonl,28,246.0,6.0,measure,12,400.0,0.0,no_signal
2,r02_20260912_232504.jsonl,29,252.0,6.0,measure,11,400.0,0.0,no_signal
2,r02_20260912_232504.jsonl,30,258.0,6.0,measure,10,400.0,0.0,direction
2,r02_20260912_232504.jsonl,31,264.0,6.0,measure,9,400.0,0.0,no_signal
2,r02_20260912_232504.jsonl,32,270.0,6.0,measure,8,400.0,0.0,no_signal
2,r02_20260912_232504.jsonl,33,276.0,6.0,measure,7,400.0,0.0,no_signal
2,r02_20260912_232504.jsonl,34,282.0,6.0,measure,6,400.0,0.0,no_signal
2,r02_20260912_232504.jsonl,35,288.0,6.0,measure,5,400.0,0.0,no_signal
2,r02_20260912_232504.jsonl,36,294.0,6.0,measure,4,400.0,0.0,no_signal
2,r02_20260912_232504.jsonl,37,300.0,6.0,measure,3,400.0,0.0,no_signal
2,r02_20260912_232504.jsonl,38,306.0,6.0,measure,2,400.0,0.0,no_signal
2,r02_20260912_232504.jsonl,39,312.0,6.0,measure,1,400.0,0.0,no_signal
2,r02_20260912_232504.jsonl,40,318.0,6.0,measure,19,400.0,0.0,direction
2,r02_20260912_232504.jsonl,41,324.0,6.0,measure,10,400.0,0.0,direction
2,r02_20260912_232504.jsonl,42,410.0,86.0,measure,9,200.0,346.41,no_signal
2,r02_20260912_232504.jsonl,43,416.0,6.0,measure,11,200.0,346.41,no_signal
2,r02_20260912_232504.jsonl,44,422.0,6.0,measure,8,200.0,346.41,no_signal
2,r02_20260912_232504.jsonl,45,428.0,6.0,measure,12,200.0,346.41,no_signal
2,r02_20260912_232504.jsonl,46,434.0,6.0,measure,7,200.0,346.41,no_signal
2,r02_20260912_232504.jsonl,47,440.0,6.0,measure,13,200.0,346.41,no_signal
2,r02_20260912_232504.jsonl,48,446.0,6.0,measure,6,200.0,346.41,no_signal
2,r02_20260912_232504.jsonl,49,452.0,6.0,measure,14,200.0,346.41,no_signal
2,r02_20260912_232504.jsonl,50,458.0,6.0,measure,5,200.0,346.41,no_signal
2,r02_20260912_232504.jsonl,51,464.0,6.0,measure,15,200.0,346.41,no_signal
2,r02_20260912_232504.jsonl,52,470.0,6.0,measure,4,200.0,346.41,no_signal
2,r02_20260912_232504.jsonl,53,476.0,6.0,measure,16,200.0,346.41,no_signal
2,r02_20260912_232504.jsonl,54,482.0,6.0,measure,3,200.0,346.41,no_signal
2,r02_20260912_232504.jsonl,55,488.0,6.0,measure,17,200.0,346.41,no_signal
2,r02_20260912_232504.jsonl,56,494.0,6.0,measure,2,200.0,346.41,no_signal
2,r02_20260912_232504.jsonl,57,500.0,6.0,measure,18,200.0,346.41,no_signal
2,r02_20260912_232504.jsonl,58,506.0,6.0,measure,1,200.0,346.41,no_signal
2,r02_20260912_232504.jsonl,59,512.0,6.0,measure,20,200.0,346.41,no_signal
2,r02_20260912_232504.jsonl,60,518.0,6.0,measure,10,200.0,346.41,no_signal
2,r02_20260912_232504.jsonl,61,524.0,6.0,measure,19,200.0,346.41,direction
2,r02_20260912_232504.jsonl,62,610.0,86.0,measure,18,-200.0,346.41,no_signal
2,r02_20260912_232504.jsonl,63,616.0,6.0,measure,20,-200.0,346.41,no_signal
2,r02_20260912_232504.jsonl,64,622.0,6.0,measure,17,-200.0,346.41,no_signal
2,r02_20260912_232504.jsonl,65,628.0,6.0,measure,16,-200.0,346.41,no_signal
2,r02_20260912_232504.jsonl,66,634.0,6.0,measure,15,-200.0,346.41,no_signal
2,r02_20260912_232504.jsonl,67,640.0,6.0,measure,14,-200.0,346.41,no_signal
2,r02_20260912_232504.jsonl,68,646.0,6.0,measure,13,-200.0,346.41,no_signal
2,r02_20260912_232504.jsonl,69,652.0,6.0,measure,12,-200.0,346.41,no_signal
2,r02_20260912_232504.jsonl,70,658.0,6.0,measure,11,-200.0,346.41,no_signal
2,r02_20260912_232504.jsonl,71,664.0,6.0,measure,9,-200.0,346.41,no_signal
2,r02_20260912_232504.jsonl,72,670.0,6.0,measure,8,-200.0,346.41,no_signal
2,r02_20260912_232504.jsonl,73,676.0,6.0,measure,7,-200.0,346.41,no_signal
2,r02_20260912_232504.jsonl,74,682.0,6.0,measure,6,-200.0,346.41,no_signal
2,r02_20260912_232504.jsonl,75,688.0,6.0,measure,5,-200.0,346.41,no_signal
2,r02_20260912_232504.jsonl,76,694.0,6.0,measure,4,-200.0,346.41,no_signal
2,r02_20260912_232504.jsonl,77,700.0,6.0,measure,3,-200.0,346.41,no_signal
2,r02_20260912_232504.jsonl,78,706.0,6.0,measure,2,-200.0,346.41,no_signal
2,r02_20260912_232504.jsonl,79,712.0,6.0,measure,1,-200.0,346.41,no_signal
2,r02_20260912_232504.jsonl,80,718.0,6.0,measure,10,-200.0,346.41,no_signal
2,r02_20260912_232504.jsonl,81,724.0,6.0,measure,19,-200.0,346.41,direction
2,r02_20260912_232504.jsonl,82,810.0,86.0,measure,18,-400.0,0.0,no_signal
2,r02_20260912_232504.jsonl,83,816.0,6.0,measure,20,-400.0,0.0,no_signal
2,r02_20260912_232504.jsonl,84,822.0,6.0,measure,17,-400.0,0.0,no_signal
2,r02_20260912_232504.jsonl,85,828.0,6.0,measure,16,-400.0,0.0,no_signal
2,r02_20260912_232504.jsonl,86,834.0,6.0,measure,15,-400.0,0.0,no_signal
2,r02_20260912_232504.jsonl,87,840.0,6.0,measure,14,-400.0,0.0,no_signal
2,r02_20260912_232504.jsonl,88,846.0,6.0,measure,13,-400.0,0.0,no_signal
2,r02_20260912_232504.jsonl,89,852.0,6.0,measure,12,-400.0,0.0,no_signal
2,r02_20260912_232504.jsonl,90,858.0,6.0,measure,11,-400.0,0.0,no_signal
2,r02_20260912_232504.jsonl,91,864.0,6.0,measure,9,-400.0,0.0,no_signal
2,r02_20260912_232504.jsonl,92,870.0,6.0,measure,8,-400.0,0.0,no_signal
2,r02_20260912_232504.jsonl,93,876.0,6.0,measure,7,-400.0,0.0,no_signal
2,r02_20260912_232504.jsonl,94,882.0,6.0,measure,6,-400.0,0.0,no_signal
2,r02_20260912_232504.jsonl,95,888.0,6.0,measure,5,-400.0,0.0,no_signal
2,r02_20260912_232504.jsonl,96,894.0,6.0,measure,4,-400.0,0.0,no_signal
2,r02_20260912_232504.jsonl,97,900.0,6.0,measure,3,-400.0,0.0,no_signal
2,r02_20260912_232504.jsonl,98,906.0,6.0,measure,2,-400.0,0.0,no_signal
2,r02_20260912_232504.jsonl,99,912.0,6.0,measure,1,-400.0,0.0,direction
2,r02_20260912_232504.jsonl,100,917.0,5.0,measure,1,-400.0,0.0,direction
2,r02_20260912_232504.jsonl,101,923.0,6.0,measure,10,-400.0,0.0,no_signal
2,r02_20260912_232504.jsonl,102,1009.0,86.0,measure,9,-200.0,-346.41,no_signal
2,r02_20260912_232504.jsonl,103,1015.0,6.0,measure,11,-200.0,-346.41,no_signal
2,r02_20260912_232504.jsonl,104,1021.0,6.0,measure,8,-200.0,-346.41,no_signal
2,r02_20260912_232504.jsonl,105,1027.0,6.0,measure,12,-200.0,-346.41,no_signal
2,r02_20260912_232504.jsonl,106,1033.0,6.0,measure,7,-200.0,-346.41,no_signal
2,r02_20260912_232504.jsonl,107,1039.0,6.0,measure,13,-200.0,-346.41,no_signal
2,r02_20260912_232504.jsonl,108,1045.0,6.0,measure,6,-200.0,-346.41,direction
2,r02_20260912_232504.jsonl,109,1051.0,6.0,measure,14,-200.0,-346.41,no_signal
2,r02_20260912_232504.jsonl,110,1057.0,6.0,measure,5,-200.0,-346.41,no_signal
2,r02_20260912_232504.jsonl,111,1063.0,6.0,measure,15,-200.0,-346.41,no_signal
2,r02_20260912_232504.jsonl,112,1069.0,6.0,measure,4,-200.0,-346.41,no_signal
2,r02_20260912_232504.jsonl,113,1075.0,6.0,measure,16,-200.0,-346.41,direction
2,r02_20260912_232504.jsonl,114,1081.0,6.0,measure,3,-200.0,-346.41,no_signal
2,r02_20260912_232504.jsonl,115,1087.0,6.0,measure,17,-200.0,-346.41,no_signal
2,r02_20260912_232504.jsonl,116,1093.0,6.0,measure,2,-200.0,-346.41,no_signal
2,r02_20260912_232504.jsonl,117,1099.0,6.0,measure,18,-200.0,-346.41,no_signal
2,r02_20260912_232504.jsonl,118,1105.0,6.0,measure,20,-200.0,-346.41,no_signal
2,r02_20260912_232504.jsonl,119,1111.0,6.0,measure,16,-200.0,-346.41,direction
2,r02_20260912_232504.jsonl,120,1117.0,6.0,measure,10,-200.0,-346.41,no_signal
2,r02_20260912_232504.jsonl,121,1203.0,86.0,measure,9,200.0,-346.41,no_signal
2,r02_20260912_232504.jsonl,122,1209.0,6.0,measure,11,200.0,-346.41,no_signal
2,r02_20260912_232504.jsonl,123,1215.0,6.0,measure,8,200.0,-346.41,no_signal
2,r02_20260912_232504.jsonl,124,1221.0,6.0,measure,12,200.0,-346.41,no_signal
2,r02_20260912_232504.jsonl,125,1227.0,6.0,measure,7,200.0,-346.41,no_signal
2,r02_20260912_232504.jsonl,126,1233.0,6.0,measure,13,200.0,-346.41,direction
2,r02_20260912_232504.jsonl,127,1239.0,6.0,measure,14,200.0,-346.41,no_signal
2,r02_20260912_232504.jsonl,128,1245.0,6.0,measure,5,200.0,-346.41,no_signal
2,r02_20260912_232504.jsonl,129,1251.0,6.0,measure,15,200.0,-346.41,no_signal
2,r02_20260912_232504.jsonl,130,1257.0,6.0,measure,4,200.0,-346.41,no_signal
2,r02_20260912_232504.jsonl,131,1263.0,6.0,measure,3,200.0,-346.41,no_signal
2,r02_20260912_232504.jsonl,132,1269.0,6.0,measure,17,200.0,-346.41,no_signal
2,r02_20260912_232504.jsonl,133,1275.0,6.0,measure,2,200.0,-346.41,no_signal
2,r02_20260912_232504.jsonl,134,1281.0,6.0,measure,18,200.0,-346.41,no_signal
2,r02_20260912_232504.jsonl,135,1287.0,6.0,measure,20,200.0,-346.41,no_signal
2,r02_20260912_232504.jsonl,136,1293.0,6.0,measure,16,200.0,-346.41,direction
2,r02_20260912_232504.jsonl,137,1299.0,6.0,measure,13,200.0,-346.41,direction
2,r02_20260912_232504.jsonl,138,1431.388,132.388,measure,19,732.547,-6.199,direction
2,r02_20260912_232504.jsonl,139,1438.408,7.02,clear,19,742.644,-6.301,success
2,r02_20260912_232504.jsonl,140,1555.886,117.478,measure,18,1300.0,0.0,no_signal
2,r02_20260912_232504.jsonl,141,1561.886,6.0,measure,20,1300.0,0.0,no_signal
2,r02_20260912_232504.jsonl,142,1567.886,6.0,measure,17,1300.0,0.0,no_signal
2,r02_20260912_232504.jsonl,143,1573.886,6.0,measure,15,1300.0,0.0,no_signal
2,r02_20260912_232504.jsonl,144,1579.886,6.0,measure,14,1300.0,0.0,no_signal
2,r02_20260912_232504.jsonl,145,1585.886,6.0,measure,12,1300.0,0.0,no_signal
2,r02_20260912_232504.jsonl,146,1591.886,6.0,measure,11,1300.0,0.0,no_signal
2,r02_20260912_232504.jsonl,147,1597.886,6.0,measure,9,1300.0,0.0,no_signal
2,r02_20260912_232504.jsonl,148,1603.886,6.0,measure,8,1300.0,0.0,no_signal
2,r02_20260912_232504.jsonl,149,1609.886,6.0,measure,7,1300.0,0.0,no_signal
2,r02_20260912_232504.jsonl,150,1615.886,6.0,measure,5,1300.0,0.0,no_signal
2,r02_20260912_232504.jsonl,151,1621.886,6.0,measure,4,1300.0,0.0,no_signal
2,r02_20260912_232504.jsonl,152,1627.886,6.0,measure,3,1300.0,0.0,no_signal
2,r02_20260912_232504.jsonl,153,1633.886,6.0,measure,2,1300.0,0.0,direction
2,r02_20260912_232504.jsonl,154,1638.886,5.0,measure,2,1300.0,0.0,direction
2,r02_20260912_232504.jsonl,155,1644.886,6.0,measure,13,1300.0,0.0,no_signal
2,r02_20260912_232504.jsonl,156,1770.886,126.0,measure,12,1900.0,0.0,no_signal
2,r02_20260912_232504.jsonl,157,1776.886,6.0,measure,14,1900.0,0.0,no_signal
2,r02_20260912_232504.jsonl,158,1782.886,6.0,measure,11,1900.0,0.0,no_signal
2,r02_20260912_232504.jsonl,159,1788.886,6.0,measure,15,1900.0,0.0,no_signal
2,r02_20260912_232504.jsonl,160,1794.886,6.0,measure,9,1900.0,0.0,no_signal
2,r02_20260912_232504.jsonl,161,1800.886,6.0,measure,17,1900.0,0.0,no_signal
2,r02_20260912_232504.jsonl,162,1806.886,6.0,measure,8,1900.0,0.0,no_signal
2,r02_20260912_232504.jsonl,163,1812.886,6.0,measure,18,1900.0,0.0,no_signal
2,r02_20260912_232504.jsonl,164,1818.886,6.0,measure,7,1900.0,0.0,no_signal
2,r02_20260912_232504.jsonl,165,1824.886,6.0,measure,20,1900.0,0.0,no_signal
2,r02_20260912_232504.jsonl,166,1830.886,6.0,measure,5,1900.0,0.0,no_signal
2,r02_20260912_232504.jsonl,167,1836.886,6.0,measure,4,1900.0,0.0,no_signal
2,r02_20260912_232504.jsonl,168,1842.886,6.0,measure,3,1900.0,0.0,no_signal
2,r02_20260912_232504.jsonl,169,1848.886,6.0,measure,13,1900.0,0.0,no_signal
2,r02_20260912_232504.jsonl,170,2051.588,202.702,measure,12,1645.448,950.0,no_signal
2,r02_20260912_232504.jsonl,171,2057.588,6.0,measure,14,1645.448,950.0,no_signal
2,r02_20260912_232504.jsonl,172,2063.588,6.0,measure,11,1645.448,950.0,no_signal
2,r02_20260912_232504.jsonl,173,2069.588,6.0,measure,15,1645.448,950.0,no_signal
2,r02_20260912_232504.jsonl,174,2075.588,6.0,measure,9,1645.448,950.0,no_signal
2,r02_20260912_232504.jsonl,175,2081.588,6.0,measure,17,1645.448,950.0,no_signal
2,r02_20260912_232504.jsonl,176,2087.588,6.0,measure,8,1645.448,950.0,no_signal
2,r02_20260912_232504.jsonl,177,2093.588,6.0,measure,18,1645.448,950.0,no_signal
2,r02_20260912_232504.jsonl,178,2099.588,6.0,measure,7,1645.448,950.0,no_signal
2,r02_20260912_232504.jsonl,179,2105.588,6.0,measure,20,1645.448,950.0,no_signal
2,r02_20260912_232504.jsonl,180,2111.588,6.0,measure,5,1645.448,950.0,no_signal
2,r02_20260912_232504.jsonl,181,2117.588,6.0,measure,4,1645.448,950.0,no_signal
2,r02_20260912_232504.jsonl,182,2123.588,6.0,measure,3,1645.448,950.0,no_signal
2,r02_20260912_232504.jsonl,183,2273.961,150.372,measure,3,919.239,919.239,no_signal
2,r02_20260912_232504.jsonl,184,2279.961,6.0,measure,4,919.239,919.239,no_signal
2,r02_20260912_232504.jsonl,185,2285.961,6.0,measure,5,919.239,919.239,no_signal
2,r02_20260912_232504.jsonl,186,2291.961,6.0,measure,7,919.239,919.239,no_signal
2,r02_20260912_232504.jsonl,187,2297.961,6.0,measure,8,919.239,919.239,no_signal
2,r02_20260912_232504.jsonl,188,2303.961,6.0,measure,9,919.239,919.239,no_signal
2,r02_20260912_232504.jsonl,189,2309.961,6.0,measure,11,919.239,919.239,no_signal
2,r02_20260912_232504.jsonl,190,2315.961,6.0,measure,12,919.239,919.239,no_signal
2,r02_20260912_232504.jsonl,191,2321.961,6.0,measure,14,919.239,919.239,no_signal
2,r02_20260912_232504.jsonl,192,2327.961,6.0,measure,15,919.239,919.239,no_signal
2,r02_20260912_232504.jsonl,193,2333.961,6.0,measure,17,919.239,919.239,no_signal
2,r02_20260912_232504.jsonl,194,2339.961,6.0,measure,18,919.239,919.239,no_signal
2,r02_20260912_232504.jsonl,195,2345.961,6.0,measure,20,919.239,919.239,direction
2,r02_20260912_232504.jsonl,196,2350.961,5.0,measure,20,919.239,919.239,direction
2,r02_20260912_232504.jsonl,197,2502.333,151.372,measure,18,950.0,1645.448,no_signal
2,r02_20260912_232504.jsonl,198,2508.333,6.0,measure,17,950.0,1645.448,no_signal
2,r02_20260912_232504.jsonl,199,2514.333,6.0,measure,15,950.0,1645.448,no_signal
2,r02_20260912_232504.jsonl,200,2520.333,6.0,measure,14,950.0,1645.448,no_signal
2,r02_20260912_232504.jsonl,201,2526.333,6.0,measure,12,950.0,1645.448,no_signal
2,r02_20260912_232504.jsonl,202,2532.333,6.0,measure,11,950.0,1645.448,no_signal
2,r02_20260912_232504.jsonl,203,2538.333,6.0,measure,9,950.0,1645.448,no_signal
2,r02_20260912_232504.jsonl,204,2544.333,6.0,measure,8,950.0,1645.448,no_signal
2,r02_20260912_232504.jsonl,205,2550.333,6.0,measure,7,950.0,1645.448,no_signal
2,r02_20260912_232504.jsonl,206,2556.333,6.0,measure,5,950.0,1645.448,no_signal
2,r02_20260912_232504.jsonl,207,2562.333,6.0,measure,4,950.0,1645.448,no_signal
2,r02_20260912_232504.jsonl,208,2568.333,6.0,measure,3,950.0,1645.448,no_signal
2,r02_20260912_232504.jsonl,209,2775.504,207.172,measure,3,0.0,1300.0,no_signal
2,r02_20260912_232504.jsonl,210,2781.504,6.0,measure,4,0.0,1300.0,no_signal
2,r02_20260912_232504.jsonl,211,2787.504,6.0,measure,5,0.0,1300.0,no_signal
2,r02_20260912_232504.jsonl,212,2793.504,6.0,measure,7,0.0,1300.0,no_signal
2,r02_20260912_232504.jsonl,213,2799.504,6.0,measure,8,0.0,1300.0,no_signal
2,r02_20260912_232504.jsonl,214,2805.504,6.0,measure,9,0.0,1300.0,no_signal
2,r02_20260912_232504.jsonl,215,2811.504,6.0,measure,11,0.0,1300.0,no_signal
2,r02_20260912_232504.jsonl,216,2817.504,6.0,measure,12,0.0,1300.0,no_signal
2,r02_20260912_232504.jsonl,217,2823.504,6.0,measure,14,0.0,1300.0,no_signal
2,r02_20260912_232504.jsonl,218,2829.504,6.0,measure,15,0.0,1300.0,no_signal
2,r02_20260912_232504.jsonl,219,2835.504,6.0,measure,17,0.0,1300.0,no_signal
2,r02_20260912_232504.jsonl,220,2841.504,6.0,measure,18,0.0,1300.0,no_signal
2,r02_20260912_232504.jsonl,221,2847.504,6.0,measure,1,0.0,1300.0,no_signal
2,r02_20260912_232504.jsonl,222,2853.504,6.0,measure,20,0.0,1300.0,direction
2,r02_20260912_232504.jsonl,223,2928.805,75.301,clear,20,136.059,975.894,success
2,r02_20260912_232504.jsonl,224,3121.619,192.814,measure,18,0.0,1900.0,no_signal
2,r02_20260912_232504.jsonl,225,3127.619,6.0,measure,17,0.0,1900.0,no_signal
2,r02_20260912_232504.jsonl,226,3133.619,6.0,measure,15,0.0,1900.0,no_signal
2,r02_20260912_232504.jsonl,227,3139.619,6.0,measure,14,0.0,1900.0,no_signal
2,r02_20260912_232504.jsonl,228,3145.619,6.0,measure,12,0.0,1900.0,no_signal
2,r02_20260912_232504.jsonl,229,3151.619,6.0,measure,11,0.0,1900.0,no_signal
2,r02_20260912_232504.jsonl,230,3157.619,6.0,measure,9,0.0,1900.0,no_signal
2,r02_20260912_232504.jsonl,231,3163.619,6.0,measure,8,0.0,1900.0,no_signal
2,r02_20260912_232504.jsonl,232,3169.619,6.0,measure,7,0.0,1900.0,no_signal
2,r02_20260912_232504.jsonl,233,3175.619,6.0,measure,5,0.0,1900.0,no_signal
2,r02_20260912_232504.jsonl,234,3181.619,6.0,measure,4,0.0,1900.0,no_signal
2,r02_20260912_232504.jsonl,235,3187.619,6.0,measure,3,0.0,1900.0,no_signal
2,r02_20260912_232504.jsonl,236,3389.322,201.702,measure,3,-950.0,1645.448,no_signal
2,r02_20260912_232504.jsonl,237,3395.322,6.0,measure,4,-950.0,1645.448,no_signal
2,r02_20260912_232504.jsonl,238,3401.322,6.0,measure,5,-950.0,1645.448,no_signal
2,r02_20260912_232504.jsonl,239,3407.322,6.0,measure,7,-950.0,1645.448,no_signal
2,r02_20260912_232504.jsonl,240,3413.322,6.0,measure,8,-950.0,1645.448,no_signal
2,r02_20260912_232504.jsonl,241,3419.322,6.0,measure,9,-950.0,1645.448,no_signal
2,r02_20260912_232504.jsonl,242,3425.322,6.0,measure,11,-950.0,1645.448,no_signal
2,r02_20260912_232504.jsonl,243,3431.322,6.0,measure,12,-950.0,1645.448,no_signal
2,r02_20260912_232504.jsonl,244,3437.322,6.0,measure,14,-950.0,1645.448,no_signal
2,r02_20260912_232504.jsonl,245,3443.322,6.0,measure,15,-950.0,1645.448,no_signal
2,r02_20260912_232504.jsonl,246,3449.322,6.0,measure,17,-950.0,1645.448,no_signal
2,r02_20260912_232504.jsonl,247,3455.322,6.0,measure,18,-950.0,1645.448,no_signal
2,r02_20260912_232504.jsonl,248,3461.322,6.0,measure,1,-950.0,1645.448,no_signal
2,r02_20260912_232504.jsonl,249,3612.694,151.372,measure,3,-919.239,919.239,no_signal
2,r02_20260912_232504.jsonl,250,3618.694,6.0,measure,4,-919.239,919.239,no_signal
2,r02_20260912_232504.jsonl,251,3624.694,6.0,measure,5,-919.239,919.239,no_signal
2,r02_20260912_232504.jsonl,252,3630.694,6.0,measure,7,-919.239,919.239,no_signal
2,r02_20260912_232504.jsonl,253,3636.694,6.0,measure,8,-919.239,919.239,no_signal
2,r02_20260912_232504.jsonl,254,3642.694,6.0,measure,9,-919.239,919.239,no_signal
2,r02_20260912_232504.jsonl,255,3648.694,6.0,measure,11,-919.239,919.239,no_signal
2,r02_20260912_232504.jsonl,256,3654.694,6.0,measure,12,-919.239,919.239,no_signal
2,r02_20260912_232504.jsonl,257,3660.694,6.0,measure,14,-919.239,919.239,no_signal
2,r02_20260912_232504.jsonl,258,3666.694,6.0,measure,15,-919.239,919.239,no_signal
2,r02_20260912_232504.jsonl,259,3672.694,6.0,measure,17,-919.239,919.239,no_signal
2,r02_20260912_232504.jsonl,260,3678.694,6.0,measure,18,-919.239,919.239,no_signal
2,r02_20260912_232504.jsonl,261,3684.694,6.0,measure,1,-919.239,919.239,direction
2,r02_20260912_232504.jsonl,262,3690.694,6.0,measure,16,-919.239,919.239,no_signal
2,r02_20260912_232504.jsonl,263,3715.396,24.702,measure,1,-911.853,1012.457,no_signal
2,r02_20260912_232504.jsonl,264,3720.662,5.266,clear,1,-911.3,1011.245,success
2,r02_20260912_232504.jsonl,265,3874.002,153.34,measure,3,-1645.448,950.0,no_signal
2,r02_20260912_232504.jsonl,266,3880.002,6.0,measure,4,-1645.448,950.0,no_signal
2,r02_20260912_232504.jsonl,267,3886.002,6.0,measure,5,-1645.448,950.0,no_signal
2,r02_20260912_232504.jsonl,268,3892.002,6.0,measure,7,-1645.448,950.0,no_signal
2,r02_20260912_232504.jsonl,269,3898.002,6.0,measure,8,-1645.448,950.0,no_signal
2,r02_20260912_232504.jsonl,270,3904.002,6.0,measure,9,-1645.448,950.0,no_signal
2,r02_20260912_232504.jsonl,271,3910.002,6.0,measure,11,-1645.448,950.0,no_signal
2,r02_20260912_232504.jsonl,272,3916.002,6.0,measure,12,-1645.448,950.0,no_signal
2,r02_20260912_232504.jsonl,273,3922.002,6.0,measure,14,-1645.448,950.0,no_signal
2,r02_20260912_232504.jsonl,274,3928.002,6.0,measure,15,-1645.448,950.0,no_signal
2,r02_20260912_232504.jsonl,275,3934.002,6.0,measure,17,-1645.448,950.0,no_signal
2,r02_20260912_232504.jsonl,276,3940.002,6.0,measure,18,-1645.448,950.0,no_signal
2,r02_20260912_232504.jsonl,277,4147.173,207.172,measure,18,-1300.0,0.0,no_signal
2,r02_20260912_232504.jsonl,278,4153.173,6.0,measure,17,-1300.0,0.0,no_signal
2,r02_20260912_232504.jsonl,279,4159.173,6.0,measure,15,-1300.0,0.0,no_signal
2,r02_20260912_232504.jsonl,280,4165.173,6.0,measure,14,-1300.0,0.0,no_signal
2,r02_20260912_232504.jsonl,281,4171.173,6.0,measure,12,-1300.0,0.0,no_signal
2,r02_20260912_232504.jsonl,282,4177.173,6.0,measure,11,-1300.0,0.0,no_signal
2,r02_20260912_232504.jsonl,283,4183.173,6.0,measure,9,-1300.0,0.0,no_signal
2,r02_20260912_232504.jsonl,284,4189.173,6.0,measure,8,-1300.0,0.0,no_signal
2,r02_20260912_232504.jsonl,285,4195.173,6.0,measure,7,-1300.0,0.0,no_signal
2,r02_20260912_232504.jsonl,286,4201.173,6.0,measure,5,-1300.0,0.0,no_signal
2,r02_20260912_232504.jsonl,287,4207.173,6.0,measure,4,-1300.0,0.0,no_signal
2,r02_20260912_232504.jsonl,288,4213.173,6.0,measure,3,-1300.0,0.0,no_signal
2,r02_20260912_232504.jsonl,289,4219.173,6.0,measure,10,-1300.0,0.0,no_signal
2,r02_20260912_232504.jsonl,290,4225.173,6.0,measure,16,-1300.0,0.0,no_signal
2,r02_20260912_232504.jsonl,291,4351.173,126.0,measure,15,-1900.0,0.0,no_signal
2,r02_20260912_232504.jsonl,292,4357.173,6.0,measure,17,-1900.0,0.0,no_signal
2,r02_20260912_232504.jsonl,293,4363.173,6.0,measure,14,-1900.0,0.0,no_signal
2,r02_20260912_232504.jsonl,294,4369.173,6.0,measure,18,-1900.0,0.0,no_signal
2,r02_20260912_232504.jsonl,295,4375.173,6.0,measure,12,-1900.0,0.0,no_signal
2,r02_20260912_232504.jsonl,296,4381.173,6.0,measure,11,-1900.0,0.0,no_signal
2,r02_20260912_232504.jsonl,297,4387.173,6.0,measure,9,-1900.0,0.0,no_signal
2,r02_20260912_232504.jsonl,298,4393.173,6.0,measure,8,-1900.0,0.0,no_signal
2,r02_20260912_232504.jsonl,299,4399.173,6.0,measure,7,-1900.0,0.0,no_signal
2,r02_20260912_232504.jsonl,300,4405.173,6.0,measure,5,-1900.0,0.0,no_signal
2,r02_20260912_232504.jsonl,301,4411.173,6.0,measure,4,-1900.0,0.0,no_signal
2,r02_20260912_232504.jsonl,302,4417.173,6.0,measure,3,-1900.0,0.0,no_signal
2,r02_20260912_232504.jsonl,303,4423.173,6.0,measure,16,-1900.0,0.0,no_signal
2,r02_20260912_232504.jsonl,304,4625.876,202.702,measure,15,-1645.448,-950.0,no_signal
2,r02_20260912_232504.jsonl,305,4631.876,6.0,measure,17,-1645.448,-950.0,no_signal
2,r02_20260912_232504.jsonl,306,4637.876,6.0,measure,14,-1645.448,-950.0,no_signal
2,r02_20260912_232504.jsonl,307,4643.876,6.0,measure,18,-1645.448,-950.0,no_signal
2,r02_20260912_232504.jsonl,308,4649.876,6.0,measure,12,-1645.448,-950.0,no_signal
2,r02_20260912_232504.jsonl,309,4655.876,6.0,measure,11,-1645.448,-950.0,no_signal
2,r02_20260912_232504.jsonl,310,4661.876,6.0,measure,9,-1645.448,-950.0,no_signal
2,r02_20260912_232504.jsonl,311,4667.876,6.0,measure,8,-1645.448,-950.0,no_signal
2,r02_20260912_232504.jsonl,312,4673.876,6.0,measure,7,-1645.448,-950.0,no_signal
2,r02_20260912_232504.jsonl,313,4679.876,6.0,measure,5,-1645.448,-950.0,no_signal
2,r02_20260912_232504.jsonl,314,4685.876,6.0,measure,4,-1645.448,-950.0,direction
2,r02_20260912_232504.jsonl,315,4691.876,6.0,measure,3,-1645.448,-950.0,no_signal
2,r02_20260912_232504.jsonl,316,4697.876,6.0,measure,4,-1645.448,-950.0,direction
2,r02_20260912_232504.jsonl,317,4703.876,6.0,measure,16,-1645.448,-950.0,direction
2,r02_20260912_232504.jsonl,318,4855.248,151.372,measure,15,-919.239,-919.239,no_signal
2,r02_20260912_232504.jsonl,319,4861.248,6.0,measure,17,-919.239,-919.239,no_signal
2,r02_20260912_232504.jsonl,320,4867.248,6.0,measure,14,-919.239,-919.239,no_signal
2,r02_20260912_232504.jsonl,321,4873.248,6.0,measure,18,-919.239,-919.239,no_signal
2,r02_20260912_232504.jsonl,322,4879.248,6.0,measure,12,-919.239,-919.239,no_signal
2,r02_20260912_232504.jsonl,323,4885.248,6.0,measure,11,-919.239,-919.239,no_signal
2,r02_20260912_232504.jsonl,324,4891.248,6.0,measure,9,-919.239,-919.239,no_signal
2,r02_20260912_232504.jsonl,325,4897.248,6.0,measure,8,-919.239,-919.239,no_signal
2,r02_20260912_232504.jsonl,326,4903.248,6.0,measure,7,-919.239,-919.239,no_signal
2,r02_20260912_232504.jsonl,327,4909.248,6.0,measure,5,-919.239,-919.239,no_signal
2,r02_20260912_232504.jsonl,328,4915.248,6.0,measure,3,-919.239,-919.239,no_signal
2,r02_20260912_232504.jsonl,329,4921.248,6.0,measure,10,-919.239,-919.239,no_signal
2,r02_20260912_232504.jsonl,330,4927.248,6.0,measure,6,-919.239,-919.239,no_signal
2,r02_20260912_232504.jsonl,331,5078.62,151.372,measure,5,-950.0,-1645.448,no_signal
2,r02_20260912_232504.jsonl,332,5084.62,6.0,measure,7,-950.0,-1645.448,no_signal
2,r02_20260912_232504.jsonl,333,5090.62,6.0,measure,8,-950.0,-1645.448,no_signal
2,r02_20260912_232504.jsonl,334,5096.62,6.0,measure,3,-950.0,-1645.448,no_signal
2,r02_20260912_232504.jsonl,335,5102.62,6.0,measure,9,-950.0,-1645.448,no_signal
2,r02_20260912_232504.jsonl,336,5108.62,6.0,measure,11,-950.0,-1645.448,no_signal
2,r02_20260912_232504.jsonl,337,5114.62,6.0,measure,12,-950.0,-1645.448,no_signal
2,r02_20260912_232504.jsonl,338,5120.62,6.0,measure,14,-950.0,-1645.448,no_signal
2,r02_20260912_232504.jsonl,339,5126.62,6.0,measure,15,-950.0,-1645.448,no_signal
2,r02_20260912_232504.jsonl,340,5132.62,6.0,measure,17,-950.0,-1645.448,no_signal
2,r02_20260912_232504.jsonl,341,5138.62,6.0,measure,18,-950.0,-1645.448,no_signal
2,r02_20260912_232504.jsonl,342,5144.62,6.0,measure,10,-950.0,-1645.448,no_signal
2,r02_20260912_232504.jsonl,343,5150.62,6.0,measure,6,-950.0,-1645.448,no_signal
2,r02_20260912_232504.jsonl,344,5358.792,208.172,measure,5,-0.0,-1300.0,no_signal
2,r02_20260912_232504.jsonl,345,5364.792,6.0,measure,7,-0.0,-1300.0,no_signal
2,r02_20260912_232504.jsonl,346,5370.792,6.0,measure,8,-0.0,-1300.0,no_signal
2,r02_20260912_232504.jsonl,347,5376.792,6.0,measure,3,-0.0,-1300.0,no_signal
2,r02_20260912_232504.jsonl,348,5382.792,6.0,measure,9,-0.0,-1300.0,no_signal
2,r02_20260912_232504.jsonl,349,5388.792,6.0,measure,11,-0.0,-1300.0,no_signal
2,r02_20260912_232504.jsonl,350,5394.792,6.0,measure,12,-0.0,-1300.0,no_signal
2,r02_20260912_232504.jsonl,351,5400.792,6.0,measure,14,-0.0,-1300.0,no_signal
2,r02_20260912_232504.jsonl,352,5406.792,6.0,measure,15,-0.0,-1300.0,no_signal
2,r02_20260912_232504.jsonl,353,5412.792,6.0,measure,17,-0.0,-1300.0,no_signal
2,r02_20260912_232504.jsonl,354,5418.792,6.0,measure,18,-0.0,-1300.0,no_signal
2,r02_20260912_232504.jsonl,355,5424.792,6.0,measure,2,-0.0,-1300.0,no_signal
2,r02_20260912_232504.jsonl,356,5430.792,6.0,measure,10,-0.0,-1300.0,direction
2,r02_20260912_232504.jsonl,357,5556.792,126.0,measure,9,-0.0,-1900.0,no_signal
2,r02_20260912_232504.jsonl,358,5562.792,6.0,measure,11,-0.0,-1900.0,no_signal
2,r02_20260912_232504.jsonl,359,5568.792,6.0,measure,8,-0.0,-1900.0,no_signal
2,r02_20260912_232504.jsonl,360,5574.792,6.0,measure,12,-0.0,-1900.0,no_signal
2,r02_20260912_232504.jsonl,361,5580.792,6.0,measure,7,-0.0,-1900.0,no_signal
2,r02_20260912_232504.jsonl,362,5586.792,6.0,measure,14,-0.0,-1900.0,no_signal
2,r02_20260912_232504.jsonl,363,5592.792,6.0,measure,5,-0.0,-1900.0,no_signal
2,r02_20260912_232504.jsonl,364,5598.792,6.0,measure,15,-0.0,-1900.0,no_signal
2,r02_20260912_232504.jsonl,365,5604.792,6.0,measure,3,-0.0,-1900.0,no_signal
2,r02_20260912_232504.jsonl,366,5610.792,6.0,measure,17,-0.0,-1900.0,no_signal
2,r02_20260912_232504.jsonl,367,5616.792,6.0,measure,18,-0.0,-1900.0,no_signal
2,r02_20260912_232504.jsonl,368,5622.792,6.0,measure,2,-0.0,-1900.0,no_signal
2,r02_20260912_232504.jsonl,369,5628.792,6.0,measure,6,-0.0,-1900.0,no_signal
2,r02_20260912_232504.jsonl,370,5831.494,202.702,measure,5,950.0,-1645.448,no_signal
2,r02_20260912_232504.jsonl,371,5837.494,6.0,measure,7,950.0,-1645.448,no_signal
2,r02_20260912_232504.jsonl,372,5843.494,6.0,measure,8,950.0,-1645.448,no_signal
2,r02_20260912_232504.jsonl,373,5849.494,6.0,measure,3,950.0,-1645.448,no_signal
2,r02_20260912_232504.jsonl,374,5855.494,6.0,measure,9,950.0,-1645.448,no_signal
2,r02_20260912_232504.jsonl,375,5861.494,6.0,measure,11,950.0,-1645.448,no_signal
2,r02_20260912_232504.jsonl,376,5867.494,6.0,measure,12,950.0,-1645.448,no_signal
2,r02_20260912_232504.jsonl,377,5873.494,6.0,measure,14,950.0,-1645.448,no_signal
2,r02_20260912_232504.jsonl,378,5879.494,6.0,measure,15,950.0,-1645.448,no_signal
2,r02_20260912_232504.jsonl,379,5885.494,6.0,measure,17,950.0,-1645.448,no_signal
2,r02_20260912_232504.jsonl,380,5891.494,6.0,measure,18,950.0,-1645.448,no_signal
2,r02_20260912_232504.jsonl,381,5897.494,6.0,measure,2,950.0,-1645.448,direction
2,r02_20260912_232504.jsonl,382,5903.494,6.0,measure,13,950.0,-1645.448,direction
2,r02_20260912_232504.jsonl,383,6106.197,202.702,measure,12,1645.448,-950.0,no_signal
2,r02_20260912_232504.jsonl,384,6112.197,6.0,measure,14,1645.448,-950.0,no_signal
2,r02_20260912_232504.jsonl,385,6118.197,6.0,measure,11,1645.448,-950.0,no_signal
2,r02_20260912_232504.jsonl,386,6124.197,6.0,measure,15,1645.448,-950.0,no_signal
2,r02_20260912_232504.jsonl,387,6130.197,6.0,measure,9,1645.448,-950.0,no_signal
2,r02_20260912_232504.jsonl,388,6136.197,6.0,measure,17,1645.448,-950.0,no_signal
2,r02_20260912_232504.jsonl,389,6142.197,6.0,measure,8,1645.448,-950.0,no_signal
2,r02_20260912_232504.jsonl,390,6148.197,6.0,measure,18,1645.448,-950.0,no_signal
2,r02_20260912_232504.jsonl,391,6154.197,6.0,measure,7,1645.448,-950.0,no_signal
2,r02_20260912_232504.jsonl,392,6160.197,6.0,measure,5,1645.448,-950.0,no_signal
2,r02_20260912_232504.jsonl,393,6166.197,6.0,measure,3,1645.448,-950.0,no_signal
2,r02_20260912_232504.jsonl,394,6172.197,6.0,measure,2,1645.448,-950.0,direction
2,r02_20260912_232504.jsonl,395,6362.414,190.218,clear,2,908.906,-388.623,success
2,r02_20260912_232504.jsonl,396,6553.632,191.218,measure,13,1645.448,-950.0,direction
2,r02_20260912_232504.jsonl,397,6667.461,113.829,clear,13,1350.44,-492.763,success
2,r02_20260912_232504.jsonl,398,6794.757,127.296,measure,12,919.239,-919.239,no_signal
2,r02_20260912_232504.jsonl,399,6800.757,6.0,measure,14,919.239,-919.239,no_signal
2,r02_20260912_232504.jsonl,400,6806.757,6.0,measure,11,919.239,-919.239,no_signal
2,r02_20260912_232504.jsonl,401,6812.757,6.0,measure,15,919.239,-919.239,direction
2,r02_20260912_232504.jsonl,402,6818.757,6.0,measure,9,919.239,-919.239,no_signal
2,r02_20260912_232504.jsonl,403,6824.757,6.0,measure,17,919.239,-919.239,no_signal
2,r02_20260912_232504.jsonl,404,6830.757,6.0,measure,8,919.239,-919.239,no_signal
2,r02_20260912_232504.jsonl,405,6836.757,6.0,measure,18,919.239,-919.239,no_signal
2,r02_20260912_232504.jsonl,406,6842.757,6.0,measure,7,919.239,-919.239,no_signal
2,r02_20260912_232504.jsonl,407,6848.757,6.0,measure,5,919.239,-919.239,no_signal
2,r02_20260912_232504.jsonl,408,6854.757,6.0,measure,3,919.239,-919.239,no_signal
2,r02_20260912_232504.jsonl,409,6860.757,6.0,measure,6,919.239,-919.239,direction
2,r02_20260912_232504.jsonl,410,6866.757,6.0,measure,15,919.239,-919.239,direction
2,r02_20260912_232504.jsonl,411,7089.403,222.647,measure,6,32.657,-1541.629,direction
2,r02_20260912_232504.jsonl,412,7096.626,7.223,clear,6,22.76,-1536.573,success
2,r02_20260912_232504.jsonl,413,7342.744,246.117,measure,10,-196.168,-356.116,no_signal
2,r02_20260912_232504.jsonl,414,7347.811,5.067,clear,10,-196.438,-355.916,success
2,r02_20260912_232504.jsonl,415,7536.164,188.353,measure,16,-1094.01,-195.662,no_signal
2,r02_20260912_232504.jsonl,416,7541.238,5.074,clear,16,-1094.141,-195.317,success
2,r02_20260912_232504.jsonl,417,7581.423,40.186,measure,4,-1261.076,-232.046,no_signal
2,r02_20260912_232504.jsonl,418,7630.147,48.724,clear,4,-1162.014,-26.003,no_target_in_range
2,r02_20260912_232504.jsonl,419,7658.106,27.959,measure,4,-1099.715,70.418,no_signal
2,r02_20260912_232504.jsonl,420,7800.232,142.126,measure,4,-1422.437,-534.51,no_signal
2,r02_20260912_232504.jsonl,421,7820.67,20.437,measure,4,-1459.31,-602.32,no_signal
2,r02_20260912_232504.jsonl,422,7858.227,37.557,measure,4,-1535.39,-746.235,direction
2,r02_20260912_232504.jsonl,423,7888.574,30.347,measure,4,-1592.473,-859.386,direction
2,r02_20260912_232504.jsonl,424,8427.101,538.527,measure,15,1056.537,-1128.415,direction
2,r02_20260912_232504.jsonl,425,8465.354,38.252,clear,15,1152.871,-1263.925,success
2,r02_20260912_232504.jsonl,426,8998.517,533.164,measure,4,-1249.978,-180.478,no_signal
2,r02_20260912_232504.jsonl,427,9012.639,14.122,clear,4,-1229.128,-128.926,no_target_in_range
2,r02_20260912_232504.jsonl,428,9095.292,82.652,measure,4,-1459.978,183.253,no_signal
2,r02_20260912_232504.jsonl,429,9184.292,89.0,measure,4,-1669.978,-180.478,no_signal
2,r02_20260912_232504.jsonl,430,9217.506,33.215,measure,4,-1595.644,-300.378,no_signal
2,r02_20260912_232504.jsonl,431,9240.885,23.379,measure,4,-1613.708,-390.478,no_signal
2,r02_20260912_232504.jsonl,432,9289.366,48.481,measure,4,-1459.978,-544.208,no_signal
2,r02_20260912_232504.jsonl,433,9318.689,29.323,measure,4,-1492.578,-661.371,direction
2,r02_20260912_232504.jsonl,434,9339.123,20.434,measure,4,-1439.122,-717.027,direction
2,r02_20260912_232504.jsonl,435,9361.545,22.422,clear,4,-1486.299,-643.799,success
2,r02_20260912_232504.jsonl,436,9361.545,0.0,exit,,,,
3,r03_20260912_232521.jsonl,0,0.0,0.0,enter,,,,
3,r03_20260912_232521.jsonl,1,5.0,5.0,measure,1,0.0,0.0,direction
3,r03_20260912_232521.jsonl,2,11.0,6.0,measure,2,0.0,0.0,no_signal
3,r03_20260912_232521.jsonl,3,17.0,6.0,measure,3,0.0,0.0,no_signal
3,r03_20260912_232521.jsonl,4,23.0,6.0,measure,4,0.0,0.0,no_signal
3,r03_20260912_232521.jsonl,5,29.0,6.0,measure,5,0.0,0.0,direction
3,r03_20260912_232521.jsonl,6,35.0,6.0,measure,6,0.0,0.0,no_signal
3,r03_20260912_232521.jsonl,7,41.0,6.0,measure,7,0.0,0.0,no_signal
3,r03_20260912_232521.jsonl,8,47.0,6.0,measure,8,0.0,0.0,no_signal
3,r03_20260912_232521.jsonl,9,53.0,6.0,measure,9,0.0,0.0,no_signal
3,r03_20260912_232521.jsonl,10,59.0,6.0,measure,10,0.0,0.0,direction
3,r03_20260912_232521.jsonl,11,65.0,6.0,measure,11,0.0,0.0,no_signal
3,r03_20260912_232521.jsonl,12,71.0,6.0,measure,12,0.0,0.0,no_signal
3,r03_20260912_232521.jsonl,13,77.0,6.0,measure,13,0.0,0.0,no_signal
3,r03_20260912_232521.jsonl,14,83.0,6.0,measure,14,0.0,0.0,no_signal
3,r03_20260912_232521.jsonl,15,89.0,6.0,measure,15,0.0,0.0,no_signal
3,r03_20260912_232521.jsonl,16,95.0,6.0,measure,16,0.0,0.0,no_signal
3,r03_20260912_232521.jsonl,17,101.0,6.0,measure,17,0.0,0.0,no_signal
3,r03_20260912_232521.jsonl,18,107.0,6.0,measure,18,0.0,0.0,no_signal
3,r03_20260912_232521.jsonl,19,113.0,6.0,measure,19,0.0,0.0,no_signal
3,r03_20260912_232521.jsonl,20,119.0,6.0,measure,20,0.0,0.0,no_signal
3,r03_20260912_232521.jsonl,21,204.0,85.0,measure,20,400.0,0.0,direction
3,r03_20260912_232521.jsonl,22,210.0,6.0,measure,19,400.0,0.0,no_signal
3,r03_20260912_232521.jsonl,23,216.0,6.0,measure,18,400.0,0.0,no_signal
3,r03_20260912_232521.jsonl,24,222.0,6.0,measure,17,400.0,0.0,no_signal
3,r03_20260912_232521.jsonl,25,228.0,6.0,measure,16,400.0,0.0,no_signal
3,r03_20260912_232521.jsonl,26,234.0,6.0,measure,15,400.0,0.0,no_signal
3,r03_20260912_232521.jsonl,27,240.0,6.0,measure,14,400.0,0.0,no_signal
3,r03_20260912_232521.jsonl,28,246.0,6.0,measure,13,400.0,0.0,no_signal
3,r03_20260912_232521.jsonl,29,252.0,6.0,measure,12,400.0,0.0,no_signal
3,r03_20260912_232521.jsonl,30,258.0,6.0,measure,11,400.0,0.0,no_signal
3,r03_20260912_232521.jsonl,31,264.0,6.0,measure,9,400.0,0.0,no_signal
3,r03_20260912_232521.jsonl,32,270.0,6.0,measure,8,400.0,0.0,no_signal
3,r03_20260912_232521.jsonl,33,276.0,6.0,measure,7,400.0,0.0,no_signal
3,r03_20260912_232521.jsonl,34,282.0,6.0,measure,6,400.0,0.0,no_signal
3,r03_20260912_232521.jsonl,35,288.0,6.0,measure,4,400.0,0.0,no_signal
3,r03_20260912_232521.jsonl,36,294.0,6.0,measure,3,400.0,0.0,no_signal
3,r03_20260912_232521.jsonl,37,300.0,6.0,measure,2,400.0,0.0,no_signal
3,r03_20260912_232521.jsonl,38,306.0,6.0,measure,5,400.0,0.0,direction
3,r03_20260912_232521.jsonl,39,312.0,6.0,measure,20,400.0,0.0,direction
3,r03_20260912_232521.jsonl,40,398.0,86.0,measure,19,200.0,-346.41,no_signal
3,r03_20260912_232521.jsonl,41,404.0,6.0,measure,18,200.0,-346.41,no_signal
3,r03_20260912_232521.jsonl,42,410.0,6.0,measure,17,200.0,-346.41,no_signal
3,r03_20260912_232521.jsonl,43,416.0,6.0,measure,16,200.0,-346.41,no_signal
3,r03_20260912_232521.jsonl,44,422.0,6.0,measure,15,200.0,-346.41,no_signal
3,r03_20260912_232521.jsonl,45,428.0,6.0,measure,14,200.0,-346.41,no_signal
3,r03_20260912_232521.jsonl,46,434.0,6.0,measure,13,200.0,-346.41,no_signal
3,r03_20260912_232521.jsonl,47,440.0,6.0,measure,12,200.0,-346.41,no_signal
3,r03_20260912_232521.jsonl,48,446.0,6.0,measure,11,200.0,-346.41,no_signal
3,r03_20260912_232521.jsonl,49,452.0,6.0,measure,9,200.0,-346.41,no_signal
3,r03_20260912_232521.jsonl,50,458.0,6.0,measure,8,200.0,-346.41,no_signal
3,r03_20260912_232521.jsonl,51,464.0,6.0,measure,7,200.0,-346.41,no_signal
3,r03_20260912_232521.jsonl,52,470.0,6.0,measure,6,200.0,-346.41,no_signal
3,r03_20260912_232521.jsonl,53,476.0,6.0,measure,4,200.0,-346.41,direction
3,r03_20260912_232521.jsonl,54,482.0,6.0,measure,3,200.0,-346.41,no_signal
3,r03_20260912_232521.jsonl,55,488.0,6.0,measure,2,200.0,-346.41,no_signal
3,r03_20260912_232521.jsonl,56,494.0,6.0,measure,1,200.0,-346.41,direction
3,r03_20260912_232521.jsonl,57,500.0,6.0,measure,20,200.0,-346.41,direction
3,r03_20260912_232521.jsonl,58,586.0,86.0,measure,19,-200.0,-346.41,no_signal
3,r03_20260912_232521.jsonl,59,592.0,6.0,measure,18,-200.0,-346.41,no_signal
3,r03_20260912_232521.jsonl,60,598.0,6.0,measure,17,-200.0,-346.41,no_signal
3,r03_20260912_232521.jsonl,61,604.0,6.0,measure,16,-200.0,-346.41,no_signal
3,r03_20260912_232521.jsonl,62,610.0,6.0,measure,15,-200.0,-346.41,no_signal
3,r03_20260912_232521.jsonl,63,616.0,6.0,measure,14,-200.0,-346.41,no_signal
3,r03_20260912_232521.jsonl,64,622.0,6.0,measure,13,-200.0,-346.41,no_signal
3,r03_20260912_232521.jsonl,65,628.0,6.0,measure,12,-200.0,-346.41,no_signal
3,r03_20260912_232521.jsonl,66,634.0,6.0,measure,11,-200.0,-346.41,no_signal
3,r03_20260912_232521.jsonl,67,640.0,6.0,measure,9,-200.0,-346.41,no_signal
3,r03_20260912_232521.jsonl,68,646.0,6.0,measure,8,-200.0,-346.41,no_signal
3,r03_20260912_232521.jsonl,69,652.0,6.0,measure,7,-200.0,-346.41,no_signal
3,r03_20260912_232521.jsonl,70,658.0,6.0,measure,6,-200.0,-346.41,no_signal
3,r03_20260912_232521.jsonl,71,664.0,6.0,measure,3,-200.0,-346.41,no_signal
3,r03_20260912_232521.jsonl,72,670.0,6.0,measure,2,-200.0,-346.41,no_signal
3,r03_20260912_232521.jsonl,73,676.0,6.0,measure,10,-200.0,-346.41,direction
3,r03_20260912_232521.jsonl,74,682.0,6.0,measure,4,-200.0,-346.41,no_signal
3,r03_20260912_232521.jsonl,75,763.047,81.047,measure,1,-560.469,-242.177,direction
3,r03_20260912_232521.jsonl,76,771.466,8.419,clear,1,-577.483,-243.848,success
3,r03_20260912_232521.jsonl,77,837.786,66.32,measure,2,-400.0,0.0,no_signal
3,r03_20260912_232521.jsonl,78,843.786,6.0,measure,3,-400.0,0.0,no_signal
3,r03_20260912_232521.jsonl,79,849.786,6.0,measure,6,-400.0,0.0,no_signal
3,r03_20260912_232521.jsonl,80,855.786,6.0,measure,7,-400.0,0.0,no_signal
3,r03_20260912_232521.jsonl,81,861.786,6.0,measure,8,-400.0,0.0,no_signal
3,r03_20260912_232521.jsonl,82,867.786,6.0,measure,9,-400.0,0.0,no_signal
3,r03_20260912_232521.jsonl,83,873.786,6.0,measure,11,-400.0,0.0,no_signal
3,r03_20260912_232521.jsonl,84,879.786,6.0,measure,12,-400.0,0.0,no_signal
3,r03_20260912_232521.jsonl,85,885.786,6.0,measure,13,-400.0,0.0,no_signal
3,r03_20260912_232521.jsonl,86,891.786,6.0,measure,14,-400.0,0.0,no_signal
3,r03_20260912_232521.jsonl,87,897.786,6.0,measure,15,-400.0,0.0,no_signal
3,r03_20260912_232521.jsonl,88,903.786,6.0,measure,16,-400.0,0.0,no_signal
3,r03_20260912_232521.jsonl,89,909.786,6.0,measure,17,-400.0,0.0,no_signal
3,r03_20260912_232521.jsonl,90,915.786,6.0,measure,18,-400.0,0.0,no_signal
3,r03_20260912_232521.jsonl,91,921.786,6.0,measure,19,-400.0,0.0,no_signal
3,r03_20260912_232521.jsonl,92,927.786,6.0,measure,10,-400.0,0.0,direction
3,r03_20260912_232521.jsonl,93,933.786,6.0,measure,5,-400.0,0.0,direction
3,r03_20260912_232521.jsonl,94,1135.093,201.307,measure,5,224.323,-757.384,direction
3,r03_20260912_232521.jsonl,95,1142.8,7.706,clear,5,224.368,-743.852,success
3,r03_20260912_232521.jsonl,96,1268.74,125.94,measure,6,-0.0,-1300.0,no_signal
3,r03_20260912_232521.jsonl,97,1274.74,6.0,measure,3,-0.0,-1300.0,no_signal
3,r03_20260912_232521.jsonl,98,1280.74,6.0,measure,7,-0.0,-1300.0,no_signal
3,r03_20260912_232521.jsonl,99,1286.74,6.0,measure,2,-0.0,-1300.0,no_signal
3,r03_20260912_232521.jsonl,100,1292.74,6.0,measure,8,-0.0,-1300.0,no_signal
3,r03_20260912_232521.jsonl,101,1298.74,6.0,measure,9,-0.0,-1300.0,no_signal
3,r03_20260912_232521.jsonl,102,1304.74,6.0,measure,11,-0.0,-1300.0,no_signal
3,r03_20260912_232521.jsonl,103,1310.74,6.0,measure,12,-0.0,-1300.0,no_signal
3,r03_20260912_232521.jsonl,104,1316.74,6.0,measure,13,-0.0,-1300.0,no_signal
3,r03_20260912_232521.jsonl,105,1322.74,6.0,measure,14,-0.0,-1300.0,no_signal
3,r03_20260912_232521.jsonl,106,1328.74,6.0,measure,15,-0.0,-1300.0,no_signal
3,r03_20260912_232521.jsonl,107,1334.74,6.0,measure,16,-0.0,-1300.0,no_signal
3,r03_20260912_232521.jsonl,108,1340.74,6.0,measure,17,-0.0,-1300.0,no_signal
3,r03_20260912_232521.jsonl,109,1346.74,6.0,measure,18,-0.0,-1300.0,no_signal
3,r03_20260912_232521.jsonl,110,1352.74,6.0,measure,19,-0.0,-1300.0,no_signal
3,r03_20260912_232521.jsonl,111,1358.74,6.0,measure,4,-0.0,-1300.0,direction
3,r03_20260912_232521.jsonl,112,1364.74,6.0,measure,20,-0.0,-1300.0,direction
3,r03_20260912_232521.jsonl,113,1490.74,126.0,measure,19,-0.0,-1900.0,no_signal
3,r03_20260912_232521.jsonl,114,1496.74,6.0,measure,18,-0.0,-1900.0,no_signal
3,r03_20260912_232521.jsonl,115,1502.74,6.0,measure,17,-0.0,-1900.0,no_signal
3,r03_20260912_232521.jsonl,116,1508.74,6.0,measure,16,-0.0,-1900.0,no_signal
3,r03_20260912_232521.jsonl,117,1514.74,6.0,measure,15,-0.0,-1900.0,no_signal
3,r03_20260912_232521.jsonl,118,1520.74,6.0,measure,14,-0.0,-1900.0,no_signal
3,r03_20260912_232521.jsonl,119,1526.74,6.0,measure,13,-0.0,-1900.0,no_signal
3,r03_20260912_232521.jsonl,120,1532.74,6.0,measure,12,-0.0,-1900.0,no_signal
3,r03_20260912_232521.jsonl,121,1538.74,6.0,measure,11,-0.0,-1900.0,no_signal
3,r03_20260912_232521.jsonl,122,1544.74,6.0,measure,9,-0.0,-1900.0,no_signal
3,r03_20260912_232521.jsonl,123,1550.74,6.0,measure,8,-0.0,-1900.0,no_signal
3,r03_20260912_232521.jsonl,124,1556.74,6.0,measure,7,-0.0,-1900.0,no_signal
3,r03_20260912_232521.jsonl,125,1562.74,6.0,measure,6,-0.0,-1900.0,no_signal
3,r03_20260912_232521.jsonl,126,1568.74,6.0,measure,3,-0.0,-1900.0,no_signal
3,r03_20260912_232521.jsonl,127,1574.74,6.0,measure,2,-0.0,-1900.0,no_signal
3,r03_20260912_232521.jsonl,128,1580.74,6.0,measure,4,-0.0,-1900.0,no_signal
3,r03_20260912_232521.jsonl,129,1783.442,202.702,measure,3,950.0,-1645.448,no_signal
3,r03_20260912_232521.jsonl,130,1789.442,6.0,measure,2,950.0,-1645.448,no_signal
3,r03_20260912_232521.jsonl,131,1795.442,6.0,measure,6,950.0,-1645.448,no_signal
3,r03_20260912_232521.jsonl,132,1801.442,6.0,measure,7,950.0,-1645.448,no_signal
3,r03_20260912_232521.jsonl,133,1807.442,6.0,measure,8,950.0,-1645.448,no_signal
3,r03_20260912_232521.jsonl,134,1813.442,6.0,measure,9,950.0,-1645.448,no_signal
3,r03_20260912_232521.jsonl,135,1819.442,6.0,measure,11,950.0,-1645.448,no_signal
3,r03_20260912_232521.jsonl,136,1825.442,6.0,measure,12,950.0,-1645.448,direction
3,r03_20260912_232521.jsonl,137,1831.442,6.0,measure,13,950.0,-1645.448,direction
3,r03_20260912_232521.jsonl,138,1837.442,6.0,measure,14,950.0,-1645.448,no_signal
3,r03_20260912_232521.jsonl,139,1843.442,6.0,measure,15,950.0,-1645.448,no_signal
3,r03_20260912_232521.jsonl,140,1849.442,6.0,measure,16,950.0,-1645.448,no_signal
3,r03_20260912_232521.jsonl,141,1855.442,6.0,measure,17,950.0,-1645.448,no_signal
3,r03_20260912_232521.jsonl,142,1861.442,6.0,measure,18,950.0,-1645.448,no_signal
3,r03_20260912_232521.jsonl,143,1867.442,6.0,measure,19,950.0,-1645.448,no_signal
3,r03_20260912_232521.jsonl,144,1873.442,6.0,measure,12,950.0,-1645.448,direction
3,r03_20260912_232521.jsonl,145,1879.442,6.0,measure,13,950.0,-1645.448,direction
3,r03_20260912_232521.jsonl,146,1957.438,77.995,measure,4,690.877,-1395.57,direction
3,r03_20260912_232521.jsonl,147,1964.689,7.252,clear,4,702.122,-1396.106,success
3,r03_20260912_232521.jsonl,148,2049.948,85.259,measure,20,967.558,-1101.841,direction
3,r03_20260912_232521.jsonl,149,2057.813,7.865,clear,20,981.084,-1106.557,success
3,r03_20260912_232521.jsonl,150,2103.266,45.453,measure,19,919.239,-919.239,no_signal
3,r03_20260912_232521.jsonl,151,2109.266,6.0,measure,18,919.239,-919.239,no_signal
3,r03_20260912_232521.jsonl,152,2115.266,6.0,measure,17,919.239,-919.239,no_signal
3,r03_20260912_232521.jsonl,153,2121.266,6.0,measure,16,919.239,-919.239,no_signal
3,r03_20260912_232521.jsonl,154,2127.266,6.0,measure,15,919.239,-919.239,no_signal
3,r03_20260912_232521.jsonl,155,2133.266,6.0,measure,14,919.239,-919.239,no_signal
3,r03_20260912_232521.jsonl,156,2139.266,6.0,measure,11,919.239,-919.239,no_signal
3,r03_20260912_232521.jsonl,157,2145.266,6.0,measure,9,919.239,-919.239,direction
3,r03_20260912_232521.jsonl,158,2151.266,6.0,measure,8,919.239,-919.239,no_signal
3,r03_20260912_232521.jsonl,159,2157.266,6.0,measure,7,919.239,-919.239,no_signal
3,r03_20260912_232521.jsonl,160,2163.266,6.0,measure,6,919.239,-919.239,no_signal
3,r03_20260912_232521.jsonl,161,2169.266,6.0,measure,3,919.239,-919.239,direction
3,r03_20260912_232521.jsonl,162,2175.266,6.0,measure,2,919.239,-919.239,no_signal
3,r03_20260912_232521.jsonl,163,2181.266,6.0,measure,3,919.239,-919.239,direction
3,r03_20260912_232521.jsonl,164,2187.266,6.0,measure,9,919.239,-919.239,direction
3,r03_20260912_232521.jsonl,165,2338.638,151.372,measure,8,1645.448,-950.0,no_signal
3,r03_20260912_232521.jsonl,166,2344.638,6.0,measure,7,1645.448,-950.0,no_signal
3,r03_20260912_232521.jsonl,167,2350.638,6.0,measure,11,1645.448,-950.0,no_signal
3,r03_20260912_232521.jsonl,168,2356.638,6.0,measure,6,1645.448,-950.0,no_signal
3,r03_20260912_232521.jsonl,169,2362.638,6.0,measure,14,1645.448,-950.0,no_signal
3,r03_20260912_232521.jsonl,170,2368.638,6.0,measure,15,1645.448,-950.0,no_signal
3,r03_20260912_232521.jsonl,171,2374.638,6.0,measure,2,1645.448,-950.0,no_signal
3,r03_20260912_232521.jsonl,172,2380.638,6.0,measure,16,1645.448,-950.0,no_signal
3,r03_20260912_232521.jsonl,173,2386.638,6.0,measure,17,1645.448,-950.0,no_signal
3,r03_20260912_232521.jsonl,174,2392.638,6.0,measure,18,1645.448,-950.0,no_signal
3,r03_20260912_232521.jsonl,175,2398.638,6.0,measure,19,1645.448,-950.0,no_signal
3,r03_20260912_232521.jsonl,176,2404.638,6.0,measure,12,1645.448,-950.0,direction
3,r03_20260912_232521.jsonl,177,2410.638,6.0,measure,13,1645.448,-950.0,direction
3,r03_20260912_232521.jsonl,178,2529.702,119.065,measure,13,1169.89,-1264.823,no_signal
3,r03_20260912_232521.jsonl,179,2534.783,5.081,clear,13,1169.5,-1264.722,success
3,r03_20260912_232521.jsonl,180,2669.086,134.303,measure,12,570.401,-1035.324,no_signal
3,r03_20260912_232521.jsonl,181,2674.205,5.119,clear,12,570.962,-1035.526,success
3,r03_20260912_232521.jsonl,182,2933.489,259.283,measure,11,1300.0,0.0,no_signal
3,r03_20260912_232521.jsonl,183,2939.489,6.0,measure,14,1300.0,0.0,no_signal
3,r03_20260912_232521.jsonl,184,2945.489,6.0,measure,15,1300.0,0.0,no_signal
3,r03_20260912_232521.jsonl,185,2951.489,6.0,measure,8,1300.0,0.0,no_signal
3,r03_20260912_232521.jsonl,186,2957.489,6.0,measure,16,1300.0,0.0,no_signal
3,r03_20260912_232521.jsonl,187,2963.489,6.0,measure,7,1300.0,0.0,no_signal
3,r03_20260912_232521.jsonl,188,2969.489,6.0,measure,17,1300.0,0.0,direction
3,r03_20260912_232521.jsonl,189,2975.489,6.0,measure,6,1300.0,0.0,no_signal
3,r03_20260912_232521.jsonl,190,2981.489,6.0,measure,18,1300.0,0.0,direction
3,r03_20260912_232521.jsonl,191,2987.489,6.0,measure,19,1300.0,0.0,no_signal
3,r03_20260912_232521.jsonl,192,2993.489,6.0,measure,2,1300.0,0.0,no_signal
3,r03_20260912_232521.jsonl,193,2999.489,6.0,measure,3,1300.0,0.0,direction
3,r03_20260912_232521.jsonl,194,3005.489,6.0,measure,9,1300.0,0.0,direction
3,r03_20260912_232521.jsonl,195,3141.149,135.66,clear,9,669.249,-170.164,success
3,r03_20260912_232521.jsonl,196,3268.97,127.821,measure,3,285.965,303.229,no_signal
3,r03_20260912_232521.jsonl,197,3274.233,5.264,clear,3,286.932,302.333,success
3,r03_20260912_232521.jsonl,198,3299.727,25.494,measure,2,200.0,346.41,no_signal
3,r03_20260912_232521.jsonl,199,3305.727,6.0,measure,6,200.0,346.41,no_signal
3,r03_20260912_232521.jsonl,200,3311.727,6.0,measure,7,200.0,346.41,no_signal
3,r03_20260912_232521.jsonl,201,3317.727,6.0,measure,8,200.0,346.41,no_signal
3,r03_20260912_232521.jsonl,202,3323.727,6.0,measure,11,200.0,346.41,no_signal
3,r03_20260912_232521.jsonl,203,3329.727,6.0,measure,14,200.0,346.41,no_signal
3,r03_20260912_232521.jsonl,204,3335.727,6.0,measure,15,200.0,346.41,no_signal
3,r03_20260912_232521.jsonl,205,3341.727,6.0,measure,16,200.0,346.41,no_signal
3,r03_20260912_232521.jsonl,206,3347.727,6.0,measure,19,200.0,346.41,no_signal
3,r03_20260912_232521.jsonl,207,3353.727,6.0,measure,17,200.0,346.41,no_signal
3,r03_20260912_232521.jsonl,208,3359.727,6.0,measure,18,200.0,346.41,no_signal
3,r03_20260912_232521.jsonl,209,3445.727,86.0,measure,19,-200.0,346.41,no_signal
3,r03_20260912_232521.jsonl,210,3451.727,6.0,measure,16,-200.0,346.41,no_signal
3,r03_20260912_232521.jsonl,211,3457.727,6.0,measure,15,-200.0,346.41,no_signal
3,r03_20260912_232521.jsonl,212,3463.727,6.0,measure,14,-200.0,346.41,no_signal
3,r03_20260912_232521.jsonl,213,3469.727,6.0,measure,11,-200.0,346.41,no_signal
3,r03_20260912_232521.jsonl,214,3475.727,6.0,measure,8,-200.0,346.41,no_signal
3,r03_20260912_232521.jsonl,215,3481.727,6.0,measure,7,-200.0,346.41,no_signal
3,r03_20260912_232521.jsonl,216,3487.727,6.0,measure,6,-200.0,346.41,no_signal
3,r03_20260912_232521.jsonl,217,3493.727,6.0,measure,2,-200.0,346.41,no_signal
3,r03_20260912_232521.jsonl,218,3499.727,6.0,measure,17,-200.0,346.41,no_signal
3,r03_20260912_232521.jsonl,219,3505.727,6.0,measure,18,-200.0,346.41,no_signal
3,r03_20260912_232521.jsonl,220,3802.874,297.148,measure,19,-919.239,-919.239,no_signal
3,r03_20260912_232521.jsonl,221,3808.874,6.0,measure,16,-919.239,-919.239,no_signal
3,r03_20260912_232521.jsonl,222,3814.874,6.0,measure,15,-919.239,-919.239,no_signal
3,r03_20260912_232521.jsonl,223,3820.874,6.0,measure,14,-919.239,-919.239,no_signal
3,r03_20260912_232521.jsonl,224,3826.874,6.0,measure,11,-919.239,-919.239,no_signal
3,r03_20260912_232521.jsonl,225,3832.874,6.0,measure,8,-919.239,-919.239,no_signal
3,r03_20260912_232521.jsonl,226,3838.874,6.0,measure,7,-919.239,-919.239,no_signal
3,r03_20260912_232521.jsonl,227,3844.874,6.0,measure,6,-919.239,-919.239,no_signal
3,r03_20260912_232521.jsonl,228,3850.874,6.0,measure,2,-919.239,-919.239,no_signal
3,r03_20260912_232521.jsonl,229,4001.246,150.372,measure,2,-950.0,-1645.448,no_signal
3,r03_20260912_232521.jsonl,230,4007.246,6.0,measure,6,-950.0,-1645.448,no_signal
3,r03_20260912_232521.jsonl,231,4013.246,6.0,measure,7,-950.0,-1645.448,no_signal
3,r03_20260912_232521.jsonl,232,4019.246,6.0,measure,8,-950.0,-1645.448,no_signal
3,r03_20260912_232521.jsonl,233,4025.246,6.0,measure,11,-950.0,-1645.448,no_signal
3,r03_20260912_232521.jsonl,234,4031.246,6.0,measure,14,-950.0,-1645.448,no_signal
3,r03_20260912_232521.jsonl,235,4037.246,6.0,measure,15,-950.0,-1645.448,no_signal
3,r03_20260912_232521.jsonl,236,4043.246,6.0,measure,16,-950.0,-1645.448,no_signal
3,r03_20260912_232521.jsonl,237,4049.246,6.0,measure,19,-950.0,-1645.448,no_signal
3,r03_20260912_232521.jsonl,238,4250.949,201.702,measure,19,-1645.448,-950.0,no_signal
3,r03_20260912_232521.jsonl,239,4256.949,6.0,measure,16,-1645.448,-950.0,no_signal
3,r03_20260912_232521.jsonl,240,4262.949,6.0,measure,15,-1645.448,-950.0,no_signal
3,r03_20260912_232521.jsonl,241,4268.949,6.0,measure,14,-1645.448,-950.0,no_signal
3,r03_20260912_232521.jsonl,242,4274.949,6.0,measure,11,-1645.448,-950.0,no_signal
3,r03_20260912_232521.jsonl,243,4280.949,6.0,measure,8,-1645.448,-950.0,no_signal
3,r03_20260912_232521.jsonl,244,4286.949,6.0,measure,7,-1645.448,-950.0,no_signal
3,r03_20260912_232521.jsonl,245,4292.949,6.0,measure,6,-1645.448,-950.0,no_signal
3,r03_20260912_232521.jsonl,246,4298.949,6.0,measure,2,-1645.448,-950.0,no_signal
3,r03_20260912_232521.jsonl,247,4506.12,207.172,measure,2,-1300.0,0.0,no_signal
3,r03_20260912_232521.jsonl,248,4512.12,6.0,measure,6,-1300.0,0.0,no_signal
3,r03_20260912_232521.jsonl,249,4518.12,6.0,measure,7,-1300.0,0.0,no_signal
3,r03_20260912_232521.jsonl,250,4524.12,6.0,measure,8,-1300.0,0.0,no_signal
3,r03_20260912_232521.jsonl,251,4530.12,6.0,measure,11,-1300.0,0.0,no_signal
3,r03_20260912_232521.jsonl,252,4536.12,6.0,measure,14,-1300.0,0.0,no_signal
3,r03_20260912_232521.jsonl,253,4542.12,6.0,measure,15,-1300.0,0.0,no_signal
3,r03_20260912_232521.jsonl,254,4548.12,6.0,measure,16,-1300.0,0.0,no_signal
3,r03_20260912_232521.jsonl,255,4554.12,6.0,measure,19,-1300.0,0.0,no_signal
3,r03_20260912_232521.jsonl,256,4560.12,6.0,measure,10,-1300.0,0.0,direction
3,r03_20260912_232521.jsonl,257,4707.925,147.804,clear,10,-869.296,569.491,success
3,r03_20260912_232521.jsonl,258,4949.439,241.514,measure,11,-1900.0,0.0,no_signal
3,r03_20260912_232521.jsonl,259,4955.439,6.0,measure,8,-1900.0,0.0,no_signal
3,r03_20260912_232521.jsonl,260,4961.439,6.0,measure,7,-1900.0,0.0,no_signal
3,r03_20260912_232521.jsonl,261,4967.439,6.0,measure,6,-1900.0,0.0,no_signal
3,r03_20260912_232521.jsonl,262,4973.439,6.0,measure,14,-1900.0,0.0,no_signal
3,r03_20260912_232521.jsonl,263,4979.439,6.0,measure,15,-1900.0,0.0,no_signal
3,r03_20260912_232521.jsonl,264,4985.439,6.0,measure,16,-1900.0,0.0,no_signal
3,r03_20260912_232521.jsonl,265,4991.439,6.0,measure,2,-1900.0,0.0,no_signal
3,r03_20260912_232521.jsonl,266,4997.439,6.0,measure,19,-1900.0,0.0,no_signal
3,r03_20260912_232521.jsonl,267,5199.141,201.702,measure,19,-1645.448,950.0,no_signal
3,r03_20260912_232521.jsonl,268,5205.141,6.0,measure,16,-1645.448,950.0,no_signal
3,r03_20260912_232521.jsonl,269,5211.141,6.0,measure,15,-1645.448,950.0,no_signal
3,r03_20260912_232521.jsonl,270,5217.141,6.0,measure,14,-1645.448,950.0,no_signal
3,r03_20260912_232521.jsonl,271,5223.141,6.0,measure,11,-1645.448,950.0,no_signal
3,r03_20260912_232521.jsonl,272,5229.141,6.0,measure,8,-1645.448,950.0,no_signal
3,r03_20260912_232521.jsonl,273,5235.141,6.0,measure,7,-1645.448,950.0,no_signal
3,r03_20260912_232521.jsonl,274,5241.141,6.0,measure,6,-1645.448,950.0,no_signal
3,r03_20260912_232521.jsonl,275,5247.141,6.0,measure,2,-1645.448,950.0,no_signal
3,r03_20260912_232521.jsonl,276,5397.513,150.372,measure,2,-919.239,919.239,no_signal
3,r03_20260912_232521.jsonl,277,5403.513,6.0,measure,6,-919.239,919.239,no_signal
3,r03_20260912_232521.jsonl,278,5409.513,6.0,measure,7,-919.239,919.239,no_signal
3,r03_20260912_232521.jsonl,279,5415.513,6.0,measure,8,-919.239,919.239,no_signal
3,r03_20260912_232521.jsonl,280,5421.513,6.0,measure,11,-919.239,919.239,no_signal
3,r03_20260912_232521.jsonl,281,5427.513,6.0,measure,14,-919.239,919.239,direction
3,r03_20260912_232521.jsonl,282,5433.513,6.0,measure,15,-919.239,919.239,no_signal
3,r03_20260912_232521.jsonl,283,5439.513,6.0,measure,16,-919.239,919.239,no_signal
3,r03_20260912_232521.jsonl,284,5445.513,6.0,measure,19,-919.239,919.239,no_signal
3,r03_20260912_232521.jsonl,285,5451.513,6.0,measure,14,-919.239,919.239,direction
3,r03_20260912_232521.jsonl,286,5602.885,151.372,measure,15,-950.0,1645.448,no_signal
3,r03_20260912_232521.jsonl,287,5608.885,6.0,measure,16,-950.0,1645.448,no_signal
3,r03_20260912_232521.jsonl,288,5614.885,6.0,measure,11,-950.0,1645.448,no_signal
3,r03_20260912_232521.jsonl,289,5620.885,6.0,measure,19,-950.0,1645.448,no_signal
3,r03_20260912_232521.jsonl,290,5626.885,6.0,measure,8,-950.0,1645.448,no_signal
3,r03_20260912_232521.jsonl,291,5632.885,6.0,measure,7,-950.0,1645.448,no_signal
3,r03_20260912_232521.jsonl,292,5638.885,6.0,measure,6,-950.0,1645.448,no_signal
3,r03_20260912_232521.jsonl,293,5644.885,6.0,measure,2,-950.0,1645.448,no_signal
3,r03_20260912_232521.jsonl,294,5650.885,6.0,measure,14,-950.0,1645.448,direction
3,r03_20260912_232521.jsonl,295,5862.693,211.808,measure,14,-38.347,1157.462,direction
3,r03_20260912_232521.jsonl,296,5870.757,8.063,clear,14,-23.588,1153.366,success
3,r03_20260912_232521.jsonl,297,5906.461,35.704,measure,15,0.0,1300.0,direction
3,r03_20260912_232521.jsonl,298,5912.461,6.0,measure,16,0.0,1300.0,no_signal
3,r03_20260912_232521.jsonl,299,5918.461,6.0,measure,11,0.0,1300.0,no_signal
3,r03_20260912_232521.jsonl,300,5924.461,6.0,measure,19,0.0,1300.0,no_signal
3,r03_20260912_232521.jsonl,301,5930.461,6.0,measure,8,0.0,1300.0,no_signal
3,r03_20260912_232521.jsonl,302,5936.461,6.0,measure,7,0.0,1300.0,no_signal
3,r03_20260912_232521.jsonl,303,5942.461,6.0,measure,6,0.0,1300.0,no_signal
3,r03_20260912_232521.jsonl,304,5948.461,6.0,measure,2,0.0,1300.0,direction
3,r03_20260912_232521.jsonl,305,5953.461,5.0,measure,2,0.0,1300.0,direction
3,r03_20260912_232521.jsonl,306,5959.461,6.0,measure,17,0.0,1300.0,no_signal
3,r03_20260912_232521.jsonl,307,6085.461,126.0,measure,16,0.0,1900.0,no_signal
3,r03_20260912_232521.jsonl,308,6091.461,6.0,measure,19,0.0,1900.0,no_signal
3,r03_20260912_232521.jsonl,309,6097.461,6.0,measure,11,0.0,1900.0,no_signal
3,r03_20260912_232521.jsonl,310,6103.461,6.0,measure,8,0.0,1900.0,no_signal
3,r03_20260912_232521.jsonl,311,6109.461,6.0,measure,7,0.0,1900.0,no_signal
3,r03_20260912_232521.jsonl,312,6115.461,6.0,measure,6,0.0,1900.0,no_signal
3,r03_20260912_232521.jsonl,313,6121.461,6.0,measure,15,0.0,1900.0,direction
3,r03_20260912_232521.jsonl,314,6256.345,134.885,measure,15,602.079,1656.584,near
3,r03_20260912_232521.jsonl,315,6261.345,5.0,clear,15,602.079,1656.584,success
3,r03_20260912_232521.jsonl,316,6264.345,3.0,clear,15,602.079,1656.584,no_target_in_range
3,r03_20260912_232521.jsonl,317,6267.462,3.116,clear,15,601.5,1656.53,no_target_in_range
3,r03_20260912_232521.jsonl,318,6343.197,75.735,measure,16,950.0,1645.448,no_signal
3,r03_20260912_232521.jsonl,319,6349.197,6.0,measure,11,950.0,1645.448,no_signal
3,r03_20260912_232521.jsonl,320,6355.197,6.0,measure,19,950.0,1645.448,no_signal
3,r03_20260912_232521.jsonl,321,6361.197,6.0,measure,8,950.0,1645.448,no_signal
3,r03_20260912_232521.jsonl,322,6367.197,6.0,measure,7,950.0,1645.448,no_signal
3,r03_20260912_232521.jsonl,323,6373.197,6.0,measure,6,950.0,1645.448,direction
3,r03_20260912_232521.jsonl,324,6379.197,6.0,measure,2,950.0,1645.448,direction
3,r03_20260912_232521.jsonl,325,6385.197,6.0,measure,18,950.0,1645.448,direction
3,r03_20260912_232521.jsonl,326,6536.569,151.372,measure,19,919.239,919.239,no_signal
3,r03_20260912_232521.jsonl,327,6542.569,6.0,measure,16,919.239,919.239,no_signal
3,r03_20260912_232521.jsonl,328,6548.569,6.0,measure,11,919.239,919.239,no_signal
3,r03_20260912_232521.jsonl,329,6554.569,6.0,measure,8,919.239,919.239,no_signal
3,r03_20260912_232521.jsonl,330,6560.569,6.0,measure,7,919.239,919.239,no_signal
3,r03_20260912_232521.jsonl,331,6566.569,6.0,measure,17,919.239,919.239,direction
3,r03_20260912_232521.jsonl,332,6732.927,166.358,clear,17,869.329,113.995,success
3,r03_20260912_232521.jsonl,333,6900.285,167.358,measure,6,919.239,919.239,no_signal
3,r03_20260912_232521.jsonl,334,6964.548,64.263,measure,2,1138.777,727.751,direction
3,r03_20260912_232521.jsonl,335,6974.815,10.267,clear,2,1154.216,706.414,success
3,r03_20260912_232521.jsonl,336,7090.477,115.662,measure,7,1645.448,950.0,no_signal
3,r03_20260912_232521.jsonl,337,7096.477,6.0,measure,8,1645.448,950.0,no_signal
3,r03_20260912_232521.jsonl,338,7102.477,6.0,measure,11,1645.448,950.0,no_signal
3,r03_20260912_232521.jsonl,339,7108.477,6.0,measure,16,1645.448,950.0,no_signal
3,r03_20260912_232521.jsonl,340,7114.477,6.0,measure,19,1645.448,950.0,no_signal
3,r03_20260912_232521.jsonl,341,7120.477,6.0,measure,6,1645.448,950.0,direction
3,r03_20260912_232521.jsonl,342,7265.162,144.685,clear,6,981.847,1167.795,success
3,r03_20260912_232521.jsonl,343,7410.848,145.685,measure,18,1645.448,950.0,no_signal
3,r03_20260912_232521.jsonl,344,7613.55,202.702,measure,19,1900.0,0.0,no_signal
3,r03_20260912_232521.jsonl,345,7619.55,6.0,measure,16,1900.0,0.0,no_signal
3,r03_20260912_232521.jsonl,346,7625.55,6.0,measure,11,1900.0,0.0,no_signal
3,r03_20260912_232521.jsonl,347,7631.55,6.0,measure,8,1900.0,0.0,no_signal
3,r03_20260912_232521.jsonl,348,7637.55,6.0,measure,7,1900.0,0.0,no_signal
3,r03_20260912_232521.jsonl,349,7943.464,305.914,measure,18,562.906,678.887,direction
3,r03_20260912_232521.jsonl,350,7950.428,6.964,clear,18,553.114,679.623,success
3,r03_20260912_232521.jsonl,351,7950.428,0.0,exit,,,,
4,r04_20260912_232537.jsonl,0,0.0,0.0,enter,,,,
4,r04_20260912_232537.jsonl,1,5.0,5.0,measure,1,0.0,0.0,no_signal
4,r04_20260912_232537.jsonl,2,11.0,6.0,measure,2,0.0,0.0,no_signal
4,r04_20260912_232537.jsonl,3,17.0,6.0,measure,3,0.0,0.0,no_signal
4,r04_20260912_232537.jsonl,4,23.0,6.0,measure,4,0.0,0.0,no_signal
4,r04_20260912_232537.jsonl,5,29.0,6.0,measure,5,0.0,0.0,no_signal
4,r04_20260912_232537.jsonl,6,35.0,6.0,measure,6,0.0,0.0,direction
4,r04_20260912_232537.jsonl,7,41.0,6.0,measure,7,0.0,0.0,direction
4,r04_20260912_232537.jsonl,8,47.0,6.0,measure,8,0.0,0.0,no_signal
4,r04_20260912_232537.jsonl,9,53.0,6.0,measure,9,0.0,0.0,direction
4,r04_20260912_232537.jsonl,10,59.0,6.0,measure,10,0.0,0.0,direction
4,r04_20260912_232537.jsonl,11,65.0,6.0,measure,11,0.0,0.0,no_signal
4,r04_20260912_232537.jsonl,12,71.0,6.0,measure,12,0.0,0.0,direction
4,r04_20260912_232537.jsonl,13,77.0,6.0,measure,13,0.0,0.0,no_signal
4,r04_20260912_232537.jsonl,14,83.0,6.0,measure,14,0.0,0.0,direction
4,r04_20260912_232537.jsonl,15,89.0,6.0,measure,15,0.0,0.0,no_signal
4,r04_20260912_232537.jsonl,16,95.0,6.0,measure,16,0.0,0.0,no_signal
4,r04_20260912_232537.jsonl,17,101.0,6.0,measure,17,0.0,0.0,no_signal
4,r04_20260912_232537.jsonl,18,107.0,6.0,measure,18,0.0,0.0,no_signal
4,r04_20260912_232537.jsonl,19,113.0,6.0,measure,19,0.0,0.0,no_signal
4,r04_20260912_232537.jsonl,20,119.0,6.0,measure,20,0.0,0.0,no_signal
4,r04_20260912_232537.jsonl,21,204.0,85.0,measure,20,400.0,0.0,no_signal
4,r04_20260912_232537.jsonl,22,210.0,6.0,measure,19,400.0,0.0,no_signal
4,r04_20260912_232537.jsonl,23,216.0,6.0,measure,18,400.0,0.0,no_signal
4,r04_20260912_232537.jsonl,24,222.0,6.0,measure,17,400.0,0.0,no_signal
4,r04_20260912_232537.jsonl,25,228.0,6.0,measure,16,400.0,0.0,no_signal
4,r04_20260912_232537.jsonl,26,234.0,6.0,measure,15,400.0,0.0,no_signal
4,r04_20260912_232537.jsonl,27,240.0,6.0,measure,13,400.0,0.0,no_signal
4,r04_20260912_232537.jsonl,28,246.0,6.0,measure,11,400.0,0.0,no_signal
4,r04_20260912_232537.jsonl,29,252.0,6.0,measure,8,400.0,0.0,direction
4,r04_20260912_232537.jsonl,30,258.0,6.0,measure,5,400.0,0.0,no_signal
4,r04_20260912_232537.jsonl,31,264.0,6.0,measure,4,400.0,0.0,no_signal
4,r04_20260912_232537.jsonl,32,270.0,6.0,measure,3,400.0,0.0,no_signal
4,r04_20260912_232537.jsonl,33,276.0,6.0,measure,2,400.0,0.0,no_signal
4,r04_20260912_232537.jsonl,34,282.0,6.0,measure,1,400.0,0.0,no_signal
4,r04_20260912_232537.jsonl,35,288.0,6.0,measure,7,400.0,0.0,direction
4,r04_20260912_232537.jsonl,36,294.0,6.0,measure,9,400.0,0.0,direction
4,r04_20260912_232537.jsonl,37,306.437,12.437,measure,7,431.452,6.829,direction
4,r04_20260912_232537.jsonl,38,313.685,7.248,clear,7,442.208,10.097,success
4,r04_20260912_232537.jsonl,39,402.576,88.891,measure,5,200.0,346.41,no_signal
4,r04_20260912_232537.jsonl,40,408.576,6.0,measure,4,200.0,346.41,no_signal
4,r04_20260912_232537.jsonl,41,414.576,6.0,measure,3,200.0,346.41,no_signal
4,r04_20260912_232537.jsonl,42,420.576,6.0,measure,11,200.0,346.41,no_signal
4,r04_20260912_232537.jsonl,43,426.576,6.0,measure,2,200.0,346.41,no_signal
4,r04_20260912_232537.jsonl,44,432.576,6.0,measure,1,200.0,346.41,no_signal
4,r04_20260912_232537.jsonl,45,438.576,6.0,measure,13,200.0,346.41,no_signal
4,r04_20260912_232537.jsonl,46,444.576,6.0,measure,15,200.0,346.41,no_signal
4,r04_20260912_232537.jsonl,47,450.576,6.0,measure,16,200.0,346.41,no_signal
4,r04_20260912_232537.jsonl,48,456.576,6.0,measure,17,200.0,346.41,no_signal
4,r04_20260912_232537.jsonl,49,462.576,6.0,measure,18,200.0,346.41,no_signal
4,r04_20260912_232537.jsonl,50,468.576,6.0,measure,19,200.0,346.41,no_signal
4,r04_20260912_232537.jsonl,51,474.576,6.0,measure,20,200.0,346.41,no_signal
4,r04_20260912_232537.jsonl,52,480.576,6.0,measure,12,200.0,346.41,direction
4,r04_20260912_232537.jsonl,53,486.576,6.0,measure,14,200.0,346.41,direction
4,r04_20260912_232537.jsonl,54,584.027,97.452,clear,14,399.308,-70.674,success
4,r04_20260912_232537.jsonl,55,658.073,74.045,measure,13,200.0,-346.41,no_signal
4,r04_20260912_232537.jsonl,56,664.073,6.0,measure,15,200.0,-346.41,no_signal
4,r04_20260912_232537.jsonl,57,670.073,6.0,measure,16,200.0,-346.41,no_signal
4,r04_20260912_232537.jsonl,58,676.073,6.0,measure,11,200.0,-346.41,no_signal
4,r04_20260912_232537.jsonl,59,682.073,6.0,measure,17,200.0,-346.41,no_signal
4,r04_20260912_232537.jsonl,60,688.073,6.0,measure,18,200.0,-346.41,no_signal
4,r04_20260912_232537.jsonl,61,694.073,6.0,measure,19,200.0,-346.41,no_signal
4,r04_20260912_232537.jsonl,62,700.073,6.0,measure,20,200.0,-346.41,no_signal
4,r04_20260912_232537.jsonl,63,706.073,6.0,measure,5,200.0,-346.41,no_signal
4,r04_20260912_232537.jsonl,64,712.073,6.0,measure,4,200.0,-346.41,no_signal
4,r04_20260912_232537.jsonl,65,718.073,6.0,measure,3,200.0,-346.41,no_signal
4,r04_20260912_232537.jsonl,66,724.073,6.0,measure,2,200.0,-346.41,no_signal
4,r04_20260912_232537.jsonl,67,730.073,6.0,measure,1,200.0,-346.41,no_signal
4,r04_20260912_232537.jsonl,68,736.073,6.0,measure,6,200.0,-346.41,direction
4,r04_20260912_232537.jsonl,69,742.073,6.0,measure,10,200.0,-346.41,direction
4,r04_20260912_232537.jsonl,70,850.159,108.086,clear,10,-243.406,-83.618,success
4,r04_20260912_232537.jsonl,71,909.429,59.271,measure,11,-200.0,-346.41,no_signal
4,r04_20260912_232537.jsonl,72,915.429,6.0,measure,13,-200.0,-346.41,direction
4,r04_20260912_232537.jsonl,73,921.429,6.0,measure,5,-200.0,-346.41,no_signal
4,r04_20260912_232537.jsonl,74,927.429,6.0,measure,15,-200.0,-346.41,no_signal
4,r04_20260912_232537.jsonl,75,933.429,6.0,measure,4,-200.0,-346.41,no_signal
4,r04_20260912_232537.jsonl,76,939.429,6.0,measure,16,-200.0,-346.41,no_signal
4,r04_20260912_232537.jsonl,77,945.429,6.0,measure,3,-200.0,-346.41,no_signal
4,r04_20260912_232537.jsonl,78,951.429,6.0,measure,17,-200.0,-346.41,no_signal
4,r04_20260912_232537.jsonl,79,957.429,6.0,measure,2,-200.0,-346.41,no_signal
4,r04_20260912_232537.jsonl,80,963.429,6.0,measure,18,-200.0,-346.41,no_signal
4,r04_20260912_232537.jsonl,81,969.429,6.0,measure,1,-200.0,-346.41,no_signal
4,r04_20260912_232537.jsonl,82,975.429,6.0,measure,19,-200.0,-346.41,no_signal
4,r04_20260912_232537.jsonl,83,981.429,6.0,measure,20,-200.0,-346.41,no_signal
4,r04_20260912_232537.jsonl,84,987.429,6.0,measure,13,-200.0,-346.41,direction
4,r04_20260912_232537.jsonl,85,993.429,6.0,measure,9,-200.0,-346.41,direction
4,r04_20260912_232537.jsonl,86,1079.429,86.0,measure,11,-400.0,0.0,no_signal
4,r04_20260912_232537.jsonl,87,1085.429,6.0,measure,5,-400.0,0.0,no_signal
4,r04_20260912_232537.jsonl,88,1091.429,6.0,measure,4,-400.0,0.0,no_signal
4,r04_20260912_232537.jsonl,89,1097.429,6.0,measure,3,-400.0,0.0,no_signal
4,r04_20260912_232537.jsonl,90,1103.429,6.0,measure,15,-400.0,0.0,no_signal
4,r04_20260912_232537.jsonl,91,1109.429,6.0,measure,2,-400.0,0.0,no_signal
4,r04_20260912_232537.jsonl,92,1115.429,6.0,measure,16,-400.0,0.0,no_signal
4,r04_20260912_232537.jsonl,93,1121.429,6.0,measure,1,-400.0,0.0,no_signal
4,r04_20260912_232537.jsonl,94,1127.429,6.0,measure,17,-400.0,0.0,no_signal
4,r04_20260912_232537.jsonl,95,1133.429,6.0,measure,18,-400.0,0.0,no_signal
4,r04_20260912_232537.jsonl,96,1139.429,6.0,measure,19,-400.0,0.0,no_signal
4,r04_20260912_232537.jsonl,97,1145.429,6.0,measure,20,-400.0,0.0,no_signal
4,r04_20260912_232537.jsonl,98,1151.429,6.0,measure,13,-400.0,0.0,direction
4,r04_20260912_232537.jsonl,99,1157.429,6.0,measure,6,-400.0,0.0,direction
4,r04_20260912_232537.jsonl,100,1243.429,86.0,measure,5,-200.0,346.41,no_signal
4,r04_20260912_232537.jsonl,101,1249.429,6.0,measure,4,-200.0,346.41,no_signal
4,r04_20260912_232537.jsonl,102,1255.429,6.0,measure,3,-200.0,346.41,no_signal
4,r04_20260912_232537.jsonl,103,1261.429,6.0,measure,2,-200.0,346.41,no_signal
4,r04_20260912_232537.jsonl,104,1267.429,6.0,measure,1,-200.0,346.41,no_signal
4,r04_20260912_232537.jsonl,105,1273.429,6.0,measure,11,-200.0,346.41,no_signal
4,r04_20260912_232537.jsonl,106,1279.429,6.0,measure,15,-200.0,346.41,no_signal
4,r04_20260912_232537.jsonl,107,1285.429,6.0,measure,16,-200.0,346.41,no_signal
4,r04_20260912_232537.jsonl,108,1291.429,6.0,measure,17,-200.0,346.41,no_signal
4,r04_20260912_232537.jsonl,109,1297.429,6.0,measure,18,-200.0,346.41,no_signal
4,r04_20260912_232537.jsonl,110,1303.429,6.0,measure,19,-200.0,346.41,no_signal
4,r04_20260912_232537.jsonl,111,1309.429,6.0,measure,20,-200.0,346.41,no_signal
4,r04_20260912_232537.jsonl,112,1315.429,6.0,measure,8,-200.0,346.41,direction
4,r04_20260912_232537.jsonl,113,1321.429,6.0,measure,12,-200.0,346.41,direction
4,r04_20260912_232537.jsonl,114,1472.307,150.877,measure,12,417.784,734.156,direction
4,r04_20260912_232537.jsonl,115,1483.257,10.95,clear,12,398.645,711.379,success
4,r04_20260912_232537.jsonl,116,1601.368,118.111,measure,11,919.239,919.239,direction
4,r04_20260912_232537.jsonl,117,1607.368,6.0,measure,15,919.239,919.239,no_signal
4,r04_20260912_232537.jsonl,118,1613.368,6.0,measure,16,919.239,919.239,no_signal
4,r04_20260912_232537.jsonl,119,1619.368,6.0,measure,17,919.239,919.239,no_signal
4,r04_20260912_232537.jsonl,120,1625.368,6.0,measure,18,919.239,919.239,no_signal
4,r04_20260912_232537.jsonl,121,1631.368,6.0,measure,5,919.239,919.239,no_signal
4,r04_20260912_232537.jsonl,122,1637.368,6.0,measure,19,919.239,919.239,no_signal
4,r04_20260912_232537.jsonl,123,1643.368,6.0,measure,4,919.239,919.239,no_signal
4,r04_20260912_232537.jsonl,124,1649.368,6.0,measure,20,919.239,919.239,direction
4,r04_20260912_232537.jsonl,125,1655.368,6.0,measure,3,919.239,919.239,no_signal
4,r04_20260912_232537.jsonl,126,1661.368,6.0,measure,2,919.239,919.239,no_signal
4,r04_20260912_232537.jsonl,127,1667.368,6.0,measure,1,919.239,919.239,no_signal
4,r04_20260912_232537.jsonl,128,1673.368,6.0,measure,11,919.239,919.239,direction
4,r04_20260912_232537.jsonl,129,1679.368,6.0,measure,20,919.239,919.239,direction
4,r04_20260912_232537.jsonl,130,1830.74,151.372,measure,19,950.0,1645.448,no_signal
4,r04_20260912_232537.jsonl,131,1836.74,6.0,measure,18,950.0,1645.448,no_signal
4,r04_20260912_232537.jsonl,132,1842.74,6.0,measure,17,950.0,1645.448,no_signal
4,r04_20260912_232537.jsonl,133,1848.74,6.0,measure,16,950.0,1645.448,no_signal
4,r04_20260912_232537.jsonl,134,1854.74,6.0,measure,15,950.0,1645.448,no_signal
4,r04_20260912_232537.jsonl,135,1860.74,6.0,measure,5,950.0,1645.448,no_signal
4,r04_20260912_232537.jsonl,136,1866.74,6.0,measure,4,950.0,1645.448,no_signal
4,r04_20260912_232537.jsonl,137,1872.74,6.0,measure,3,950.0,1645.448,no_signal
4,r04_20260912_232537.jsonl,138,1878.74,6.0,measure,2,950.0,1645.448,no_signal
4,r04_20260912_232537.jsonl,139,1884.74,6.0,measure,1,950.0,1645.448,no_signal
4,r04_20260912_232537.jsonl,140,1890.74,6.0,measure,11,950.0,1645.448,direction
4,r04_20260912_232537.jsonl,141,1896.74,6.0,measure,20,950.0,1645.448,direction
4,r04_20260912_232537.jsonl,142,1981.45,84.71,clear,20,610.787,1436.224,success
4,r04_20260912_232537.jsonl,143,2112.608,131.159,measure,19,0.0,1300.0,no_signal
4,r04_20260912_232537.jsonl,144,2118.608,6.0,measure,18,0.0,1300.0,no_signal
4,r04_20260912_232537.jsonl,145,2124.608,6.0,measure,17,0.0,1300.0,no_signal
4,r04_20260912_232537.jsonl,146,2130.608,6.0,measure,16,0.0,1300.0,no_signal
4,r04_20260912_232537.jsonl,147,2136.608,6.0,measure,15,0.0,1300.0,no_signal
4,r04_20260912_232537.jsonl,148,2142.608,6.0,measure,5,0.0,1300.0,no_signal
4,r04_20260912_232537.jsonl,149,2148.608,6.0,measure,4,0.0,1300.0,no_signal
4,r04_20260912_232537.jsonl,150,2154.608,6.0,measure,3,0.0,1300.0,no_signal
4,r04_20260912_232537.jsonl,151,2160.608,6.0,measure,2,0.0,1300.0,no_signal
4,r04_20260912_232537.jsonl,152,2166.608,6.0,measure,1,0.0,1300.0,no_signal
4,r04_20260912_232537.jsonl,153,2172.608,6.0,measure,8,0.0,1300.0,direction
4,r04_20260912_232537.jsonl,154,2178.608,6.0,measure,11,0.0,1300.0,direction
4,r04_20260912_232537.jsonl,155,2239.819,61.211,clear,11,50.087,1576.556,success
4,r04_20260912_232537.jsonl,156,2311.279,71.46,measure,15,0.0,1900.0,no_signal
4,r04_20260912_232537.jsonl,157,2317.279,6.0,measure,16,0.0,1900.0,no_signal
4,r04_20260912_232537.jsonl,158,2323.279,6.0,measure,5,0.0,1900.0,no_signal
4,r04_20260912_232537.jsonl,159,2329.279,6.0,measure,17,0.0,1900.0,no_signal
4,r04_20260912_232537.jsonl,160,2335.279,6.0,measure,4,0.0,1900.0,no_signal
4,r04_20260912_232537.jsonl,161,2341.279,6.0,measure,18,0.0,1900.0,no_signal
4,r04_20260912_232537.jsonl,162,2347.279,6.0,measure,3,0.0,1900.0,no_signal
4,r04_20260912_232537.jsonl,163,2353.279,6.0,measure,19,0.0,1900.0,no_signal
4,r04_20260912_232537.jsonl,164,2359.279,6.0,measure,2,0.0,1900.0,no_signal
4,r04_20260912_232537.jsonl,165,2365.279,6.0,measure,1,0.0,1900.0,no_signal
4,r04_20260912_232537.jsonl,166,2371.279,6.0,measure,8,0.0,1900.0,direction
4,r04_20260912_232537.jsonl,167,2565.821,194.542,measure,8,748.006,1318.072,direction
4,r04_20260912_232537.jsonl,168,2573.21,7.389,clear,8,759.947,1318.311,success
4,r04_20260912_232537.jsonl,169,2771.018,197.809,measure,5,1645.448,950.0,no_signal
4,r04_20260912_232537.jsonl,170,2777.018,6.0,measure,4,1645.448,950.0,no_signal
4,r04_20260912_232537.jsonl,171,2783.018,6.0,measure,3,1645.448,950.0,no_signal
4,r04_20260912_232537.jsonl,172,2789.018,6.0,measure,2,1645.448,950.0,no_signal
4,r04_20260912_232537.jsonl,173,2795.018,6.0,measure,1,1645.448,950.0,no_signal
4,r04_20260912_232537.jsonl,174,2801.018,6.0,measure,15,1645.448,950.0,no_signal
4,r04_20260912_232537.jsonl,175,2807.018,6.0,measure,16,1645.448,950.0,no_signal
4,r04_20260912_232537.jsonl,176,2813.018,6.0,measure,17,1645.448,950.0,no_signal
4,r04_20260912_232537.jsonl,177,2819.018,6.0,measure,18,1645.448,950.0,no_signal
4,r04_20260912_232537.jsonl,178,2825.018,6.0,measure,19,1645.448,950.0,no_signal
4,r04_20260912_232537.jsonl,179,3032.19,207.172,measure,19,1300.0,0.0,no_signal
4,r04_20260912_232537.jsonl,180,3038.19,6.0,measure,18,1300.0,0.0,no_signal
4,r04_20260912_232537.jsonl,181,3044.19,6.0,measure,17,1300.0,0.0,no_signal
4,r04_20260912_232537.jsonl,182,3050.19,6.0,measure,16,1300.0,0.0,no_signal
4,r04_20260912_232537.jsonl,183,3056.19,6.0,measure,15,1300.0,0.0,no_signal
4,r04_20260912_232537.jsonl,184,3062.19,6.0,measure,5,1300.0,0.0,no_signal
4,r04_20260912_232537.jsonl,185,3068.19,6.0,measure,4,1300.0,0.0,no_signal
4,r04_20260912_232537.jsonl,186,3074.19,6.0,measure,3,1300.0,0.0,direction
4,r04_20260912_232537.jsonl,187,3080.19,6.0,measure,2,1300.0,0.0,no_signal
4,r04_20260912_232537.jsonl,188,3086.19,6.0,measure,1,1300.0,0.0,no_signal
4,r04_20260912_232537.jsonl,189,3092.19,6.0,measure,3,1300.0,0.0,direction
4,r04_20260912_232537.jsonl,190,3218.19,126.0,measure,2,1900.0,0.0,no_signal
4,r04_20260912_232537.jsonl,191,3224.19,6.0,measure,4,1900.0,0.0,no_signal
4,r04_20260912_232537.jsonl,192,3230.19,6.0,measure,1,1900.0,0.0,no_signal
4,r04_20260912_232537.jsonl,193,3236.19,6.0,measure,5,1900.0,0.0,no_signal
4,r04_20260912_232537.jsonl,194,3242.19,6.0,measure,15,1900.0,0.0,no_signal
4,r04_20260912_232537.jsonl,195,3248.19,6.0,measure,16,1900.0,0.0,no_signal
4,r04_20260912_232537.jsonl,196,3254.19,6.0,measure,17,1900.0,0.0,no_signal
4,r04_20260912_232537.jsonl,197,3260.19,6.0,measure,18,1900.0,0.0,no_signal
4,r04_20260912_232537.jsonl,198,3266.19,6.0,measure,19,1900.0,0.0,no_signal
4,r04_20260912_232537.jsonl,199,3272.19,6.0,measure,3,1900.0,0.0,direction
4,r04_20260912_232537.jsonl,200,3359.246,87.056,clear,3,1544.72,-205.197,success
4,r04_20260912_232537.jsonl,201,3515.563,156.317,measure,2,1645.448,-950.0,no_signal
4,r04_20260912_232537.jsonl,202,3521.563,6.0,measure,4,1645.448,-950.0,no_signal
4,r04_20260912_232537.jsonl,203,3527.563,6.0,measure,1,1645.448,-950.0,no_signal
4,r04_20260912_232537.jsonl,204,3533.563,6.0,measure,5,1645.448,-950.0,no_signal
4,r04_20260912_232537.jsonl,205,3539.563,6.0,measure,15,1645.448,-950.0,no_signal
4,r04_20260912_232537.jsonl,206,3545.563,6.0,measure,16,1645.448,-950.0,no_signal
4,r04_20260912_232537.jsonl,207,3551.563,6.0,measure,17,1645.448,-950.0,no_signal
4,r04_20260912_232537.jsonl,208,3557.563,6.0,measure,18,1645.448,-950.0,no_signal
4,r04_20260912_232537.jsonl,209,3563.563,6.0,measure,19,1645.448,-950.0,no_signal
4,r04_20260912_232537.jsonl,210,3569.563,6.0,measure,9,1645.448,-950.0,direction
4,r04_20260912_232537.jsonl,211,3720.935,151.372,measure,5,919.239,-919.239,no_signal
4,r04_20260912_232537.jsonl,212,3726.935,6.0,measure,4,919.239,-919.239,no_signal
4,r04_20260912_232537.jsonl,213,3732.935,6.0,measure,15,919.239,-919.239,no_signal
4,r04_20260912_232537.jsonl,214,3738.935,6.0,measure,2,919.239,-919.239,no_signal
4,r04_20260912_232537.jsonl,215,3744.935,6.0,measure,16,919.239,-919.239,no_signal
4,r04_20260912_232537.jsonl,216,3750.935,6.0,measure,1,919.239,-919.239,no_signal
4,r04_20260912_232537.jsonl,217,3756.935,6.0,measure,17,919.239,-919.239,no_signal
4,r04_20260912_232537.jsonl,218,3762.935,6.0,measure,18,919.239,-919.239,no_signal
4,r04_20260912_232537.jsonl,219,3768.935,6.0,measure,19,919.239,-919.239,no_signal
4,r04_20260912_232537.jsonl,220,3774.935,6.0,measure,9,919.239,-919.239,direction
4,r04_20260912_232537.jsonl,221,3851.345,76.41,clear,9,609.237,-1096.391,success
4,r04_20260912_232537.jsonl,222,3986.586,135.241,measure,5,950.0,-1645.448,no_signal
4,r04_20260912_232537.jsonl,223,3992.586,6.0,measure,4,950.0,-1645.448,no_signal
4,r04_20260912_232537.jsonl,224,3998.586,6.0,measure,15,950.0,-1645.448,no_signal
4,r04_20260912_232537.jsonl,225,4004.586,6.0,measure,2,950.0,-1645.448,no_signal
4,r04_20260912_232537.jsonl,226,4010.586,6.0,measure,16,950.0,-1645.448,no_signal
4,r04_20260912_232537.jsonl,227,4016.586,6.0,measure,1,950.0,-1645.448,no_signal
4,r04_20260912_232537.jsonl,228,4022.586,6.0,measure,17,950.0,-1645.448,no_signal
4,r04_20260912_232537.jsonl,229,4028.586,6.0,measure,18,950.0,-1645.448,no_signal
4,r04_20260912_232537.jsonl,230,4034.586,6.0,measure,19,950.0,-1645.448,no_signal
4,r04_20260912_232537.jsonl,231,4241.758,207.172,measure,19,-0.0,-1300.0,no_signal
4,r04_20260912_232537.jsonl,232,4247.758,6.0,measure,18,-0.0,-1300.0,no_signal
4,r04_20260912_232537.jsonl,233,4253.758,6.0,measure,17,-0.0,-1300.0,no_signal
4,r04_20260912_232537.jsonl,234,4259.758,6.0,measure,16,-0.0,-1300.0,no_signal
4,r04_20260912_232537.jsonl,235,4265.758,6.0,measure,15,-0.0,-1300.0,no_signal
4,r04_20260912_232537.jsonl,236,4271.758,6.0,measure,5,-0.0,-1300.0,no_signal
4,r04_20260912_232537.jsonl,237,4277.758,6.0,measure,4,-0.0,-1300.0,no_signal
4,r04_20260912_232537.jsonl,238,4283.758,6.0,measure,2,-0.0,-1300.0,no_signal
4,r04_20260912_232537.jsonl,239,4289.758,6.0,measure,1,-0.0,-1300.0,no_signal
4,r04_20260912_232537.jsonl,240,4295.758,6.0,measure,6,-0.0,-1300.0,direction
4,r04_20260912_232537.jsonl,241,4520.871,225.113,clear,6,-707.33,-456.835,success
4,r04_20260912_232537.jsonl,242,4848.307,327.437,measure,5,-0.0,-1900.0,no_signal
4,r04_20260912_232537.jsonl,243,4854.307,6.0,measure,4,-0.0,-1900.0,no_signal
4,r04_20260912_232537.jsonl,244,4860.307,6.0,measure,2,-0.0,-1900.0,no_signal
4,r04_20260912_232537.jsonl,245,4866.307,6.0,measure,1,-0.0,-1900.0,no_signal
4,r04_20260912_232537.jsonl,246,4872.307,6.0,measure,15,-0.0,-1900.0,no_signal
4,r04_20260912_232537.jsonl,247,4878.307,6.0,measure,16,-0.0,-1900.0,no_signal
4,r04_20260912_232537.jsonl,248,4884.307,6.0,measure,17,-0.0,-1900.0,no_signal
4,r04_20260912_232537.jsonl,249,4890.307,6.0,measure,18,-0.0,-1900.0,no_signal
4,r04_20260912_232537.jsonl,250,4896.307,6.0,measure,19,-0.0,-1900.0,no_signal
4,r04_20260912_232537.jsonl,251,5098.01,201.702,measure,19,-950.0,-1645.448,no_signal
4,r04_20260912_232537.jsonl,252,5104.01,6.0,measure,18,-950.0,-1645.448,no_signal
4,r04_20260912_232537.jsonl,253,5110.01,6.0,measure,17,-950.0,-1645.448,no_signal
4,r04_20260912_232537.jsonl,254,5116.01,6.0,measure,16,-950.0,-1645.448,no_signal
4,r04_20260912_232537.jsonl,255,5122.01,6.0,measure,15,-950.0,-1645.448,no_signal
4,r04_20260912_232537.jsonl,256,5128.01,6.0,measure,5,-950.0,-1645.448,no_signal
4,r04_20260912_232537.jsonl,257,5134.01,6.0,measure,4,-950.0,-1645.448,no_signal
4,r04_20260912_232537.jsonl,258,5140.01,6.0,measure,2,-950.0,-1645.448,no_signal
4,r04_20260912_232537.jsonl,259,5146.01,6.0,measure,1,-950.0,-1645.448,no_signal
4,r04_20260912_232537.jsonl,260,5152.01,6.0,measure,13,-950.0,-1645.448,direction
4,r04_20260912_232537.jsonl,261,5303.382,151.372,measure,15,-919.239,-919.239,no_signal
4,r04_20260912_232537.jsonl,262,5309.382,6.0,measure,16,-919.239,-919.239,no_signal
4,r04_20260912_232537.jsonl,263,5315.382,6.0,measure,17,-919.239,-919.239,no_signal
4,r04_20260912_232537.jsonl,264,5321.382,6.0,measure,18,-919.239,-919.239,no_signal
4,r04_20260912_232537.jsonl,265,5327.382,6.0,measure,19,-919.239,-919.239,no_signal
4,r04_20260912_232537.jsonl,266,5333.382,6.0,measure,5,-919.239,-919.239,no_signal
4,r04_20260912_232537.jsonl,267,5339.382,6.0,measure,4,-919.239,-919.239,no_signal
4,r04_20260912_232537.jsonl,268,5345.382,6.0,measure,2,-919.239,-919.239,no_signal
4,r04_20260912_232537.jsonl,269,5351.382,6.0,measure,1,-919.239,-919.239,no_signal
4,r04_20260912_232537.jsonl,270,5357.382,6.0,measure,13,-919.239,-919.239,direction
4,r04_20260912_232537.jsonl,271,5444.43,87.048,clear,13,-1272.919,-1127.104,success
4,r04_20260912_232537.jsonl,272,5532.927,88.497,measure,15,-1645.448,-950.0,no_signal
4,r04_20260912_232537.jsonl,273,5538.927,6.0,measure,16,-1645.448,-950.0,no_signal
4,r04_20260912_232537.jsonl,274,5544.927,6.0,measure,17,-1645.448,-950.0,no_signal
4,r04_20260912_232537.jsonl,275,5550.927,6.0,measure,18,-1645.448,-950.0,no_signal
4,r04_20260912_232537.jsonl,276,5556.927,6.0,measure,19,-1645.448,-950.0,no_signal
4,r04_20260912_232537.jsonl,277,5562.927,6.0,measure,5,-1645.448,-950.0,no_signal
4,r04_20260912_232537.jsonl,278,5568.927,6.0,measure,4,-1645.448,-950.0,no_signal
4,r04_20260912_232537.jsonl,279,5574.927,6.0,measure,2,-1645.448,-950.0,no_signal
4,r04_20260912_232537.jsonl,280,5580.927,6.0,measure,1,-1645.448,-950.0,no_signal
4,r04_20260912_232537.jsonl,281,5782.63,201.702,measure,1,-1900.0,0.0,no_signal
4,r04_20260912_232537.jsonl,282,5788.63,6.0,measure,2,-1900.0,0.0,no_signal
4,r04_20260912_232537.jsonl,283,5794.63,6.0,measure,4,-1900.0,0.0,no_signal
4,r04_20260912_232537.jsonl,284,5800.63,6.0,measure,5,-1900.0,0.0,no_signal
4,r04_20260912_232537.jsonl,285,5806.63,6.0,measure,15,-1900.0,0.0,no_signal
4,r04_20260912_232537.jsonl,286,5812.63,6.0,measure,16,-1900.0,0.0,no_signal
4,r04_20260912_232537.jsonl,287,5818.63,6.0,measure,17,-1900.0,0.0,no_signal
4,r04_20260912_232537.jsonl,288,5824.63,6.0,measure,18,-1900.0,0.0,no_signal
4,r04_20260912_232537.jsonl,289,5830.63,6.0,measure,19,-1900.0,0.0,no_signal
4,r04_20260912_232537.jsonl,290,5955.63,125.0,measure,19,-1300.0,0.0,no_signal
4,r04_20260912_232537.jsonl,291,5961.63,6.0,measure,18,-1300.0,0.0,no_signal
4,r04_20260912_232537.jsonl,292,5967.63,6.0,measure,17,-1300.0,0.0,no_signal
4,r04_20260912_232537.jsonl,293,5973.63,6.0,measure,16,-1300.0,0.0,no_signal
4,r04_20260912_232537.jsonl,294,5979.63,6.0,measure,15,-1300.0,0.0,no_signal
4,r04_20260912_232537.jsonl,295,5985.63,6.0,measure,5,-1300.0,0.0,no_signal
4,r04_20260912_232537.jsonl,296,5991.63,6.0,measure,4,-1300.0,0.0,no_signal
4,r04_20260912_232537.jsonl,297,5997.63,6.0,measure,2,-1300.0,0.0,no_signal
4,r04_20260912_232537.jsonl,298,6003.63,6.0,measure,1,-1300.0,0.0,no_signal
4,r04_20260912_232537.jsonl,299,6207.625,203.995,measure,1,-919.239,919.239,no_signal
4,r04_20260912_232537.jsonl,300,6213.625,6.0,measure,2,-919.239,919.239,no_signal
4,r04_20260912_232537.jsonl,301,6219.625,6.0,measure,4,-919.239,919.239,no_signal
4,r04_20260912_232537.jsonl,302,6225.625,6.0,measure,5,-919.239,919.239,no_signal
4,r04_20260912_232537.jsonl,303,6231.625,6.0,measure,15,-919.239,919.239,no_signal
4,r04_20260912_232537.jsonl,304,6237.625,6.0,measure,16,-919.239,919.239,no_signal
4,r04_20260912_232537.jsonl,305,6243.625,6.0,measure,17,-919.239,919.239,no_signal
4,r04_20260912_232537.jsonl,306,6249.625,6.0,measure,18,-919.239,919.239,no_signal
4,r04_20260912_232537.jsonl,307,6255.625,6.0,measure,19,-919.239,919.239,no_signal
4,r04_20260912_232537.jsonl,308,6405.997,150.372,measure,19,-950.0,1645.448,no_signal
4,r04_20260912_232537.jsonl,309,6411.997,6.0,measure,18,-950.0,1645.448,no_signal
4,r04_20260912_232537.jsonl,310,6417.997,6.0,measure,17,-950.0,1645.448,no_signal
4,r04_20260912_232537.jsonl,311,6423.997,6.0,measure,16,-950.0,1645.448,no_signal
4,r04_20260912_232537.jsonl,312,6429.997,6.0,measure,15,-950.0,1645.448,no_signal
4,r04_20260912_232537.jsonl,313,6435.997,6.0,measure,5,-950.0,1645.448,no_signal
4,r04_20260912_232537.jsonl,314,6441.997,6.0,measure,4,-950.0,1645.448,no_signal
4,r04_20260912_232537.jsonl,315,6447.997,6.0,measure,2,-950.0,1645.448,no_signal
4,r04_20260912_232537.jsonl,316,6453.997,6.0,measure,1,-950.0,1645.448,no_signal
4,r04_20260912_232537.jsonl,317,6655.699,201.702,measure,1,-1645.448,950.0,no_signal
4,r04_20260912_232537.jsonl,318,6661.699,6.0,measure,2,-1645.448,950.0,no_signal
4,r04_20260912_232537.jsonl,319,6667.699,6.0,measure,4,-1645.448,950.0,no_signal
4,r04_20260912_232537.jsonl,320,6673.699,6.0,measure,5,-1645.448,950.0,no_signal
4,r04_20260912_232537.jsonl,321,6679.699,6.0,measure,15,-1645.448,950.0,no_signal
4,r04_20260912_232537.jsonl,322,6685.699,6.0,measure,16,-1645.448,950.0,no_signal
4,r04_20260912_232537.jsonl,323,6691.699,6.0,measure,17,-1645.448,950.0,no_signal
4,r04_20260912_232537.jsonl,324,6697.699,6.0,measure,18,-1645.448,950.0,no_signal
4,r04_20260912_232537.jsonl,325,6703.699,6.0,measure,19,-1645.448,950.0,no_signal
4,r04_20260912_232537.jsonl,326,6703.699,0.0,exit,,,,
5,r05_20260912_232554.jsonl,0,0.0,0.0,enter,,,,
5,r05_20260912_232554.jsonl,1,5.0,5.0,measure,1,0.0,0.0,no_signal
5,r05_20260912_232554.jsonl,2,11.0,6.0,measure,2,0.0,0.0,no_signal
5,r05_20260912_232554.jsonl,3,17.0,6.0,measure,3,0.0,0.0,no_signal
5,r05_20260912_232554.jsonl,4,23.0,6.0,measure,4,0.0,0.0,no_signal
5,r05_20260912_232554.jsonl,5,29.0,6.0,measure,5,0.0,0.0,direction
5,r05_20260912_232554.jsonl,6,35.0,6.0,measure,6,0.0,0.0,no_signal
5,r05_20260912_232554.jsonl,7,41.0,6.0,measure,7,0.0,0.0,no_signal
5,r05_20260912_232554.jsonl,8,47.0,6.0,measure,8,0.0,0.0,no_signal
5,r05_20260912_232554.jsonl,9,53.0,6.0,measure,9,0.0,0.0,no_signal
5,r05_20260912_232554.jsonl,10,59.0,6.0,measure,10,0.0,0.0,no_signal
5,r05_20260912_232554.jsonl,11,65.0,6.0,measure,11,0.0,0.0,no_signal
5,r05_20260912_232554.jsonl,12,71.0,6.0,measure,12,0.0,0.0,no_signal
5,r05_20260912_232554.jsonl,13,77.0,6.0,measure,13,0.0,0.0,no_signal
5,r05_20260912_232554.jsonl,14,83.0,6.0,measure,14,0.0,0.0,direction
5,r05_20260912_232554.jsonl,15,89.0,6.0,measure,15,0.0,0.0,direction
5,r05_20260912_232554.jsonl,16,95.0,6.0,measure,16,0.0,0.0,no_signal
5,r05_20260912_232554.jsonl,17,101.0,6.0,measure,17,0.0,0.0,no_signal
5,r05_20260912_232554.jsonl,18,107.0,6.0,measure,18,0.0,0.0,no_signal
5,r05_20260912_232554.jsonl,19,113.0,6.0,measure,19,0.0,0.0,no_signal
5,r05_20260912_232554.jsonl,20,119.0,6.0,measure,20,0.0,0.0,direction
5,r05_20260912_232554.jsonl,21,205.0,86.0,measure,19,400.0,0.0,no_signal
5,r05_20260912_232554.jsonl,22,211.0,6.0,measure,18,400.0,0.0,direction
5,r05_20260912_232554.jsonl,23,217.0,6.0,measure,17,400.0,0.0,no_signal
5,r05_20260912_232554.jsonl,24,223.0,6.0,measure,16,400.0,0.0,no_signal
5,r05_20260912_232554.jsonl,25,229.0,6.0,measure,13,400.0,0.0,no_signal
5,r05_20260912_232554.jsonl,26,235.0,6.0,measure,12,400.0,0.0,direction
5,r05_20260912_232554.jsonl,27,241.0,6.0,measure,11,400.0,0.0,no_signal
5,r05_20260912_232554.jsonl,28,247.0,6.0,measure,10,400.0,0.0,direction
5,r05_20260912_232554.jsonl,29,253.0,6.0,measure,9,400.0,0.0,no_signal
5,r05_20260912_232554.jsonl,30,259.0,6.0,measure,8,400.0,0.0,no_signal
5,r05_20260912_232554.jsonl,31,265.0,6.0,measure,7,400.0,0.0,no_signal
5,r05_20260912_232554.jsonl,32,271.0,6.0,measure,6,400.0,0.0,no_signal
5,r05_20260912_232554.jsonl,33,277.0,6.0,measure,4,400.0,0.0,no_signal
5,r05_20260912_232554.jsonl,34,283.0,6.0,measure,3,400.0,0.0,no_signal
5,r05_20260912_232554.jsonl,35,289.0,6.0,measure,2,400.0,0.0,no_signal
5,r05_20260912_232554.jsonl,36,295.0,6.0,measure,1,400.0,0.0,no_signal
5,r05_20260912_232554.jsonl,37,301.0,6.0,measure,5,400.0,0.0,direction
5,r05_20260912_232554.jsonl,38,307.0,6.0,measure,15,400.0,0.0,no_signal
5,r05_20260912_232554.jsonl,39,393.0,86.0,measure,16,200.0,346.41,no_signal
5,r05_20260912_232554.jsonl,40,399.0,6.0,measure,13,200.0,346.41,no_signal
5,r05_20260912_232554.jsonl,41,405.0,6.0,measure,17,200.0,346.41,no_signal
5,r05_20260912_232554.jsonl,42,411.0,6.0,measure,11,200.0,346.41,no_signal
5,r05_20260912_232554.jsonl,43,417.0,6.0,measure,19,200.0,346.41,no_signal
5,r05_20260912_232554.jsonl,44,423.0,6.0,measure,9,200.0,346.41,no_signal
5,r05_20260912_232554.jsonl,45,429.0,6.0,measure,8,200.0,346.41,no_signal
5,r05_20260912_232554.jsonl,46,435.0,6.0,measure,7,200.0,346.41,direction
5,r05_20260912_232554.jsonl,47,441.0,6.0,measure,6,200.0,346.41,no_signal
5,r05_20260912_232554.jsonl,48,447.0,6.0,measure,4,200.0,346.41,no_signal
5,r05_20260912_232554.jsonl,49,453.0,6.0,measure,3,200.0,346.41,direction
5,r05_20260912_232554.jsonl,50,459.0,6.0,measure,2,200.0,346.41,no_signal
5,r05_20260912_232554.jsonl,51,465.0,6.0,measure,1,200.0,346.41,no_signal
5,r05_20260912_232554.jsonl,52,471.0,6.0,measure,7,200.0,346.41,direction
5,r05_20260912_232554.jsonl,53,477.0,6.0,measure,20,200.0,346.41,direction
5,r05_20260912_232554.jsonl,54,563.0,86.0,measure,19,-200.0,346.41,no_signal
5,r05_20260912_232554.jsonl,55,569.0,6.0,measure,17,-200.0,346.41,no_signal
5,r05_20260912_232554.jsonl,56,575.0,6.0,measure,16,-200.0,346.41,no_signal
5,r05_20260912_232554.jsonl,57,581.0,6.0,measure,13,-200.0,346.41,no_signal
5,r05_20260912_232554.jsonl,58,587.0,6.0,measure,11,-200.0,346.41,no_signal
5,r05_20260912_232554.jsonl,59,593.0,6.0,measure,9,-200.0,346.41,no_signal
5,r05_20260912_232554.jsonl,60,599.0,6.0,measure,8,-200.0,346.41,no_signal
5,r05_20260912_232554.jsonl,61,605.0,6.0,measure,6,-200.0,346.41,no_signal
5,r05_20260912_232554.jsonl,62,611.0,6.0,measure,4,-200.0,346.41,no_signal
5,r05_20260912_232554.jsonl,63,617.0,6.0,measure,2,-200.0,346.41,no_signal
5,r05_20260912_232554.jsonl,64,623.0,6.0,measure,1,-200.0,346.41,no_signal
5,r05_20260912_232554.jsonl,65,629.0,6.0,measure,7,-200.0,346.41,direction
5,r05_20260912_232554.jsonl,66,635.0,6.0,measure,14,-200.0,346.41,direction
5,r05_20260912_232554.jsonl,67,721.0,86.0,measure,13,-400.0,0.0,direction
5,r05_20260912_232554.jsonl,68,727.0,6.0,measure,16,-400.0,0.0,no_signal
5,r05_20260912_232554.jsonl,69,733.0,6.0,measure,11,-400.0,0.0,no_signal
5,r05_20260912_232554.jsonl,70,739.0,6.0,measure,17,-400.0,0.0,no_signal
5,r05_20260912_232554.jsonl,71,745.0,6.0,measure,9,-400.0,0.0,direction
5,r05_20260912_232554.jsonl,72,751.0,6.0,measure,19,-400.0,0.0,no_signal
5,r05_20260912_232554.jsonl,73,757.0,6.0,measure,8,-400.0,0.0,no_signal
5,r05_20260912_232554.jsonl,74,763.0,6.0,measure,6,-400.0,0.0,no_signal
5,r05_20260912_232554.jsonl,75,769.0,6.0,measure,4,-400.0,0.0,no_signal
5,r05_20260912_232554.jsonl,76,775.0,6.0,measure,2,-400.0,0.0,no_signal
5,r05_20260912_232554.jsonl,77,781.0,6.0,measure,1,-400.0,0.0,no_signal
5,r05_20260912_232554.jsonl,78,787.0,6.0,measure,13,-400.0,0.0,direction
5,r05_20260912_232554.jsonl,79,793.0,6.0,measure,9,-400.0,0.0,direction
5,r05_20260912_232554.jsonl,80,879.0,86.0,measure,8,-200.0,-346.41,no_signal
5,r05_20260912_232554.jsonl,81,885.0,6.0,measure,11,-200.0,-346.41,no_signal
5,r05_20260912_232554.jsonl,82,891.0,6.0,measure,6,-200.0,-346.41,no_signal
5,r05_20260912_232554.jsonl,83,897.0,6.0,measure,4,-200.0,-346.41,no_signal
5,r05_20260912_232554.jsonl,84,903.0,6.0,measure,2,-200.0,-346.41,no_signal
5,r05_20260912_232554.jsonl,85,909.0,6.0,measure,16,-200.0,-346.41,no_signal
5,r05_20260912_232554.jsonl,86,915.0,6.0,measure,1,-200.0,-346.41,no_signal
5,r05_20260912_232554.jsonl,87,921.0,6.0,measure,17,-200.0,-346.41,direction
5,r05_20260912_232554.jsonl,88,927.0,6.0,measure,19,-200.0,-346.41,no_signal
5,r05_20260912_232554.jsonl,89,933.0,6.0,measure,13,-200.0,-346.41,direction
5,r05_20260912_232554.jsonl,90,939.0,6.0,measure,9,-200.0,-346.41,direction
5,r05_20260912_232554.jsonl,91,1025.0,86.0,measure,8,200.0,-346.41,no_signal
5,r05_20260912_232554.jsonl,92,1031.0,6.0,measure,11,200.0,-346.41,no_signal
5,r05_20260912_232554.jsonl,93,1037.0,6.0,measure,6,200.0,-346.41,no_signal
5,r05_20260912_232554.jsonl,94,1043.0,6.0,measure,4,200.0,-346.41,no_signal
5,r05_20260912_232554.jsonl,95,1049.0,6.0,measure,2,200.0,-346.41,no_signal
5,r05_20260912_232554.jsonl,96,1055.0,6.0,measure,16,200.0,-346.41,no_signal
5,r05_20260912_232554.jsonl,97,1061.0,6.0,measure,1,200.0,-346.41,no_signal
5,r05_20260912_232554.jsonl,98,1067.0,6.0,measure,19,200.0,-346.41,no_signal
5,r05_20260912_232554.jsonl,99,1073.0,6.0,measure,15,200.0,-346.41,direction
5,r05_20260912_232554.jsonl,100,1079.0,6.0,measure,17,200.0,-346.41,direction
5,r05_20260912_232554.jsonl,101,1268.895,189.895,measure,16,919.239,-919.239,no_signal
5,r05_20260912_232554.jsonl,102,1274.895,6.0,measure,19,919.239,-919.239,no_signal
5,r05_20260912_232554.jsonl,103,1280.895,6.0,measure,11,919.239,-919.239,no_signal
5,r05_20260912_232554.jsonl,104,1286.895,6.0,measure,8,919.239,-919.239,no_signal
5,r05_20260912_232554.jsonl,105,1292.895,6.0,measure,6,919.239,-919.239,direction
5,r05_20260912_232554.jsonl,106,1298.895,6.0,measure,4,919.239,-919.239,no_signal
5,r05_20260912_232554.jsonl,107,1304.895,6.0,measure,2,919.239,-919.239,no_signal
5,r05_20260912_232554.jsonl,108,1310.895,6.0,measure,1,919.239,-919.239,no_signal
5,r05_20260912_232554.jsonl,109,1316.895,6.0,measure,12,919.239,-919.239,no_signal
5,r05_20260912_232554.jsonl,110,1322.895,6.0,measure,6,919.239,-919.239,direction
5,r05_20260912_232554.jsonl,111,1474.267,151.372,measure,4,1645.448,-950.0,no_signal
5,r05_20260912_232554.jsonl,112,1480.267,6.0,measure,8,1645.448,-950.0,no_signal
5,r05_20260912_232554.jsonl,113,1486.267,6.0,measure,2,1645.448,-950.0,no_signal
5,r05_20260912_232554.jsonl,114,1492.267,6.0,measure,1,1645.448,-950.0,no_signal
5,r05_20260912_232554.jsonl,115,1498.267,6.0,measure,11,1645.448,-950.0,no_signal
5,r05_20260912_232554.jsonl,116,1504.267,6.0,measure,16,1645.448,-950.0,no_signal
5,r05_20260912_232554.jsonl,117,1510.267,6.0,measure,19,1645.448,-950.0,no_signal
5,r05_20260912_232554.jsonl,118,1516.267,6.0,measure,12,1645.448,-950.0,direction
5,r05_20260912_232554.jsonl,119,1522.267,6.0,measure,6,1645.448,-950.0,no_signal
5,r05_20260912_232554.jsonl,120,1724.97,202.702,measure,4,950.0,-1645.448,no_signal
5,r05_20260912_232554.jsonl,121,1730.97,6.0,measure,8,950.0,-1645.448,no_signal
5,r05_20260912_232554.jsonl,122,1736.97,6.0,measure,2,950.0,-1645.448,no_signal
5,r05_20260912_232554.jsonl,123,1742.97,6.0,measure,1,950.0,-1645.448,no_signal
5,r05_20260912_232554.jsonl,124,1748.97,6.0,measure,11,950.0,-1645.448,no_signal
5,r05_20260912_232554.jsonl,125,1754.97,6.0,measure,16,950.0,-1645.448,no_signal
5,r05_20260912_232554.jsonl,126,1760.97,6.0,measure,19,950.0,-1645.448,no_signal
5,r05_20260912_232554.jsonl,127,1766.97,6.0,measure,6,950.0,-1645.448,direction
5,r05_20260912_232554.jsonl,128,1772.97,6.0,measure,17,950.0,-1645.448,direction
5,r05_20260912_232554.jsonl,129,1945.215,172.245,measure,6,1336.257,-909.415,no_signal
5,r05_20260912_232554.jsonl,130,1950.303,5.087,clear,6,1335.937,-909.712,success
5,r05_20260912_232554.jsonl,131,2138.387,188.084,measure,4,1300.0,0.0,no_signal
5,r05_20260912_232554.jsonl,132,2144.387,6.0,measure,8,1300.0,0.0,no_signal
5,r05_20260912_232554.jsonl,133,2150.387,6.0,measure,2,1300.0,0.0,no_signal
5,r05_20260912_232554.jsonl,134,2156.387,6.0,measure,1,1300.0,0.0,no_signal
5,r05_20260912_232554.jsonl,135,2162.387,6.0,measure,11,1300.0,0.0,no_signal
5,r05_20260912_232554.jsonl,136,2168.387,6.0,measure,16,1300.0,0.0,no_signal
5,r05_20260912_232554.jsonl,137,2174.387,6.0,measure,19,1300.0,0.0,no_signal
5,r05_20260912_232554.jsonl,138,2180.387,6.0,measure,10,1300.0,0.0,direction
5,r05_20260912_232554.jsonl,139,2186.387,6.0,measure,18,1300.0,0.0,direction
5,r05_20260912_232554.jsonl,140,2312.387,126.0,measure,19,1900.0,0.0,no_signal
5,r05_20260912_232554.jsonl,141,2318.387,6.0,measure,16,1900.0,0.0,no_signal
5,r05_20260912_232554.jsonl,142,2324.387,6.0,measure,11,1900.0,0.0,no_signal
5,r05_20260912_232554.jsonl,143,2330.387,6.0,measure,8,1900.0,0.0,no_signal
5,r05_20260912_232554.jsonl,144,2336.387,6.0,measure,4,1900.0,0.0,no_signal
5,r05_20260912_232554.jsonl,145,2342.387,6.0,measure,2,1900.0,0.0,no_signal
5,r05_20260912_232554.jsonl,146,2348.387,6.0,measure,1,1900.0,0.0,no_signal
5,r05_20260912_232554.jsonl,147,2354.387,6.0,measure,5,1900.0,0.0,direction
5,r05_20260912_232554.jsonl,148,2360.387,6.0,measure,18,1900.0,0.0,direction
5,r05_20260912_232554.jsonl,149,2439.049,78.662,measure,12,1706.382,307.42,direction
5,r05_20260912_232554.jsonl,150,2446.875,7.826,clear,12,1717.679,315.909,success
5,r05_20260912_232554.jsonl,151,2580.514,133.638,measure,11,1645.448,950.0,no_signal
5,r05_20260912_232554.jsonl,152,2586.514,6.0,measure,8,1645.448,950.0,no_signal
5,r05_20260912_232554.jsonl,153,2592.514,6.0,measure,16,1645.448,950.0,no_signal
5,r05_20260912_232554.jsonl,154,2598.514,6.0,measure,19,1645.448,950.0,no_signal
5,r05_20260912_232554.jsonl,155,2604.514,6.0,measure,4,1645.448,950.0,no_signal
5,r05_20260912_232554.jsonl,156,2610.514,6.0,measure,2,1645.448,950.0,no_signal
5,r05_20260912_232554.jsonl,157,2616.514,6.0,measure,1,1645.448,950.0,no_signal
5,r05_20260912_232554.jsonl,158,2622.514,6.0,measure,3,1645.448,950.0,direction
5,r05_20260912_232554.jsonl,159,2628.514,6.0,measure,10,1645.448,950.0,direction
5,r05_20260912_232554.jsonl,160,2708.693,80.18,measure,18,1463.63,626.724,direction
5,r05_20260912_232554.jsonl,161,2715.582,6.889,clear,18,1472.852,624.684,success
5,r05_20260912_232554.jsonl,162,2760.285,44.702,measure,10,1281.558,595.469,near
5,r05_20260912_232554.jsonl,163,2765.285,5.0,clear,10,1281.558,595.469,success
5,r05_20260912_232554.jsonl,164,2768.285,3.0,clear,10,1281.558,595.469,no_target_in_range
5,r05_20260912_232554.jsonl,165,2771.335,3.05,clear,10,1281.344,595.603,no_target_in_range
5,r05_20260912_232554.jsonl,166,2874.466,103.131,measure,11,919.239,919.239,no_signal
5,r05_20260912_232554.jsonl,167,2880.466,6.0,measure,8,919.239,919.239,no_signal
5,r05_20260912_232554.jsonl,168,2886.466,6.0,measure,4,919.239,919.239,no_signal
5,r05_20260912_232554.jsonl,169,2892.466,6.0,measure,16,919.239,919.239,no_signal
5,r05_20260912_232554.jsonl,170,2898.466,6.0,measure,2,919.239,919.239,no_signal
5,r05_20260912_232554.jsonl,171,2904.466,6.0,measure,1,919.239,919.239,no_signal
5,r05_20260912_232554.jsonl,172,2910.466,6.0,measure,19,919.239,919.239,no_signal
5,r05_20260912_232554.jsonl,173,2916.466,6.0,measure,3,919.239,919.239,direction
5,r05_20260912_232554.jsonl,174,2983.877,67.411,clear,3,1100.174,1173.483,success
5,r05_20260912_232554.jsonl,175,3088.933,105.056,measure,2,950.0,1645.448,no_signal
5,r05_20260912_232554.jsonl,176,3094.933,6.0,measure,4,950.0,1645.448,no_signal
5,r05_20260912_232554.jsonl,177,3100.933,6.0,measure,1,950.0,1645.448,no_signal
5,r05_20260912_232554.jsonl,178,3106.933,6.0,measure,8,950.0,1645.448,no_signal
5,r05_20260912_232554.jsonl,179,3112.933,6.0,measure,11,950.0,1645.448,no_signal
5,r05_20260912_232554.jsonl,180,3118.933,6.0,measure,16,950.0,1645.448,no_signal
5,r05_20260912_232554.jsonl,181,3124.933,6.0,measure,19,950.0,1645.448,no_signal
5,r05_20260912_232554.jsonl,182,3332.105,207.172,measure,19,0.0,1300.0,no_signal
5,r05_20260912_232554.jsonl,183,3338.105,6.0,measure,16,0.0,1300.0,no_signal
5,r05_20260912_232554.jsonl,184,3344.105,6.0,measure,11,0.0,1300.0,no_signal
5,r05_20260912_232554.jsonl,185,3350.105,6.0,measure,8,0.0,1300.0,no_signal
5,r05_20260912_232554.jsonl,186,3356.105,6.0,measure,4,0.0,1300.0,no_signal
5,r05_20260912_232554.jsonl,187,3362.105,6.0,measure,2,0.0,1300.0,no_signal
5,r05_20260912_232554.jsonl,188,3368.105,6.0,measure,1,0.0,1300.0,no_signal
5,r05_20260912_232554.jsonl,189,3374.105,6.0,measure,7,0.0,1300.0,direction
5,r05_20260912_232554.jsonl,190,3380.105,6.0,measure,20,0.0,1300.0,direction
5,r05_20260912_232554.jsonl,191,3460.3,80.195,measure,20,-352.122,1168.215,direction
5,r05_20260912_232554.jsonl,192,3466.295,5.996,clear,20,-354.192,1163.688,success
5,r05_20260912_232554.jsonl,193,3532.373,66.078,measure,7,-395.542,1461.22,direction
5,r05_20260912_232554.jsonl,194,3540.045,7.671,clear,7,-406.801,1468.407,success
5,r05_20260912_232554.jsonl,195,3664.664,124.619,measure,8,0.0,1900.0,no_signal
5,r05_20260912_232554.jsonl,196,3670.664,6.0,measure,4,0.0,1900.0,no_signal
5,r05_20260912_232554.jsonl,197,3676.664,6.0,measure,11,0.0,1900.0,no_signal
5,r05_20260912_232554.jsonl,198,3682.664,6.0,measure,2,0.0,1900.0,no_signal
5,r05_20260912_232554.jsonl,199,3688.664,6.0,measure,1,0.0,1900.0,no_signal
5,r05_20260912_232554.jsonl,200,3694.664,6.0,measure,16,0.0,1900.0,no_signal
5,r05_20260912_232554.jsonl,201,3700.664,6.0,measure,19,0.0,1900.0,no_signal
5,r05_20260912_232554.jsonl,202,3902.366,201.702,measure,19,-950.0,1645.448,no_signal
5,r05_20260912_232554.jsonl,203,3908.366,6.0,measure,16,-950.0,1645.448,no_signal
5,r05_20260912_232554.jsonl,204,3914.366,6.0,measure,11,-950.0,1645.448,no_signal
5,r05_20260912_232554.jsonl,205,3920.366,6.0,measure,8,-950.0,1645.448,no_signal
5,r05_20260912_232554.jsonl,206,3926.366,6.0,measure,4,-950.0,1645.448,no_signal
5,r05_20260912_232554.jsonl,207,3932.366,6.0,measure,2,-950.0,1645.448,no_signal
5,r05_20260912_232554.jsonl,208,3938.366,6.0,measure,1,-950.0,1645.448,no_signal
5,r05_20260912_232554.jsonl,209,4140.068,201.702,measure,1,-1645.448,950.0,no_signal
5,r05_20260912_232554.jsonl,210,4146.068,6.0,measure,2,-1645.448,950.0,no_signal
5,r05_20260912_232554.jsonl,211,4152.068,6.0,measure,4,-1645.448,950.0,no_signal
5,r05_20260912_232554.jsonl,212,4158.068,6.0,measure,8,-1645.448,950.0,no_signal
5,r05_20260912_232554.jsonl,213,4164.068,6.0,measure,11,-1645.448,950.0,no_signal
5,r05_20260912_232554.jsonl,214,4170.068,6.0,measure,16,-1645.448,950.0,no_signal
5,r05_20260912_232554.jsonl,215,4176.068,6.0,measure,19,-1645.448,950.0,no_signal
5,r05_20260912_232554.jsonl,216,4182.068,6.0,measure,14,-1645.448,950.0,direction
5,r05_20260912_232554.jsonl,217,4333.44,151.372,measure,16,-919.239,919.239,no_signal
5,r05_20260912_232554.jsonl,218,4339.44,6.0,measure,11,-919.239,919.239,no_signal
5,r05_20260912_232554.jsonl,219,4345.44,6.0,measure,19,-919.239,919.239,no_signal
5,r05_20260912_232554.jsonl,220,4351.44,6.0,measure,8,-919.239,919.239,no_signal
5,r05_20260912_232554.jsonl,221,4357.44,6.0,measure,4,-919.239,919.239,no_signal
5,r05_20260912_232554.jsonl,222,4363.44,6.0,measure,2,-919.239,919.239,no_signal
5,r05_20260912_232554.jsonl,223,4369.44,6.0,measure,1,-919.239,919.239,no_signal
5,r05_20260912_232554.jsonl,224,4375.44,6.0,measure,14,-919.239,919.239,direction
5,r05_20260912_232554.jsonl,225,4501.204,125.764,clear,14,-762.032,336.243,success
5,r05_20260912_232554.jsonl,226,4634.085,132.881,measure,16,-1300.0,0.0,no_signal
5,r05_20260912_232554.jsonl,227,4640.085,6.0,measure,11,-1300.0,0.0,no_signal
5,r05_20260912_232554.jsonl,228,4646.085,6.0,measure,19,-1300.0,0.0,no_signal
5,r05_20260912_232554.jsonl,229,4652.085,6.0,measure,8,-1300.0,0.0,direction
5,r05_20260912_232554.jsonl,230,4658.085,6.0,measure,4,-1300.0,0.0,no_signal
5,r05_20260912_232554.jsonl,231,4664.085,6.0,measure,2,-1300.0,0.0,no_signal
5,r05_20260912_232554.jsonl,232,4670.085,6.0,measure,1,-1300.0,0.0,no_signal
5,r05_20260912_232554.jsonl,233,4676.085,6.0,measure,8,-1300.0,0.0,direction
5,r05_20260912_232554.jsonl,234,4682.085,6.0,measure,9,-1300.0,0.0,direction
5,r05_20260912_232554.jsonl,235,4839.755,157.67,clear,9,-942.815,-674.627,success
5,r05_20260912_232554.jsonl,236,4869.008,29.252,measure,13,-873.653,-581.174,direction
5,r05_20260912_232554.jsonl,237,4877.208,8.2,clear,13,-861.87,-570.347,success
5,r05_20260912_232554.jsonl,238,5120.105,242.897,measure,11,-1900.0,0.0,no_signal
5,r05_20260912_232554.jsonl,239,5126.105,6.0,measure,16,-1900.0,0.0,no_signal
5,r05_20260912_232554.jsonl,240,5132.105,6.0,measure,19,-1900.0,0.0,no_signal
5,r05_20260912_232554.jsonl,241,5138.105,6.0,measure,4,-1900.0,0.0,no_signal
5,r05_20260912_232554.jsonl,242,5144.105,6.0,measure,2,-1900.0,0.0,no_signal
5,r05_20260912_232554.jsonl,243,5150.105,6.0,measure,1,-1900.0,0.0,no_signal
5,r05_20260912_232554.jsonl,244,5156.105,6.0,measure,8,-1900.0,0.0,direction
5,r05_20260912_232554.jsonl,245,5358.808,202.702,measure,11,-1645.448,-950.0,no_signal
5,r05_20260912_232554.jsonl,246,5364.808,6.0,measure,4,-1645.448,-950.0,no_signal
5,r05_20260912_232554.jsonl,247,5370.808,6.0,measure,2,-1645.448,-950.0,no_signal
5,r05_20260912_232554.jsonl,248,5376.808,6.0,measure,1,-1645.448,-950.0,no_signal
5,r05_20260912_232554.jsonl,249,5382.808,6.0,measure,16,-1645.448,-950.0,no_signal
5,r05_20260912_232554.jsonl,250,5388.808,6.0,measure,19,-1645.448,-950.0,no_signal
5,r05_20260912_232554.jsonl,251,5394.808,6.0,measure,8,-1645.448,-950.0,direction
5,r05_20260912_232554.jsonl,252,5439.401,44.593,clear,8,-1450.488,-915.639,success
5,r05_20260912_232554.jsonl,253,5551.653,112.252,measure,11,-919.239,-919.239,no_signal
5,r05_20260912_232554.jsonl,254,5557.653,6.0,measure,4,-919.239,-919.239,no_signal
5,r05_20260912_232554.jsonl,255,5563.653,6.0,measure,2,-919.239,-919.239,no_signal
5,r05_20260912_232554.jsonl,256,5569.653,6.0,measure,1,-919.239,-919.239,no_signal
5,r05_20260912_232554.jsonl,257,5575.653,6.0,measure,16,-919.239,-919.239,no_signal
5,r05_20260912_232554.jsonl,258,5581.653,6.0,measure,19,-919.239,-919.239,no_signal
5,r05_20260912_232554.jsonl,259,5587.653,6.0,measure,15,-919.239,-919.239,direction
5,r05_20260912_232554.jsonl,260,5743.227,155.574,clear,15,-215.371,-1186.419,success
5,r05_20260912_232554.jsonl,261,5899.802,156.574,measure,17,-919.239,-919.239,direction
5,r05_20260912_232554.jsonl,262,6051.174,151.372,measure,16,-950.0,-1645.448,no_signal
5,r05_20260912_232554.jsonl,263,6057.174,6.0,measure,19,-950.0,-1645.448,no_signal
5,r05_20260912_232554.jsonl,264,6063.174,6.0,measure,11,-950.0,-1645.448,no_signal
5,r05_20260912_232554.jsonl,265,6069.174,6.0,measure,4,-950.0,-1645.448,no_signal
5,r05_20260912_232554.jsonl,266,6075.174,6.0,measure,2,-950.0,-1645.448,no_signal
5,r05_20260912_232554.jsonl,267,6081.174,6.0,measure,1,-950.0,-1645.448,no_signal
5,r05_20260912_232554.jsonl,268,6087.174,6.0,measure,17,-950.0,-1645.448,direction
5,r05_20260912_232554.jsonl,269,6289.876,202.702,measure,16,-0.0,-1900.0,no_signal
5,r05_20260912_232554.jsonl,270,6295.876,6.0,measure,19,-0.0,-1900.0,no_signal
5,r05_20260912_232554.jsonl,271,6301.876,6.0,measure,11,-0.0,-1900.0,no_signal
5,r05_20260912_232554.jsonl,272,6307.876,6.0,measure,4,-0.0,-1900.0,no_signal
5,r05_20260912_232554.jsonl,273,6313.876,6.0,measure,2,-0.0,-1900.0,no_signal
5,r05_20260912_232554.jsonl,274,6319.876,6.0,measure,1,-0.0,-1900.0,no_signal
5,r05_20260912_232554.jsonl,275,6325.876,6.0,measure,17,-0.0,-1900.0,direction
5,r05_20260912_232554.jsonl,276,6380.551,54.675,clear,17,27.058,-1653.102,success
5,r05_20260912_232554.jsonl,277,6457.379,76.827,measure,16,-0.0,-1300.0,no_signal
5,r05_20260912_232554.jsonl,278,6463.379,6.0,measure,19,-0.0,-1300.0,no_signal
5,r05_20260912_232554.jsonl,279,6469.379,6.0,measure,11,-0.0,-1300.0,no_signal
5,r05_20260912_232554.jsonl,280,6475.379,6.0,measure,4,-0.0,-1300.0,no_signal
5,r05_20260912_232554.jsonl,281,6481.379,6.0,measure,2,-0.0,-1300.0,no_signal
5,r05_20260912_232554.jsonl,282,6487.379,6.0,measure,1,-0.0,-1300.0,no_signal
5,r05_20260912_232554.jsonl,283,6493.379,6.0,measure,5,-0.0,-1300.0,direction
5,r05_20260912_232554.jsonl,284,6729.778,236.399,clear,5,932.872,-615.61,success
5,r05_20260912_232554.jsonl,285,6729.778,0.0,exit,,,,
6,r06_20260912_232607.jsonl,0,0.0,0.0,enter,,,,
6,r06_20260912_232607.jsonl,1,5.0,5.0,measure,1,0.0,0.0,no_signal
6,r06_20260912_232607.jsonl,2,11.0,6.0,measure,2,0.0,0.0,direction
6,r06_20260912_232607.jsonl,3,17.0,6.0,measure,3,0.0,0.0,no_signal
6,r06_20260912_232607.jsonl,4,23.0,6.0,measure,4,0.0,0.0,no_signal
6,r06_20260912_232607.jsonl,5,29.0,6.0,measure,5,0.0,0.0,direction
6,r06_20260912_232607.jsonl,6,35.0,6.0,measure,6,0.0,0.0,no_signal
6,r06_20260912_232607.jsonl,7,41.0,6.0,measure,7,0.0,0.0,no_signal
6,r06_20260912_232607.jsonl,8,47.0,6.0,measure,8,0.0,0.0,no_signal
6,r06_20260912_232607.jsonl,9,53.0,6.0,measure,9,0.0,0.0,no_signal
6,r06_20260912_232607.jsonl,10,59.0,6.0,measure,10,0.0,0.0,no_signal
6,r06_20260912_232607.jsonl,11,65.0,6.0,measure,11,0.0,0.0,direction
6,r06_20260912_232607.jsonl,12,71.0,6.0,measure,12,0.0,0.0,no_signal
6,r06_20260912_232607.jsonl,13,77.0,6.0,measure,13,0.0,0.0,no_signal
6,r06_20260912_232607.jsonl,14,83.0,6.0,measure,14,0.0,0.0,no_signal
6,r06_20260912_232607.jsonl,15,89.0,6.0,measure,15,0.0,0.0,no_signal
6,r06_20260912_232607.jsonl,16,95.0,6.0,measure,16,0.0,0.0,no_signal
6,r06_20260912_232607.jsonl,17,101.0,6.0,measure,17,0.0,0.0,no_signal
6,r06_20260912_232607.jsonl,18,107.0,6.0,measure,18,0.0,0.0,no_signal
6,r06_20260912_232607.jsonl,19,113.0,6.0,measure,19,0.0,0.0,no_signal
6,r06_20260912_232607.jsonl,20,119.0,6.0,measure,20,0.0,0.0,direction
6,r06_20260912_232607.jsonl,21,205.0,86.0,measure,19,400.0,0.0,no_signal
6,r06_20260912_232607.jsonl,22,211.0,6.0,measure,18,400.0,0.0,no_signal
6,r06_20260912_232607.jsonl,23,217.0,6.0,measure,17,400.0,0.0,no_signal
6,r06_20260912_232607.jsonl,24,223.0,6.0,measure,16,400.0,0.0,no_signal
6,r06_20260912_232607.jsonl,25,229.0,6.0,measure,15,400.0,0.0,no_signal
6,r06_20260912_232607.jsonl,26,235.0,6.0,measure,14,400.0,0.0,no_signal
6,r06_20260912_232607.jsonl,27,241.0,6.0,measure,13,400.0,0.0,no_signal
6,r06_20260912_232607.jsonl,28,247.0,6.0,measure,12,400.0,0.0,no_signal
6,r06_20260912_232607.jsonl,29,253.0,6.0,measure,10,400.0,0.0,no_signal
6,r06_20260912_232607.jsonl,30,259.0,6.0,measure,9,400.0,0.0,no_signal
6,r06_20260912_232607.jsonl,31,265.0,6.0,measure,8,400.0,0.0,no_signal
6,r06_20260912_232607.jsonl,32,271.0,6.0,measure,7,400.0,0.0,no_signal
6,r06_20260912_232607.jsonl,33,277.0,6.0,measure,6,400.0,0.0,no_signal
6,r06_20260912_232607.jsonl,34,283.0,6.0,measure,4,400.0,0.0,no_signal
6,r06_20260912_232607.jsonl,35,289.0,6.0,measure,3,400.0,0.0,no_signal
6,r06_20260912_232607.jsonl,36,295.0,6.0,measure,1,400.0,0.0,no_signal
6,r06_20260912_232607.jsonl,37,301.0,6.0,measure,20,400.0,0.0,direction
6,r06_20260912_232607.jsonl,38,387.0,86.0,measure,19,200.0,346.41,direction
6,r06_20260912_232607.jsonl,39,393.0,6.0,measure,18,200.0,346.41,no_signal
6,r06_20260912_232607.jsonl,40,399.0,6.0,measure,17,200.0,346.41,no_signal
6,r06_20260912_232607.jsonl,41,405.0,6.0,measure,16,200.0,346.41,no_signal
6,r06_20260912_232607.jsonl,42,411.0,6.0,measure,15,200.0,346.41,no_signal
6,r06_20260912_232607.jsonl,43,417.0,6.0,measure,14,200.0,346.41,no_signal
6,r06_20260912_232607.jsonl,44,423.0,6.0,measure,13,200.0,346.41,no_signal
6,r06_20260912_232607.jsonl,45,429.0,6.0,measure,12,200.0,346.41,no_signal
6,r06_20260912_232607.jsonl,46,435.0,6.0,measure,10,200.0,346.41,no_signal
6,r06_20260912_232607.jsonl,47,441.0,6.0,measure,9,200.0,346.41,no_signal
6,r06_20260912_232607.jsonl,48,447.0,6.0,measure,8,200.0,346.41,no_signal
6,r06_20260912_232607.jsonl,49,453.0,6.0,measure,7,200.0,346.41,no_signal
6,r06_20260912_232607.jsonl,50,459.0,6.0,measure,6,200.0,346.41,no_signal
6,r06_20260912_232607.jsonl,51,465.0,6.0,measure,4,200.0,346.41,no_signal
6,r06_20260912_232607.jsonl,52,471.0,6.0,measure,3,200.0,346.41,no_signal
6,r06_20260912_232607.jsonl,53,477.0,6.0,measure,1,200.0,346.41,no_signal
6,r06_20260912_232607.jsonl,54,483.0,6.0,measure,11,200.0,346.41,direction
6,r06_20260912_232607.jsonl,55,489.0,6.0,measure,2,200.0,346.41,direction
6,r06_20260912_232607.jsonl,56,575.0,86.0,measure,1,-200.0,346.41,no_signal
6,r06_20260912_232607.jsonl,57,581.0,6.0,measure,3,-200.0,346.41,no_signal
6,r06_20260912_232607.jsonl,58,587.0,6.0,measure,4,-200.0,346.41,no_signal
6,r06_20260912_232607.jsonl,59,593.0,6.0,measure,6,-200.0,346.41,no_signal
6,r06_20260912_232607.jsonl,60,599.0,6.0,measure,7,-200.0,346.41,no_signal
6,r06_20260912_232607.jsonl,61,605.0,6.0,measure,8,-200.0,346.41,no_signal
6,r06_20260912_232607.jsonl,62,611.0,6.0,measure,9,-200.0,346.41,no_signal
6,r06_20260912_232607.jsonl,63,617.0,6.0,measure,10,-200.0,346.41,no_signal
6,r06_20260912_232607.jsonl,64,623.0,6.0,measure,12,-200.0,346.41,no_signal
6,r06_20260912_232607.jsonl,65,629.0,6.0,measure,13,-200.0,346.41,no_signal
6,r06_20260912_232607.jsonl,66,635.0,6.0,measure,14,-200.0,346.41,no_signal
6,r06_20260912_232607.jsonl,67,641.0,6.0,measure,15,-200.0,346.41,no_signal
6,r06_20260912_232607.jsonl,68,647.0,6.0,measure,16,-200.0,346.41,no_signal
6,r06_20260912_232607.jsonl,69,653.0,6.0,measure,17,-200.0,346.41,no_signal
6,r06_20260912_232607.jsonl,70,659.0,6.0,measure,18,-200.0,346.41,no_signal
6,r06_20260912_232607.jsonl,71,665.0,6.0,measure,5,-200.0,346.41,no_signal
6,r06_20260912_232607.jsonl,72,671.0,6.0,measure,19,-200.0,346.41,no_signal
6,r06_20260912_232607.jsonl,73,757.0,86.0,measure,18,-400.0,0.0,no_signal
6,r06_20260912_232607.jsonl,74,763.0,6.0,measure,17,-400.0,0.0,no_signal
6,r06_20260912_232607.jsonl,75,769.0,6.0,measure,16,-400.0,0.0,no_signal
6,r06_20260912_232607.jsonl,76,775.0,6.0,measure,15,-400.0,0.0,no_signal
6,r06_20260912_232607.jsonl,77,781.0,6.0,measure,14,-400.0,0.0,direction
6,r06_20260912_232607.jsonl,78,787.0,6.0,measure,13,-400.0,0.0,no_signal
6,r06_20260912_232607.jsonl,79,793.0,6.0,measure,12,-400.0,0.0,no_signal
6,r06_20260912_232607.jsonl,80,799.0,6.0,measure,10,-400.0,0.0,no_signal
6,r06_20260912_232607.jsonl,81,805.0,6.0,measure,9,-400.0,0.0,no_signal
6,r06_20260912_232607.jsonl,82,811.0,6.0,measure,8,-400.0,0.0,no_signal
6,r06_20260912_232607.jsonl,83,817.0,6.0,measure,7,-400.0,0.0,no_signal
6,r06_20260912_232607.jsonl,84,823.0,6.0,measure,6,-400.0,0.0,no_signal
6,r06_20260912_232607.jsonl,85,829.0,6.0,measure,4,-400.0,0.0,no_signal
6,r06_20260912_232607.jsonl,86,835.0,6.0,measure,3,-400.0,0.0,direction
6,r06_20260912_232607.jsonl,87,841.0,6.0,measure,1,-400.0,0.0,no_signal
6,r06_20260912_232607.jsonl,88,847.0,6.0,measure,14,-400.0,0.0,direction
6,r06_20260912_232607.jsonl,89,853.0,6.0,measure,5,-400.0,0.0,direction
6,r06_20260912_232607.jsonl,90,939.0,86.0,measure,4,-200.0,-346.41,no_signal
6,r06_20260912_232607.jsonl,91,945.0,6.0,measure,6,-200.0,-346.41,direction
6,r06_20260912_232607.jsonl,92,951.0,6.0,measure,7,-200.0,-346.41,no_signal
6,r06_20260912_232607.jsonl,93,957.0,6.0,measure,8,-200.0,-346.41,no_signal
6,r06_20260912_232607.jsonl,94,963.0,6.0,measure,1,-200.0,-346.41,no_signal
6,r06_20260912_232607.jsonl,95,969.0,6.0,measure,9,-200.0,-346.41,no_signal
6,r06_20260912_232607.jsonl,96,975.0,6.0,measure,10,-200.0,-346.41,no_signal
6,r06_20260912_232607.jsonl,97,981.0,6.0,measure,12,-200.0,-346.41,no_signal
6,r06_20260912_232607.jsonl,98,987.0,6.0,measure,13,-200.0,-346.41,no_signal
6,r06_20260912_232607.jsonl,99,993.0,6.0,measure,15,-200.0,-346.41,no_signal
6,r06_20260912_232607.jsonl,100,999.0,6.0,measure,16,-200.0,-346.41,no_signal
6,r06_20260912_232607.jsonl,101,1005.0,6.0,measure,17,-200.0,-346.41,no_signal
6,r06_20260912_232607.jsonl,102,1011.0,6.0,measure,18,-200.0,-346.41,no_signal
6,r06_20260912_232607.jsonl,103,1017.0,6.0,measure,14,-200.0,-346.41,direction
6,r06_20260912_232607.jsonl,104,1023.0,6.0,measure,6,-200.0,-346.41,direction
6,r06_20260912_232607.jsonl,105,1109.0,86.0,measure,7,200.0,-346.41,no_signal
6,r06_20260912_232607.jsonl,106,1115.0,6.0,measure,4,200.0,-346.41,no_signal
6,r06_20260912_232607.jsonl,107,1121.0,6.0,measure,8,200.0,-346.41,no_signal
6,r06_20260912_232607.jsonl,108,1127.0,6.0,measure,9,200.0,-346.41,no_signal
6,r06_20260912_232607.jsonl,109,1133.0,6.0,measure,10,200.0,-346.41,no_signal
6,r06_20260912_232607.jsonl,110,1139.0,6.0,measure,1,200.0,-346.41,no_signal
6,r06_20260912_232607.jsonl,111,1145.0,6.0,measure,12,200.0,-346.41,no_signal
6,r06_20260912_232607.jsonl,112,1151.0,6.0,measure,13,200.0,-346.41,no_signal
6,r06_20260912_232607.jsonl,113,1157.0,6.0,measure,15,200.0,-346.41,no_signal
6,r06_20260912_232607.jsonl,114,1163.0,6.0,measure,16,200.0,-346.41,no_signal
6,r06_20260912_232607.jsonl,115,1169.0,6.0,measure,17,200.0,-346.41,no_signal
6,r06_20260912_232607.jsonl,116,1175.0,6.0,measure,18,200.0,-346.41,no_signal
6,r06_20260912_232607.jsonl,117,1181.0,6.0,measure,6,200.0,-346.41,direction
6,r06_20260912_232607.jsonl,118,1187.0,6.0,measure,20,200.0,-346.41,direction
6,r06_20260912_232607.jsonl,119,1376.895,189.895,measure,18,919.239,-919.239,no_signal
6,r06_20260912_232607.jsonl,120,1382.895,6.0,measure,17,919.239,-919.239,no_signal
6,r06_20260912_232607.jsonl,121,1388.895,6.0,measure,16,919.239,-919.239,no_signal
6,r06_20260912_232607.jsonl,122,1394.895,6.0,measure,15,919.239,-919.239,no_signal
6,r06_20260912_232607.jsonl,123,1400.895,6.0,measure,13,919.239,-919.239,no_signal
6,r06_20260912_232607.jsonl,124,1406.895,6.0,measure,12,919.239,-919.239,no_signal
6,r06_20260912_232607.jsonl,125,1412.895,6.0,measure,10,919.239,-919.239,no_signal
6,r06_20260912_232607.jsonl,126,1418.895,6.0,measure,9,919.239,-919.239,no_signal
6,r06_20260912_232607.jsonl,127,1424.895,6.0,measure,8,919.239,-919.239,no_signal
6,r06_20260912_232607.jsonl,128,1430.895,6.0,measure,7,919.239,-919.239,direction
6,r06_20260912_232607.jsonl,129,1436.895,6.0,measure,4,919.239,-919.239,no_signal
6,r06_20260912_232607.jsonl,130,1442.895,6.0,measure,1,919.239,-919.239,no_signal
6,r06_20260912_232607.jsonl,131,1448.895,6.0,measure,7,919.239,-919.239,direction
6,r06_20260912_232607.jsonl,132,1454.895,6.0,measure,6,919.239,-919.239,direction
6,r06_20260912_232607.jsonl,133,1596.993,142.098,clear,6,365.871,-1323.815,success
6,r06_20260912_232607.jsonl,134,1676.323,79.329,measure,4,-0.0,-1300.0,no_signal
6,r06_20260912_232607.jsonl,135,1682.323,6.0,measure,8,-0.0,-1300.0,no_signal
6,r06_20260912_232607.jsonl,136,1688.323,6.0,measure,9,-0.0,-1300.0,no_signal
6,r06_20260912_232607.jsonl,137,1694.323,6.0,measure,10,-0.0,-1300.0,no_signal
6,r06_20260912_232607.jsonl,138,1700.323,6.0,measure,1,-0.0,-1300.0,no_signal
6,r06_20260912_232607.jsonl,139,1706.323,6.0,measure,12,-0.0,-1300.0,no_signal
6,r06_20260912_232607.jsonl,140,1712.323,6.0,measure,13,-0.0,-1300.0,no_signal
6,r06_20260912_232607.jsonl,141,1718.323,6.0,measure,15,-0.0,-1300.0,no_signal
6,r06_20260912_232607.jsonl,142,1724.323,6.0,measure,16,-0.0,-1300.0,no_signal
6,r06_20260912_232607.jsonl,143,1730.323,6.0,measure,17,-0.0,-1300.0,no_signal
6,r06_20260912_232607.jsonl,144,1736.323,6.0,measure,18,-0.0,-1300.0,direction
6,r06_20260912_232607.jsonl,145,1741.323,5.0,measure,18,-0.0,-1300.0,direction
6,r06_20260912_232607.jsonl,146,1747.323,6.0,measure,14,-0.0,-1300.0,direction
6,r06_20260912_232607.jsonl,147,1873.323,126.0,measure,13,-0.0,-1900.0,no_signal
6,r06_20260912_232607.jsonl,148,1879.323,6.0,measure,15,-0.0,-1900.0,no_signal
6,r06_20260912_232607.jsonl,149,1885.323,6.0,measure,12,-0.0,-1900.0,no_signal
6,r06_20260912_232607.jsonl,150,1891.323,6.0,measure,16,-0.0,-1900.0,no_signal
6,r06_20260912_232607.jsonl,151,1897.323,6.0,measure,17,-0.0,-1900.0,no_signal
6,r06_20260912_232607.jsonl,152,1903.323,6.0,measure,10,-0.0,-1900.0,no_signal
6,r06_20260912_232607.jsonl,153,1909.323,6.0,measure,9,-0.0,-1900.0,no_signal
6,r06_20260912_232607.jsonl,154,1915.323,6.0,measure,8,-0.0,-1900.0,no_signal
6,r06_20260912_232607.jsonl,155,1921.323,6.0,measure,4,-0.0,-1900.0,no_signal
6,r06_20260912_232607.jsonl,156,1927.323,6.0,measure,1,-0.0,-1900.0,no_signal
6,r06_20260912_232607.jsonl,157,1933.323,6.0,measure,18,-0.0,-1900.0,no_signal
6,r06_20260912_232607.jsonl,158,1939.323,6.0,measure,5,-0.0,-1900.0,direction
6,r06_20260912_232607.jsonl,159,2142.025,202.702,measure,4,950.0,-1645.448,no_signal
6,r06_20260912_232607.jsonl,160,2148.025,6.0,measure,8,950.0,-1645.448,no_signal
6,r06_20260912_232607.jsonl,161,2154.025,6.0,measure,1,950.0,-1645.448,no_signal
6,r06_20260912_232607.jsonl,162,2160.025,6.0,measure,9,950.0,-1645.448,no_signal
6,r06_20260912_232607.jsonl,163,2166.025,6.0,measure,10,950.0,-1645.448,no_signal
6,r06_20260912_232607.jsonl,164,2172.025,6.0,measure,12,950.0,-1645.448,no_signal
6,r06_20260912_232607.jsonl,165,2178.025,6.0,measure,13,950.0,-1645.448,no_signal
6,r06_20260912_232607.jsonl,166,2184.025,6.0,measure,15,950.0,-1645.448,no_signal
6,r06_20260912_232607.jsonl,167,2190.025,6.0,measure,16,950.0,-1645.448,no_signal
6,r06_20260912_232607.jsonl,168,2196.025,6.0,measure,17,950.0,-1645.448,no_signal
6,r06_20260912_232607.jsonl,169,2202.025,6.0,measure,20,950.0,-1645.448,direction
6,r06_20260912_232607.jsonl,170,2361.937,159.912,measure,20,1013.68,-873.512,direction
6,r06_20260912_232607.jsonl,171,2368.343,6.407,clear,20,1010.3,-879.68,success
6,r06_20260912_232607.jsonl,172,2502.149,133.806,measure,17,1645.448,-950.0,no_signal
6,r06_20260912_232607.jsonl,173,2508.149,6.0,measure,16,1645.448,-950.0,no_signal
6,r06_20260912_232607.jsonl,174,2514.149,6.0,measure,15,1645.448,-950.0,no_signal
6,r06_20260912_232607.jsonl,175,2520.149,6.0,measure,13,1645.448,-950.0,no_signal
6,r06_20260912_232607.jsonl,176,2526.149,6.0,measure,12,1645.448,-950.0,no_signal
6,r06_20260912_232607.jsonl,177,2532.149,6.0,measure,10,1645.448,-950.0,no_signal
6,r06_20260912_232607.jsonl,178,2538.149,6.0,measure,9,1645.448,-950.0,no_signal
6,r06_20260912_232607.jsonl,179,2544.149,6.0,measure,8,1645.448,-950.0,no_signal
6,r06_20260912_232607.jsonl,180,2550.149,6.0,measure,4,1645.448,-950.0,no_signal
6,r06_20260912_232607.jsonl,181,2556.149,6.0,measure,1,1645.448,-950.0,no_signal
6,r06_20260912_232607.jsonl,182,2562.149,6.0,measure,7,1645.448,-950.0,direction
6,r06_20260912_232607.jsonl,183,2684.967,122.817,measure,7,1617.65,-361.569,direction
6,r06_20260912_232607.jsonl,184,2691.669,6.702,clear,7,1622.343,-354.468,success
6,r06_20260912_232607.jsonl,185,2787.722,96.054,measure,8,1900.0,0.0,no_signal
6,r06_20260912_232607.jsonl,186,2793.722,6.0,measure,9,1900.0,0.0,no_signal
6,r06_20260912_232607.jsonl,187,2799.722,6.0,measure,4,1900.0,0.0,no_signal
6,r06_20260912_232607.jsonl,188,2805.722,6.0,measure,10,1900.0,0.0,no_signal
6,r06_20260912_232607.jsonl,189,2811.722,6.0,measure,12,1900.0,0.0,no_signal
6,r06_20260912_232607.jsonl,190,2817.722,6.0,measure,1,1900.0,0.0,no_signal
6,r06_20260912_232607.jsonl,191,2823.722,6.0,measure,13,1900.0,0.0,no_signal
6,r06_20260912_232607.jsonl,192,2829.722,6.0,measure,15,1900.0,0.0,no_signal
6,r06_20260912_232607.jsonl,193,2835.722,6.0,measure,16,1900.0,0.0,no_signal
6,r06_20260912_232607.jsonl,194,2841.722,6.0,measure,17,1900.0,0.0,direction
6,r06_20260912_232607.jsonl,195,2846.722,5.0,measure,17,1900.0,0.0,direction
6,r06_20260912_232607.jsonl,196,2972.722,126.0,measure,16,1300.0,0.0,no_signal
6,r06_20260912_232607.jsonl,197,2978.722,6.0,measure,15,1300.0,0.0,no_signal
6,r06_20260912_232607.jsonl,198,2984.722,6.0,measure,13,1300.0,0.0,no_signal
6,r06_20260912_232607.jsonl,199,2990.722,6.0,measure,12,1300.0,0.0,no_signal
6,r06_20260912_232607.jsonl,200,2996.722,6.0,measure,10,1300.0,0.0,no_signal
6,r06_20260912_232607.jsonl,201,3002.722,6.0,measure,9,1300.0,0.0,no_signal
6,r06_20260912_232607.jsonl,202,3008.722,6.0,measure,8,1300.0,0.0,no_signal
6,r06_20260912_232607.jsonl,203,3014.722,6.0,measure,4,1300.0,0.0,no_signal
6,r06_20260912_232607.jsonl,204,3020.722,6.0,measure,1,1300.0,0.0,no_signal
6,r06_20260912_232607.jsonl,205,3026.722,6.0,measure,19,1300.0,0.0,no_signal
6,r06_20260912_232607.jsonl,206,3032.722,6.0,measure,17,1300.0,0.0,direction
6,r06_20260912_232607.jsonl,207,3139.022,106.3,measure,17,1099.519,465.134,no_signal
6,r06_20260912_232607.jsonl,208,3144.256,5.234,clear,17,1100.375,464.338,success
6,r06_20260912_232607.jsonl,209,3296.266,152.01,measure,16,1645.448,950.0,no_signal
6,r06_20260912_232607.jsonl,210,3302.266,6.0,measure,15,1645.448,950.0,no_signal
6,r06_20260912_232607.jsonl,211,3308.266,6.0,measure,13,1645.448,950.0,no_signal
6,r06_20260912_232607.jsonl,212,3314.266,6.0,measure,12,1645.448,950.0,no_signal
6,r06_20260912_232607.jsonl,213,3320.266,6.0,measure,10,1645.448,950.0,no_signal
6,r06_20260912_232607.jsonl,214,3326.266,6.0,measure,9,1645.448,950.0,no_signal
6,r06_20260912_232607.jsonl,215,3332.266,6.0,measure,8,1645.448,950.0,no_signal
6,r06_20260912_232607.jsonl,216,3338.266,6.0,measure,4,1645.448,950.0,no_signal
6,r06_20260912_232607.jsonl,217,3344.266,6.0,measure,1,1645.448,950.0,no_signal
6,r06_20260912_232607.jsonl,218,3350.266,6.0,measure,19,1645.448,950.0,direction
6,r06_20260912_232607.jsonl,219,3501.638,151.372,measure,16,919.239,919.239,no_signal
6,r06_20260912_232607.jsonl,220,3507.638,6.0,measure,15,919.239,919.239,no_signal
6,r06_20260912_232607.jsonl,221,3513.638,6.0,measure,13,919.239,919.239,no_signal
6,r06_20260912_232607.jsonl,222,3519.638,6.0,measure,12,919.239,919.239,no_signal
6,r06_20260912_232607.jsonl,223,3525.638,6.0,measure,10,919.239,919.239,no_signal
6,r06_20260912_232607.jsonl,224,3531.638,6.0,measure,9,919.239,919.239,no_signal
6,r06_20260912_232607.jsonl,225,3537.638,6.0,measure,8,919.239,919.239,no_signal
6,r06_20260912_232607.jsonl,226,3543.638,6.0,measure,4,919.239,919.239,no_signal
6,r06_20260912_232607.jsonl,227,3549.638,6.0,measure,1,919.239,919.239,no_signal
6,r06_20260912_232607.jsonl,228,3555.638,6.0,measure,19,919.239,919.239,direction
6,r06_20260912_232607.jsonl,229,3650.321,94.683,clear,19,998.728,1360.55,success
6,r06_20260912_232607.jsonl,230,3714.128,63.807,measure,16,950.0,1645.448,no_signal
6,r06_20260912_232607.jsonl,231,3720.128,6.0,measure,15,950.0,1645.448,no_signal
6,r06_20260912_232607.jsonl,232,3726.128,6.0,measure,13,950.0,1645.448,no_signal
6,r06_20260912_232607.jsonl,233,3732.128,6.0,measure,12,950.0,1645.448,no_signal
6,r06_20260912_232607.jsonl,234,3738.128,6.0,measure,10,950.0,1645.448,no_signal
6,r06_20260912_232607.jsonl,235,3744.128,6.0,measure,9,950.0,1645.448,no_signal
6,r06_20260912_232607.jsonl,236,3750.128,6.0,measure,8,950.0,1645.448,no_signal
6,r06_20260912_232607.jsonl,237,3756.128,6.0,measure,4,950.0,1645.448,no_signal
6,r06_20260912_232607.jsonl,238,3762.128,6.0,measure,1,950.0,1645.448,no_signal
6,r06_20260912_232607.jsonl,239,3969.299,207.172,measure,1,0.0,1300.0,no_signal
6,r06_20260912_232607.jsonl,240,3975.299,6.0,measure,4,0.0,1300.0,no_signal
6,r06_20260912_232607.jsonl,241,3981.299,6.0,measure,8,0.0,1300.0,no_signal
6,r06_20260912_232607.jsonl,242,3987.299,6.0,measure,9,0.0,1300.0,no_signal
6,r06_20260912_232607.jsonl,243,3993.299,6.0,measure,10,0.0,1300.0,no_signal
6,r06_20260912_232607.jsonl,244,3999.299,6.0,measure,12,0.0,1300.0,no_signal
6,r06_20260912_232607.jsonl,245,4005.299,6.0,measure,13,0.0,1300.0,no_signal
6,r06_20260912_232607.jsonl,246,4011.299,6.0,measure,15,0.0,1300.0,no_signal
6,r06_20260912_232607.jsonl,247,4017.299,6.0,measure,16,0.0,1300.0,no_signal
6,r06_20260912_232607.jsonl,248,4142.299,125.0,measure,16,0.0,1900.0,no_signal
6,r06_20260912_232607.jsonl,249,4148.299,6.0,measure,15,0.0,1900.0,no_signal
6,r06_20260912_232607.jsonl,250,4154.299,6.0,measure,13,0.0,1900.0,no_signal
6,r06_20260912_232607.jsonl,251,4160.299,6.0,measure,12,0.0,1900.0,no_signal
6,r06_20260912_232607.jsonl,252,4166.299,6.0,measure,10,0.0,1900.0,no_signal
6,r06_20260912_232607.jsonl,253,4172.299,6.0,measure,9,0.0,1900.0,no_signal
6,r06_20260912_232607.jsonl,254,4178.299,6.0,measure,8,0.0,1900.0,no_signal
6,r06_20260912_232607.jsonl,255,4184.299,6.0,measure,4,0.0,1900.0,no_signal
6,r06_20260912_232607.jsonl,256,4190.299,6.0,measure,1,0.0,1900.0,no_signal
6,r06_20260912_232607.jsonl,257,4392.002,201.702,measure,1,-950.0,1645.448,no_signal
6,r06_20260912_232607.jsonl,258,4398.002,6.0,measure,4,-950.0,1645.448,no_signal
6,r06_20260912_232607.jsonl,259,4404.002,6.0,measure,8,-950.0,1645.448,no_signal
6,r06_20260912_232607.jsonl,260,4410.002,6.0,measure,9,-950.0,1645.448,no_signal
6,r06_20260912_232607.jsonl,261,4416.002,6.0,measure,10,-950.0,1645.448,no_signal
6,r06_20260912_232607.jsonl,262,4422.002,6.0,measure,12,-950.0,1645.448,no_signal
6,r06_20260912_232607.jsonl,263,4428.002,6.0,measure,13,-950.0,1645.448,no_signal
6,r06_20260912_232607.jsonl,264,4434.002,6.0,measure,15,-950.0,1645.448,no_signal
6,r06_20260912_232607.jsonl,265,4440.002,6.0,measure,16,-950.0,1645.448,no_signal
6,r06_20260912_232607.jsonl,266,4590.374,150.372,measure,16,-919.239,919.239,no_signal
6,r06_20260912_232607.jsonl,267,4596.374,6.0,measure,15,-919.239,919.239,no_signal
6,r06_20260912_232607.jsonl,268,4602.374,6.0,measure,13,-919.239,919.239,no_signal
6,r06_20260912_232607.jsonl,269,4608.374,6.0,measure,12,-919.239,919.239,no_signal
6,r06_20260912_232607.jsonl,270,4614.374,6.0,measure,10,-919.239,919.239,no_signal
6,r06_20260912_232607.jsonl,271,4620.374,6.0,measure,9,-919.239,919.239,no_signal
6,r06_20260912_232607.jsonl,272,4626.374,6.0,measure,8,-919.239,919.239,no_signal
6,r06_20260912_232607.jsonl,273,4632.374,6.0,measure,4,-919.239,919.239,no_signal
6,r06_20260912_232607.jsonl,274,4638.374,6.0,measure,1,-919.239,919.239,no_signal
6,r06_20260912_232607.jsonl,275,4644.374,6.0,measure,11,-919.239,919.239,direction
6,r06_20260912_232607.jsonl,276,4650.374,6.0,measure,2,-919.239,919.239,direction
6,r06_20260912_232607.jsonl,277,4801.746,151.372,measure,1,-1645.448,950.0,no_signal
6,r06_20260912_232607.jsonl,278,4807.746,6.0,measure,4,-1645.448,950.0,no_signal
6,r06_20260912_232607.jsonl,279,4813.746,6.0,measure,8,-1645.448,950.0,no_signal
6,r06_20260912_232607.jsonl,280,4819.746,6.0,measure,9,-1645.448,950.0,no_signal
6,r06_20260912_232607.jsonl,281,4825.746,6.0,measure,10,-1645.448,950.0,no_signal
6,r06_20260912_232607.jsonl,282,4831.746,6.0,measure,12,-1645.448,950.0,no_signal
6,r06_20260912_232607.jsonl,283,4837.746,6.0,measure,13,-1645.448,950.0,no_signal
6,r06_20260912_232607.jsonl,284,4843.746,6.0,measure,15,-1645.448,950.0,no_signal
6,r06_20260912_232607.jsonl,285,4849.746,6.0,measure,16,-1645.448,950.0,no_signal
6,r06_20260912_232607.jsonl,286,4855.746,6.0,measure,2,-1645.448,950.0,direction
6,r06_20260912_232607.jsonl,287,4861.746,6.0,measure,11,-1645.448,950.0,direction
6,r06_20260912_232607.jsonl,288,5064.448,202.702,measure,10,-1900.0,0.0,no_signal
6,r06_20260912_232607.jsonl,289,5070.448,6.0,measure,12,-1900.0,0.0,no_signal
6,r06_20260912_232607.jsonl,290,5076.448,6.0,measure,9,-1900.0,0.0,no_signal
6,r06_20260912_232607.jsonl,291,5082.448,6.0,measure,13,-1900.0,0.0,no_signal
6,r06_20260912_232607.jsonl,292,5088.448,6.0,measure,8,-1900.0,0.0,no_signal
6,r06_20260912_232607.jsonl,293,5094.448,6.0,measure,15,-1900.0,0.0,no_signal
6,r06_20260912_232607.jsonl,294,5100.448,6.0,measure,16,-1900.0,0.0,no_signal
6,r06_20260912_232607.jsonl,295,5106.448,6.0,measure,4,-1900.0,0.0,no_signal
6,r06_20260912_232607.jsonl,296,5112.448,6.0,measure,1,-1900.0,0.0,no_signal
6,r06_20260912_232607.jsonl,297,5118.448,6.0,measure,3,-1900.0,0.0,direction
6,r06_20260912_232607.jsonl,298,5124.448,6.0,measure,2,-1900.0,0.0,direction
6,r06_20260912_232607.jsonl,299,5378.027,253.578,clear,2,-681.09,242.974,success
6,r06_20260912_232607.jsonl,300,5448.264,70.238,measure,11,-948.358,64.847,no_signal
6,r06_20260912_232607.jsonl,301,5453.761,5.497,clear,11,-950.264,63.255,success
6,r06_20260912_232607.jsonl,302,5530.843,77.082,measure,10,-1300.0,0.0,no_signal
6,r06_20260912_232607.jsonl,303,5536.843,6.0,measure,12,-1300.0,0.0,no_signal
6,r06_20260912_232607.jsonl,304,5542.843,6.0,measure,9,-1300.0,0.0,no_signal
6,r06_20260912_232607.jsonl,305,5548.843,6.0,measure,13,-1300.0,0.0,no_signal
6,r06_20260912_232607.jsonl,306,5554.843,6.0,measure,8,-1300.0,0.0,no_signal
6,r06_20260912_232607.jsonl,307,5560.843,6.0,measure,15,-1300.0,0.0,no_signal
6,r06_20260912_232607.jsonl,308,5566.843,6.0,measure,16,-1300.0,0.0,no_signal
6,r06_20260912_232607.jsonl,309,5572.843,6.0,measure,4,-1300.0,0.0,no_signal
6,r06_20260912_232607.jsonl,310,5578.843,6.0,measure,1,-1300.0,0.0,no_signal
6,r06_20260912_232607.jsonl,311,5584.843,6.0,measure,3,-1300.0,0.0,direction
6,r06_20260912_232607.jsonl,312,5590.843,6.0,measure,5,-1300.0,0.0,direction
6,r06_20260912_232607.jsonl,313,5799.014,208.172,measure,4,-1645.448,-950.0,no_signal
6,r06_20260912_232607.jsonl,314,5805.014,6.0,measure,8,-1645.448,-950.0,no_signal
6,r06_20260912_232607.jsonl,315,5811.014,6.0,measure,1,-1645.448,-950.0,no_signal
6,r06_20260912_232607.jsonl,316,5817.014,6.0,measure,9,-1645.448,-950.0,no_signal
6,r06_20260912_232607.jsonl,317,5823.014,6.0,measure,10,-1645.448,-950.0,no_signal
6,r06_20260912_232607.jsonl,318,5829.014,6.0,measure,12,-1645.448,-950.0,no_signal
6,r06_20260912_232607.jsonl,319,5835.014,6.0,measure,13,-1645.448,-950.0,no_signal
6,r06_20260912_232607.jsonl,320,5841.014,6.0,measure,15,-1645.448,-950.0,no_signal
6,r06_20260912_232607.jsonl,321,5847.014,6.0,measure,16,-1645.448,-950.0,no_signal
6,r06_20260912_232607.jsonl,322,5853.014,6.0,measure,18,-1645.448,-950.0,direction
6,r06_20260912_232607.jsonl,323,5859.014,6.0,measure,3,-1645.448,-950.0,direction
6,r06_20260912_232607.jsonl,324,5914.577,55.562,clear,3,-1400.754,-886.448,success
6,r06_20260912_232607.jsonl,325,6017.103,102.526,measure,4,-919.239,-919.239,no_signal
6,r06_20260912_232607.jsonl,326,6023.103,6.0,measure,1,-919.239,-919.239,no_signal
6,r06_20260912_232607.jsonl,327,6029.103,6.0,measure,8,-919.239,-919.239,no_signal
6,r06_20260912_232607.jsonl,328,6035.103,6.0,measure,9,-919.239,-919.239,no_signal
6,r06_20260912_232607.jsonl,329,6041.103,6.0,measure,10,-919.239,-919.239,no_signal
6,r06_20260912_232607.jsonl,330,6047.103,6.0,measure,12,-919.239,-919.239,no_signal
6,r06_20260912_232607.jsonl,331,6053.103,6.0,measure,13,-919.239,-919.239,no_signal
6,r06_20260912_232607.jsonl,332,6059.103,6.0,measure,15,-919.239,-919.239,no_signal
6,r06_20260912_232607.jsonl,333,6065.103,6.0,measure,16,-919.239,-919.239,no_signal
6,r06_20260912_232607.jsonl,334,6071.103,6.0,measure,18,-919.239,-919.239,direction
6,r06_20260912_232607.jsonl,335,6155.185,84.082,clear,18,-890.011,-1313.567,success
6,r06_20260912_232607.jsonl,336,6240.267,85.082,measure,5,-919.239,-919.239,direction
6,r06_20260912_232607.jsonl,337,6288.855,48.588,clear,5,-721.938,-1011.82,success
6,r06_20260912_232607.jsonl,338,6351.046,62.19,measure,14,-633.227,-1278.398,direction
6,r06_20260912_232607.jsonl,339,6357.248,6.202,clear,14,-634.747,-1272.582,success
6,r06_20260912_232607.jsonl,340,6460.903,103.655,measure,13,-950.0,-1645.448,no_signal
6,r06_20260912_232607.jsonl,341,6466.903,6.0,measure,15,-950.0,-1645.448,no_signal
6,r06_20260912_232607.jsonl,342,6472.903,6.0,measure,12,-950.0,-1645.448,no_signal
6,r06_20260912_232607.jsonl,343,6478.903,6.0,measure,16,-950.0,-1645.448,no_signal
6,r06_20260912_232607.jsonl,344,6484.903,6.0,measure,10,-950.0,-1645.448,no_signal
6,r06_20260912_232607.jsonl,345,6490.903,6.0,measure,9,-950.0,-1645.448,no_signal
6,r06_20260912_232607.jsonl,346,6496.903,6.0,measure,8,-950.0,-1645.448,no_signal
6,r06_20260912_232607.jsonl,347,6502.903,6.0,measure,4,-950.0,-1645.448,no_signal
6,r06_20260912_232607.jsonl,348,6508.903,6.0,measure,1,-950.0,-1645.448,no_signal
6,r06_20260912_232607.jsonl,349,6508.903,0.0,exit,,,,
7,r07_20260912_232623.jsonl,0,0.0,0.0,enter,,,,
7,r07_20260912_232623.jsonl,1,5.0,5.0,measure,1,0.0,0.0,no_signal
7,r07_20260912_232623.jsonl,2,11.0,6.0,measure,2,0.0,0.0,direction
7,r07_20260912_232623.jsonl,3,17.0,6.0,measure,3,0.0,0.0,no_signal
7,r07_20260912_232623.jsonl,4,23.0,6.0,measure,4,0.0,0.0,direction
7,r07_20260912_232623.jsonl,5,29.0,6.0,measure,5,0.0,0.0,direction
7,r07_20260912_232623.jsonl,6,35.0,6.0,measure,6,0.0,0.0,no_signal
7,r07_20260912_232623.jsonl,7,41.0,6.0,measure,7,0.0,0.0,direction
7,r07_20260912_232623.jsonl,8,47.0,6.0,measure,8,0.0,0.0,no_signal
7,r07_20260912_232623.jsonl,9,53.0,6.0,measure,9,0.0,0.0,no_signal
7,r07_20260912_232623.jsonl,10,59.0,6.0,measure,10,0.0,0.0,direction
7,r07_20260912_232623.jsonl,11,65.0,6.0,measure,11,0.0,0.0,no_signal
7,r07_20260912_232623.jsonl,12,71.0,6.0,measure,12,0.0,0.0,no_signal
7,r07_20260912_232623.jsonl,13,77.0,6.0,measure,13,0.0,0.0,no_signal
7,r07_20260912_232623.jsonl,14,83.0,6.0,measure,14,0.0,0.0,no_signal
7,r07_20260912_232623.jsonl,15,89.0,6.0,measure,15,0.0,0.0,no_signal
7,r07_20260912_232623.jsonl,16,95.0,6.0,measure,16,0.0,0.0,direction
7,r07_20260912_232623.jsonl,17,101.0,6.0,measure,17,0.0,0.0,no_signal
7,r07_20260912_232623.jsonl,18,107.0,6.0,measure,18,0.0,0.0,no_signal
7,r07_20260912_232623.jsonl,19,113.0,6.0,measure,19,0.0,0.0,no_signal
7,r07_20260912_232623.jsonl,20,119.0,6.0,measure,20,0.0,0.0,no_signal
7,r07_20260912_232623.jsonl,21,204.0,85.0,measure,20,400.0,0.0,no_signal
7,r07_20260912_232623.jsonl,22,210.0,6.0,measure,19,400.0,0.0,no_signal
7,r07_20260912_232623.jsonl,23,216.0,6.0,measure,18,400.0,0.0,no_signal
7,r07_20260912_232623.jsonl,24,222.0,6.0,measure,17,400.0,0.0,no_signal
7,r07_20260912_232623.jsonl,25,228.0,6.0,measure,15,400.0,0.0,direction
7,r07_20260912_232623.jsonl,26,234.0,6.0,measure,14,400.0,0.0,no_signal
7,r07_20260912_232623.jsonl,27,240.0,6.0,measure,13,400.0,0.0,no_signal
7,r07_20260912_232623.jsonl,28,246.0,6.0,measure,12,400.0,0.0,no_signal
7,r07_20260912_232623.jsonl,29,252.0,6.0,measure,11,400.0,0.0,no_signal
7,r07_20260912_232623.jsonl,30,258.0,6.0,measure,9,400.0,0.0,direction
7,r07_20260912_232623.jsonl,31,264.0,6.0,measure,8,400.0,0.0,no_signal
7,r07_20260912_232623.jsonl,32,270.0,6.0,measure,6,400.0,0.0,no_signal
7,r07_20260912_232623.jsonl,33,276.0,6.0,measure,3,400.0,0.0,no_signal
7,r07_20260912_232623.jsonl,34,282.0,6.0,measure,1,400.0,0.0,no_signal
7,r07_20260912_232623.jsonl,35,288.0,6.0,measure,15,400.0,0.0,direction
7,r07_20260912_232623.jsonl,36,294.0,6.0,measure,4,400.0,0.0,direction
7,r07_20260912_232623.jsonl,37,380.0,86.0,measure,3,200.0,346.41,no_signal
7,r07_20260912_232623.jsonl,38,386.0,6.0,measure,6,200.0,346.41,no_signal
7,r07_20260912_232623.jsonl,39,392.0,6.0,measure,1,200.0,346.41,no_signal
7,r07_20260912_232623.jsonl,40,398.0,6.0,measure,8,200.0,346.41,no_signal
7,r07_20260912_232623.jsonl,41,404.0,6.0,measure,11,200.0,346.41,no_signal
7,r07_20260912_232623.jsonl,42,410.0,6.0,measure,12,200.0,346.41,no_signal
7,r07_20260912_232623.jsonl,43,416.0,6.0,measure,13,200.0,346.41,no_signal
7,r07_20260912_232623.jsonl,44,422.0,6.0,measure,14,200.0,346.41,no_signal
7,r07_20260912_232623.jsonl,45,428.0,6.0,measure,17,200.0,346.41,no_signal
7,r07_20260912_232623.jsonl,46,434.0,6.0,measure,18,200.0,346.41,no_signal
7,r07_20260912_232623.jsonl,47,440.0,6.0,measure,19,200.0,346.41,no_signal
7,r07_20260912_232623.jsonl,48,446.0,6.0,measure,20,200.0,346.41,direction
7,r07_20260912_232623.jsonl,49,452.0,6.0,measure,15,200.0,346.41,direction
7,r07_20260912_232623.jsonl,50,458.0,6.0,measure,2,200.0,346.41,no_signal
7,r07_20260912_232623.jsonl,51,544.0,86.0,measure,1,-200.0,346.41,no_signal
7,r07_20260912_232623.jsonl,52,550.0,6.0,measure,3,-200.0,346.41,no_signal
7,r07_20260912_232623.jsonl,53,556.0,6.0,measure,6,-200.0,346.41,no_signal
7,r07_20260912_232623.jsonl,54,562.0,6.0,measure,8,-200.0,346.41,no_signal
7,r07_20260912_232623.jsonl,55,568.0,6.0,measure,11,-200.0,346.41,no_signal
7,r07_20260912_232623.jsonl,56,574.0,6.0,measure,12,-200.0,346.41,no_signal
7,r07_20260912_232623.jsonl,57,580.0,6.0,measure,13,-200.0,346.41,no_signal
7,r07_20260912_232623.jsonl,58,586.0,6.0,measure,14,-200.0,346.41,no_signal
7,r07_20260912_232623.jsonl,59,592.0,6.0,measure,17,-200.0,346.41,no_signal
7,r07_20260912_232623.jsonl,60,598.0,6.0,measure,18,-200.0,346.41,no_signal
7,r07_20260912_232623.jsonl,61,604.0,6.0,measure,19,-200.0,346.41,no_signal
7,r07_20260912_232623.jsonl,62,610.0,6.0,measure,10,-200.0,346.41,direction
7,r07_20260912_232623.jsonl,63,616.0,6.0,measure,5,-200.0,346.41,direction
7,r07_20260912_232623.jsonl,64,702.0,86.0,measure,6,-400.0,0.0,no_signal
7,r07_20260912_232623.jsonl,65,708.0,6.0,measure,3,-400.0,0.0,no_signal
7,r07_20260912_232623.jsonl,66,714.0,6.0,measure,8,-400.0,0.0,no_signal
7,r07_20260912_232623.jsonl,67,720.0,6.0,measure,1,-400.0,0.0,no_signal
7,r07_20260912_232623.jsonl,68,726.0,6.0,measure,11,-400.0,0.0,no_signal
7,r07_20260912_232623.jsonl,69,732.0,6.0,measure,12,-400.0,0.0,no_signal
7,r07_20260912_232623.jsonl,70,738.0,6.0,measure,13,-400.0,0.0,no_signal
7,r07_20260912_232623.jsonl,71,744.0,6.0,measure,14,-400.0,0.0,direction
7,r07_20260912_232623.jsonl,72,750.0,6.0,measure,17,-400.0,0.0,no_signal
7,r07_20260912_232623.jsonl,73,756.0,6.0,measure,18,-400.0,0.0,no_signal
7,r07_20260912_232623.jsonl,74,762.0,6.0,measure,19,-400.0,0.0,no_signal
7,r07_20260912_232623.jsonl,75,768.0,6.0,measure,16,-400.0,0.0,direction
7,r07_20260912_232623.jsonl,76,774.0,6.0,measure,2,-400.0,0.0,no_signal
7,r07_20260912_232623.jsonl,77,860.0,86.0,measure,1,-200.0,-346.41,no_signal
7,r07_20260912_232623.jsonl,78,866.0,6.0,measure,3,-200.0,-346.41,no_signal
7,r07_20260912_232623.jsonl,79,872.0,6.0,measure,6,-200.0,-346.41,no_signal
7,r07_20260912_232623.jsonl,80,878.0,6.0,measure,8,-200.0,-346.41,no_signal
7,r07_20260912_232623.jsonl,81,884.0,6.0,measure,11,-200.0,-346.41,no_signal
7,r07_20260912_232623.jsonl,82,890.0,6.0,measure,12,-200.0,-346.41,no_signal
7,r07_20260912_232623.jsonl,83,896.0,6.0,measure,13,-200.0,-346.41,no_signal
7,r07_20260912_232623.jsonl,84,902.0,6.0,measure,17,-200.0,-346.41,no_signal
7,r07_20260912_232623.jsonl,85,908.0,6.0,measure,18,-200.0,-346.41,no_signal
7,r07_20260912_232623.jsonl,86,914.0,6.0,measure,19,-200.0,-346.41,no_signal
7,r07_20260912_232623.jsonl,87,920.0,6.0,measure,2,-200.0,-346.41,direction
7,r07_20260912_232623.jsonl,88,926.0,6.0,measure,14,-200.0,-346.41,direction
7,r07_20260912_232623.jsonl,89,993.04,67.041,measure,16,103.778,-316.954,no_signal
7,r07_20260912_232623.jsonl,90,998.171,5.131,clear,16,103.326,-316.483,success
7,r07_20260912_232623.jsonl,91,1024.411,26.24,measure,17,200.0,-346.41,no_signal
7,r07_20260912_232623.jsonl,92,1030.411,6.0,measure,18,200.0,-346.41,no_signal
7,r07_20260912_232623.jsonl,93,1036.411,6.0,measure,13,200.0,-346.41,no_signal
7,r07_20260912_232623.jsonl,94,1042.411,6.0,measure,19,200.0,-346.41,no_signal
7,r07_20260912_232623.jsonl,95,1048.411,6.0,measure,12,200.0,-346.41,no_signal
7,r07_20260912_232623.jsonl,96,1054.411,6.0,measure,11,200.0,-346.41,no_signal
7,r07_20260912_232623.jsonl,97,1060.411,6.0,measure,8,200.0,-346.41,no_signal
7,r07_20260912_232623.jsonl,98,1066.411,6.0,measure,6,200.0,-346.41,no_signal
7,r07_20260912_232623.jsonl,99,1072.411,6.0,measure,3,200.0,-346.41,no_signal
7,r07_20260912_232623.jsonl,100,1078.411,6.0,measure,1,200.0,-346.41,no_signal
7,r07_20260912_232623.jsonl,101,1084.411,6.0,measure,7,200.0,-346.41,direction
7,r07_20260912_232623.jsonl,102,1090.411,6.0,measure,2,200.0,-346.41,direction
7,r07_20260912_232623.jsonl,103,1280.306,189.895,measure,1,919.239,-919.239,no_signal
7,r07_20260912_232623.jsonl,104,1286.306,6.0,measure,3,919.239,-919.239,no_signal
7,r07_20260912_232623.jsonl,105,1292.306,6.0,measure,6,919.239,-919.239,no_signal
7,r07_20260912_232623.jsonl,106,1298.306,6.0,measure,8,919.239,-919.239,no_signal
7,r07_20260912_232623.jsonl,107,1304.306,6.0,measure,11,919.239,-919.239,no_signal
7,r07_20260912_232623.jsonl,108,1310.306,6.0,measure,12,919.239,-919.239,no_signal
7,r07_20260912_232623.jsonl,109,1316.306,6.0,measure,13,919.239,-919.239,no_signal
7,r07_20260912_232623.jsonl,110,1322.306,6.0,measure,17,919.239,-919.239,no_signal
7,r07_20260912_232623.jsonl,111,1328.306,6.0,measure,18,919.239,-919.239,no_signal
7,r07_20260912_232623.jsonl,112,1334.306,6.0,measure,19,919.239,-919.239,no_signal
7,r07_20260912_232623.jsonl,113,1340.306,6.0,measure,2,919.239,-919.239,no_signal
7,r07_20260912_232623.jsonl,114,1491.678,151.372,measure,1,1645.448,-950.0,no_signal
7,r07_20260912_232623.jsonl,115,1497.678,6.0,measure,3,1645.448,-950.0,no_signal
7,r07_20260912_232623.jsonl,116,1503.678,6.0,measure,6,1645.448,-950.0,no_signal
7,r07_20260912_232623.jsonl,117,1509.678,6.0,measure,8,1645.448,-950.0,no_signal
7,r07_20260912_232623.jsonl,118,1515.678,6.0,measure,11,1645.448,-950.0,no_signal
7,r07_20260912_232623.jsonl,119,1521.678,6.0,measure,12,1645.448,-950.0,no_signal
7,r07_20260912_232623.jsonl,120,1527.678,6.0,measure,13,1645.448,-950.0,no_signal
7,r07_20260912_232623.jsonl,121,1533.678,6.0,measure,17,1645.448,-950.0,no_signal
7,r07_20260912_232623.jsonl,122,1539.678,6.0,measure,18,1645.448,-950.0,no_signal
7,r07_20260912_232623.jsonl,123,1545.678,6.0,measure,19,1645.448,-950.0,no_signal
7,r07_20260912_232623.jsonl,124,1551.678,6.0,measure,2,1645.448,-950.0,no_signal
7,r07_20260912_232623.jsonl,125,1754.381,202.702,measure,1,950.0,-1645.448,no_signal
7,r07_20260912_232623.jsonl,126,1760.381,6.0,measure,3,950.0,-1645.448,no_signal
7,r07_20260912_232623.jsonl,127,1766.381,6.0,measure,6,950.0,-1645.448,no_signal
7,r07_20260912_232623.jsonl,128,1772.381,6.0,measure,8,950.0,-1645.448,no_signal
7,r07_20260912_232623.jsonl,129,1778.381,6.0,measure,11,950.0,-1645.448,no_signal
7,r07_20260912_232623.jsonl,130,1784.381,6.0,measure,12,950.0,-1645.448,no_signal
7,r07_20260912_232623.jsonl,131,1790.381,6.0,measure,13,950.0,-1645.448,no_signal
7,r07_20260912_232623.jsonl,132,1796.381,6.0,measure,17,950.0,-1645.448,no_signal
7,r07_20260912_232623.jsonl,133,1802.381,6.0,measure,18,950.0,-1645.448,no_signal
7,r07_20260912_232623.jsonl,134,1808.381,6.0,measure,19,950.0,-1645.448,no_signal
7,r07_20260912_232623.jsonl,135,1814.381,6.0,measure,2,950.0,-1645.448,no_signal
7,r07_20260912_232623.jsonl,136,2022.553,208.172,measure,1,-0.0,-1300.0,no_signal
7,r07_20260912_232623.jsonl,137,2028.553,6.0,measure,3,-0.0,-1300.0,no_signal
7,r07_20260912_232623.jsonl,138,2034.553,6.0,measure,6,-0.0,-1300.0,no_signal
7,r07_20260912_232623.jsonl,139,2040.553,6.0,measure,8,-0.0,-1300.0,no_signal
7,r07_20260912_232623.jsonl,140,2046.553,6.0,measure,11,-0.0,-1300.0,no_signal
7,r07_20260912_232623.jsonl,141,2052.553,6.0,measure,12,-0.0,-1300.0,no_signal
7,r07_20260912_232623.jsonl,142,2058.553,6.0,measure,13,-0.0,-1300.0,no_signal
7,r07_20260912_232623.jsonl,143,2064.553,6.0,measure,17,-0.0,-1300.0,no_signal
7,r07_20260912_232623.jsonl,144,2070.553,6.0,measure,18,-0.0,-1300.0,direction
7,r07_20260912_232623.jsonl,145,2076.553,6.0,measure,19,-0.0,-1300.0,no_signal
7,r07_20260912_232623.jsonl,146,2082.553,6.0,measure,18,-0.0,-1300.0,direction
7,r07_20260912_232623.jsonl,147,2088.553,6.0,measure,14,-0.0,-1300.0,direction
7,r07_20260912_232623.jsonl,148,2214.553,126.0,measure,13,-0.0,-1900.0,no_signal
7,r07_20260912_232623.jsonl,149,2220.553,6.0,measure,12,-0.0,-1900.0,no_signal
7,r07_20260912_232623.jsonl,150,2226.553,6.0,measure,11,-0.0,-1900.0,direction
7,r07_20260912_232623.jsonl,151,2232.553,6.0,measure,17,-0.0,-1900.0,no_signal
7,r07_20260912_232623.jsonl,152,2238.553,6.0,measure,19,-0.0,-1900.0,no_signal
7,r07_20260912_232623.jsonl,153,2244.553,6.0,measure,8,-0.0,-1900.0,no_signal
7,r07_20260912_232623.jsonl,154,2250.553,6.0,measure,6,-0.0,-1900.0,no_signal
7,r07_20260912_232623.jsonl,155,2256.553,6.0,measure,3,-0.0,-1900.0,no_signal
7,r07_20260912_232623.jsonl,156,2262.553,6.0,measure,1,-0.0,-1900.0,no_signal
7,r07_20260912_232623.jsonl,157,2268.553,6.0,measure,11,-0.0,-1900.0,direction
7,r07_20260912_232623.jsonl,158,2274.553,6.0,measure,18,-0.0,-1900.0,no_signal
7,r07_20260912_232623.jsonl,159,2477.255,202.702,measure,17,-950.0,-1645.448,no_signal
7,r07_20260912_232623.jsonl,160,2483.255,6.0,measure,19,-950.0,-1645.448,no_signal
7,r07_20260912_232623.jsonl,161,2489.255,6.0,measure,13,-950.0,-1645.448,no_signal
7,r07_20260912_232623.jsonl,162,2495.255,6.0,measure,12,-950.0,-1645.448,no_signal
7,r07_20260912_232623.jsonl,163,2501.255,6.0,measure,8,-950.0,-1645.448,no_signal
7,r07_20260912_232623.jsonl,164,2507.255,6.0,measure,6,-950.0,-1645.448,no_signal
7,r07_20260912_232623.jsonl,165,2513.255,6.0,measure,3,-950.0,-1645.448,no_signal
7,r07_20260912_232623.jsonl,166,2519.255,6.0,measure,1,-950.0,-1645.448,no_signal
7,r07_20260912_232623.jsonl,167,2525.255,6.0,measure,11,-950.0,-1645.448,direction
7,r07_20260912_232623.jsonl,168,2590.348,65.093,clear,11,-833.185,-1368.623,success
7,r07_20260912_232623.jsonl,169,2656.44,66.093,measure,18,-950.0,-1645.448,direction
7,r07_20260912_232623.jsonl,170,2783.169,126.728,measure,14,-1020.832,-1045.976,no_signal
7,r07_20260912_232623.jsonl,171,2788.99,5.822,clear,14,-1020.809,-1050.085,success
7,r07_20260912_232623.jsonl,172,2828.119,39.128,measure,13,-919.239,-919.239,no_signal
7,r07_20260912_232623.jsonl,173,2834.119,6.0,measure,12,-919.239,-919.239,no_signal
7,r07_20260912_232623.jsonl,174,2840.119,6.0,measure,17,-919.239,-919.239,no_signal
7,r07_20260912_232623.jsonl,175,2846.119,6.0,measure,19,-919.239,-919.239,no_signal
7,r07_20260912_232623.jsonl,176,2852.119,6.0,measure,8,-919.239,-919.239,no_signal
7,r07_20260912_232623.jsonl,177,2858.119,6.0,measure,6,-919.239,-919.239,no_signal
7,r07_20260912_232623.jsonl,178,2864.119,6.0,measure,3,-919.239,-919.239,no_signal
7,r07_20260912_232623.jsonl,179,2870.119,6.0,measure,1,-919.239,-919.239,no_signal
7,r07_20260912_232623.jsonl,180,2876.119,6.0,measure,18,-919.239,-919.239,direction
7,r07_20260912_232623.jsonl,181,3031.189,155.07,clear,18,-426.106,-1484.789,success
7,r07_20260912_232623.jsonl,182,3187.259,156.07,measure,10,-919.239,-919.239,direction
7,r07_20260912_232623.jsonl,183,3338.631,151.372,measure,8,-1645.448,-950.0,no_signal
7,r07_20260912_232623.jsonl,184,3344.631,6.0,measure,12,-1645.448,-950.0,no_signal
7,r07_20260912_232623.jsonl,185,3350.631,6.0,measure,13,-1645.448,-950.0,no_signal
7,r07_20260912_232623.jsonl,186,3356.631,6.0,measure,6,-1645.448,-950.0,no_signal
7,r07_20260912_232623.jsonl,187,3362.631,6.0,measure,3,-1645.448,-950.0,no_signal
7,r07_20260912_232623.jsonl,188,3368.631,6.0,measure,17,-1645.448,-950.0,no_signal
7,r07_20260912_232623.jsonl,189,3374.631,6.0,measure,1,-1645.448,-950.0,no_signal
7,r07_20260912_232623.jsonl,190,3380.631,6.0,measure,19,-1645.448,-950.0,no_signal
7,r07_20260912_232623.jsonl,191,3587.803,207.172,measure,19,-1300.0,0.0,no_signal
7,r07_20260912_232623.jsonl,192,3593.803,6.0,measure,17,-1300.0,0.0,no_signal
7,r07_20260912_232623.jsonl,193,3599.803,6.0,measure,13,-1300.0,0.0,no_signal
7,r07_20260912_232623.jsonl,194,3605.803,6.0,measure,12,-1300.0,0.0,no_signal
7,r07_20260912_232623.jsonl,195,3611.803,6.0,measure,8,-1300.0,0.0,no_signal
7,r07_20260912_232623.jsonl,196,3617.803,6.0,measure,6,-1300.0,0.0,no_signal
7,r07_20260912_232623.jsonl,197,3623.803,6.0,measure,3,-1300.0,0.0,no_signal
7,r07_20260912_232623.jsonl,198,3629.803,6.0,measure,1,-1300.0,0.0,no_signal
7,r07_20260912_232623.jsonl,199,3635.803,6.0,measure,15,-1300.0,0.0,no_signal
7,r07_20260912_232623.jsonl,200,3641.803,6.0,measure,10,-1300.0,0.0,direction
7,r07_20260912_232623.jsonl,201,3700.046,58.243,clear,10,-1156.605,224.298,success
7,r07_20260912_232623.jsonl,202,3861.345,161.299,measure,8,-1900.0,0.0,no_signal
7,r07_20260912_232623.jsonl,203,3867.345,6.0,measure,12,-1900.0,0.0,no_signal
7,r07_20260912_232623.jsonl,204,3873.345,6.0,measure,13,-1900.0,0.0,no_signal
7,r07_20260912_232623.jsonl,205,3879.345,6.0,measure,6,-1900.0,0.0,no_signal
7,r07_20260912_232623.jsonl,206,3885.345,6.0,measure,3,-1900.0,0.0,no_signal
7,r07_20260912_232623.jsonl,207,3891.345,6.0,measure,17,-1900.0,0.0,no_signal
7,r07_20260912_232623.jsonl,208,3897.345,6.0,measure,1,-1900.0,0.0,no_signal
7,r07_20260912_232623.jsonl,209,3903.345,6.0,measure,19,-1900.0,0.0,no_signal
7,r07_20260912_232623.jsonl,210,4105.048,201.702,measure,19,-1645.448,950.0,no_signal
7,r07_20260912_232623.jsonl,211,4111.048,6.0,measure,17,-1645.448,950.0,no_signal
7,r07_20260912_232623.jsonl,212,4117.048,6.0,measure,13,-1645.448,950.0,no_signal
7,r07_20260912_232623.jsonl,213,4123.048,6.0,measure,12,-1645.448,950.0,no_signal
7,r07_20260912_232623.jsonl,214,4129.048,6.0,measure,8,-1645.448,950.0,no_signal
7,r07_20260912_232623.jsonl,215,4135.048,6.0,measure,6,-1645.448,950.0,no_signal
7,r07_20260912_232623.jsonl,216,4141.048,6.0,measure,3,-1645.448,950.0,no_signal
7,r07_20260912_232623.jsonl,217,4147.048,6.0,measure,1,-1645.448,950.0,no_signal
7,r07_20260912_232623.jsonl,218,4297.42,150.372,measure,1,-919.239,919.239,no_signal
7,r07_20260912_232623.jsonl,219,4303.42,6.0,measure,3,-919.239,919.239,no_signal
7,r07_20260912_232623.jsonl,220,4309.42,6.0,measure,6,-919.239,919.239,no_signal
7,r07_20260912_232623.jsonl,221,4315.42,6.0,measure,8,-919.239,919.239,no_signal
7,r07_20260912_232623.jsonl,222,4321.42,6.0,measure,12,-919.239,919.239,no_signal
7,r07_20260912_232623.jsonl,223,4327.42,6.0,measure,13,-919.239,919.239,no_signal
7,r07_20260912_232623.jsonl,224,4333.42,6.0,measure,17,-919.239,919.239,no_signal
7,r07_20260912_232623.jsonl,225,4339.42,6.0,measure,19,-919.239,919.239,no_signal
7,r07_20260912_232623.jsonl,226,4345.42,6.0,measure,15,-919.239,919.239,no_signal
7,r07_20260912_232623.jsonl,227,4496.792,151.372,measure,13,-950.0,1645.448,no_signal
7,r07_20260912_232623.jsonl,228,4502.792,6.0,measure,17,-950.0,1645.448,no_signal
7,r07_20260912_232623.jsonl,229,4508.792,6.0,measure,12,-950.0,1645.448,no_signal
7,r07_20260912_232623.jsonl,230,4514.792,6.0,measure,19,-950.0,1645.448,no_signal
7,r07_20260912_232623.jsonl,231,4520.792,6.0,measure,8,-950.0,1645.448,no_signal
7,r07_20260912_232623.jsonl,232,4526.792,6.0,measure,6,-950.0,1645.448,no_signal
7,r07_20260912_232623.jsonl,233,4532.792,6.0,measure,3,-950.0,1645.448,no_signal
7,r07_20260912_232623.jsonl,234,4538.792,6.0,measure,1,-950.0,1645.448,no_signal
7,r07_20260912_232623.jsonl,235,4544.792,6.0,measure,15,-950.0,1645.448,direction
7,r07_20260912_232623.jsonl,236,4747.495,202.702,measure,13,0.0,1900.0,no_signal
7,r07_20260912_232623.jsonl,237,4753.495,6.0,measure,17,0.0,1900.0,no_signal
7,r07_20260912_232623.jsonl,238,4759.495,6.0,measure,12,0.0,1900.0,no_signal
7,r07_20260912_232623.jsonl,239,4765.495,6.0,measure,19,0.0,1900.0,no_signal
7,r07_20260912_232623.jsonl,240,4771.495,6.0,measure,8,0.0,1900.0,no_signal
7,r07_20260912_232623.jsonl,241,4777.495,6.0,measure,6,0.0,1900.0,no_signal
7,r07_20260912_232623.jsonl,242,4783.495,6.0,measure,3,0.0,1900.0,no_signal
7,r07_20260912_232623.jsonl,243,4789.495,6.0,measure,1,0.0,1900.0,direction
7,r07_20260912_232623.jsonl,244,4795.495,6.0,measure,20,0.0,1900.0,direction
7,r07_20260912_232623.jsonl,245,4801.495,6.0,measure,1,0.0,1900.0,direction
7,r07_20260912_232623.jsonl,246,4927.495,126.0,measure,3,0.0,1300.0,no_signal
7,r07_20260912_232623.jsonl,247,4933.495,6.0,measure,6,0.0,1300.0,no_signal
7,r07_20260912_232623.jsonl,248,4939.495,6.0,measure,8,0.0,1300.0,no_signal
7,r07_20260912_232623.jsonl,249,4945.495,6.0,measure,12,0.0,1300.0,no_signal
7,r07_20260912_232623.jsonl,250,4951.495,6.0,measure,13,0.0,1300.0,no_signal
7,r07_20260912_232623.jsonl,251,4957.495,6.0,measure,17,0.0,1300.0,no_signal
7,r07_20260912_232623.jsonl,252,4963.495,6.0,measure,19,0.0,1300.0,no_signal
7,r07_20260912_232623.jsonl,253,4969.495,6.0,measure,9,0.0,1300.0,no_signal
7,r07_20260912_232623.jsonl,254,4975.495,6.0,measure,1,0.0,1300.0,no_signal
7,r07_20260912_232623.jsonl,255,5137.801,162.307,measure,15,-356.848,604.69,no_signal
7,r07_20260912_232623.jsonl,256,5143.01,5.208,clear,15,-355.909,605.14,success
7,r07_20260912_232623.jsonl,257,5411.662,268.653,measure,13,919.239,919.239,no_signal
7,r07_20260912_232623.jsonl,258,5417.662,6.0,measure,17,919.239,919.239,no_signal
7,r07_20260912_232623.jsonl,259,5423.662,6.0,measure,12,919.239,919.239,no_signal
7,r07_20260912_232623.jsonl,260,5429.662,6.0,measure,19,919.239,919.239,no_signal
7,r07_20260912_232623.jsonl,261,5435.662,6.0,measure,8,919.239,919.239,no_signal
7,r07_20260912_232623.jsonl,262,5441.662,6.0,measure,6,919.239,919.239,no_signal
7,r07_20260912_232623.jsonl,263,5447.662,6.0,measure,3,919.239,919.239,no_signal
7,r07_20260912_232623.jsonl,264,5453.662,6.0,measure,9,919.239,919.239,no_signal
7,r07_20260912_232623.jsonl,265,5459.662,6.0,measure,1,919.239,919.239,no_signal
7,r07_20260912_232623.jsonl,266,5514.386,54.723,measure,20,824.761,1143.79,near
7,r07_20260912_232623.jsonl,267,5519.386,5.0,clear,20,824.761,1143.79,success
7,r07_20260912_232623.jsonl,268,5522.386,3.0,clear,20,824.761,1143.79,no_target_in_range
7,r07_20260912_232623.jsonl,269,5525.475,3.089,clear,20,825.206,1143.803,no_target_in_range
7,r07_20260912_232623.jsonl,270,5634.862,109.387,measure,19,950.0,1645.448,no_signal
7,r07_20260912_232623.jsonl,271,5640.862,6.0,measure,17,950.0,1645.448,no_signal
7,r07_20260912_232623.jsonl,272,5646.862,6.0,measure,13,950.0,1645.448,no_signal
7,r07_20260912_232623.jsonl,273,5652.862,6.0,measure,12,950.0,1645.448,no_signal
7,r07_20260912_232623.jsonl,274,5658.862,6.0,measure,8,950.0,1645.448,no_signal
7,r07_20260912_232623.jsonl,275,5664.862,6.0,measure,6,950.0,1645.448,no_signal
7,r07_20260912_232623.jsonl,276,5670.862,6.0,measure,3,950.0,1645.448,no_signal
7,r07_20260912_232623.jsonl,277,5676.862,6.0,measure,9,950.0,1645.448,no_signal
7,r07_20260912_232623.jsonl,278,5682.862,6.0,measure,1,950.0,1645.448,direction
7,r07_20260912_232623.jsonl,279,5769.415,86.553,measure,1,543.445,1614.072,no_signal
7,r07_20260912_232623.jsonl,280,5774.489,5.074,clear,1,543.592,1613.732,success
7,r07_20260912_232623.jsonl,281,6037.753,263.265,measure,3,1645.448,950.0,no_signal
7,r07_20260912_232623.jsonl,282,6043.753,6.0,measure,6,1645.448,950.0,no_signal
7,r07_20260912_232623.jsonl,283,6049.753,6.0,measure,8,1645.448,950.0,no_signal
7,r07_20260912_232623.jsonl,284,6055.753,6.0,measure,12,1645.448,950.0,no_signal
7,r07_20260912_232623.jsonl,285,6061.753,6.0,measure,13,1645.448,950.0,no_signal
7,r07_20260912_232623.jsonl,286,6067.753,6.0,measure,17,1645.448,950.0,no_signal
7,r07_20260912_232623.jsonl,287,6073.753,6.0,measure,19,1645.448,950.0,no_signal
7,r07_20260912_232623.jsonl,288,6079.753,6.0,measure,9,1645.448,950.0,no_signal
7,r07_20260912_232623.jsonl,289,6085.753,6.0,measure,7,1645.448,950.0,direction
7,r07_20260912_232623.jsonl,290,6288.456,202.702,measure,6,1900.0,0.0,no_signal
7,r07_20260912_232623.jsonl,291,6294.456,6.0,measure,8,1900.0,0.0,no_signal
7,r07_20260912_232623.jsonl,292,6300.456,6.0,measure,3,1900.0,0.0,no_signal
7,r07_20260912_232623.jsonl,293,6306.456,6.0,measure,12,1900.0,0.0,no_signal
7,r07_20260912_232623.jsonl,294,6312.456,6.0,measure,13,1900.0,0.0,no_signal
7,r07_20260912_232623.jsonl,295,6318.456,6.0,measure,17,1900.0,0.0,no_signal
7,r07_20260912_232623.jsonl,296,6324.456,6.0,measure,19,1900.0,0.0,no_signal
7,r07_20260912_232623.jsonl,297,6330.456,6.0,measure,9,1900.0,0.0,no_signal
7,r07_20260912_232623.jsonl,298,6336.456,6.0,measure,7,1900.0,0.0,no_signal
7,r07_20260912_232623.jsonl,299,6462.456,126.0,measure,6,1300.0,0.0,no_signal
7,r07_20260912_232623.jsonl,300,6468.456,6.0,measure,8,1300.0,0.0,no_signal
7,r07_20260912_232623.jsonl,301,6474.456,6.0,measure,3,1300.0,0.0,no_signal
7,r07_20260912_232623.jsonl,302,6480.456,6.0,measure,12,1300.0,0.0,no_signal
7,r07_20260912_232623.jsonl,303,6486.456,6.0,measure,13,1300.0,0.0,no_signal
7,r07_20260912_232623.jsonl,304,6492.456,6.0,measure,17,1300.0,0.0,no_signal
7,r07_20260912_232623.jsonl,305,6498.456,6.0,measure,19,1300.0,0.0,no_signal
7,r07_20260912_232623.jsonl,306,6504.456,6.0,measure,9,1300.0,0.0,direction
7,r07_20260912_232623.jsonl,307,6655.883,151.428,clear,9,635.793,307.986,success
7,r07_20260912_232623.jsonl,308,6808.311,152.428,measure,7,1300.0,0.0,direction
7,r07_20260912_232623.jsonl,309,6954.696,146.385,clear,7,811.868,511.339,success
7,r07_20260912_232623.jsonl,310,7006.328,51.633,measure,4,624.36,641.337,direction
7,r07_20260912_232623.jsonl,311,7018.765,12.437,clear,4,604.872,609.669,success
7,r07_20260912_232623.jsonl,312,7046.229,27.464,measure,5,538.019,693.62,direction
7,r07_20260912_232623.jsonl,313,7054.1,7.872,clear,5,551.377,698.885,success
7,r07_20260912_232623.jsonl,314,7412.762,358.662,measure,2,609.847,-1063.455,no_signal
7,r07_20260912_232623.jsonl,315,7416.851,4.088,clear,2,606.321,-1059.31,no_target_in_range
7,r07_20260912_232623.jsonl,316,7430.885,14.034,measure,2,578.817,-1023.478,no_signal
7,r07_20260912_232623.jsonl,317,7456.127,25.242,measure,2,640.877,-1103.431,no_signal
7,r07_20260912_232623.jsonl,318,7483.575,27.447,measure,2,549.301,-1168.323,no_signal
7,r07_20260912_232623.jsonl,319,7535.361,51.786,measure,2,714.714,-1002.909,no_signal
7,r07_20260912_232623.jsonl,320,7564.579,29.218,measure,2,609.847,-942.364,direction
7,r07_20260912_232623.jsonl,321,7585.918,21.34,clear,2,572.129,-1014.835,success
7,r07_20260912_232623.jsonl,322,7585.918,0.0,exit,,,,
8,r08_20260912_232639.jsonl,0,0.0,0.0,enter,,,,
8,r08_20260912_232639.jsonl,1,5.0,5.0,measure,1,0.0,0.0,no_signal
8,r08_20260912_232639.jsonl,2,11.0,6.0,measure,2,0.0,0.0,direction
8,r08_20260912_232639.jsonl,3,17.0,6.0,measure,3,0.0,0.0,no_signal
8,r08_20260912_232639.jsonl,4,23.0,6.0,measure,4,0.0,0.0,no_signal
8,r08_20260912_232639.jsonl,5,29.0,6.0,measure,5,0.0,0.0,direction
8,r08_20260912_232639.jsonl,6,35.0,6.0,measure,6,0.0,0.0,direction
8,r08_20260912_232639.jsonl,7,41.0,6.0,measure,7,0.0,0.0,no_signal
8,r08_20260912_232639.jsonl,8,47.0,6.0,measure,8,0.0,0.0,no_signal
8,r08_20260912_232639.jsonl,9,53.0,6.0,measure,9,0.0,0.0,no_signal
8,r08_20260912_232639.jsonl,10,59.0,6.0,measure,10,0.0,0.0,no_signal
8,r08_20260912_232639.jsonl,11,65.0,6.0,measure,11,0.0,0.0,direction
8,r08_20260912_232639.jsonl,12,71.0,6.0,measure,12,0.0,0.0,no_signal
8,r08_20260912_232639.jsonl,13,77.0,6.0,measure,13,0.0,0.0,direction
8,r08_20260912_232639.jsonl,14,83.0,6.0,measure,14,0.0,0.0,no_signal
8,r08_20260912_232639.jsonl,15,89.0,6.0,measure,15,0.0,0.0,direction
8,r08_20260912_232639.jsonl,16,95.0,6.0,measure,16,0.0,0.0,direction
8,r08_20260912_232639.jsonl,17,101.0,6.0,measure,17,0.0,0.0,direction
8,r08_20260912_232639.jsonl,18,107.0,6.0,measure,18,0.0,0.0,no_signal
8,r08_20260912_232639.jsonl,19,113.0,6.0,measure,19,0.0,0.0,direction
8,r08_20260912_232639.jsonl,20,119.0,6.0,measure,20,0.0,0.0,no_signal
8,r08_20260912_232639.jsonl,21,204.0,85.0,measure,20,400.0,0.0,no_signal
8,r08_20260912_232639.jsonl,22,210.0,6.0,measure,18,400.0,0.0,no_signal
8,r08_20260912_232639.jsonl,23,216.0,6.0,measure,14,400.0,0.0,no_signal
8,r08_20260912_232639.jsonl,24,222.0,6.0,measure,12,400.0,0.0,direction
8,r08_20260912_232639.jsonl,25,228.0,6.0,measure,10,400.0,0.0,direction
8,r08_20260912_232639.jsonl,26,234.0,6.0,measure,9,400.0,0.0,no_signal
8,r08_20260912_232639.jsonl,27,240.0,6.0,measure,8,400.0,0.0,no_signal
8,r08_20260912_232639.jsonl,28,246.0,6.0,measure,7,400.0,0.0,no_signal
8,r08_20260912_232639.jsonl,29,252.0,6.0,measure,4,400.0,0.0,no_signal
8,r08_20260912_232639.jsonl,30,258.0,6.0,measure,3,400.0,0.0,no_signal
8,r08_20260912_232639.jsonl,31,264.0,6.0,measure,1,400.0,0.0,no_signal
8,r08_20260912_232639.jsonl,32,270.0,6.0,measure,6,400.0,0.0,direction
8,r08_20260912_232639.jsonl,33,299.343,29.343,clear,6,419.811,-120.09,success
8,r08_20260912_232639.jsonl,34,329.685,30.343,measure,16,400.0,0.0,direction
8,r08_20260912_232639.jsonl,35,415.685,86.0,measure,14,200.0,346.41,no_signal
8,r08_20260912_232639.jsonl,36,421.685,6.0,measure,18,200.0,346.41,no_signal
8,r08_20260912_232639.jsonl,37,427.685,6.0,measure,20,200.0,346.41,no_signal
8,r08_20260912_232639.jsonl,38,433.685,6.0,measure,9,200.0,346.41,no_signal
8,r08_20260912_232639.jsonl,39,439.685,6.0,measure,8,200.0,346.41,no_signal
8,r08_20260912_232639.jsonl,40,445.685,6.0,measure,7,200.0,346.41,no_signal
8,r08_20260912_232639.jsonl,41,451.685,6.0,measure,4,200.0,346.41,no_signal
8,r08_20260912_232639.jsonl,42,457.685,6.0,measure,3,200.0,346.41,no_signal
8,r08_20260912_232639.jsonl,43,463.685,6.0,measure,1,200.0,346.41,no_signal
8,r08_20260912_232639.jsonl,44,469.685,6.0,measure,19,200.0,346.41,direction
8,r08_20260912_232639.jsonl,45,475.685,6.0,measure,11,200.0,346.41,direction
8,r08_20260912_232639.jsonl,46,561.685,86.0,measure,9,-200.0,346.41,no_signal
8,r08_20260912_232639.jsonl,47,567.685,6.0,measure,8,-200.0,346.41,no_signal
8,r08_20260912_232639.jsonl,48,573.685,6.0,measure,14,-200.0,346.41,no_signal
8,r08_20260912_232639.jsonl,49,579.685,6.0,measure,7,-200.0,346.41,no_signal
8,r08_20260912_232639.jsonl,50,585.685,6.0,measure,4,-200.0,346.41,no_signal
8,r08_20260912_232639.jsonl,51,591.685,6.0,measure,18,-200.0,346.41,no_signal
8,r08_20260912_232639.jsonl,52,597.685,6.0,measure,3,-200.0,346.41,no_signal
8,r08_20260912_232639.jsonl,53,603.685,6.0,measure,20,-200.0,346.41,no_signal
8,r08_20260912_232639.jsonl,54,609.685,6.0,measure,1,-200.0,346.41,no_signal
8,r08_20260912_232639.jsonl,55,615.685,6.0,measure,17,-200.0,346.41,direction
8,r08_20260912_232639.jsonl,56,621.685,6.0,measure,15,-200.0,346.41,direction
8,r08_20260912_232639.jsonl,57,707.685,86.0,measure,14,-400.0,0.0,no_signal
8,r08_20260912_232639.jsonl,58,713.685,6.0,measure,18,-400.0,0.0,no_signal
8,r08_20260912_232639.jsonl,59,719.685,6.0,measure,20,-400.0,0.0,no_signal
8,r08_20260912_232639.jsonl,60,725.685,6.0,measure,9,-400.0,0.0,no_signal
8,r08_20260912_232639.jsonl,61,731.685,6.0,measure,8,-400.0,0.0,direction
8,r08_20260912_232639.jsonl,62,737.685,6.0,measure,7,-400.0,0.0,no_signal
8,r08_20260912_232639.jsonl,63,743.685,6.0,measure,4,-400.0,0.0,no_signal
8,r08_20260912_232639.jsonl,64,749.685,6.0,measure,3,-400.0,0.0,no_signal
8,r08_20260912_232639.jsonl,65,755.685,6.0,measure,1,-400.0,0.0,no_signal
8,r08_20260912_232639.jsonl,66,761.685,6.0,measure,13,-400.0,0.0,direction
8,r08_20260912_232639.jsonl,67,767.685,6.0,measure,2,-400.0,0.0,direction
8,r08_20260912_232639.jsonl,68,847.633,79.948,measure,17,-694.779,223.188,near
8,r08_20260912_232639.jsonl,69,852.633,5.0,clear,17,-694.779,223.188,success
8,r08_20260912_232639.jsonl,70,855.633,3.0,clear,17,-694.779,223.188,no_target_in_range
8,r08_20260912_232639.jsonl,71,858.893,3.26,clear,17,-693.483,223.079,no_target_in_range
8,r08_20260912_232639.jsonl,72,994.141,135.248,measure,18,-1300.0,0.0,no_signal
8,r08_20260912_232639.jsonl,73,1000.141,6.0,measure,14,-1300.0,0.0,no_signal
8,r08_20260912_232639.jsonl,74,1006.141,6.0,measure,20,-1300.0,0.0,no_signal
8,r08_20260912_232639.jsonl,75,1012.141,6.0,measure,9,-1300.0,0.0,no_signal
8,r08_20260912_232639.jsonl,76,1018.141,6.0,measure,7,-1300.0,0.0,no_signal
8,r08_20260912_232639.jsonl,77,1024.141,6.0,measure,4,-1300.0,0.0,no_signal
8,r08_20260912_232639.jsonl,78,1030.141,6.0,measure,3,-1300.0,0.0,no_signal
8,r08_20260912_232639.jsonl,79,1036.141,6.0,measure,1,-1300.0,0.0,no_signal
8,r08_20260912_232639.jsonl,80,1042.141,6.0,measure,8,-1300.0,0.0,direction
8,r08_20260912_232639.jsonl,81,1048.141,6.0,measure,15,-1300.0,0.0,no_signal
8,r08_20260912_232639.jsonl,82,1174.141,126.0,measure,14,-1900.0,0.0,no_signal
8,r08_20260912_232639.jsonl,83,1180.141,6.0,measure,18,-1900.0,0.0,no_signal
8,r08_20260912_232639.jsonl,84,1186.141,6.0,measure,20,-1900.0,0.0,no_signal
8,r08_20260912_232639.jsonl,85,1192.141,6.0,measure,9,-1900.0,0.0,no_signal
8,r08_20260912_232639.jsonl,86,1198.141,6.0,measure,7,-1900.0,0.0,no_signal
8,r08_20260912_232639.jsonl,87,1204.141,6.0,measure,4,-1900.0,0.0,no_signal
8,r08_20260912_232639.jsonl,88,1210.141,6.0,measure,3,-1900.0,0.0,no_signal
8,r08_20260912_232639.jsonl,89,1216.141,6.0,measure,1,-1900.0,0.0,no_signal
8,r08_20260912_232639.jsonl,90,1222.141,6.0,measure,8,-1900.0,0.0,direction
8,r08_20260912_232639.jsonl,91,1331.73,109.589,clear,8,-1521.892,-361.256,success
8,r08_20260912_232639.jsonl,92,1458.044,126.314,measure,7,-1645.448,-950.0,no_signal
8,r08_20260912_232639.jsonl,93,1464.044,6.0,measure,9,-1645.448,-950.0,no_signal
8,r08_20260912_232639.jsonl,94,1470.044,6.0,measure,4,-1645.448,-950.0,no_signal
8,r08_20260912_232639.jsonl,95,1476.044,6.0,measure,3,-1645.448,-950.0,no_signal
8,r08_20260912_232639.jsonl,96,1482.044,6.0,measure,14,-1645.448,-950.0,no_signal
8,r08_20260912_232639.jsonl,97,1488.044,6.0,measure,1,-1645.448,-950.0,no_signal
8,r08_20260912_232639.jsonl,98,1494.044,6.0,measure,18,-1645.448,-950.0,no_signal
8,r08_20260912_232639.jsonl,99,1500.044,6.0,measure,20,-1645.448,-950.0,no_signal
8,r08_20260912_232639.jsonl,100,1506.044,6.0,measure,15,-1645.448,-950.0,no_signal
8,r08_20260912_232639.jsonl,101,1512.044,6.0,measure,2,-1645.448,-950.0,direction
8,r08_20260912_232639.jsonl,102,1714.747,202.702,measure,1,-950.0,-1645.448,no_signal
8,r08_20260912_232639.jsonl,103,1720.747,6.0,measure,3,-950.0,-1645.448,no_signal
8,r08_20260912_232639.jsonl,104,1726.747,6.0,measure,4,-950.0,-1645.448,no_signal
8,r08_20260912_232639.jsonl,105,1732.747,6.0,measure,7,-950.0,-1645.448,no_signal
8,r08_20260912_232639.jsonl,106,1738.747,6.0,measure,9,-950.0,-1645.448,no_signal
8,r08_20260912_232639.jsonl,107,1744.747,6.0,measure,14,-950.0,-1645.448,no_signal
8,r08_20260912_232639.jsonl,108,1750.747,6.0,measure,18,-950.0,-1645.448,no_signal
8,r08_20260912_232639.jsonl,109,1756.747,6.0,measure,20,-950.0,-1645.448,no_signal
8,r08_20260912_232639.jsonl,110,1762.747,6.0,measure,15,-950.0,-1645.448,no_signal
8,r08_20260912_232639.jsonl,111,1768.747,6.0,measure,2,-950.0,-1645.448,direction
8,r08_20260912_232639.jsonl,112,1920.119,151.372,measure,1,-919.239,-919.239,no_signal
8,r08_20260912_232639.jsonl,113,1926.119,6.0,measure,3,-919.239,-919.239,no_signal
8,r08_20260912_232639.jsonl,114,1932.119,6.0,measure,4,-919.239,-919.239,no_signal
8,r08_20260912_232639.jsonl,115,1938.119,6.0,measure,7,-919.239,-919.239,no_signal
8,r08_20260912_232639.jsonl,116,1944.119,6.0,measure,9,-919.239,-919.239,no_signal
8,r08_20260912_232639.jsonl,117,1950.119,6.0,measure,14,-919.239,-919.239,no_signal
8,r08_20260912_232639.jsonl,118,1956.119,6.0,measure,18,-919.239,-919.239,no_signal
8,r08_20260912_232639.jsonl,119,1962.119,6.0,measure,20,-919.239,-919.239,no_signal
8,r08_20260912_232639.jsonl,120,1968.119,6.0,measure,15,-919.239,-919.239,no_signal
8,r08_20260912_232639.jsonl,121,1974.119,6.0,measure,2,-919.239,-919.239,direction
8,r08_20260912_232639.jsonl,122,2045.158,71.039,clear,2,-606.935,-1026.457,success
8,r08_20260912_232639.jsonl,123,2184.304,139.146,measure,1,-0.0,-1300.0,no_signal
8,r08_20260912_232639.jsonl,124,2190.304,6.0,measure,3,-0.0,-1300.0,no_signal
8,r08_20260912_232639.jsonl,125,2196.304,6.0,measure,4,-0.0,-1300.0,no_signal
8,r08_20260912_232639.jsonl,126,2202.304,6.0,measure,7,-0.0,-1300.0,no_signal
8,r08_20260912_232639.jsonl,127,2208.304,6.0,measure,9,-0.0,-1300.0,no_signal
8,r08_20260912_232639.jsonl,128,2214.304,6.0,measure,14,-0.0,-1300.0,direction
8,r08_20260912_232639.jsonl,129,2220.304,6.0,measure,18,-0.0,-1300.0,no_signal
8,r08_20260912_232639.jsonl,130,2226.304,6.0,measure,20,-0.0,-1300.0,no_signal
8,r08_20260912_232639.jsonl,131,2232.304,6.0,measure,10,-0.0,-1300.0,direction
8,r08_20260912_232639.jsonl,132,2238.304,6.0,measure,14,-0.0,-1300.0,direction
8,r08_20260912_232639.jsonl,133,2364.304,126.0,measure,18,-0.0,-1900.0,no_signal
8,r08_20260912_232639.jsonl,134,2370.304,6.0,measure,9,-0.0,-1900.0,no_signal
8,r08_20260912_232639.jsonl,135,2376.304,6.0,measure,20,-0.0,-1900.0,no_signal
8,r08_20260912_232639.jsonl,136,2382.304,6.0,measure,7,-0.0,-1900.0,no_signal
8,r08_20260912_232639.jsonl,137,2388.304,6.0,measure,4,-0.0,-1900.0,no_signal
8,r08_20260912_232639.jsonl,138,2394.304,6.0,measure,3,-0.0,-1900.0,no_signal
8,r08_20260912_232639.jsonl,139,2400.304,6.0,measure,1,-0.0,-1900.0,no_signal
8,r08_20260912_232639.jsonl,140,2406.304,6.0,measure,14,-0.0,-1900.0,direction
8,r08_20260912_232639.jsonl,141,2412.304,6.0,measure,15,-0.0,-1900.0,direction
8,r08_20260912_232639.jsonl,142,2615.006,202.702,measure,18,950.0,-1645.448,no_signal
8,r08_20260912_232639.jsonl,143,2621.006,6.0,measure,20,950.0,-1645.448,no_signal
8,r08_20260912_232639.jsonl,144,2627.006,6.0,measure,9,950.0,-1645.448,no_signal
8,r08_20260912_232639.jsonl,145,2633.006,6.0,measure,7,950.0,-1645.448,no_signal
8,r08_20260912_232639.jsonl,146,2639.006,6.0,measure,4,950.0,-1645.448,no_signal
8,r08_20260912_232639.jsonl,147,2645.006,6.0,measure,3,950.0,-1645.448,no_signal
8,r08_20260912_232639.jsonl,148,2651.006,6.0,measure,1,950.0,-1645.448,no_signal
8,r08_20260912_232639.jsonl,149,2657.006,6.0,measure,16,950.0,-1645.448,direction
8,r08_20260912_232639.jsonl,150,2663.006,6.0,measure,14,950.0,-1645.448,direction
8,r08_20260912_232639.jsonl,151,2722.029,59.023,measure,14,716.662,-1509.381,direction
8,r08_20260912_232639.jsonl,152,2728.592,6.563,clear,14,710.531,-1504.532,success
8,r08_20260912_232639.jsonl,153,2788.874,60.282,measure,10,573.324,-1270.36,direction
8,r08_20260912_232639.jsonl,154,2796.235,7.361,clear,10,562.392,-1265.899,success
8,r08_20260912_232639.jsonl,155,2901.737,105.501,measure,9,919.239,-919.239,no_signal
8,r08_20260912_232639.jsonl,156,2907.737,6.0,measure,7,919.239,-919.239,no_signal
8,r08_20260912_232639.jsonl,157,2913.737,6.0,measure,4,919.239,-919.239,no_signal
8,r08_20260912_232639.jsonl,158,2919.737,6.0,measure,3,919.239,-919.239,no_signal
8,r08_20260912_232639.jsonl,159,2925.737,6.0,measure,18,919.239,-919.239,no_signal
8,r08_20260912_232639.jsonl,160,2931.737,6.0,measure,1,919.239,-919.239,no_signal
8,r08_20260912_232639.jsonl,161,2937.737,6.0,measure,20,919.239,-919.239,no_signal
8,r08_20260912_232639.jsonl,162,2943.737,6.0,measure,12,919.239,-919.239,direction
8,r08_20260912_232639.jsonl,163,2949.737,6.0,measure,16,919.239,-919.239,direction
8,r08_20260912_232639.jsonl,164,3012.427,62.69,measure,16,735.184,-697.14,direction
8,r08_20260912_232639.jsonl,165,3021.224,8.797,clear,16,747.265,-711.785,success
8,r08_20260912_232639.jsonl,166,3158.829,137.605,measure,18,200.0,-346.41,no_signal
8,r08_20260912_232639.jsonl,167,3164.829,6.0,measure,20,200.0,-346.41,no_signal
8,r08_20260912_232639.jsonl,168,3170.829,6.0,measure,9,200.0,-346.41,no_signal
8,r08_20260912_232639.jsonl,169,3176.829,6.0,measure,7,200.0,-346.41,no_signal
8,r08_20260912_232639.jsonl,170,3182.829,6.0,measure,4,200.0,-346.41,no_signal
8,r08_20260912_232639.jsonl,171,3188.829,6.0,measure,3,200.0,-346.41,no_signal
8,r08_20260912_232639.jsonl,172,3194.829,6.0,measure,1,200.0,-346.41,no_signal
8,r08_20260912_232639.jsonl,173,3200.829,6.0,measure,5,200.0,-346.41,direction
8,r08_20260912_232639.jsonl,174,3206.829,6.0,measure,11,200.0,-346.41,no_signal
8,r08_20260912_232639.jsonl,175,3292.829,86.0,measure,9,-200.0,-346.41,no_signal
8,r08_20260912_232639.jsonl,176,3298.829,6.0,measure,7,-200.0,-346.41,no_signal
8,r08_20260912_232639.jsonl,177,3304.829,6.0,measure,4,-200.0,-346.41,no_signal
8,r08_20260912_232639.jsonl,178,3310.829,6.0,measure,18,-200.0,-346.41,no_signal
8,r08_20260912_232639.jsonl,179,3316.829,6.0,measure,3,-200.0,-346.41,no_signal
8,r08_20260912_232639.jsonl,180,3322.829,6.0,measure,20,-200.0,-346.41,no_signal
8,r08_20260912_232639.jsonl,181,3328.829,6.0,measure,1,-200.0,-346.41,no_signal
8,r08_20260912_232639.jsonl,182,3334.829,6.0,measure,11,-200.0,-346.41,no_signal
8,r08_20260912_232639.jsonl,183,3340.829,6.0,measure,19,-200.0,-346.41,direction
8,r08_20260912_232639.jsonl,184,3455.875,115.046,measure,15,-503.169,-799.579,no_signal
8,r08_20260912_232639.jsonl,185,3461.258,5.383,clear,15,-503.808,-801.386,success
8,r08_20260912_232639.jsonl,186,3761.797,300.539,measure,19,-576.127,669.53,direction
8,r08_20260912_232639.jsonl,187,3768.256,6.459,clear,19,-571.493,675.167,success
8,r08_20260912_232639.jsonl,188,3859.226,90.97,measure,18,-919.239,919.239,no_signal
8,r08_20260912_232639.jsonl,189,3865.226,6.0,measure,20,-919.239,919.239,no_signal
8,r08_20260912_232639.jsonl,190,3871.226,6.0,measure,9,-919.239,919.239,no_signal
8,r08_20260912_232639.jsonl,191,3877.226,6.0,measure,7,-919.239,919.239,no_signal
8,r08_20260912_232639.jsonl,192,3883.226,6.0,measure,4,-919.239,919.239,no_signal
8,r08_20260912_232639.jsonl,193,3889.226,6.0,measure,3,-919.239,919.239,no_signal
8,r08_20260912_232639.jsonl,194,3895.226,6.0,measure,1,-919.239,919.239,no_signal
8,r08_20260912_232639.jsonl,195,3901.226,6.0,measure,13,-919.239,919.239,direction
8,r08_20260912_232639.jsonl,196,4078.989,177.763,clear,13,-65.692,1052.017,success
8,r08_20260912_232639.jsonl,197,4257.751,178.763,measure,11,-919.239,919.239,direction
8,r08_20260912_232639.jsonl,198,4409.123,151.372,measure,9,-1645.448,950.0,no_signal
8,r08_20260912_232639.jsonl,199,4415.123,6.0,measure,7,-1645.448,950.0,no_signal
8,r08_20260912_232639.jsonl,200,4421.123,6.0,measure,4,-1645.448,950.0,no_signal
8,r08_20260912_232639.jsonl,201,4427.123,6.0,measure,18,-1645.448,950.0,no_signal
8,r08_20260912_232639.jsonl,202,4433.123,6.0,measure,3,-1645.448,950.0,no_signal
8,r08_20260912_232639.jsonl,203,4439.123,6.0,measure,20,-1645.448,950.0,no_signal
8,r08_20260912_232639.jsonl,204,4445.123,6.0,measure,1,-1645.448,950.0,no_signal
8,r08_20260912_232639.jsonl,205,4646.826,201.702,measure,1,-950.0,1645.448,no_signal
8,r08_20260912_232639.jsonl,206,4652.826,6.0,measure,3,-950.0,1645.448,no_signal
8,r08_20260912_232639.jsonl,207,4658.826,6.0,measure,4,-950.0,1645.448,no_signal
8,r08_20260912_232639.jsonl,208,4664.826,6.0,measure,7,-950.0,1645.448,no_signal
8,r08_20260912_232639.jsonl,209,4670.826,6.0,measure,9,-950.0,1645.448,no_signal
8,r08_20260912_232639.jsonl,210,4676.826,6.0,measure,18,-950.0,1645.448,no_signal
8,r08_20260912_232639.jsonl,211,4682.826,6.0,measure,20,-950.0,1645.448,no_signal
8,r08_20260912_232639.jsonl,212,4688.826,6.0,measure,11,-950.0,1645.448,no_signal
8,r08_20260912_232639.jsonl,213,4891.528,202.702,measure,9,0.0,1900.0,no_signal
8,r08_20260912_232639.jsonl,214,4897.528,6.0,measure,7,0.0,1900.0,no_signal
8,r08_20260912_232639.jsonl,215,4903.528,6.0,measure,4,0.0,1900.0,no_signal
8,r08_20260912_232639.jsonl,216,4909.528,6.0,measure,18,0.0,1900.0,no_signal
8,r08_20260912_232639.jsonl,217,4915.528,6.0,measure,3,0.0,1900.0,no_signal
8,r08_20260912_232639.jsonl,218,4921.528,6.0,measure,20,0.0,1900.0,no_signal
8,r08_20260912_232639.jsonl,219,4927.528,6.0,measure,1,0.0,1900.0,no_signal
8,r08_20260912_232639.jsonl,220,4933.528,6.0,measure,11,0.0,1900.0,no_signal
8,r08_20260912_232639.jsonl,221,5059.528,126.0,measure,9,0.0,1300.0,no_signal
8,r08_20260912_232639.jsonl,222,5065.528,6.0,measure,7,0.0,1300.0,no_signal
8,r08_20260912_232639.jsonl,223,5071.528,6.0,measure,4,0.0,1300.0,no_signal
8,r08_20260912_232639.jsonl,224,5077.528,6.0,measure,18,0.0,1300.0,no_signal
8,r08_20260912_232639.jsonl,225,5083.528,6.0,measure,3,0.0,1300.0,no_signal
8,r08_20260912_232639.jsonl,226,5089.528,6.0,measure,20,0.0,1300.0,no_signal
8,r08_20260912_232639.jsonl,227,5095.528,6.0,measure,1,0.0,1300.0,no_signal
8,r08_20260912_232639.jsonl,228,5101.528,6.0,measure,5,0.0,1300.0,direction
8,r08_20260912_232639.jsonl,229,5107.528,6.0,measure,11,0.0,1300.0,direction
8,r08_20260912_232639.jsonl,230,5206.93,99.401,clear,11,-60.815,831.927,success
8,r08_20260912_232639.jsonl,231,5367.798,160.868,measure,5,479.734,277.483,direction
8,r08_20260912_232639.jsonl,232,5374.117,6.32,clear,5,481.333,283.886,success
8,r08_20260912_232639.jsonl,233,5534.446,160.329,measure,4,919.239,919.239,direction
8,r08_20260912_232639.jsonl,234,5540.446,6.0,measure,3,919.239,919.239,no_signal
8,r08_20260912_232639.jsonl,235,5546.446,6.0,measure,7,919.239,919.239,no_signal
8,r08_20260912_232639.jsonl,236,5552.446,6.0,measure,1,919.239,919.239,no_signal
8,r08_20260912_232639.jsonl,237,5558.446,6.0,measure,9,919.239,919.239,no_signal
8,r08_20260912_232639.jsonl,238,5564.446,6.0,measure,18,919.239,919.239,no_signal
8,r08_20260912_232639.jsonl,239,5570.446,6.0,measure,20,919.239,919.239,no_signal
8,r08_20260912_232639.jsonl,240,5576.446,6.0,measure,4,919.239,919.239,direction
8,r08_20260912_232639.jsonl,241,5727.818,151.372,measure,3,950.0,1645.448,no_signal
8,r08_20260912_232639.jsonl,242,5733.818,6.0,measure,1,950.0,1645.448,no_signal
8,r08_20260912_232639.jsonl,243,5739.818,6.0,measure,7,950.0,1645.448,no_signal
8,r08_20260912_232639.jsonl,244,5745.818,6.0,measure,9,950.0,1645.448,no_signal
8,r08_20260912_232639.jsonl,245,5751.818,6.0,measure,18,950.0,1645.448,no_signal
8,r08_20260912_232639.jsonl,246,5757.818,6.0,measure,20,950.0,1645.448,no_signal
8,r08_20260912_232639.jsonl,247,5763.818,6.0,measure,4,950.0,1645.448,direction
8,r08_20260912_232639.jsonl,248,5966.521,202.702,measure,3,1645.448,950.0,no_signal
8,r08_20260912_232639.jsonl,249,5972.521,6.0,measure,1,1645.448,950.0,no_signal
8,r08_20260912_232639.jsonl,250,5978.521,6.0,measure,7,1645.448,950.0,no_signal
8,r08_20260912_232639.jsonl,251,5984.521,6.0,measure,9,1645.448,950.0,no_signal
8,r08_20260912_232639.jsonl,252,5990.521,6.0,measure,18,1645.448,950.0,no_signal
8,r08_20260912_232639.jsonl,253,5996.521,6.0,measure,20,1645.448,950.0,no_signal
8,r08_20260912_232639.jsonl,254,6002.521,6.0,measure,4,1645.448,950.0,direction
8,r08_20260912_232639.jsonl,255,6062.416,59.895,clear,4,1499.535,717.522,success
8,r08_20260912_232639.jsonl,256,6217.366,154.95,measure,3,1300.0,0.0,no_signal
8,r08_20260912_232639.jsonl,257,6223.366,6.0,measure,1,1300.0,0.0,no_signal
8,r08_20260912_232639.jsonl,258,6229.366,6.0,measure,7,1300.0,0.0,no_signal
8,r08_20260912_232639.jsonl,259,6235.366,6.0,measure,9,1300.0,0.0,no_signal
8,r08_20260912_232639.jsonl,260,6241.366,6.0,measure,18,1300.0,0.0,no_signal
8,r08_20260912_232639.jsonl,261,6247.366,6.0,measure,20,1300.0,0.0,no_signal
8,r08_20260912_232639.jsonl,262,6253.366,6.0,measure,12,1300.0,0.0,direction
8,r08_20260912_232639.jsonl,263,6346.229,92.863,clear,12,1617.498,-303.635,success
8,r08_20260912_232639.jsonl,264,6435.175,88.946,measure,9,1900.0,0.0,no_signal
8,r08_20260912_232639.jsonl,265,6441.175,6.0,measure,7,1900.0,0.0,no_signal
8,r08_20260912_232639.jsonl,266,6447.175,6.0,measure,18,1900.0,0.0,no_signal
8,r08_20260912_232639.jsonl,267,6453.175,6.0,measure,20,1900.0,0.0,no_signal
8,r08_20260912_232639.jsonl,268,6459.175,6.0,measure,3,1900.0,0.0,no_signal
8,r08_20260912_232639.jsonl,269,6465.175,6.0,measure,1,1900.0,0.0,no_signal
8,r08_20260912_232639.jsonl,270,6666.878,201.702,measure,1,1645.448,-950.0,no_signal
8,r08_20260912_232639.jsonl,271,6672.878,6.0,measure,3,1645.448,-950.0,no_signal
8,r08_20260912_232639.jsonl,272,6678.878,6.0,measure,7,1645.448,-950.0,no_signal
8,r08_20260912_232639.jsonl,273,6684.878,6.0,measure,9,1645.448,-950.0,no_signal
8,r08_20260912_232639.jsonl,274,6690.878,6.0,measure,18,1645.448,-950.0,no_signal
8,r08_20260912_232639.jsonl,275,6696.878,6.0,measure,20,1645.448,-950.0,no_signal
8,r08_20260912_232639.jsonl,276,6696.878,0.0,exit,,,,
9,r09_20260912_232654.jsonl,0,0.0,0.0,enter,,,,
9,r09_20260912_232654.jsonl,1,5.0,5.0,measure,1,0.0,0.0,no_signal
9,r09_20260912_232654.jsonl,2,11.0,6.0,measure,2,0.0,0.0,no_signal
9,r09_20260912_232654.jsonl,3,17.0,6.0,measure,3,0.0,0.0,no_signal
9,r09_20260912_232654.jsonl,4,23.0,6.0,measure,4,0.0,0.0,direction
9,r09_20260912_232654.jsonl,5,29.0,6.0,measure,5,0.0,0.0,direction
9,r09_20260912_232654.jsonl,6,35.0,6.0,measure,6,0.0,0.0,direction
9,r09_20260912_232654.jsonl,7,41.0,6.0,measure,7,0.0,0.0,direction
9,r09_20260912_232654.jsonl,8,47.0,6.0,measure,8,0.0,0.0,no_signal
9,r09_20260912_232654.jsonl,9,53.0,6.0,measure,9,0.0,0.0,no_signal
9,r09_20260912_232654.jsonl,10,59.0,6.0,measure,10,0.0,0.0,no_signal
9,r09_20260912_232654.jsonl,11,65.0,6.0,measure,11,0.0,0.0,direction
9,r09_20260912_232654.jsonl,12,71.0,6.0,measure,12,0.0,0.0,no_signal
9,r09_20260912_232654.jsonl,13,77.0,6.0,measure,13,0.0,0.0,no_signal
9,r09_20260912_232654.jsonl,14,83.0,6.0,measure,14,0.0,0.0,no_signal
9,r09_20260912_232654.jsonl,15,89.0,6.0,measure,15,0.0,0.0,no_signal
9,r09_20260912_232654.jsonl,16,95.0,6.0,measure,16,0.0,0.0,no_signal
9,r09_20260912_232654.jsonl,17,101.0,6.0,measure,17,0.0,0.0,direction
9,r09_20260912_232654.jsonl,18,107.0,6.0,measure,18,0.0,0.0,no_signal
9,r09_20260912_232654.jsonl,19,113.0,6.0,measure,19,0.0,0.0,no_signal
9,r09_20260912_232654.jsonl,20,119.0,6.0,measure,20,0.0,0.0,no_signal
9,r09_20260912_232654.jsonl,21,204.0,85.0,measure,20,400.0,0.0,no_signal
9,r09_20260912_232654.jsonl,22,210.0,6.0,measure,19,400.0,0.0,no_signal
9,r09_20260912_232654.jsonl,23,216.0,6.0,measure,18,400.0,0.0,no_signal
9,r09_20260912_232654.jsonl,24,222.0,6.0,measure,16,400.0,0.0,no_signal
9,r09_20260912_232654.jsonl,25,228.0,6.0,measure,15,400.0,0.0,no_signal
9,r09_20260912_232654.jsonl,26,234.0,6.0,measure,14,400.0,0.0,no_signal
9,r09_20260912_232654.jsonl,27,240.0,6.0,measure,13,400.0,0.0,no_signal
9,r09_20260912_232654.jsonl,28,246.0,6.0,measure,12,400.0,0.0,direction
9,r09_20260912_232654.jsonl,29,252.0,6.0,measure,10,400.0,0.0,no_signal
9,r09_20260912_232654.jsonl,30,258.0,6.0,measure,9,400.0,0.0,no_signal
9,r09_20260912_232654.jsonl,31,264.0,6.0,measure,8,400.0,0.0,no_signal
9,r09_20260912_232654.jsonl,32,270.0,6.0,measure,3,400.0,0.0,direction
9,r09_20260912_232654.jsonl,33,276.0,6.0,measure,2,400.0,0.0,no_signal
9,r09_20260912_232654.jsonl,34,282.0,6.0,measure,1,400.0,0.0,no_signal
9,r09_20260912_232654.jsonl,35,288.0,6.0,measure,4,400.0,0.0,no_signal
9,r09_20260912_232654.jsonl,36,294.0,6.0,measure,3,400.0,0.0,direction
9,r09_20260912_232654.jsonl,37,380.0,86.0,measure,2,200.0,346.41,no_signal
9,r09_20260912_232654.jsonl,38,386.0,6.0,measure,1,200.0,346.41,no_signal
9,r09_20260912_232654.jsonl,39,392.0,6.0,measure,8,200.0,346.41,no_signal
9,r09_20260912_232654.jsonl,40,398.0,6.0,measure,9,200.0,346.41,no_signal
9,r09_20260912_232654.jsonl,41,404.0,6.0,measure,10,200.0,346.41,no_signal
9,r09_20260912_232654.jsonl,42,410.0,6.0,measure,13,200.0,346.41,no_signal
9,r09_20260912_232654.jsonl,43,416.0,6.0,measure,14,200.0,346.41,no_signal
9,r09_20260912_232654.jsonl,44,422.0,6.0,measure,15,200.0,346.41,no_signal
9,r09_20260912_232654.jsonl,45,428.0,6.0,measure,16,200.0,346.41,no_signal
9,r09_20260912_232654.jsonl,46,434.0,6.0,measure,18,200.0,346.41,no_signal
9,r09_20260912_232654.jsonl,47,440.0,6.0,measure,19,200.0,346.41,no_signal
9,r09_20260912_232654.jsonl,48,446.0,6.0,measure,20,200.0,346.41,no_signal
9,r09_20260912_232654.jsonl,49,452.0,6.0,measure,7,200.0,346.41,direction
9,r09_20260912_232654.jsonl,50,503.829,51.829,clear,7,-28.422,397.872,success
9,r09_20260912_232654.jsonl,51,556.659,52.829,measure,11,200.0,346.41,direction
9,r09_20260912_232654.jsonl,52,621.205,64.546,clear,11,475.949,234.623,success
9,r09_20260912_232654.jsonl,53,755.852,134.646,measure,10,200.0,-346.41,no_signal
9,r09_20260912_232654.jsonl,54,761.852,6.0,measure,9,200.0,-346.41,no_signal
9,r09_20260912_232654.jsonl,55,767.852,6.0,measure,13,200.0,-346.41,no_signal
9,r09_20260912_232654.jsonl,56,773.852,6.0,measure,8,200.0,-346.41,no_signal
9,r09_20260912_232654.jsonl,57,779.852,6.0,measure,14,200.0,-346.41,no_signal
9,r09_20260912_232654.jsonl,58,785.852,6.0,measure,15,200.0,-346.41,no_signal
9,r09_20260912_232654.jsonl,59,791.852,6.0,measure,16,200.0,-346.41,no_signal
9,r09_20260912_232654.jsonl,60,797.852,6.0,measure,18,200.0,-346.41,no_signal
9,r09_20260912_232654.jsonl,61,803.852,6.0,measure,19,200.0,-346.41,no_signal
9,r09_20260912_232654.jsonl,62,809.852,6.0,measure,2,200.0,-346.41,direction
9,r09_20260912_232654.jsonl,63,815.852,6.0,measure,20,200.0,-346.41,no_signal
9,r09_20260912_232654.jsonl,64,821.852,6.0,measure,1,200.0,-346.41,direction
9,r09_20260912_232654.jsonl,65,827.852,6.0,measure,2,200.0,-346.41,direction
9,r09_20260912_232654.jsonl,66,833.852,6.0,measure,4,200.0,-346.41,direction
9,r09_20260912_232654.jsonl,67,919.852,86.0,measure,8,-200.0,-346.41,no_signal
9,r09_20260912_232654.jsonl,68,925.852,6.0,measure,9,-200.0,-346.41,no_signal
9,r09_20260912_232654.jsonl,69,931.852,6.0,measure,10,-200.0,-346.41,no_signal
9,r09_20260912_232654.jsonl,70,937.852,6.0,measure,13,-200.0,-346.41,no_signal
9,r09_20260912_232654.jsonl,71,943.852,6.0,measure,14,-200.0,-346.41,no_signal
9,r09_20260912_232654.jsonl,72,949.852,6.0,measure,15,-200.0,-346.41,no_signal
9,r09_20260912_232654.jsonl,73,955.852,6.0,measure,16,-200.0,-346.41,no_signal
9,r09_20260912_232654.jsonl,74,961.852,6.0,measure,18,-200.0,-346.41,no_signal
9,r09_20260912_232654.jsonl,75,967.852,6.0,measure,19,-200.0,-346.41,no_signal
9,r09_20260912_232654.jsonl,76,973.852,6.0,measure,20,-200.0,-346.41,no_signal
9,r09_20260912_232654.jsonl,77,979.852,6.0,measure,2,-200.0,-346.41,direction
9,r09_20260912_232654.jsonl,78,985.852,6.0,measure,3,-200.0,-346.41,no_signal
9,r09_20260912_232654.jsonl,79,1071.852,86.0,measure,8,-400.0,0.0,no_signal
9,r09_20260912_232654.jsonl,80,1077.852,6.0,measure,9,-400.0,0.0,no_signal
9,r09_20260912_232654.jsonl,81,1083.852,6.0,measure,10,-400.0,0.0,no_signal
9,r09_20260912_232654.jsonl,82,1089.852,6.0,measure,13,-400.0,0.0,no_signal
9,r09_20260912_232654.jsonl,83,1095.852,6.0,measure,14,-400.0,0.0,direction
9,r09_20260912_232654.jsonl,84,1101.852,6.0,measure,15,-400.0,0.0,no_signal
9,r09_20260912_232654.jsonl,85,1107.852,6.0,measure,16,-400.0,0.0,direction
9,r09_20260912_232654.jsonl,86,1113.852,6.0,measure,18,-400.0,0.0,no_signal
9,r09_20260912_232654.jsonl,87,1119.852,6.0,measure,19,-400.0,0.0,no_signal
9,r09_20260912_232654.jsonl,88,1125.852,6.0,measure,20,-400.0,0.0,no_signal
9,r09_20260912_232654.jsonl,89,1131.852,6.0,measure,16,-400.0,0.0,direction
9,r09_20260912_232654.jsonl,90,1137.852,6.0,measure,17,-400.0,0.0,direction
9,r09_20260912_232654.jsonl,91,1223.852,86.0,measure,18,-200.0,346.41,no_signal
9,r09_20260912_232654.jsonl,92,1229.852,6.0,measure,15,-200.0,346.41,no_signal
9,r09_20260912_232654.jsonl,93,1235.852,6.0,measure,19,-200.0,346.41,no_signal
9,r09_20260912_232654.jsonl,94,1241.852,6.0,measure,20,-200.0,346.41,no_signal
9,r09_20260912_232654.jsonl,95,1247.852,6.0,measure,13,-200.0,346.41,no_signal
9,r09_20260912_232654.jsonl,96,1253.852,6.0,measure,10,-200.0,346.41,no_signal
9,r09_20260912_232654.jsonl,97,1259.852,6.0,measure,9,-200.0,346.41,no_signal
9,r09_20260912_232654.jsonl,98,1265.852,6.0,measure,8,-200.0,346.41,no_signal
9,r09_20260912_232654.jsonl,99,1271.852,6.0,measure,16,-200.0,346.41,direction
9,r09_20260912_232654.jsonl,100,1277.852,6.0,measure,6,-200.0,346.41,direction
9,r09_20260912_232654.jsonl,101,1514.503,236.651,measure,8,-1300.0,0.0,no_signal
9,r09_20260912_232654.jsonl,102,1520.503,6.0,measure,9,-1300.0,0.0,no_signal
9,r09_20260912_232654.jsonl,103,1526.503,6.0,measure,10,-1300.0,0.0,no_signal
9,r09_20260912_232654.jsonl,104,1532.503,6.0,measure,13,-1300.0,0.0,no_signal
9,r09_20260912_232654.jsonl,105,1538.503,6.0,measure,15,-1300.0,0.0,no_signal
9,r09_20260912_232654.jsonl,106,1544.503,6.0,measure,18,-1300.0,0.0,no_signal
9,r09_20260912_232654.jsonl,107,1550.503,6.0,measure,19,-1300.0,0.0,no_signal
9,r09_20260912_232654.jsonl,108,1556.503,6.0,measure,20,-1300.0,0.0,no_signal
9,r09_20260912_232654.jsonl,109,1562.503,6.0,measure,5,-1300.0,0.0,direction
9,r09_20260912_232654.jsonl,110,1568.503,6.0,measure,14,-1300.0,0.0,direction
9,r09_20260912_232654.jsonl,111,1657.635,89.132,measure,14,-1315.749,420.364,direction
9,r09_20260912_232654.jsonl,112,1664.384,6.75,clear,14,-1313.233,428.744,success
9,r09_20260912_232654.jsonl,113,1794.009,129.624,measure,13,-1645.448,950.0,no_signal
9,r09_20260912_232654.jsonl,114,1800.009,6.0,measure,15,-1645.448,950.0,no_signal
9,r09_20260912_232654.jsonl,115,1806.009,6.0,measure,10,-1645.448,950.0,no_signal
9,r09_20260912_232654.jsonl,116,1812.009,6.0,measure,18,-1645.448,950.0,no_signal
9,r09_20260912_232654.jsonl,117,1818.009,6.0,measure,9,-1645.448,950.0,no_signal
9,r09_20260912_232654.jsonl,118,1824.009,6.0,measure,19,-1645.448,950.0,no_signal
9,r09_20260912_232654.jsonl,119,1830.009,6.0,measure,8,-1645.448,950.0,no_signal
9,r09_20260912_232654.jsonl,120,1836.009,6.0,measure,20,-1645.448,950.0,no_signal
9,r09_20260912_232654.jsonl,121,1842.009,6.0,measure,16,-1645.448,950.0,direction
9,r09_20260912_232654.jsonl,122,1993.381,151.372,measure,15,-919.239,919.239,no_signal
9,r09_20260912_232654.jsonl,123,1999.381,6.0,measure,18,-919.239,919.239,no_signal
9,r09_20260912_232654.jsonl,124,2005.381,6.0,measure,13,-919.239,919.239,no_signal
9,r09_20260912_232654.jsonl,125,2011.381,6.0,measure,19,-919.239,919.239,no_signal
9,r09_20260912_232654.jsonl,126,2017.381,6.0,measure,20,-919.239,919.239,no_signal
9,r09_20260912_232654.jsonl,127,2023.381,6.0,measure,10,-919.239,919.239,no_signal
9,r09_20260912_232654.jsonl,128,2029.381,6.0,measure,9,-919.239,919.239,no_signal
9,r09_20260912_232654.jsonl,129,2035.381,6.0,measure,8,-919.239,919.239,no_signal
9,r09_20260912_232654.jsonl,130,2041.381,6.0,measure,5,-919.239,919.239,direction
9,r09_20260912_232654.jsonl,131,2234.352,192.971,clear,5,-631.306,24.574,success
9,r09_20260912_232654.jsonl,132,2428.324,193.971,measure,16,-919.239,919.239,direction
9,r09_20260912_232654.jsonl,133,2482.72,54.397,clear,16,-1044.072,1132.354,success
9,r09_20260912_232654.jsonl,134,2593.05,110.329,measure,15,-950.0,1645.448,no_signal
9,r09_20260912_232654.jsonl,135,2599.05,6.0,measure,18,-950.0,1645.448,no_signal
9,r09_20260912_232654.jsonl,136,2605.05,6.0,measure,13,-950.0,1645.448,no_signal
9,r09_20260912_232654.jsonl,137,2611.05,6.0,measure,19,-950.0,1645.448,no_signal
9,r09_20260912_232654.jsonl,138,2617.05,6.0,measure,20,-950.0,1645.448,no_signal
9,r09_20260912_232654.jsonl,139,2623.05,6.0,measure,10,-950.0,1645.448,no_signal
9,r09_20260912_232654.jsonl,140,2629.05,6.0,measure,9,-950.0,1645.448,no_signal
9,r09_20260912_232654.jsonl,141,2635.05,6.0,measure,8,-950.0,1645.448,no_signal
9,r09_20260912_232654.jsonl,142,2842.221,207.172,measure,8,0.0,1300.0,no_signal
9,r09_20260912_232654.jsonl,143,2848.221,6.0,measure,9,0.0,1300.0,no_signal
9,r09_20260912_232654.jsonl,144,2854.221,6.0,measure,10,0.0,1300.0,no_signal
9,r09_20260912_232654.jsonl,145,2860.221,6.0,measure,13,0.0,1300.0,no_signal
9,r09_20260912_232654.jsonl,146,2866.221,6.0,measure,15,0.0,1300.0,direction
9,r09_20260912_232654.jsonl,147,2872.221,6.0,measure,18,0.0,1300.0,no_signal
9,r09_20260912_232654.jsonl,148,2878.221,6.0,measure,19,0.0,1300.0,no_signal
9,r09_20260912_232654.jsonl,149,2884.221,6.0,measure,20,0.0,1300.0,no_signal
9,r09_20260912_232654.jsonl,150,2890.221,6.0,measure,15,0.0,1300.0,direction
9,r09_20260912_232654.jsonl,151,2896.221,6.0,measure,6,0.0,1300.0,direction
9,r09_20260912_232654.jsonl,152,3022.221,126.0,measure,8,0.0,1900.0,no_signal
9,r09_20260912_232654.jsonl,153,3028.221,6.0,measure,9,0.0,1900.0,no_signal
9,r09_20260912_232654.jsonl,154,3034.221,6.0,measure,10,0.0,1900.0,no_signal
9,r09_20260912_232654.jsonl,155,3040.221,6.0,measure,13,0.0,1900.0,no_signal
9,r09_20260912_232654.jsonl,156,3046.221,6.0,measure,18,0.0,1900.0,no_signal
9,r09_20260912_232654.jsonl,157,3052.221,6.0,measure,19,0.0,1900.0,no_signal
9,r09_20260912_232654.jsonl,158,3058.221,6.0,measure,20,0.0,1900.0,no_signal
9,r09_20260912_232654.jsonl,159,3064.221,6.0,measure,15,0.0,1900.0,direction
9,r09_20260912_232654.jsonl,160,3165.491,101.27,clear,15,347.468,1566.891,success
9,r09_20260912_232654.jsonl,161,3293.017,127.526,measure,13,950.0,1645.448,no_signal
9,r09_20260912_232654.jsonl,162,3299.017,6.0,measure,18,950.0,1645.448,no_signal
9,r09_20260912_232654.jsonl,163,3305.017,6.0,measure,19,950.0,1645.448,no_signal
9,r09_20260912_232654.jsonl,164,3311.017,6.0,measure,10,950.0,1645.448,no_signal
9,r09_20260912_232654.jsonl,165,3317.017,6.0,measure,20,950.0,1645.448,no_signal
9,r09_20260912_232654.jsonl,166,3323.017,6.0,measure,9,950.0,1645.448,no_signal
9,r09_20260912_232654.jsonl,167,3329.017,6.0,measure,8,950.0,1645.448,no_signal
9,r09_20260912_232654.jsonl,168,3335.017,6.0,measure,6,950.0,1645.448,direction
9,r09_20260912_232654.jsonl,169,3537.72,202.702,measure,8,1645.448,950.0,no_signal
9,r09_20260912_232654.jsonl,170,3543.72,6.0,measure,9,1645.448,950.0,no_signal
9,r09_20260912_232654.jsonl,171,3549.72,6.0,measure,10,1645.448,950.0,no_signal
9,r09_20260912_232654.jsonl,172,3555.72,6.0,measure,13,1645.448,950.0,no_signal
9,r09_20260912_232654.jsonl,173,3561.72,6.0,measure,18,1645.448,950.0,no_signal
9,r09_20260912_232654.jsonl,174,3567.72,6.0,measure,19,1645.448,950.0,no_signal
9,r09_20260912_232654.jsonl,175,3573.72,6.0,measure,20,1645.448,950.0,no_signal
9,r09_20260912_232654.jsonl,176,3579.72,6.0,measure,6,1645.448,950.0,direction
9,r09_20260912_232654.jsonl,177,3731.092,151.372,measure,8,919.239,919.239,no_signal
9,r09_20260912_232654.jsonl,178,3737.092,6.0,measure,9,919.239,919.239,no_signal
9,r09_20260912_232654.jsonl,179,3743.092,6.0,measure,10,919.239,919.239,no_signal
9,r09_20260912_232654.jsonl,180,3749.092,6.0,measure,13,919.239,919.239,no_signal
9,r09_20260912_232654.jsonl,181,3755.092,6.0,measure,18,919.239,919.239,no_signal
9,r09_20260912_232654.jsonl,182,3761.092,6.0,measure,19,919.239,919.239,no_signal
9,r09_20260912_232654.jsonl,183,3767.092,6.0,measure,20,919.239,919.239,no_signal
9,r09_20260912_232654.jsonl,184,3773.092,6.0,measure,6,919.239,919.239,direction
9,r09_20260912_232654.jsonl,185,3878.492,105.4,measure,6,857.272,421.077,near
9,r09_20260912_232654.jsonl,186,3883.492,5.0,clear,6,857.272,421.077,success
9,r09_20260912_232654.jsonl,187,3886.492,3.0,clear,6,857.272,421.077,no_target_in_range
9,r09_20260912_232654.jsonl,188,3890.159,3.667,clear,6,855.027,418.609,no_target_in_range
9,r09_20260912_232654.jsonl,189,4018.345,128.186,measure,8,1300.0,0.0,direction
9,r09_20260912_232654.jsonl,190,4024.345,6.0,measure,9,1300.0,0.0,no_signal
9,r09_20260912_232654.jsonl,191,4030.345,6.0,measure,10,1300.0,0.0,no_signal
9,r09_20260912_232654.jsonl,192,4036.345,6.0,measure,13,1300.0,0.0,no_signal
9,r09_20260912_232654.jsonl,193,4042.345,6.0,measure,18,1300.0,0.0,no_signal
9,r09_20260912_232654.jsonl,194,4048.345,6.0,measure,19,1300.0,0.0,no_signal
9,r09_20260912_232654.jsonl,195,4054.345,6.0,measure,20,1300.0,0.0,direction
9,r09_20260912_232654.jsonl,196,4060.345,6.0,measure,3,1300.0,0.0,direction
9,r09_20260912_232654.jsonl,197,4066.345,6.0,measure,12,1300.0,0.0,direction
9,r09_20260912_232654.jsonl,198,4192.345,126.0,measure,13,1900.0,0.0,no_signal
9,r09_20260912_232654.jsonl,199,4198.345,6.0,measure,10,1900.0,0.0,no_signal
9,r09_20260912_232654.jsonl,200,4204.345,6.0,measure,9,1900.0,0.0,no_signal
9,r09_20260912_232654.jsonl,201,4210.345,6.0,measure,18,1900.0,0.0,no_signal
9,r09_20260912_232654.jsonl,202,4216.345,6.0,measure,19,1900.0,0.0,no_signal
9,r09_20260912_232654.jsonl,203,4222.345,6.0,measure,20,1900.0,0.0,direction
9,r09_20260912_232654.jsonl,204,4228.345,6.0,measure,8,1900.0,0.0,direction
9,r09_20260912_232654.jsonl,205,4338.314,109.969,clear,8,1673.395,-473.403,success
9,r09_20260912_232654.jsonl,206,4439.797,101.483,measure,9,1645.448,-950.0,no_signal
9,r09_20260912_232654.jsonl,207,4445.797,6.0,measure,10,1645.448,-950.0,no_signal
9,r09_20260912_232654.jsonl,208,4451.797,6.0,measure,13,1645.448,-950.0,no_signal
9,r09_20260912_232654.jsonl,209,4457.797,6.0,measure,18,1645.448,-950.0,no_signal
9,r09_20260912_232654.jsonl,210,4463.797,6.0,measure,19,1645.448,-950.0,no_signal
9,r09_20260912_232654.jsonl,211,4469.797,6.0,measure,20,1645.448,-950.0,no_signal
9,r09_20260912_232654.jsonl,212,4475.797,6.0,measure,3,1645.448,-950.0,direction
9,r09_20260912_232654.jsonl,213,4602.412,126.615,clear,3,1039.021,-905.238,success
9,r09_20260912_232654.jsonl,214,4632.532,30.119,measure,9,919.239,-919.239,no_signal
9,r09_20260912_232654.jsonl,215,4638.532,6.0,measure,10,919.239,-919.239,no_signal
9,r09_20260912_232654.jsonl,216,4644.532,6.0,measure,13,919.239,-919.239,no_signal
9,r09_20260912_232654.jsonl,217,4650.532,6.0,measure,18,919.239,-919.239,no_signal
9,r09_20260912_232654.jsonl,218,4656.532,6.0,measure,19,919.239,-919.239,no_signal
9,r09_20260912_232654.jsonl,219,4662.532,6.0,measure,1,919.239,-919.239,direction
9,r09_20260912_232654.jsonl,220,4668.532,6.0,measure,17,919.239,-919.239,direction
9,r09_20260912_232654.jsonl,221,4738.582,70.051,measure,12,1161.309,-709.563,direction
9,r09_20260912_232654.jsonl,222,4745.454,6.872,clear,12,1166.807,-701.987,success
9,r09_20260912_232654.jsonl,223,4794.275,48.82,measure,20,1329.952,-840.635,no_signal
9,r09_20260912_232654.jsonl,224,4799.582,5.307,clear,20,1330.422,-839.174,success
9,r09_20260912_232654.jsonl,225,4983.885,184.303,measure,19,950.0,-1645.448,no_signal
9,r09_20260912_232654.jsonl,226,4989.885,6.0,measure,18,950.0,-1645.448,no_signal
9,r09_20260912_232654.jsonl,227,4995.885,6.0,measure,13,950.0,-1645.448,no_signal
9,r09_20260912_232654.jsonl,228,5001.885,6.0,measure,10,950.0,-1645.448,no_signal
9,r09_20260912_232654.jsonl,229,5007.885,6.0,measure,9,950.0,-1645.448,no_signal
9,r09_20260912_232654.jsonl,230,5013.885,6.0,measure,1,950.0,-1645.448,direction
9,r09_20260912_232654.jsonl,231,5019.885,6.0,measure,17,950.0,-1645.448,no_signal
9,r09_20260912_232654.jsonl,232,5169.854,149.969,measure,1,238.552,-1535.814,near
9,r09_20260912_232654.jsonl,233,5174.854,5.0,clear,1,238.552,-1535.814,success
9,r09_20260912_232654.jsonl,234,5177.854,3.0,clear,1,238.552,-1535.814,no_target_in_range
9,r09_20260912_232654.jsonl,235,5181.433,3.579,clear,1,236.32,-1533.971,no_target_in_range
9,r09_20260912_232654.jsonl,236,5253.943,72.51,measure,9,-0.0,-1300.0,direction
9,r09_20260912_232654.jsonl,237,5259.943,6.0,measure,10,-0.0,-1300.0,no_signal
9,r09_20260912_232654.jsonl,238,5265.943,6.0,measure,13,-0.0,-1300.0,no_signal
9,r09_20260912_232654.jsonl,239,5271.943,6.0,measure,18,-0.0,-1300.0,no_signal
9,r09_20260912_232654.jsonl,240,5277.943,6.0,measure,19,-0.0,-1300.0,no_signal
9,r09_20260912_232654.jsonl,241,5283.943,6.0,measure,9,-0.0,-1300.0,direction
9,r09_20260912_232654.jsonl,242,5289.943,6.0,measure,2,-0.0,-1300.0,direction
9,r09_20260912_232654.jsonl,243,5415.943,126.0,measure,10,-0.0,-1900.0,no_signal
9,r09_20260912_232654.jsonl,244,5421.943,6.0,measure,13,-0.0,-1900.0,no_signal
9,r09_20260912_232654.jsonl,245,5427.943,6.0,measure,18,-0.0,-1900.0,no_signal
9,r09_20260912_232654.jsonl,246,5433.943,6.0,measure,19,-0.0,-1900.0,no_signal
9,r09_20260912_232654.jsonl,247,5439.943,6.0,measure,9,-0.0,-1900.0,direction
9,r09_20260912_232654.jsonl,248,5445.943,6.0,measure,4,-0.0,-1900.0,direction
9,r09_20260912_232654.jsonl,249,5613.467,167.524,measure,17,-146.831,-1105.839,direction
9,r09_20260912_232654.jsonl,250,5621.033,7.566,clear,17,-138.996,-1095.679,success
9,r09_20260912_232654.jsonl,251,5648.258,27.225,measure,4,-242.381,-1071.71,direction
9,r09_20260912_232654.jsonl,252,5656.109,7.851,clear,4,-238.653,-1057.951,success
9,r09_20260912_232654.jsonl,253,5745.89,89.781,measure,2,-633.624,-1197.521,direction
9,r09_20260912_232654.jsonl,254,5752.602,6.712,clear,2,-642.027,-1195.891,success
9,r09_20260912_232654.jsonl,255,5815.279,62.677,measure,9,-851.176,-1387.107,direction
9,r09_20260912_232654.jsonl,256,5821.777,6.497,clear,9,-849.242,-1379.874,success
9,r09_20260912_232654.jsonl,257,5884.586,62.809,measure,10,-950.0,-1645.448,no_signal
9,r09_20260912_232654.jsonl,258,5890.586,6.0,measure,13,-950.0,-1645.448,no_signal
9,r09_20260912_232654.jsonl,259,5896.586,6.0,measure,18,-950.0,-1645.448,no_signal
9,r09_20260912_232654.jsonl,260,5902.586,6.0,measure,19,-950.0,-1645.448,no_signal
9,r09_20260912_232654.jsonl,261,6052.958,150.372,measure,19,-919.239,-919.239,no_signal
9,r09_20260912_232654.jsonl,262,6058.958,6.0,measure,18,-919.239,-919.239,no_signal
9,r09_20260912_232654.jsonl,263,6064.958,6.0,measure,13,-919.239,-919.239,no_signal
9,r09_20260912_232654.jsonl,264,6070.958,6.0,measure,10,-919.239,-919.239,no_signal
9,r09_20260912_232654.jsonl,265,6221.33,150.372,measure,10,-1645.448,-950.0,no_signal
9,r09_20260912_232654.jsonl,266,6227.33,6.0,measure,13,-1645.448,-950.0,no_signal
9,r09_20260912_232654.jsonl,267,6233.33,6.0,measure,18,-1645.448,-950.0,no_signal
9,r09_20260912_232654.jsonl,268,6239.33,6.0,measure,19,-1645.448,-950.0,no_signal
9,r09_20260912_232654.jsonl,269,6441.032,201.702,measure,19,-1900.0,0.0,no_signal
9,r09_20260912_232654.jsonl,270,6447.032,6.0,measure,18,-1900.0,0.0,no_signal
9,r09_20260912_232654.jsonl,271,6453.032,6.0,measure,13,-1900.0,0.0,no_signal
9,r09_20260912_232654.jsonl,272,6459.032,6.0,measure,10,-1900.0,0.0,no_signal
9,r09_20260912_232654.jsonl,273,6459.032,0.0,exit,,,,
10,r10_20260912_232708.jsonl,0,0.0,0.0,enter,,,,
10,r10_20260912_232708.jsonl,1,5.0,5.0,measure,1,0.0,0.0,no_signal
10,r10_20260912_232708.jsonl,2,11.0,6.0,measure,2,0.0,0.0,no_signal
10,r10_20260912_232708.jsonl,3,17.0,6.0,measure,3,0.0,0.0,no_signal
10,r10_20260912_232708.jsonl,4,23.0,6.0,measure,4,0.0,0.0,no_signal
10,r10_20260912_232708.jsonl,5,29.0,6.0,measure,5,0.0,0.0,no_signal
10,r10_20260912_232708.jsonl,6,35.0,6.0,measure,6,0.0,0.0,no_signal
10,r10_20260912_232708.jsonl,7,41.0,6.0,measure,7,0.0,0.0,no_signal
10,r10_20260912_232708.jsonl,8,47.0,6.0,measure,8,0.0,0.0,direction
10,r10_20260912_232708.jsonl,9,53.0,6.0,measure,9,0.0,0.0,no_signal
10,r10_20260912_232708.jsonl,10,59.0,6.0,measure,10,0.0,0.0,no_signal
10,r10_20260912_232708.jsonl,11,65.0,6.0,measure,11,0.0,0.0,no_signal
10,r10_20260912_232708.jsonl,12,71.0,6.0,measure,12,0.0,0.0,direction
10,r10_20260912_232708.jsonl,13,77.0,6.0,measure,13,0.0,0.0,no_signal
10,r10_20260912_232708.jsonl,14,83.0,6.0,measure,14,0.0,0.0,no_signal
10,r10_20260912_232708.jsonl,15,89.0,6.0,measure,15,0.0,0.0,no_signal
10,r10_20260912_232708.jsonl,16,95.0,6.0,measure,16,0.0,0.0,no_signal
10,r10_20260912_232708.jsonl,17,101.0,6.0,measure,17,0.0,0.0,no_signal
10,r10_20260912_232708.jsonl,18,107.0,6.0,measure,18,0.0,0.0,no_signal
10,r10_20260912_232708.jsonl,19,113.0,6.0,measure,19,0.0,0.0,no_signal
10,r10_20260912_232708.jsonl,20,119.0,6.0,measure,20,0.0,0.0,no_signal
10,r10_20260912_232708.jsonl,21,204.0,85.0,measure,20,400.0,0.0,no_signal
10,r10_20260912_232708.jsonl,22,210.0,6.0,measure,19,400.0,0.0,no_signal
10,r10_20260912_232708.jsonl,23,216.0,6.0,measure,18,400.0,0.0,no_signal
10,r10_20260912_232708.jsonl,24,222.0,6.0,measure,17,400.0,0.0,no_signal
10,r10_20260912_232708.jsonl,25,228.0,6.0,measure,16,400.0,0.0,no_signal
10,r10_20260912_232708.jsonl,26,234.0,6.0,measure,15,400.0,0.0,no_signal
10,r10_20260912_232708.jsonl,27,240.0,6.0,measure,14,400.0,0.0,no_signal
10,r10_20260912_232708.jsonl,28,246.0,6.0,measure,13,400.0,0.0,no_signal
10,r10_20260912_232708.jsonl,29,252.0,6.0,measure,11,400.0,0.0,no_signal
10,r10_20260912_232708.jsonl,30,258.0,6.0,measure,10,400.0,0.0,no_signal
10,r10_20260912_232708.jsonl,31,264.0,6.0,measure,9,400.0,0.0,no_signal
10,r10_20260912_232708.jsonl,32,270.0,6.0,measure,7,400.0,0.0,no_signal
10,r10_20260912_232708.jsonl,33,276.0,6.0,measure,6,400.0,0.0,no_signal
10,r10_20260912_232708.jsonl,34,282.0,6.0,measure,5,400.0,0.0,no_signal
10,r10_20260912_232708.jsonl,35,288.0,6.0,measure,4,400.0,0.0,no_signal
10,r10_20260912_232708.jsonl,36,294.0,6.0,measure,3,400.0,0.0,no_signal
10,r10_20260912_232708.jsonl,37,300.0,6.0,measure,2,400.0,0.0,no_signal
10,r10_20260912_232708.jsonl,38,306.0,6.0,measure,1,400.0,0.0,no_signal
10,r10_20260912_232708.jsonl,39,312.0,6.0,measure,12,400.0,0.0,direction
10,r10_20260912_232708.jsonl,40,318.0,6.0,measure,8,400.0,0.0,direction
10,r10_20260912_232708.jsonl,41,404.0,86.0,measure,7,200.0,346.41,no_signal
10,r10_20260912_232708.jsonl,42,410.0,6.0,measure,9,200.0,346.41,no_signal
10,r10_20260912_232708.jsonl,43,416.0,6.0,measure,6,200.0,346.41,direction
10,r10_20260912_232708.jsonl,44,422.0,6.0,measure,10,200.0,346.41,no_signal
10,r10_20260912_232708.jsonl,45,428.0,6.0,measure,5,200.0,346.41,direction
10,r10_20260912_232708.jsonl,46,434.0,6.0,measure,11,200.0,346.41,no_signal
10,r10_20260912_232708.jsonl,47,440.0,6.0,measure,4,200.0,346.41,no_signal
10,r10_20260912_232708.jsonl,48,446.0,6.0,measure,3,200.0,346.41,no_signal
10,r10_20260912_232708.jsonl,49,452.0,6.0,measure,13,200.0,346.41,no_signal
10,r10_20260912_232708.jsonl,50,458.0,6.0,measure,2,200.0,346.41,no_signal
10,r10_20260912_232708.jsonl,51,464.0,6.0,measure,14,200.0,346.41,no_signal
10,r10_20260912_232708.jsonl,52,470.0,6.0,measure,1,200.0,346.41,no_signal
10,r10_20260912_232708.jsonl,53,476.0,6.0,measure,15,200.0,346.41,no_signal
10,r10_20260912_232708.jsonl,54,482.0,6.0,measure,16,200.0,346.41,no_signal
10,r10_20260912_232708.jsonl,55,488.0,6.0,measure,17,200.0,346.41,no_signal
10,r10_20260912_232708.jsonl,56,494.0,6.0,measure,18,200.0,346.41,direction
10,r10_20260912_232708.jsonl,57,500.0,6.0,measure,19,200.0,346.41,no_signal
10,r10_20260912_232708.jsonl,58,506.0,6.0,measure,20,200.0,346.41,no_signal
10,r10_20260912_232708.jsonl,59,512.0,6.0,measure,6,200.0,346.41,direction
10,r10_20260912_232708.jsonl,60,518.0,6.0,measure,18,200.0,346.41,direction
10,r10_20260912_232708.jsonl,61,604.0,86.0,measure,17,-200.0,346.41,no_signal
10,r10_20260912_232708.jsonl,62,610.0,6.0,measure,19,-200.0,346.41,no_signal
10,r10_20260912_232708.jsonl,63,616.0,6.0,measure,16,-200.0,346.41,no_signal
10,r10_20260912_232708.jsonl,64,622.0,6.0,measure,20,-200.0,346.41,no_signal
10,r10_20260912_232708.jsonl,65,628.0,6.0,measure,15,-200.0,346.41,no_signal
10,r10_20260912_232708.jsonl,66,634.0,6.0,measure,14,-200.0,346.41,no_signal
10,r10_20260912_232708.jsonl,67,640.0,6.0,measure,13,-200.0,346.41,no_signal
10,r10_20260912_232708.jsonl,68,646.0,6.0,measure,11,-200.0,346.41,no_signal
10,r10_20260912_232708.jsonl,69,652.0,6.0,measure,10,-200.0,346.41,no_signal
10,r10_20260912_232708.jsonl,70,658.0,6.0,measure,9,-200.0,346.41,no_signal
10,r10_20260912_232708.jsonl,71,664.0,6.0,measure,7,-200.0,346.41,no_signal
10,r10_20260912_232708.jsonl,72,670.0,6.0,measure,4,-200.0,346.41,no_signal
10,r10_20260912_232708.jsonl,73,676.0,6.0,measure,3,-200.0,346.41,no_signal
10,r10_20260912_232708.jsonl,74,682.0,6.0,measure,2,-200.0,346.41,no_signal
10,r10_20260912_232708.jsonl,75,688.0,6.0,measure,1,-200.0,346.41,no_signal
10,r10_20260912_232708.jsonl,76,694.0,6.0,measure,6,-200.0,346.41,direction
10,r10_20260912_232708.jsonl,77,700.0,6.0,measure,18,-200.0,346.41,no_signal
10,r10_20260912_232708.jsonl,78,786.0,86.0,measure,17,-400.0,0.0,no_signal
10,r10_20260912_232708.jsonl,79,792.0,6.0,measure,19,-400.0,0.0,no_signal
10,r10_20260912_232708.jsonl,80,798.0,6.0,measure,16,-400.0,0.0,no_signal
10,r10_20260912_232708.jsonl,81,804.0,6.0,measure,20,-400.0,0.0,no_signal
10,r10_20260912_232708.jsonl,82,810.0,6.0,measure,15,-400.0,0.0,no_signal
10,r10_20260912_232708.jsonl,83,816.0,6.0,measure,14,-400.0,0.0,no_signal
10,r10_20260912_232708.jsonl,84,822.0,6.0,measure,13,-400.0,0.0,no_signal
10,r10_20260912_232708.jsonl,85,828.0,6.0,measure,11,-400.0,0.0,no_signal
10,r10_20260912_232708.jsonl,86,834.0,6.0,measure,10,-400.0,0.0,no_signal
10,r10_20260912_232708.jsonl,87,840.0,6.0,measure,9,-400.0,0.0,no_signal
10,r10_20260912_232708.jsonl,88,846.0,6.0,measure,7,-400.0,0.0,no_signal
10,r10_20260912_232708.jsonl,89,852.0,6.0,measure,4,-400.0,0.0,no_signal
10,r10_20260912_232708.jsonl,90,858.0,6.0,measure,3,-400.0,0.0,no_signal
10,r10_20260912_232708.jsonl,91,864.0,6.0,measure,2,-400.0,0.0,no_signal
10,r10_20260912_232708.jsonl,92,870.0,6.0,measure,1,-400.0,0.0,no_signal
10,r10_20260912_232708.jsonl,93,876.0,6.0,measure,18,-400.0,0.0,no_signal
10,r10_20260912_232708.jsonl,94,882.0,6.0,measure,6,-400.0,0.0,no_signal
10,r10_20260912_232708.jsonl,95,968.0,86.0,measure,7,-200.0,-346.41,no_signal
10,r10_20260912_232708.jsonl,96,974.0,6.0,measure,4,-200.0,-346.41,direction
10,r10_20260912_232708.jsonl,97,980.0,6.0,measure,3,-200.0,-346.41,no_signal
10,r10_20260912_232708.jsonl,98,986.0,6.0,measure,9,-200.0,-346.41,no_signal
10,r10_20260912_232708.jsonl,99,992.0,6.0,measure,2,-200.0,-346.41,no_signal
10,r10_20260912_232708.jsonl,100,998.0,6.0,measure,10,-200.0,-346.41,no_signal
10,r10_20260912_232708.jsonl,101,1004.0,6.0,measure,1,-200.0,-346.41,no_signal
10,r10_20260912_232708.jsonl,102,1010.0,6.0,measure,11,-200.0,-346.41,no_signal
10,r10_20260912_232708.jsonl,103,1016.0,6.0,measure,13,-200.0,-346.41,no_signal
10,r10_20260912_232708.jsonl,104,1022.0,6.0,measure,14,-200.0,-346.41,no_signal
10,r10_20260912_232708.jsonl,105,1028.0,6.0,measure,15,-200.0,-346.41,no_signal
10,r10_20260912_232708.jsonl,106,1034.0,6.0,measure,16,-200.0,-346.41,no_signal
10,r10_20260912_232708.jsonl,107,1040.0,6.0,measure,17,-200.0,-346.41,no_signal
10,r10_20260912_232708.jsonl,108,1046.0,6.0,measure,19,-200.0,-346.41,no_signal
10,r10_20260912_232708.jsonl,109,1052.0,6.0,measure,20,-200.0,-346.41,no_signal
10,r10_20260912_232708.jsonl,110,1058.0,6.0,measure,4,-200.0,-346.41,direction
10,r10_20260912_232708.jsonl,111,1064.0,6.0,measure,12,-200.0,-346.41,direction
10,r10_20260912_232708.jsonl,112,1150.0,86.0,measure,11,200.0,-346.41,no_signal
10,r10_20260912_232708.jsonl,113,1156.0,6.0,measure,13,200.0,-346.41,no_signal
10,r10_20260912_232708.jsonl,114,1162.0,6.0,measure,10,200.0,-346.41,no_signal
10,r10_20260912_232708.jsonl,115,1168.0,6.0,measure,14,200.0,-346.41,no_signal
10,r10_20260912_232708.jsonl,116,1174.0,6.0,measure,9,200.0,-346.41,no_signal
10,r10_20260912_232708.jsonl,117,1180.0,6.0,measure,15,200.0,-346.41,no_signal
10,r10_20260912_232708.jsonl,118,1186.0,6.0,measure,16,200.0,-346.41,no_signal
10,r10_20260912_232708.jsonl,119,1192.0,6.0,measure,7,200.0,-346.41,no_signal
10,r10_20260912_232708.jsonl,120,1198.0,6.0,measure,17,200.0,-346.41,no_signal
10,r10_20260912_232708.jsonl,121,1204.0,6.0,measure,19,200.0,-346.41,no_signal
10,r10_20260912_232708.jsonl,122,1210.0,6.0,measure,20,200.0,-346.41,no_signal
10,r10_20260912_232708.jsonl,123,1216.0,6.0,measure,3,200.0,-346.41,no_signal
10,r10_20260912_232708.jsonl,124,1222.0,6.0,measure,2,200.0,-346.41,no_signal
10,r10_20260912_232708.jsonl,125,1228.0,6.0,measure,1,200.0,-346.41,no_signal
10,r10_20260912_232708.jsonl,126,1234.0,6.0,measure,8,200.0,-346.41,direction
10,r10_20260912_232708.jsonl,127,1240.0,6.0,measure,12,200.0,-346.41,direction
10,r10_20260912_232708.jsonl,128,1429.895,189.895,measure,11,919.239,-919.239,no_signal
10,r10_20260912_232708.jsonl,129,1435.895,6.0,measure,13,919.239,-919.239,no_signal
10,r10_20260912_232708.jsonl,130,1441.895,6.0,measure,10,919.239,-919.239,no_signal
10,r10_20260912_232708.jsonl,131,1447.895,6.0,measure,14,919.239,-919.239,direction
10,r10_20260912_232708.jsonl,132,1453.895,6.0,measure,9,919.239,-919.239,no_signal
10,r10_20260912_232708.jsonl,133,1459.895,6.0,measure,15,919.239,-919.239,no_signal
10,r10_20260912_232708.jsonl,134,1465.895,6.0,measure,16,919.239,-919.239,no_signal
10,r10_20260912_232708.jsonl,135,1471.895,6.0,measure,7,919.239,-919.239,no_signal
10,r10_20260912_232708.jsonl,136,1477.895,6.0,measure,17,919.239,-919.239,no_signal
10,r10_20260912_232708.jsonl,137,1483.895,6.0,measure,19,919.239,-919.239,no_signal
10,r10_20260912_232708.jsonl,138,1489.895,6.0,measure,20,919.239,-919.239,no_signal
10,r10_20260912_232708.jsonl,139,1495.895,6.0,measure,3,919.239,-919.239,no_signal
10,r10_20260912_232708.jsonl,140,1501.895,6.0,measure,2,919.239,-919.239,direction
10,r10_20260912_232708.jsonl,141,1507.895,6.0,measure,1,919.239,-919.239,no_signal
10,r10_20260912_232708.jsonl,142,1513.895,6.0,measure,2,919.239,-919.239,direction
10,r10_20260912_232708.jsonl,143,1519.895,6.0,measure,14,919.239,-919.239,direction
10,r10_20260912_232708.jsonl,144,1671.267,151.372,measure,13,1645.448,-950.0,no_signal
10,r10_20260912_232708.jsonl,145,1677.267,6.0,measure,15,1645.448,-950.0,no_signal
10,r10_20260912_232708.jsonl,146,1683.267,6.0,measure,16,1645.448,-950.0,no_signal
10,r10_20260912_232708.jsonl,147,1689.267,6.0,measure,11,1645.448,-950.0,no_signal
10,r10_20260912_232708.jsonl,148,1695.267,6.0,measure,17,1645.448,-950.0,no_signal
10,r10_20260912_232708.jsonl,149,1701.267,6.0,measure,10,1645.448,-950.0,no_signal
10,r10_20260912_232708.jsonl,150,1707.267,6.0,measure,9,1645.448,-950.0,no_signal
10,r10_20260912_232708.jsonl,151,1713.267,6.0,measure,19,1645.448,-950.0,no_signal
10,r10_20260912_232708.jsonl,152,1719.267,6.0,measure,20,1645.448,-950.0,no_signal
10,r10_20260912_232708.jsonl,153,1725.267,6.0,measure,7,1645.448,-950.0,no_signal
10,r10_20260912_232708.jsonl,154,1731.267,6.0,measure,3,1645.448,-950.0,no_signal
10,r10_20260912_232708.jsonl,155,1737.267,6.0,measure,1,1645.448,-950.0,no_signal
10,r10_20260912_232708.jsonl,156,1743.267,6.0,measure,2,1645.448,-950.0,direction
10,r10_20260912_232708.jsonl,157,1894.99,151.723,clear,2,969.305,-665.361,success
10,r10_20260912_232708.jsonl,158,2047.713,152.723,measure,14,1645.448,-950.0,no_signal
10,r10_20260912_232708.jsonl,159,2250.415,202.702,measure,13,950.0,-1645.448,no_signal
10,r10_20260912_232708.jsonl,160,2256.415,6.0,measure,15,950.0,-1645.448,no_signal
10,r10_20260912_232708.jsonl,161,2262.415,6.0,measure,16,950.0,-1645.448,no_signal
10,r10_20260912_232708.jsonl,162,2268.415,6.0,measure,11,950.0,-1645.448,no_signal
10,r10_20260912_232708.jsonl,163,2274.415,6.0,measure,17,950.0,-1645.448,no_signal
10,r10_20260912_232708.jsonl,164,2280.415,6.0,measure,10,950.0,-1645.448,no_signal
10,r10_20260912_232708.jsonl,165,2286.415,6.0,measure,9,950.0,-1645.448,no_signal
10,r10_20260912_232708.jsonl,166,2292.415,6.0,measure,19,950.0,-1645.448,no_signal
10,r10_20260912_232708.jsonl,167,2298.415,6.0,measure,20,950.0,-1645.448,no_signal
10,r10_20260912_232708.jsonl,168,2304.415,6.0,measure,7,950.0,-1645.448,no_signal
10,r10_20260912_232708.jsonl,169,2310.415,6.0,measure,3,950.0,-1645.448,no_signal
10,r10_20260912_232708.jsonl,170,2316.415,6.0,measure,1,950.0,-1645.448,no_signal
10,r10_20260912_232708.jsonl,171,2322.415,6.0,measure,14,950.0,-1645.448,no_signal
10,r10_20260912_232708.jsonl,172,2328.415,6.0,measure,8,950.0,-1645.448,no_signal
10,r10_20260912_232708.jsonl,173,2536.587,208.172,measure,7,-0.0,-1300.0,no_signal
10,r10_20260912_232708.jsonl,174,2542.587,6.0,measure,9,-0.0,-1300.0,no_signal
10,r10_20260912_232708.jsonl,175,2548.587,6.0,measure,10,-0.0,-1300.0,no_signal
10,r10_20260912_232708.jsonl,176,2554.587,6.0,measure,11,-0.0,-1300.0,no_signal
10,r10_20260912_232708.jsonl,177,2560.587,6.0,measure,3,-0.0,-1300.0,no_signal
10,r10_20260912_232708.jsonl,178,2566.587,6.0,measure,13,-0.0,-1300.0,no_signal
10,r10_20260912_232708.jsonl,179,2572.587,6.0,measure,1,-0.0,-1300.0,no_signal
10,r10_20260912_232708.jsonl,180,2578.587,6.0,measure,15,-0.0,-1300.0,no_signal
10,r10_20260912_232708.jsonl,181,2584.587,6.0,measure,16,-0.0,-1300.0,no_signal
10,r10_20260912_232708.jsonl,182,2590.587,6.0,measure,17,-0.0,-1300.0,no_signal
10,r10_20260912_232708.jsonl,183,2596.587,6.0,measure,19,-0.0,-1300.0,no_signal
10,r10_20260912_232708.jsonl,184,2602.587,6.0,measure,20,-0.0,-1300.0,no_signal
10,r10_20260912_232708.jsonl,185,2608.587,6.0,measure,4,-0.0,-1300.0,direction
10,r10_20260912_232708.jsonl,186,2614.587,6.0,measure,8,-0.0,-1300.0,no_signal
10,r10_20260912_232708.jsonl,187,2740.587,126.0,measure,7,-0.0,-1900.0,no_signal
10,r10_20260912_232708.jsonl,188,2746.587,6.0,measure,9,-0.0,-1900.0,no_signal
10,r10_20260912_232708.jsonl,189,2752.587,6.0,measure,10,-0.0,-1900.0,no_signal
10,r10_20260912_232708.jsonl,190,2758.587,6.0,measure,11,-0.0,-1900.0,no_signal
10,r10_20260912_232708.jsonl,191,2764.587,6.0,measure,3,-0.0,-1900.0,no_signal
10,r10_20260912_232708.jsonl,192,2770.587,6.0,measure,13,-0.0,-1900.0,no_signal
10,r10_20260912_232708.jsonl,193,2776.587,6.0,measure,1,-0.0,-1900.0,no_signal
10,r10_20260912_232708.jsonl,194,2782.587,6.0,measure,15,-0.0,-1900.0,no_signal
10,r10_20260912_232708.jsonl,195,2788.587,6.0,measure,16,-0.0,-1900.0,no_signal
10,r10_20260912_232708.jsonl,196,2794.587,6.0,measure,17,-0.0,-1900.0,no_signal
10,r10_20260912_232708.jsonl,197,2800.587,6.0,measure,19,-0.0,-1900.0,no_signal
10,r10_20260912_232708.jsonl,198,2806.587,6.0,measure,20,-0.0,-1900.0,no_signal
10,r10_20260912_232708.jsonl,199,2812.587,6.0,measure,8,-0.0,-1900.0,no_signal
10,r10_20260912_232708.jsonl,200,2818.587,6.0,measure,12,-0.0,-1900.0,no_signal
10,r10_20260912_232708.jsonl,201,3021.289,202.702,measure,11,-950.0,-1645.448,no_signal
10,r10_20260912_232708.jsonl,202,3027.289,6.0,measure,13,-950.0,-1645.448,no_signal
10,r10_20260912_232708.jsonl,203,3033.289,6.0,measure,10,-950.0,-1645.448,no_signal
10,r10_20260912_232708.jsonl,204,3039.289,6.0,measure,9,-950.0,-1645.448,no_signal
10,r10_20260912_232708.jsonl,205,3045.289,6.0,measure,15,-950.0,-1645.448,no_signal
10,r10_20260912_232708.jsonl,206,3051.289,6.0,measure,16,-950.0,-1645.448,no_signal
10,r10_20260912_232708.jsonl,207,3057.289,6.0,measure,7,-950.0,-1645.448,no_signal
10,r10_20260912_232708.jsonl,208,3063.289,6.0,measure,17,-950.0,-1645.448,no_signal
10,r10_20260912_232708.jsonl,209,3069.289,6.0,measure,19,-950.0,-1645.448,no_signal
10,r10_20260912_232708.jsonl,210,3075.289,6.0,measure,20,-950.0,-1645.448,no_signal
10,r10_20260912_232708.jsonl,211,3081.289,6.0,measure,3,-950.0,-1645.448,no_signal
10,r10_20260912_232708.jsonl,212,3087.289,6.0,measure,1,-950.0,-1645.448,no_signal
10,r10_20260912_232708.jsonl,213,3093.289,6.0,measure,4,-950.0,-1645.448,direction
10,r10_20260912_232708.jsonl,214,3244.661,151.372,measure,3,-919.239,-919.239,no_signal
10,r10_20260912_232708.jsonl,215,3250.661,6.0,measure,1,-919.239,-919.239,no_signal
10,r10_20260912_232708.jsonl,216,3256.661,6.0,measure,7,-919.239,-919.239,no_signal
10,r10_20260912_232708.jsonl,217,3262.661,6.0,measure,9,-919.239,-919.239,no_signal
10,r10_20260912_232708.jsonl,218,3268.661,6.0,measure,10,-919.239,-919.239,no_signal
10,r10_20260912_232708.jsonl,219,3274.661,6.0,measure,11,-919.239,-919.239,no_signal
10,r10_20260912_232708.jsonl,220,3280.661,6.0,measure,13,-919.239,-919.239,no_signal
10,r10_20260912_232708.jsonl,221,3286.661,6.0,measure,15,-919.239,-919.239,no_signal
10,r10_20260912_232708.jsonl,222,3292.661,6.0,measure,16,-919.239,-919.239,no_signal
10,r10_20260912_232708.jsonl,223,3298.661,6.0,measure,17,-919.239,-919.239,no_signal
10,r10_20260912_232708.jsonl,224,3304.661,6.0,measure,19,-919.239,-919.239,no_signal
10,r10_20260912_232708.jsonl,225,3310.661,6.0,measure,20,-919.239,-919.239,no_signal
10,r10_20260912_232708.jsonl,226,3316.661,6.0,measure,12,-919.239,-919.239,direction
10,r10_20260912_232708.jsonl,227,3322.661,6.0,measure,4,-919.239,-919.239,direction
10,r10_20260912_232708.jsonl,228,3392.53,69.869,clear,4,-1227.105,-1021.303,success
10,r10_20260912_232708.jsonl,229,3483.405,90.875,measure,3,-1645.448,-950.0,no_signal
10,r10_20260912_232708.jsonl,230,3489.405,6.0,measure,1,-1645.448,-950.0,no_signal
10,r10_20260912_232708.jsonl,231,3495.405,6.0,measure,7,-1645.448,-950.0,no_signal
10,r10_20260912_232708.jsonl,232,3501.405,6.0,measure,9,-1645.448,-950.0,no_signal
10,r10_20260912_232708.jsonl,233,3507.405,6.0,measure,10,-1645.448,-950.0,no_signal
10,r10_20260912_232708.jsonl,234,3513.405,6.0,measure,11,-1645.448,-950.0,no_signal
10,r10_20260912_232708.jsonl,235,3519.405,6.0,measure,13,-1645.448,-950.0,no_signal
10,r10_20260912_232708.jsonl,236,3525.405,6.0,measure,15,-1645.448,-950.0,no_signal
10,r10_20260912_232708.jsonl,237,3531.405,6.0,measure,16,-1645.448,-950.0,no_signal
10,r10_20260912_232708.jsonl,238,3537.405,6.0,measure,17,-1645.448,-950.0,no_signal
10,r10_20260912_232708.jsonl,239,3543.405,6.0,measure,19,-1645.448,-950.0,no_signal
10,r10_20260912_232708.jsonl,240,3549.405,6.0,measure,20,-1645.448,-950.0,no_signal
10,r10_20260912_232708.jsonl,241,3756.577,207.172,measure,20,-1300.0,0.0,no_signal
10,r10_20260912_232708.jsonl,242,3762.577,6.0,measure,19,-1300.0,0.0,no_signal
10,r10_20260912_232708.jsonl,243,3768.577,6.0,measure,17,-1300.0,0.0,no_signal
10,r10_20260912_232708.jsonl,244,3774.577,6.0,measure,16,-1300.0,0.0,no_signal
10,r10_20260912_232708.jsonl,245,3780.577,6.0,measure,15,-1300.0,0.0,no_signal
10,r10_20260912_232708.jsonl,246,3786.577,6.0,measure,13,-1300.0,0.0,no_signal
10,r10_20260912_232708.jsonl,247,3792.577,6.0,measure,11,-1300.0,0.0,no_signal
10,r10_20260912_232708.jsonl,248,3798.577,6.0,measure,10,-1300.0,0.0,no_signal
10,r10_20260912_232708.jsonl,249,3804.577,6.0,measure,9,-1300.0,0.0,no_signal
10,r10_20260912_232708.jsonl,250,3810.577,6.0,measure,7,-1300.0,0.0,no_signal
10,r10_20260912_232708.jsonl,251,3816.577,6.0,measure,3,-1300.0,0.0,no_signal
10,r10_20260912_232708.jsonl,252,3822.577,6.0,measure,1,-1300.0,0.0,no_signal
10,r10_20260912_232708.jsonl,253,3828.577,6.0,measure,18,-1300.0,0.0,no_signal
10,r10_20260912_232708.jsonl,254,3954.577,126.0,measure,17,-1900.0,0.0,no_signal
10,r10_20260912_232708.jsonl,255,3960.577,6.0,measure,19,-1900.0,0.0,no_signal
10,r10_20260912_232708.jsonl,256,3966.577,6.0,measure,16,-1900.0,0.0,no_signal
10,r10_20260912_232708.jsonl,257,3972.577,6.0,measure,20,-1900.0,0.0,no_signal
10,r10_20260912_232708.jsonl,258,3978.577,6.0,measure,15,-1900.0,0.0,no_signal
10,r10_20260912_232708.jsonl,259,3984.577,6.0,measure,13,-1900.0,0.0,no_signal
10,r10_20260912_232708.jsonl,260,3990.577,6.0,measure,11,-1900.0,0.0,no_signal
10,r10_20260912_232708.jsonl,261,3996.577,6.0,measure,10,-1900.0,0.0,no_signal
10,r10_20260912_232708.jsonl,262,4002.577,6.0,measure,9,-1900.0,0.0,no_signal
10,r10_20260912_232708.jsonl,263,4008.577,6.0,measure,7,-1900.0,0.0,no_signal
10,r10_20260912_232708.jsonl,264,4014.577,6.0,measure,3,-1900.0,0.0,no_signal
10,r10_20260912_232708.jsonl,265,4020.577,6.0,measure,1,-1900.0,0.0,no_signal
10,r10_20260912_232708.jsonl,266,4222.279,201.702,measure,1,-1645.448,950.0,direction
10,r10_20260912_232708.jsonl,267,4228.279,6.0,measure,3,-1645.448,950.0,no_signal
10,r10_20260912_232708.jsonl,268,4234.279,6.0,measure,7,-1645.448,950.0,no_signal
10,r10_20260912_232708.jsonl,269,4240.279,6.0,measure,9,-1645.448,950.0,no_signal
10,r10_20260912_232708.jsonl,270,4246.279,6.0,measure,10,-1645.448,950.0,no_signal
10,r10_20260912_232708.jsonl,271,4252.279,6.0,measure,11,-1645.448,950.0,no_signal
10,r10_20260912_232708.jsonl,272,4258.279,6.0,measure,13,-1645.448,950.0,no_signal
10,r10_20260912_232708.jsonl,273,4264.279,6.0,measure,15,-1645.448,950.0,no_signal
10,r10_20260912_232708.jsonl,274,4270.279,6.0,measure,16,-1645.448,950.0,no_signal
10,r10_20260912_232708.jsonl,275,4276.279,6.0,measure,17,-1645.448,950.0,no_signal
10,r10_20260912_232708.jsonl,276,4282.279,6.0,measure,19,-1645.448,950.0,no_signal
10,r10_20260912_232708.jsonl,277,4288.279,6.0,measure,20,-1645.448,950.0,no_signal
10,r10_20260912_232708.jsonl,278,4294.279,6.0,measure,18,-1645.448,950.0,no_signal
10,r10_20260912_232708.jsonl,279,4300.279,6.0,measure,1,-1645.448,950.0,direction
10,r10_20260912_232708.jsonl,280,4451.651,151.372,measure,3,-919.239,919.239,no_signal
10,r10_20260912_232708.jsonl,281,4457.651,6.0,measure,7,-919.239,919.239,no_signal
10,r10_20260912_232708.jsonl,282,4463.651,6.0,measure,9,-919.239,919.239,no_signal
10,r10_20260912_232708.jsonl,283,4469.651,6.0,measure,10,-919.239,919.239,no_signal
10,r10_20260912_232708.jsonl,284,4475.651,6.0,measure,11,-919.239,919.239,no_signal
10,r10_20260912_232708.jsonl,285,4481.651,6.0,measure,13,-919.239,919.239,no_signal
10,r10_20260912_232708.jsonl,286,4487.651,6.0,measure,15,-919.239,919.239,no_signal
10,r10_20260912_232708.jsonl,287,4493.651,6.0,measure,16,-919.239,919.239,no_signal
10,r10_20260912_232708.jsonl,288,4499.651,6.0,measure,17,-919.239,919.239,no_signal
10,r10_20260912_232708.jsonl,289,4505.651,6.0,measure,19,-919.239,919.239,no_signal
10,r10_20260912_232708.jsonl,290,4511.651,6.0,measure,20,-919.239,919.239,no_signal
10,r10_20260912_232708.jsonl,291,4517.651,6.0,measure,18,-919.239,919.239,no_signal
10,r10_20260912_232708.jsonl,292,4523.651,6.0,measure,5,-919.239,919.239,direction
10,r10_20260912_232708.jsonl,293,4675.023,151.372,measure,3,-950.0,1645.448,no_signal
10,r10_20260912_232708.jsonl,294,4681.023,6.0,measure,7,-950.0,1645.448,no_signal
10,r10_20260912_232708.jsonl,295,4687.023,6.0,measure,9,-950.0,1645.448,no_signal
10,r10_20260912_232708.jsonl,296,4693.023,6.0,measure,10,-950.0,1645.448,no_signal
10,r10_20260912_232708.jsonl,297,4699.023,6.0,measure,11,-950.0,1645.448,no_signal
10,r10_20260912_232708.jsonl,298,4705.023,6.0,measure,13,-950.0,1645.448,no_signal
10,r10_20260912_232708.jsonl,299,4711.023,6.0,measure,15,-950.0,1645.448,no_signal
10,r10_20260912_232708.jsonl,300,4717.023,6.0,measure,16,-950.0,1645.448,direction
10,r10_20260912_232708.jsonl,301,4723.023,6.0,measure,17,-950.0,1645.448,no_signal
10,r10_20260912_232708.jsonl,302,4729.023,6.0,measure,19,-950.0,1645.448,direction
10,r10_20260912_232708.jsonl,303,4735.023,6.0,measure,20,-950.0,1645.448,no_signal
10,r10_20260912_232708.jsonl,304,4741.023,6.0,measure,18,-950.0,1645.448,no_signal
10,r10_20260912_232708.jsonl,305,4747.023,6.0,measure,16,-950.0,1645.448,direction
10,r10_20260912_232708.jsonl,306,4955.195,208.172,measure,15,0.0,1300.0,no_signal
10,r10_20260912_232708.jsonl,307,4961.195,6.0,measure,17,0.0,1300.0,no_signal
10,r10_20260912_232708.jsonl,308,4967.195,6.0,measure,13,0.0,1300.0,no_signal
10,r10_20260912_232708.jsonl,309,4973.195,6.0,measure,20,0.0,1300.0,no_signal
10,r10_20260912_232708.jsonl,310,4979.195,6.0,measure,11,0.0,1300.0,no_signal
10,r10_20260912_232708.jsonl,311,4985.195,6.0,measure,10,0.0,1300.0,no_signal
10,r10_20260912_232708.jsonl,312,4991.195,6.0,measure,9,0.0,1300.0,no_signal
10,r10_20260912_232708.jsonl,313,4997.195,6.0,measure,7,0.0,1300.0,no_signal
10,r10_20260912_232708.jsonl,314,5003.195,6.0,measure,3,0.0,1300.0,no_signal
10,r10_20260912_232708.jsonl,315,5009.195,6.0,measure,18,0.0,1300.0,direction
10,r10_20260912_232708.jsonl,316,5146.522,137.327,clear,18,-166.973,659.779,success
10,r10_20260912_232708.jsonl,317,5284.85,138.327,measure,16,0.0,1300.0,no_signal
10,r10_20260912_232708.jsonl,318,5329.51,44.66,measure,5,-29.068,1491.102,near
10,r10_20260912_232708.jsonl,319,5334.51,5.0,clear,5,-29.068,1491.102,success
10,r10_20260912_232708.jsonl,320,5337.51,3.0,clear,5,-29.068,1491.102,no_target_in_range
10,r10_20260912_232708.jsonl,321,5340.639,3.129,clear,5,-29.3,1490.5,no_target_in_range
10,r10_20260912_232708.jsonl,322,5428.748,88.109,measure,3,0.0,1900.0,no_signal
10,r10_20260912_232708.jsonl,323,5434.748,6.0,measure,7,0.0,1900.0,no_signal
10,r10_20260912_232708.jsonl,324,5440.748,6.0,measure,9,0.0,1900.0,no_signal
10,r10_20260912_232708.jsonl,325,5446.748,6.0,measure,10,0.0,1900.0,no_signal
10,r10_20260912_232708.jsonl,326,5452.748,6.0,measure,11,0.0,1900.0,no_signal
10,r10_20260912_232708.jsonl,327,5458.748,6.0,measure,13,0.0,1900.0,no_signal
10,r10_20260912_232708.jsonl,328,5464.748,6.0,measure,15,0.0,1900.0,no_signal
10,r10_20260912_232708.jsonl,329,5470.748,6.0,measure,17,0.0,1900.0,no_signal
10,r10_20260912_232708.jsonl,330,5476.748,6.0,measure,20,0.0,1900.0,no_signal
10,r10_20260912_232708.jsonl,331,5482.748,6.0,measure,16,0.0,1900.0,direction
10,r10_20260912_232708.jsonl,332,5629.489,146.741,clear,16,-462.963,1363.414,success
10,r10_20260912_232708.jsonl,333,5777.229,147.741,measure,19,0.0,1900.0,direction
10,r10_20260912_232708.jsonl,334,5916.051,138.822,clear,19,-409.357,1370.724,success
10,r10_20260912_232708.jsonl,335,6199.419,283.368,measure,20,950.0,1645.448,no_signal
10,r10_20260912_232708.jsonl,336,6205.419,6.0,measure,17,950.0,1645.448,no_signal
10,r10_20260912_232708.jsonl,337,6211.419,6.0,measure,15,950.0,1645.448,no_signal
10,r10_20260912_232708.jsonl,338,6217.419,6.0,measure,13,950.0,1645.448,no_signal
10,r10_20260912_232708.jsonl,339,6223.419,6.0,measure,11,950.0,1645.448,no_signal
10,r10_20260912_232708.jsonl,340,6229.419,6.0,measure,10,950.0,1645.448,no_signal
10,r10_20260912_232708.jsonl,341,6235.419,6.0,measure,9,950.0,1645.448,no_signal
10,r10_20260912_232708.jsonl,342,6241.419,6.0,measure,7,950.0,1645.448,no_signal
10,r10_20260912_232708.jsonl,343,6247.419,6.0,measure,3,950.0,1645.448,no_signal
10,r10_20260912_232708.jsonl,344,6253.419,6.0,measure,6,950.0,1645.448,no_signal
10,r10_20260912_232708.jsonl,345,6404.791,151.372,measure,7,919.239,919.239,no_signal
10,r10_20260912_232708.jsonl,346,6410.791,6.0,measure,3,919.239,919.239,no_signal
10,r10_20260912_232708.jsonl,347,6416.791,6.0,measure,9,919.239,919.239,direction
10,r10_20260912_232708.jsonl,348,6422.791,6.0,measure,10,919.239,919.239,no_signal
10,r10_20260912_232708.jsonl,349,6428.791,6.0,measure,11,919.239,919.239,no_signal
10,r10_20260912_232708.jsonl,350,6434.791,6.0,measure,13,919.239,919.239,no_signal
10,r10_20260912_232708.jsonl,351,6440.791,6.0,measure,15,919.239,919.239,no_signal
10,r10_20260912_232708.jsonl,352,6446.791,6.0,measure,17,919.239,919.239,no_signal
10,r10_20260912_232708.jsonl,353,6452.791,6.0,measure,20,919.239,919.239,direction
10,r10_20260912_232708.jsonl,354,6458.791,6.0,measure,9,919.239,919.239,direction
10,r10_20260912_232708.jsonl,355,6464.791,6.0,measure,20,919.239,919.239,direction
10,r10_20260912_232708.jsonl,356,6616.163,151.372,measure,17,1645.448,950.0,no_signal
10,r10_20260912_232708.jsonl,357,6622.163,6.0,measure,15,1645.448,950.0,no_signal
10,r10_20260912_232708.jsonl,358,6628.163,6.0,measure,13,1645.448,950.0,no_signal
10,r10_20260912_232708.jsonl,359,6634.163,6.0,measure,11,1645.448,950.0,no_signal
10,r10_20260912_232708.jsonl,360,6640.163,6.0,measure,10,1645.448,950.0,no_signal
10,r10_20260912_232708.jsonl,361,6646.163,6.0,measure,7,1645.448,950.0,no_signal
10,r10_20260912_232708.jsonl,362,6652.163,6.0,measure,3,1645.448,950.0,no_signal
10,r10_20260912_232708.jsonl,363,6658.163,6.0,measure,20,1645.448,950.0,direction
10,r10_20260912_232708.jsonl,364,6860.865,202.702,measure,17,1900.0,0.0,no_signal
10,r10_20260912_232708.jsonl,365,6866.865,6.0,measure,15,1900.0,0.0,no_signal
10,r10_20260912_232708.jsonl,366,6872.865,6.0,measure,13,1900.0,0.0,no_signal
10,r10_20260912_232708.jsonl,367,6878.865,6.0,measure,11,1900.0,0.0,no_signal
10,r10_20260912_232708.jsonl,368,6884.865,6.0,measure,10,1900.0,0.0,no_signal
10,r10_20260912_232708.jsonl,369,6890.865,6.0,measure,7,1900.0,0.0,no_signal
10,r10_20260912_232708.jsonl,370,6896.865,6.0,measure,3,1900.0,0.0,no_signal
10,r10_20260912_232708.jsonl,371,6902.865,6.0,measure,9,1900.0,0.0,direction
10,r10_20260912_232708.jsonl,372,6908.865,6.0,measure,14,1900.0,0.0,no_signal
10,r10_20260912_232708.jsonl,373,7021.201,112.336,measure,20,1386.986,139.635,direction
10,r10_20260912_232708.jsonl,374,7028.874,7.673,clear,20,1385.854,126.317,success
10,r10_20260912_232708.jsonl,375,7065.42,36.546,measure,17,1300.0,0.0,no_signal
10,r10_20260912_232708.jsonl,376,7071.42,6.0,measure,15,1300.0,0.0,no_signal
10,r10_20260912_232708.jsonl,377,7077.42,6.0,measure,13,1300.0,0.0,no_signal
10,r10_20260912_232708.jsonl,378,7083.42,6.0,measure,11,1300.0,0.0,no_signal
10,r10_20260912_232708.jsonl,379,7089.42,6.0,measure,10,1300.0,0.0,no_signal
10,r10_20260912_232708.jsonl,380,7095.42,6.0,measure,7,1300.0,0.0,no_signal
10,r10_20260912_232708.jsonl,381,7101.42,6.0,measure,3,1300.0,0.0,no_signal
10,r10_20260912_232708.jsonl,382,7107.42,6.0,measure,14,1300.0,0.0,direction
10,r10_20260912_232708.jsonl,383,7256.454,149.034,clear,14,1523.541,-684.598,success
10,r10_20260912_232708.jsonl,384,7406.488,150.034,measure,8,1300.0,0.0,direction
10,r10_20260912_232708.jsonl,385,7510.156,103.668,measure,9,867.389,226.544,no_signal
10,r10_20260912_232708.jsonl,386,7515.229,5.073,clear,9,867.052,226.399,success
10,r10_20260912_232708.jsonl,387,7750.764,235.534,measure,8,552.006,-877.183,direction
10,r10_20260912_232708.jsonl,388,7757.918,7.155,clear,8,556.967,-886.746,success
10,r10_20260912_232708.jsonl,389,7862.817,104.899,measure,12,230.671,-1258.303,no_signal
10,r10_20260912_232708.jsonl,390,7869.118,6.301,clear,12,236.326,-1255.09,success
10,r10_20260912_232708.jsonl,391,8376.891,507.774,measure,6,-144.295,1224.739,direction
10,r10_20260912_232708.jsonl,392,8388.003,11.111,clear,6,-152.32,1254.222,success
10,r10_20260912_232708.jsonl,393,8535.282,147.279,measure,1,-842.849,1105.35,no_signal
10,r10_20260912_232708.jsonl,394,8564.309,29.027,clear,1,-968.39,1071.072,no_target_in_range
10,r10_20260912_232708.jsonl,395,8611.617,47.308,measure,1,-1177.389,1038.392,direction
10,r10_20260912_232708.jsonl,396,8637.063,25.447,measure,1,-1278.222,1021.527,direction
10,r10_20260912_232708.jsonl,397,8677.845,40.782,measure,1,-1454.809,992.8,direction
10,r10_20260912_232708.jsonl,398,8754.408,76.563,measure,1,-1101.636,1050.255,direction
10,r10_20260912_232708.jsonl,399,8767.065,12.656,measure,1,-1063.396,1052.056,direction
10,r10_20260912_232708.jsonl,400,8863.845,96.78,measure,1,-609.678,1120.826,no_signal
10,r10_20260912_232708.jsonl,401,8897.537,33.693,clear,1,-761.299,1097.123,no_target_in_range
10,r10_20260912_232708.jsonl,402,8913.765,16.227,measure,1,-816.96,1089.826,no_signal
10,r10_20260912_232708.jsonl,403,8995.507,81.742,measure,1,-813.307,1473.521,direction
10,r10_20260912_232708.jsonl,404,9085.87,90.363,clear,1,-951.238,1069.606,success
10,r10_20260912_232708.jsonl,405,9085.87,0.0,exit,,,,
