run,log_file,idx,vt_s,dt_s,action,channel,x,y,result
0,robot_p4_20260912_173518.jsonl,0,0.0,0.0,enter,,,,
0,robot_p4_20260912_173518.jsonl,1,5.0,5.0,measure,1,0.0,0.0,direction
0,robot_p4_20260912_173518.jsonl,2,11.0,6.0,measure,2,0.0,0.0,no_signal
0,robot_p4_20260912_173518.jsonl,3,17.0,6.0,measure,3,0.0,0.0,no_signal
0,robot_p4_20260912_173518.jsonl,4,23.0,6.0,measure,4,0.0,0.0,no_signal
0,robot_p4_20260912_173518.jsonl,5,29.0,6.0,measure,5,0.0,0.0,no_signal
0,robot_p4_20260912_173518.jsonl,6,35.0,6.0,measure,6,0.0,0.0,direction
0,robot_p4_20260912_173518.jsonl,7,41.0,6.0,measure,7,0.0,0.0,no_signal
0,robot_p4_20260912_173518.jsonl,8,47.0,6.0,measure,8,0.0,0.0,no_signal
0,robot_p4_20260912_173518.jsonl,9,53.0,6.0,measure,9,0.0,0.0,no_signal
0,robot_p4_20260912_173518.jsonl,10,59.0,6.0,measure,10,0.0,0.0,no_signal
0,robot_p4_20260912_173518.jsonl,11,65.0,6.0,measure,11,0.0,0.0,no_signal
0,robot_p4_20260912_173518.jsonl,12,71.0,6.0,measure,12,0.0,0.0,no_signal
0,robot_p4_20260912_173518.jsonl,13,77.0,6.0,measure,13,0.0,0.0,no_signal
0,robot_p4_20260912_173518.jsonl,14,83.0,6.0,measure,14,0.0,0.0,no_signal
0,robot_p4_20260912_173518.jsonl,15,89.0,6.0,measure,15,0.0,0.0,no_signal
0,robot_p4_20260912_173518.jsonl,16,95.0,6.0,measure,16,0.0,0.0,direction
0,robot_p4_20260912_173518.jsonl,17,101.0,6.0,measure,17,0.0,0.0,direction
0,robot_p4_20260912_173518.jsonl,18,107.0,6.0,measure,18,0.0,0.0,direction
0,robot_p4_20260912_173518.jsonl,19,113.0,6.0,measure,19,0.0,0.0,no_signal
0,robot_p4_20260912_173518.jsonl,20,119.0,6.0,measure,20,0.0,0.0,no_signal
0,robot_p4_20260912_173518.jsonl,21,204.0,85.0,measure,20,400.0,0.0,direction
0,robot_p4_20260912_173518.jsonl,22,210.0,6.0,measure,19,400.0,0.0,no_signal
0,robot_p4_20260912_173518.jsonl,23,216.0,6.0,measure,15,400.0,0.0,no_signal
0,robot_p4_20260912_173518.jsonl,24,222.0,6.0,measure,14,400.0,0.0,no_signal
0,robot_p4_20260912_173518.jsonl,25,228.0,6.0,measure,13,400.0,0.0,direction
0,robot_p4_20260912_173518.jsonl,26,234.0,6.0,measure,12,400.0,0.0,no_signal
0,robot_p4_20260912_173518.jsonl,27,240.0,6.0,measure,11,400.0,0.0,no_signal
0,robot_p4_20260912_173518.jsonl,28,246.0,6.0,measure,10,400.0,0.0,no_signal
0,robot_p4_20260912_173518.jsonl,29,252.0,6.0,measure,9,400.0,0.0,direction
0,robot_p4_20260912_173518.jsonl,30,258.0,6.0,measure,8,400.0,0.0,no_signal
0,robot_p4_20260912_173518.jsonl,31,264.0,6.0,measure,7,400.0,0.0,no_signal
0,robot_p4_20260912_173518.jsonl,32,270.0,6.0,measure,5,400.0,0.0,no_signal
0,robot_p4_20260912_173518.jsonl,33,276.0,6.0,measure,4,400.0,0.0,no_signal
0,robot_p4_20260912_173518.jsonl,34,282.0,6.0,measure,3,400.0,0.0,no_signal
0,robot_p4_20260912_173518.jsonl,35,288.0,6.0,measure,2,400.0,0.0,no_signal
0,robot_p4_20260912_173518.jsonl,36,294.0,6.0,measure,20,400.0,0.0,direction
0,robot_p4_20260912_173518.jsonl,37,300.0,6.0,measure,17,400.0,0.0,direction
0,robot_p4_20260912_173518.jsonl,38,386.0,86.0,measure,15,200.0,346.41,no_signal
0,robot_p4_20260912_173518.jsonl,39,392.0,6.0,measure,19,200.0,346.41,no_signal
0,robot_p4_20260912_173518.jsonl,40,398.0,6.0,measure,14,200.0,346.41,no_signal
0,robot_p4_20260912_173518.jsonl,41,404.0,6.0,measure,12,200.0,346.41,no_signal
0,robot_p4_20260912_173518.jsonl,42,410.0,6.0,measure,11,200.0,346.41,no_signal
0,robot_p4_20260912_173518.jsonl,43,416.0,6.0,measure,10,200.0,346.41,no_signal
0,robot_p4_20260912_173518.jsonl,44,422.0,6.0,measure,8,200.0,346.41,no_signal
0,robot_p4_20260912_173518.jsonl,45,428.0,6.0,measure,7,200.0,346.41,no_signal
0,robot_p4_20260912_173518.jsonl,46,434.0,6.0,measure,5,200.0,346.41,no_signal
0,robot_p4_20260912_173518.jsonl,47,440.0,6.0,measure,4,200.0,346.41,no_signal
0,robot_p4_20260912_173518.jsonl,48,446.0,6.0,measure,3,200.0,346.41,no_signal
0,robot_p4_20260912_173518.jsonl,49,452.0,6.0,measure,2,200.0,346.41,no_signal
0,robot_p4_20260912_173518.jsonl,50,458.0,6.0,measure,16,200.0,346.41,direction
0,robot_p4_20260912_173518.jsonl,51,464.0,6.0,measure,1,200.0,346.41,direction
0,robot_p4_20260912_173518.jsonl,52,550.0,86.0,measure,2,-200.0,346.41,no_signal
0,robot_p4_20260912_173518.jsonl,53,556.0,6.0,measure,3,-200.0,346.41,no_signal
0,robot_p4_20260912_173518.jsonl,54,562.0,6.0,measure,4,-200.0,346.41,no_signal
0,robot_p4_20260912_173518.jsonl,55,568.0,6.0,measure,5,-200.0,346.41,direction
0,robot_p4_20260912_173518.jsonl,56,574.0,6.0,measure,7,-200.0,346.41,no_signal
0,robot_p4_20260912_173518.jsonl,57,580.0,6.0,measure,8,-200.0,346.41,no_signal
0,robot_p4_20260912_173518.jsonl,58,586.0,6.0,measure,10,-200.0,346.41,no_signal
0,robot_p4_20260912_173518.jsonl,59,592.0,6.0,measure,11,-200.0,346.41,no_signal
0,robot_p4_20260912_173518.jsonl,60,598.0,6.0,measure,12,-200.0,346.41,no_signal
0,robot_p4_20260912_173518.jsonl,61,604.0,6.0,measure,14,-200.0,346.41,no_signal
0,robot_p4_20260912_173518.jsonl,62,610.0,6.0,measure,15,-200.0,346.41,no_signal
0,robot_p4_20260912_173518.jsonl,63,616.0,6.0,measure,19,-200.0,346.41,no_signal
0,robot_p4_20260912_173518.jsonl,64,622.0,6.0,measure,9,-200.0,346.41,direction
0,robot_p4_20260912_173518.jsonl,65,628.0,6.0,measure,6,-200.0,346.41,direction
0,robot_p4_20260912_173518.jsonl,66,714.0,86.0,measure,7,-400.0,0.0,no_signal
0,robot_p4_20260912_173518.jsonl,67,720.0,6.0,measure,4,-400.0,0.0,no_signal
0,robot_p4_20260912_173518.jsonl,68,726.0,6.0,measure,8,-400.0,0.0,no_signal
0,robot_p4_20260912_173518.jsonl,69,732.0,6.0,measure,3,-400.0,0.0,no_signal
0,robot_p4_20260912_173518.jsonl,70,738.0,6.0,measure,2,-400.0,0.0,no_signal
0,robot_p4_20260912_173518.jsonl,71,744.0,6.0,measure,10,-400.0,0.0,no_signal
0,robot_p4_20260912_173518.jsonl,72,750.0,6.0,measure,11,-400.0,0.0,no_signal
0,robot_p4_20260912_173518.jsonl,73,756.0,6.0,measure,12,-400.0,0.0,direction
0,robot_p4_20260912_173518.jsonl,74,762.0,6.0,measure,14,-400.0,0.0,no_signal
0,robot_p4_20260912_173518.jsonl,75,768.0,6.0,measure,15,-400.0,0.0,no_signal
0,robot_p4_20260912_173518.jsonl,76,774.0,6.0,measure,19,-400.0,0.0,no_signal
0,robot_p4_20260912_173518.jsonl,77,780.0,6.0,measure,18,-400.0,0.0,direction
0,robot_p4_20260912_173518.jsonl,78,786.0,6.0,measure,5,-400.0,0.0,direction
0,robot_p4_20260912_173518.jsonl,79,872.0,86.0,measure,4,-200.0,-346.41,no_signal
0,robot_p4_20260912_173518.jsonl,80,878.0,6.0,measure,3,-200.0,-346.41,no_signal
0,robot_p4_20260912_173518.jsonl,81,884.0,6.0,measure,7,-200.0,-346.41,no_signal
0,robot_p4_20260912_173518.jsonl,82,890.0,6.0,measure,2,-200.0,-346.41,no_signal
0,robot_p4_20260912_173518.jsonl,83,896.0,6.0,measure,8,-200.0,-346.41,no_signal
0,robot_p4_20260912_173518.jsonl,84,902.0,6.0,measure,10,-200.0,-346.41,no_signal
0,robot_p4_20260912_173518.jsonl,85,908.0,6.0,measure,11,-200.0,-346.41,no_signal
0,robot_p4_20260912_173518.jsonl,86,914.0,6.0,measure,14,-200.0,-346.41,no_signal
0,robot_p4_20260912_173518.jsonl,87,920.0,6.0,measure,15,-200.0,-346.41,no_signal
0,robot_p4_20260912_173518.jsonl,88,926.0,6.0,measure,19,-200.0,-346.41,no_signal
0,robot_p4_20260912_173518.jsonl,89,932.0,6.0,measure,20,-200.0,-346.41,direction
0,robot_p4_20260912_173518.jsonl,90,938.0,6.0,measure,18,-200.0,-346.41,direction
0,robot_p4_20260912_173518.jsonl,91,1024.0,86.0,measure,19,200.0,-346.41,no_signal
0,robot_p4_20260912_173518.jsonl,92,1030.0,6.0,measure,15,200.0,-346.41,no_signal
0,robot_p4_20260912_173518.jsonl,93,1036.0,6.0,measure,14,200.0,-346.41,no_signal
0,robot_p4_20260912_173518.jsonl,94,1042.0,6.0,measure,11,200.0,-346.41,no_signal
0,robot_p4_20260912_173518.jsonl,95,1048.0,6.0,measure,10,200.0,-346.41,no_signal
0,robot_p4_20260912_173518.jsonl,96,1054.0,6.0,measure,8,200.0,-346.41,no_signal
0,robot_p4_20260912_173518.jsonl,97,1060.0,6.0,measure,7,200.0,-346.41,no_signal
0,robot_p4_20260912_173518.jsonl,98,1066.0,6.0,measure,4,200.0,-346.41,no_signal
0,robot_p4_20260912_173518.jsonl,99,1072.0,6.0,measure,3,200.0,-346.41,no_signal
0,robot_p4_20260912_173518.jsonl,100,1078.0,6.0,measure,2,200.0,-346.41,no_signal
0,robot_p4_20260912_173518.jsonl,101,1084.0,6.0,measure,6,200.0,-346.41,direction
0,robot_p4_20260912_173518.jsonl,102,1090.0,6.0,measure,1,200.0,-346.41,direction
0,robot_p4_20260912_173518.jsonl,103,1279.895,189.895,measure,2,919.239,-919.239,no_signal
0,robot_p4_20260912_173518.jsonl,104,1285.895,6.0,measure,3,919.239,-919.239,direction
0,robot_p4_20260912_173518.jsonl,105,1291.895,6.0,measure,4,919.239,-919.239,no_signal
0,robot_p4_20260912_173518.jsonl,106,1297.895,6.0,measure,7,919.239,-919.239,no_signal
0,robot_p4_20260912_173518.jsonl,107,1303.895,6.0,measure,8,919.239,-919.239,no_signal
0,robot_p4_20260912_173518.jsonl,108,1309.895,6.0,measure,10,919.239,-919.239,no_signal
0,robot_p4_20260912_173518.jsonl,109,1315.895,6.0,measure,11,919.239,-919.239,no_signal
0,robot_p4_20260912_173518.jsonl,110,1321.895,6.0,measure,14,919.239,-919.239,no_signal
0,robot_p4_20260912_173518.jsonl,111,1327.895,6.0,measure,15,919.239,-919.239,no_signal
0,robot_p4_20260912_173518.jsonl,112,1333.895,6.0,measure,19,919.239,-919.239,no_signal
0,robot_p4_20260912_173518.jsonl,113,1339.895,6.0,measure,3,919.239,-919.239,direction
0,robot_p4_20260912_173518.jsonl,114,1345.895,6.0,measure,20,919.239,-919.239,no_signal
0,robot_p4_20260912_173518.jsonl,115,1497.267,151.372,measure,19,1645.448,-950.0,no_signal
0,robot_p4_20260912_173518.jsonl,116,1503.267,6.0,measure,15,1645.448,-950.0,direction
0,robot_p4_20260912_173518.jsonl,117,1509.267,6.0,measure,14,1645.448,-950.0,no_signal
0,robot_p4_20260912_173518.jsonl,118,1515.267,6.0,measure,11,1645.448,-950.0,no_signal
0,robot_p4_20260912_173518.jsonl,119,1521.267,6.0,measure,10,1645.448,-950.0,no_signal
0,robot_p4_20260912_173518.jsonl,120,1527.267,6.0,measure,8,1645.448,-950.0,direction
0,robot_p4_20260912_173518.jsonl,121,1533.267,6.0,measure,7,1645.448,-950.0,no_signal
0,robot_p4_20260912_173518.jsonl,122,1539.267,6.0,measure,4,1645.448,-950.0,no_signal
0,robot_p4_20260912_173518.jsonl,123,1545.267,6.0,measure,2,1645.448,-950.0,no_signal
0,robot_p4_20260912_173518.jsonl,124,1551.267,6.0,measure,8,1645.448,-950.0,direction
0,robot_p4_20260912_173518.jsonl,125,1557.267,6.0,measure,15,1645.448,-950.0,direction
0,robot_p4_20260912_173518.jsonl,126,1759.97,202.702,measure,14,950.0,-1645.448,no_signal
0,robot_p4_20260912_173518.jsonl,127,1765.97,6.0,measure,11,950.0,-1645.448,no_signal
0,robot_p4_20260912_173518.jsonl,128,1771.97,6.0,measure,19,950.0,-1645.448,no_signal
0,robot_p4_20260912_173518.jsonl,129,1777.97,6.0,measure,10,950.0,-1645.448,no_signal
0,robot_p4_20260912_173518.jsonl,130,1783.97,6.0,measure,7,950.0,-1645.448,no_signal
0,robot_p4_20260912_173518.jsonl,131,1789.97,6.0,measure,4,950.0,-1645.448,no_signal
0,robot_p4_20260912_173518.jsonl,132,1795.97,6.0,measure,2,950.0,-1645.448,no_signal
0,robot_p4_20260912_173518.jsonl,133,1801.97,6.0,measure,3,950.0,-1645.448,direction
0,robot_p4_20260912_173518.jsonl,134,1807.97,6.0,measure,20,950.0,-1645.448,direction
0,robot_p4_20260912_173518.jsonl,135,1900.915,92.945,measure,20,896.079,-1209.042,direction
0,robot_p4_20260912_173518.jsonl,136,1909.192,8.277,clear,20,894.582,-1192.725,success
0,robot_p4_20260912_173518.jsonl,137,2031.401,122.209,measure,3,351.167,-987.02,no_signal
0,robot_p4_20260912_173518.jsonl,138,2054.401,23.0,measure,3,429.109,-942.02,direction
0,robot_p4_20260912_173518.jsonl,139,2077.124,22.723,clear,3,355.319,-991.086,success
0,robot_p4_20260912_173518.jsonl,140,2177.289,100.166,measure,2,-0.0,-1300.0,no_signal
0,robot_p4_20260912_173518.jsonl,141,2183.289,6.0,measure,4,-0.0,-1300.0,no_signal
0,robot_p4_20260912_173518.jsonl,142,2189.289,6.0,measure,7,-0.0,-1300.0,no_signal
0,robot_p4_20260912_173518.jsonl,143,2195.289,6.0,measure,10,-0.0,-1300.0,no_signal
0,robot_p4_20260912_173518.jsonl,144,2201.289,6.0,measure,11,-0.0,-1300.0,no_signal
0,robot_p4_20260912_173518.jsonl,145,2207.289,6.0,measure,14,-0.0,-1300.0,no_signal
0,robot_p4_20260912_173518.jsonl,146,2213.289,6.0,measure,19,-0.0,-1300.0,no_signal
0,robot_p4_20260912_173518.jsonl,147,2219.289,6.0,measure,17,-0.0,-1300.0,no_signal
0,robot_p4_20260912_173518.jsonl,148,2345.289,126.0,measure,19,-0.0,-1900.0,no_signal
0,robot_p4_20260912_173518.jsonl,149,2351.289,6.0,measure,14,-0.0,-1900.0,no_signal
0,robot_p4_20260912_173518.jsonl,150,2357.289,6.0,measure,11,-0.0,-1900.0,no_signal
0,robot_p4_20260912_173518.jsonl,151,2363.289,6.0,measure,10,-0.0,-1900.0,no_signal
0,robot_p4_20260912_173518.jsonl,152,2369.289,6.0,measure,7,-0.0,-1900.0,no_signal
0,robot_p4_20260912_173518.jsonl,153,2375.289,6.0,measure,4,-0.0,-1900.0,no_signal
0,robot_p4_20260912_173518.jsonl,154,2381.289,6.0,measure,2,-0.0,-1900.0,no_signal
0,robot_p4_20260912_173518.jsonl,155,2387.289,6.0,measure,17,-0.0,-1900.0,no_signal
0,robot_p4_20260912_173518.jsonl,156,2589.992,202.702,measure,19,-950.0,-1645.448,no_signal
0,robot_p4_20260912_173518.jsonl,157,2595.992,6.0,measure,14,-950.0,-1645.448,no_signal
0,robot_p4_20260912_173518.jsonl,158,2601.992,6.0,measure,11,-950.0,-1645.448,no_signal
0,robot_p4_20260912_173518.jsonl,159,2607.992,6.0,measure,10,-950.0,-1645.448,no_signal
0,robot_p4_20260912_173518.jsonl,160,2613.992,6.0,measure,7,-950.0,-1645.448,no_signal
0,robot_p4_20260912_173518.jsonl,161,2619.992,6.0,measure,4,-950.0,-1645.448,no_signal
0,robot_p4_20260912_173518.jsonl,162,2625.992,6.0,measure,2,-950.0,-1645.448,no_signal
0,robot_p4_20260912_173518.jsonl,163,2631.992,6.0,measure,17,-950.0,-1645.448,no_signal
0,robot_p4_20260912_173518.jsonl,164,2783.364,151.372,measure,19,-919.239,-919.239,no_signal
0,robot_p4_20260912_173518.jsonl,165,2789.364,6.0,measure,14,-919.239,-919.239,no_signal
0,robot_p4_20260912_173518.jsonl,166,2795.364,6.0,measure,11,-919.239,-919.239,no_signal
0,robot_p4_20260912_173518.jsonl,167,2801.364,6.0,measure,10,-919.239,-919.239,no_signal
0,robot_p4_20260912_173518.jsonl,168,2807.364,6.0,measure,7,-919.239,-919.239,no_signal
0,robot_p4_20260912_173518.jsonl,169,2813.364,6.0,measure,4,-919.239,-919.239,no_signal
0,robot_p4_20260912_173518.jsonl,170,2819.364,6.0,measure,2,-919.239,-919.239,no_signal
0,robot_p4_20260912_173518.jsonl,171,2825.364,6.0,measure,17,-919.239,-919.239,no_signal
0,robot_p4_20260912_173518.jsonl,172,2976.736,151.372,measure,19,-1645.448,-950.0,no_signal
0,robot_p4_20260912_173518.jsonl,173,2982.736,6.0,measure,14,-1645.448,-950.0,no_signal
0,robot_p4_20260912_173518.jsonl,174,2988.736,6.0,measure,11,-1645.448,-950.0,no_signal
0,robot_p4_20260912_173518.jsonl,175,2994.736,6.0,measure,10,-1645.448,-950.0,no_signal
0,robot_p4_20260912_173518.jsonl,176,3000.736,6.0,measure,7,-1645.448,-950.0,no_signal
0,robot_p4_20260912_173518.jsonl,177,3006.736,6.0,measure,4,-1645.448,-950.0,no_signal
0,robot_p4_20260912_173518.jsonl,178,3012.736,6.0,measure,2,-1645.448,-950.0,no_signal
0,robot_p4_20260912_173518.jsonl,179,3214.438,201.702,measure,2,-1900.0,0.0,no_signal
0,robot_p4_20260912_173518.jsonl,180,3220.438,6.0,measure,4,-1900.0,0.0,no_signal
0,robot_p4_20260912_173518.jsonl,181,3226.438,6.0,measure,7,-1900.0,0.0,no_signal
0,robot_p4_20260912_173518.jsonl,182,3232.438,6.0,measure,10,-1900.0,0.0,no_signal
0,robot_p4_20260912_173518.jsonl,183,3238.438,6.0,measure,11,-1900.0,0.0,no_signal
0,robot_p4_20260912_173518.jsonl,184,3244.438,6.0,measure,14,-1900.0,0.0,no_signal
0,robot_p4_20260912_173518.jsonl,185,3250.438,6.0,measure,19,-1900.0,0.0,no_signal
0,robot_p4_20260912_173518.jsonl,186,3256.438,6.0,measure,12,-1900.0,0.0,direction
0,robot_p4_20260912_173518.jsonl,187,3262.438,6.0,measure,5,-1900.0,0.0,no_signal
0,robot_p4_20260912_173518.jsonl,188,3465.141,202.702,measure,4,-1645.448,950.0,no_signal
0,robot_p4_20260912_173518.jsonl,189,3471.141,6.0,measure,7,-1645.448,950.0,no_signal
0,robot_p4_20260912_173518.jsonl,190,3477.141,6.0,measure,2,-1645.448,950.0,no_signal
0,robot_p4_20260912_173518.jsonl,191,3483.141,6.0,measure,10,-1645.448,950.0,no_signal
0,robot_p4_20260912_173518.jsonl,192,3489.141,6.0,measure,11,-1645.448,950.0,no_signal
0,robot_p4_20260912_173518.jsonl,193,3495.141,6.0,measure,14,-1645.448,950.0,no_signal
0,robot_p4_20260912_173518.jsonl,194,3501.141,6.0,measure,19,-1645.448,950.0,no_signal
0,robot_p4_20260912_173518.jsonl,195,3507.141,6.0,measure,5,-1645.448,950.0,no_signal
0,robot_p4_20260912_173518.jsonl,196,3513.141,6.0,measure,18,-1645.448,950.0,direction
0,robot_p4_20260912_173518.jsonl,197,3667.997,154.856,measure,12,-1299.16,291.185,direction
0,robot_p4_20260912_173518.jsonl,198,3674.353,6.356,clear,12,-1299.377,297.96,success
0,robot_p4_20260912_173518.jsonl,199,3739.945,65.592,measure,11,-1300.0,0.0,no_signal
0,robot_p4_20260912_173518.jsonl,200,3745.945,6.0,measure,10,-1300.0,0.0,no_signal
0,robot_p4_20260912_173518.jsonl,201,3751.945,6.0,measure,14,-1300.0,0.0,no_signal
0,robot_p4_20260912_173518.jsonl,202,3757.945,6.0,measure,7,-1300.0,0.0,no_signal
0,robot_p4_20260912_173518.jsonl,203,3763.945,6.0,measure,19,-1300.0,0.0,no_signal
0,robot_p4_20260912_173518.jsonl,204,3769.945,6.0,measure,4,-1300.0,0.0,no_signal
0,robot_p4_20260912_173518.jsonl,205,3775.945,6.0,measure,2,-1300.0,0.0,no_signal
0,robot_p4_20260912_173518.jsonl,206,3781.945,6.0,measure,5,-1300.0,0.0,no_signal
0,robot_p4_20260912_173518.jsonl,207,3787.945,6.0,measure,18,-1300.0,0.0,direction
0,robot_p4_20260912_173518.jsonl,208,3922.831,134.886,clear,18,-748.557,343.034,success
0,robot_p4_20260912_173518.jsonl,209,4049.022,126.191,measure,19,-919.239,919.239,no_signal
0,robot_p4_20260912_173518.jsonl,210,4055.022,6.0,measure,14,-919.239,919.239,no_signal
0,robot_p4_20260912_173518.jsonl,211,4061.022,6.0,measure,11,-919.239,919.239,no_signal
0,robot_p4_20260912_173518.jsonl,212,4067.022,6.0,measure,10,-919.239,919.239,no_signal
0,robot_p4_20260912_173518.jsonl,213,4073.022,6.0,measure,7,-919.239,919.239,no_signal
0,robot_p4_20260912_173518.jsonl,214,4079.022,6.0,measure,4,-919.239,919.239,no_signal
0,robot_p4_20260912_173518.jsonl,215,4085.022,6.0,measure,2,-919.239,919.239,no_signal
0,robot_p4_20260912_173518.jsonl,216,4091.022,6.0,measure,5,-919.239,919.239,direction
0,robot_p4_20260912_173518.jsonl,217,4097.022,6.0,measure,16,-919.239,919.239,direction
0,robot_p4_20260912_173518.jsonl,218,4249.509,152.487,clear,16,-184.534,982.642,success
0,robot_p4_20260912_173518.jsonl,219,4465.819,216.31,measure,5,-1229.225,862.726,direction
0,robot_p4_20260912_173518.jsonl,220,4473.258,7.439,clear,5,-1241.419,862.813,success
0,robot_p4_20260912_173518.jsonl,221,4646.284,173.026,measure,4,-950.0,1645.448,no_signal
0,robot_p4_20260912_173518.jsonl,222,4652.284,6.0,measure,7,-950.0,1645.448,no_signal
0,robot_p4_20260912_173518.jsonl,223,4658.284,6.0,measure,2,-950.0,1645.448,no_signal
0,robot_p4_20260912_173518.jsonl,224,4664.284,6.0,measure,10,-950.0,1645.448,no_signal
0,robot_p4_20260912_173518.jsonl,225,4670.284,6.0,measure,11,-950.0,1645.448,no_signal
0,robot_p4_20260912_173518.jsonl,226,4676.284,6.0,measure,14,-950.0,1645.448,no_signal
0,robot_p4_20260912_173518.jsonl,227,4682.284,6.0,measure,19,-950.0,1645.448,no_signal
0,robot_p4_20260912_173518.jsonl,228,4889.456,207.172,measure,19,0.0,1300.0,no_signal
0,robot_p4_20260912_173518.jsonl,229,4895.456,6.0,measure,14,0.0,1300.0,no_signal
0,robot_p4_20260912_173518.jsonl,230,4901.456,6.0,measure,11,0.0,1300.0,no_signal
0,robot_p4_20260912_173518.jsonl,231,4907.456,6.0,measure,10,0.0,1300.0,direction
0,robot_p4_20260912_173518.jsonl,232,4913.456,6.0,measure,7,0.0,1300.0,no_signal
0,robot_p4_20260912_173518.jsonl,233,4919.456,6.0,measure,4,0.0,1300.0,no_signal
0,robot_p4_20260912_173518.jsonl,234,4925.456,6.0,measure,2,0.0,1300.0,no_signal
0,robot_p4_20260912_173518.jsonl,235,4931.456,6.0,measure,13,0.0,1300.0,direction
0,robot_p4_20260912_173518.jsonl,236,4937.456,6.0,measure,10,0.0,1300.0,direction
0,robot_p4_20260912_173518.jsonl,237,5063.456,126.0,measure,11,0.0,1900.0,no_signal
0,robot_p4_20260912_173518.jsonl,238,5069.456,6.0,measure,7,0.0,1900.0,no_signal
0,robot_p4_20260912_173518.jsonl,239,5075.456,6.0,measure,14,0.0,1900.0,no_signal
0,robot_p4_20260912_173518.jsonl,240,5081.456,6.0,measure,4,0.0,1900.0,no_signal
0,robot_p4_20260912_173518.jsonl,241,5087.456,6.0,measure,2,0.0,1900.0,no_signal
0,robot_p4_20260912_173518.jsonl,242,5093.456,6.0,measure,19,0.0,1900.0,no_signal
0,robot_p4_20260912_173518.jsonl,243,5099.456,6.0,measure,10,0.0,1900.0,direction
0,robot_p4_20260912_173518.jsonl,244,5105.456,6.0,measure,9,0.0,1900.0,no_signal
0,robot_p4_20260912_173518.jsonl,245,5249.628,144.172,measure,10,488.222,1411.196,near
0,robot_p4_20260912_173518.jsonl,246,5254.628,5.0,clear,10,488.222,1411.196,success
0,robot_p4_20260912_173518.jsonl,247,5257.628,3.0,clear,10,488.222,1411.196,no_target_in_range
0,robot_p4_20260912_173518.jsonl,248,5367.187,109.559,measure,11,950.0,1645.448,no_signal
0,robot_p4_20260912_173518.jsonl,249,5373.187,6.0,measure,7,950.0,1645.448,no_signal
0,robot_p4_20260912_173518.jsonl,250,5379.187,6.0,measure,14,950.0,1645.448,no_signal
0,robot_p4_20260912_173518.jsonl,251,5385.187,6.0,measure,4,950.0,1645.448,no_signal
0,robot_p4_20260912_173518.jsonl,252,5391.187,6.0,measure,2,950.0,1645.448,no_signal
0,robot_p4_20260912_173518.jsonl,253,5397.187,6.0,measure,19,950.0,1645.448,no_signal
0,robot_p4_20260912_173518.jsonl,254,5403.187,6.0,measure,9,950.0,1645.448,no_signal
0,robot_p4_20260912_173518.jsonl,255,5409.187,6.0,measure,6,950.0,1645.448,no_signal
0,robot_p4_20260912_173518.jsonl,256,5487.367,78.18,measure,13,1018.969,1291.201,direction
0,robot_p4_20260912_173518.jsonl,257,5494.377,7.011,clear,13,1022.761,1281.891,success
0,robot_p4_20260912_173518.jsonl,258,5575.805,81.428,measure,14,919.239,919.239,no_signal
0,robot_p4_20260912_173518.jsonl,259,5581.805,6.0,measure,11,919.239,919.239,no_signal
0,robot_p4_20260912_173518.jsonl,260,5587.805,6.0,measure,7,919.239,919.239,no_signal
0,robot_p4_20260912_173518.jsonl,261,5593.805,6.0,measure,19,919.239,919.239,no_signal
0,robot_p4_20260912_173518.jsonl,262,5599.805,6.0,measure,4,919.239,919.239,no_signal
0,robot_p4_20260912_173518.jsonl,263,5605.805,6.0,measure,2,919.239,919.239,direction
0,robot_p4_20260912_173518.jsonl,264,5610.805,5.0,measure,2,919.239,919.239,direction
0,robot_p4_20260912_173518.jsonl,265,5616.805,6.0,measure,8,919.239,919.239,no_signal
0,robot_p4_20260912_173518.jsonl,266,5667.499,50.694,measure,6,796.811,732.29,no_signal
0,robot_p4_20260912_173518.jsonl,267,5678.377,10.878,measure,6,774.17,713.55,no_signal
0,robot_p4_20260912_173518.jsonl,268,5695.133,16.756,measure,6,819.452,751.031,no_signal
0,robot_p4_20260912_173518.jsonl,269,5717.011,21.877,measure,6,874.753,687.29,no_signal
0,robot_p4_20260912_173518.jsonl,270,5870.653,153.643,measure,1,1076.775,-22.743,direction
0,robot_p4_20260912_173518.jsonl,271,5876.812,6.159,clear,1,1082.246,-20.84,success
0,robot_p4_20260912_173518.jsonl,272,5926.562,49.75,measure,4,1300.0,0.0,no_signal
0,robot_p4_20260912_173518.jsonl,273,5932.562,6.0,measure,7,1300.0,0.0,direction
0,robot_p4_20260912_173518.jsonl,274,5938.562,6.0,measure,11,1300.0,0.0,no_signal
0,robot_p4_20260912_173518.jsonl,275,5944.562,6.0,measure,14,1300.0,0.0,no_signal
0,robot_p4_20260912_173518.jsonl,276,5950.562,6.0,measure,19,1300.0,0.0,no_signal
0,robot_p4_20260912_173518.jsonl,277,5956.562,6.0,measure,2,1300.0,0.0,direction
0,robot_p4_20260912_173518.jsonl,278,6045.722,89.161,clear,2,880.495,-33.03,success
0,robot_p4_20260912_173518.jsonl,279,6135.883,90.161,measure,8,1300.0,0.0,no_signal
0,robot_p4_20260912_173518.jsonl,280,6261.883,126.0,measure,11,1900.0,0.0,no_signal
0,robot_p4_20260912_173518.jsonl,281,6267.883,6.0,measure,4,1900.0,0.0,no_signal
0,robot_p4_20260912_173518.jsonl,282,6273.883,6.0,measure,14,1900.0,0.0,no_signal
0,robot_p4_20260912_173518.jsonl,283,6279.883,6.0,measure,19,1900.0,0.0,no_signal
0,robot_p4_20260912_173518.jsonl,284,6285.883,6.0,measure,8,1900.0,0.0,direction
0,robot_p4_20260912_173518.jsonl,285,6374.812,88.929,clear,8,1490.713,-92.665,success
0,robot_p4_20260912_173518.jsonl,286,6464.741,89.929,measure,15,1900.0,0.0,direction
0,robot_p4_20260912_173518.jsonl,287,6553.21,88.469,measure,15,1605.071,295.286,no_signal
0,robot_p4_20260912_173518.jsonl,288,6562.227,9.017,measure,15,1616.479,278.756,direction
0,robot_p4_20260912_173518.jsonl,289,6580.308,18.081,measure,15,1644.658,219.734,direction
0,robot_p4_20260912_173518.jsonl,290,6601.477,21.169,clear,15,1605.741,290.597,success
0,robot_p4_20260912_173518.jsonl,291,6739.597,138.119,measure,14,1645.448,950.0,no_signal
0,robot_p4_20260912_173518.jsonl,292,6745.597,6.0,measure,11,1645.448,950.0,no_signal
0,robot_p4_20260912_173518.jsonl,293,6751.597,6.0,measure,19,1645.448,950.0,no_signal
0,robot_p4_20260912_173518.jsonl,294,6757.597,6.0,measure,4,1645.448,950.0,no_signal
0,robot_p4_20260912_173518.jsonl,295,6763.597,6.0,measure,7,1645.448,950.0,no_signal
0,robot_p4_20260912_173518.jsonl,296,6769.597,6.0,measure,9,1645.448,950.0,direction
0,robot_p4_20260912_173518.jsonl,297,6960.436,190.839,measure,9,781.216,1291.327,direction
0,robot_p4_20260912_173518.jsonl,298,6966.832,6.397,clear,9,783.349,1297.978,success
0,robot_p4_20260912_173518.jsonl,299,7086.002,119.17,measure,6,796.811,732.29,no_signal
0,robot_p4_20260912_173518.jsonl,300,7109.002,23.0,measure,6,718.869,777.29,direction
0,robot_p4_20260912_173518.jsonl,301,7130.756,21.754,clear,6,775.517,715.578,success
0,robot_p4_20260912_173518.jsonl,302,7303.437,172.681,measure,7,1495.979,296.655,direction
0,robot_p4_20260912_173518.jsonl,303,7313.077,9.64,measure,7,1484.901,276.27,direction
0,robot_p4_20260912_173518.jsonl,304,7325.411,12.334,measure,7,1516.756,294.435,direction
0,robot_p4_20260912_173518.jsonl,305,7341.002,15.591,measure,7,1499.331,344.442,direction
0,robot_p4_20260912_173518.jsonl,306,7364.128,23.125,clear,7,1577.392,390.483,success
0,robot_p4_20260912_173518.jsonl,307,7774.479,410.351,measure,17,-81.408,-765.321,direction
0,robot_p4_20260912_173518.jsonl,308,7782.447,7.969,clear,17,-89.172,-777.971,success
0,robot_p4_20260912_173518.jsonl,309,7782.447,0.0,exit,,,,
0,robot_p4_20260912_173700.jsonl,0,0.0,0.0,enter,,,,
0,robot_p4_20260912_173700.jsonl,1,5.0,5.0,measure,1,0.0,0.0,no_signal
0,robot_p4_20260912_173700.jsonl,2,11.0,6.0,measure,2,0.0,0.0,direction
0,robot_p4_20260912_173700.jsonl,3,17.0,6.0,measure,3,0.0,0.0,no_signal
0,robot_p4_20260912_173700.jsonl,4,23.0,6.0,measure,4,0.0,0.0,no_signal
0,robot_p4_20260912_173700.jsonl,5,29.0,6.0,measure,5,0.0,0.0,no_signal
0,robot_p4_20260912_173700.jsonl,6,35.0,6.0,measure,6,0.0,0.0,no_signal
0,robot_p4_20260912_173700.jsonl,7,41.0,6.0,measure,7,0.0,0.0,no_signal
0,robot_p4_20260912_173700.jsonl,8,47.0,6.0,measure,8,0.0,0.0,no_signal
0,robot_p4_20260912_173700.jsonl,9,53.0,6.0,measure,9,0.0,0.0,direction
0,robot_p4_20260912_173700.jsonl,10,59.0,6.0,measure,10,0.0,0.0,no_signal
0,robot_p4_20260912_173700.jsonl,11,65.0,6.0,measure,11,0.0,0.0,no_signal
0,robot_p4_20260912_173700.jsonl,12,71.0,6.0,measure,12,0.0,0.0,no_signal
0,robot_p4_20260912_173700.jsonl,13,77.0,6.0,measure,13,0.0,0.0,no_signal
0,robot_p4_20260912_173700.jsonl,14,83.0,6.0,measure,14,0.0,0.0,no_signal
0,robot_p4_20260912_173700.jsonl,15,89.0,6.0,measure,15,0.0,0.0,no_signal
0,robot_p4_20260912_173700.jsonl,16,95.0,6.0,measure,16,0.0,0.0,no_signal
0,robot_p4_20260912_173700.jsonl,17,101.0,6.0,measure,17,0.0,0.0,direction
0,robot_p4_20260912_173700.jsonl,18,107.0,6.0,measure,18,0.0,0.0,no_signal
0,robot_p4_20260912_173700.jsonl,19,113.0,6.0,measure,19,0.0,0.0,direction
0,robot_p4_20260912_173700.jsonl,20,119.0,6.0,measure,20,0.0,0.0,no_signal
0,robot_p4_20260912_173700.jsonl,21,204.0,85.0,measure,20,400.0,0.0,no_signal
0,robot_p4_20260912_173700.jsonl,22,210.0,6.0,measure,18,400.0,0.0,no_signal
0,robot_p4_20260912_173700.jsonl,23,216.0,6.0,measure,16,400.0,0.0,no_signal
0,robot_p4_20260912_173700.jsonl,24,222.0,6.0,measure,15,400.0,0.0,no_signal
0,robot_p4_20260912_173700.jsonl,25,228.0,6.0,measure,14,400.0,0.0,no_signal
0,robot_p4_20260912_173700.jsonl,26,234.0,6.0,measure,13,400.0,0.0,no_signal
0,robot_p4_20260912_173700.jsonl,27,240.0,6.0,measure,12,400.0,0.0,no_signal
0,robot_p4_20260912_173700.jsonl,28,246.0,6.0,measure,11,400.0,0.0,no_signal
0,robot_p4_20260912_173700.jsonl,29,252.0,6.0,measure,10,400.0,0.0,no_signal
0,robot_p4_20260912_173700.jsonl,30,258.0,6.0,measure,8,400.0,0.0,no_signal
0,robot_p4_20260912_173700.jsonl,31,264.0,6.0,measure,7,400.0,0.0,direction
0,robot_p4_20260912_173700.jsonl,32,270.0,6.0,measure,6,400.0,0.0,direction
0,robot_p4_20260912_173700.jsonl,33,276.0,6.0,measure,5,400.0,0.0,no_signal
0,robot_p4_20260912_173700.jsonl,34,282.0,6.0,measure,4,400.0,0.0,no_signal
0,robot_p4_20260912_173700.jsonl,35,288.0,6.0,measure,3,400.0,0.0,no_signal
0,robot_p4_20260912_173700.jsonl,36,294.0,6.0,measure,1,400.0,0.0,direction
0,robot_p4_20260912_173700.jsonl,37,300.0,6.0,measure,7,400.0,0.0,direction
0,robot_p4_20260912_173700.jsonl,38,306.0,6.0,measure,19,400.0,0.0,direction
0,robot_p4_20260912_173700.jsonl,39,392.0,86.0,measure,18,200.0,346.41,no_signal
0,robot_p4_20260912_173700.jsonl,40,398.0,6.0,measure,20,200.0,346.41,no_signal
0,robot_p4_20260912_173700.jsonl,41,404.0,6.0,measure,16,200.0,346.41,no_signal
0,robot_p4_20260912_173700.jsonl,42,410.0,6.0,measure,15,200.0,346.41,no_signal
0,robot_p4_20260912_173700.jsonl,43,416.0,6.0,measure,14,200.0,346.41,no_signal
0,robot_p4_20260912_173700.jsonl,44,422.0,6.0,measure,13,200.0,346.41,no_signal
0,robot_p4_20260912_173700.jsonl,45,428.0,6.0,measure,12,200.0,346.41,no_signal
0,robot_p4_20260912_173700.jsonl,46,434.0,6.0,measure,11,200.0,346.41,no_signal
0,robot_p4_20260912_173700.jsonl,47,440.0,6.0,measure,10,200.0,346.41,no_signal
0,robot_p4_20260912_173700.jsonl,48,446.0,6.0,measure,8,200.0,346.41,no_signal
0,robot_p4_20260912_173700.jsonl,49,452.0,6.0,measure,5,200.0,346.41,no_signal
0,robot_p4_20260912_173700.jsonl,50,458.0,6.0,measure,4,200.0,346.41,no_signal
0,robot_p4_20260912_173700.jsonl,51,464.0,6.0,measure,3,200.0,346.41,no_signal
0,robot_p4_20260912_173700.jsonl,52,470.0,6.0,measure,7,200.0,346.41,direction
0,robot_p4_20260912_173700.jsonl,53,476.0,6.0,measure,2,200.0,346.41,direction
0,robot_p4_20260912_173700.jsonl,54,562.0,86.0,measure,3,-200.0,346.41,no_signal
0,robot_p4_20260912_173700.jsonl,55,568.0,6.0,measure,4,-200.0,346.41,no_signal
0,robot_p4_20260912_173700.jsonl,56,574.0,6.0,measure,5,-200.0,346.41,no_signal
0,robot_p4_20260912_173700.jsonl,57,580.0,6.0,measure,8,-200.0,346.41,no_signal
0,robot_p4_20260912_173700.jsonl,58,586.0,6.0,measure,10,-200.0,346.41,no_signal
0,robot_p4_20260912_173700.jsonl,59,592.0,6.0,measure,11,-200.0,346.41,no_signal
0,robot_p4_20260912_173700.jsonl,60,598.0,6.0,measure,12,-200.0,346.41,no_signal
0,robot_p4_20260912_173700.jsonl,61,604.0,6.0,measure,13,-200.0,346.41,no_signal
0,robot_p4_20260912_173700.jsonl,62,610.0,6.0,measure,14,-200.0,346.41,no_signal
0,robot_p4_20260912_173700.jsonl,63,616.0,6.0,measure,15,-200.0,346.41,no_signal
0,robot_p4_20260912_173700.jsonl,64,622.0,6.0,measure,16,-200.0,346.41,no_signal
0,robot_p4_20260912_173700.jsonl,65,628.0,6.0,measure,18,-200.0,346.41,no_signal
0,robot_p4_20260912_173700.jsonl,66,634.0,6.0,measure,20,-200.0,346.41,no_signal
0,robot_p4_20260912_173700.jsonl,67,640.0,6.0,measure,19,-200.0,346.41,direction
0,robot_p4_20260912_173700.jsonl,68,726.0,86.0,measure,18,-400.0,0.0,no_signal
0,robot_p4_20260912_173700.jsonl,69,732.0,6.0,measure,20,-400.0,0.0,direction
0,robot_p4_20260912_173700.jsonl,70,738.0,6.0,measure,16,-400.0,0.0,no_signal
0,robot_p4_20260912_173700.jsonl,71,744.0,6.0,measure,15,-400.0,0.0,no_signal
0,robot_p4_20260912_173700.jsonl,72,750.0,6.0,measure,14,-400.0,0.0,direction
0,robot_p4_20260912_173700.jsonl,73,756.0,6.0,measure,13,-400.0,0.0,no_signal
0,robot_p4_20260912_173700.jsonl,74,762.0,6.0,measure,12,-400.0,0.0,direction
0,robot_p4_20260912_173700.jsonl,75,768.0,6.0,measure,11,-400.0,0.0,no_signal
0,robot_p4_20260912_173700.jsonl,76,774.0,6.0,measure,10,-400.0,0.0,no_signal
0,robot_p4_20260912_173700.jsonl,77,780.0,6.0,measure,8,-400.0,0.0,no_signal
0,robot_p4_20260912_173700.jsonl,78,786.0,6.0,measure,5,-400.0,0.0,no_signal
0,robot_p4_20260912_173700.jsonl,79,792.0,6.0,measure,4,-400.0,0.0,no_signal
0,robot_p4_20260912_173700.jsonl,80,798.0,6.0,measure,3,-400.0,0.0,no_signal
0,robot_p4_20260912_173700.jsonl,81,804.0,6.0,measure,9,-400.0,0.0,direction
0,robot_p4_20260912_173700.jsonl,82,810.0,6.0,measure,12,-400.0,0.0,direction
0,robot_p4_20260912_173700.jsonl,83,896.0,86.0,measure,11,-200.0,-346.41,no_signal
0,robot_p4_20260912_173700.jsonl,84,902.0,6.0,measure,13,-200.0,-346.41,no_signal
0,robot_p4_20260912_173700.jsonl,85,908.0,6.0,measure,10,-200.0,-346.41,no_signal
0,robot_p4_20260912_173700.jsonl,86,914.0,6.0,measure,15,-200.0,-346.41,no_signal
0,robot_p4_20260912_173700.jsonl,87,920.0,6.0,measure,8,-200.0,-346.41,no_signal
0,robot_p4_20260912_173700.jsonl,88,926.0,6.0,measure,16,-200.0,-346.41,no_signal
0,robot_p4_20260912_173700.jsonl,89,932.0,6.0,measure,18,-200.0,-346.41,no_signal
0,robot_p4_20260912_173700.jsonl,90,938.0,6.0,measure,5,-200.0,-346.41,no_signal
0,robot_p4_20260912_173700.jsonl,91,944.0,6.0,measure,4,-200.0,-346.41,no_signal
0,robot_p4_20260912_173700.jsonl,92,950.0,6.0,measure,3,-200.0,-346.41,no_signal
0,robot_p4_20260912_173700.jsonl,93,956.0,6.0,measure,12,-200.0,-346.41,direction
0,robot_p4_20260912_173700.jsonl,94,962.0,6.0,measure,17,-200.0,-346.41,no_signal
0,robot_p4_20260912_173700.jsonl,95,1048.0,86.0,measure,16,200.0,-346.41,no_signal
0,robot_p4_20260912_173700.jsonl,96,1054.0,6.0,measure,18,200.0,-346.41,no_signal
0,robot_p4_20260912_173700.jsonl,97,1060.0,6.0,measure,15,200.0,-346.41,no_signal
0,robot_p4_20260912_173700.jsonl,98,1066.0,6.0,measure,13,200.0,-346.41,no_signal
0,robot_p4_20260912_173700.jsonl,99,1072.0,6.0,measure,11,200.0,-346.41,no_signal
0,robot_p4_20260912_173700.jsonl,100,1078.0,6.0,measure,10,200.0,-346.41,no_signal
0,robot_p4_20260912_173700.jsonl,101,1084.0,6.0,measure,8,200.0,-346.41,no_signal
0,robot_p4_20260912_173700.jsonl,102,1090.0,6.0,measure,5,200.0,-346.41,no_signal
0,robot_p4_20260912_173700.jsonl,103,1096.0,6.0,measure,4,200.0,-346.41,no_signal
0,robot_p4_20260912_173700.jsonl,104,1102.0,6.0,measure,3,200.0,-346.41,no_signal
0,robot_p4_20260912_173700.jsonl,105,1108.0,6.0,measure,17,200.0,-346.41,no_signal
0,robot_p4_20260912_173700.jsonl,106,1114.0,6.0,measure,6,200.0,-346.41,direction
0,robot_p4_20260912_173700.jsonl,107,1144.468,30.468,measure,12,298.762,-274.207,no_signal
0,robot_p4_20260912_173700.jsonl,108,1153.732,9.264,measure,12,277.483,-272.874,direction
0,robot_p4_20260912_173700.jsonl,109,1162.47,8.738,clear,12,295.792,-276.622,success
0,robot_p4_20260912_173700.jsonl,110,1256.944,94.474,measure,19,360.39,-714.251,direction
0,robot_p4_20260912_173700.jsonl,111,1283.005,26.061,measure,19,277.295,-649.567,direction
0,robot_p4_20260912_173700.jsonl,112,1306.206,23.201,clear,19,355.331,-696.388,success
0,robot_p4_20260912_173700.jsonl,113,1433.475,127.269,measure,18,919.239,-919.239,no_signal
0,robot_p4_20260912_173700.jsonl,114,1439.475,6.0,measure,16,919.239,-919.239,no_signal
0,robot_p4_20260912_173700.jsonl,115,1445.475,6.0,measure,15,919.239,-919.239,no_signal
0,robot_p4_20260912_173700.jsonl,116,1451.475,6.0,measure,13,919.239,-919.239,no_signal
0,robot_p4_20260912_173700.jsonl,117,1457.475,6.0,measure,11,919.239,-919.239,no_signal
0,robot_p4_20260912_173700.jsonl,118,1463.475,6.0,measure,10,919.239,-919.239,no_signal
0,robot_p4_20260912_173700.jsonl,119,1469.475,6.0,measure,8,919.239,-919.239,no_signal
0,robot_p4_20260912_173700.jsonl,120,1475.475,6.0,measure,5,919.239,-919.239,no_signal
0,robot_p4_20260912_173700.jsonl,121,1481.475,6.0,measure,4,919.239,-919.239,no_signal
0,robot_p4_20260912_173700.jsonl,122,1487.475,6.0,measure,3,919.239,-919.239,no_signal
0,robot_p4_20260912_173700.jsonl,123,1493.475,6.0,measure,1,919.239,-919.239,direction
0,robot_p4_20260912_173700.jsonl,124,1499.475,6.0,measure,2,919.239,-919.239,direction
0,robot_p4_20260912_173700.jsonl,125,1650.847,151.372,measure,3,1645.448,-950.0,no_signal
0,robot_p4_20260912_173700.jsonl,126,1656.847,6.0,measure,4,1645.448,-950.0,no_signal
0,robot_p4_20260912_173700.jsonl,127,1662.847,6.0,measure,5,1645.448,-950.0,no_signal
0,robot_p4_20260912_173700.jsonl,128,1668.847,6.0,measure,8,1645.448,-950.0,no_signal
0,robot_p4_20260912_173700.jsonl,129,1674.847,6.0,measure,10,1645.448,-950.0,no_signal
0,robot_p4_20260912_173700.jsonl,130,1680.847,6.0,measure,11,1645.448,-950.0,no_signal
0,robot_p4_20260912_173700.jsonl,131,1686.847,6.0,measure,13,1645.448,-950.0,no_signal
0,robot_p4_20260912_173700.jsonl,132,1692.847,6.0,measure,15,1645.448,-950.0,no_signal
0,robot_p4_20260912_173700.jsonl,133,1698.847,6.0,measure,16,1645.448,-950.0,no_signal
0,robot_p4_20260912_173700.jsonl,134,1704.847,6.0,measure,18,1645.448,-950.0,no_signal
0,robot_p4_20260912_173700.jsonl,135,1710.847,6.0,measure,6,1645.448,-950.0,direction
0,robot_p4_20260912_173700.jsonl,136,1716.847,6.0,measure,1,1645.448,-950.0,direction
0,robot_p4_20260912_173700.jsonl,137,1875.899,159.052,measure,6,1227.768,-308.776,direction
0,robot_p4_20260912_173700.jsonl,138,1883.332,7.433,clear,6,1238.453,-314.59,success
0,robot_p4_20260912_173700.jsonl,139,1933.474,50.142,measure,2,1439.375,-223.243,direction
0,robot_p4_20260912_173700.jsonl,140,1941.466,7.992,clear,2,1453.158,-217.429,success
0,robot_p4_20260912_173700.jsonl,141,2000.657,59.191,measure,3,1300.0,0.0,no_signal
0,robot_p4_20260912_173700.jsonl,142,2006.657,6.0,measure,4,1300.0,0.0,no_signal
0,robot_p4_20260912_173700.jsonl,143,2012.657,6.0,measure,5,1300.0,0.0,no_signal
0,robot_p4_20260912_173700.jsonl,144,2018.657,6.0,measure,8,1300.0,0.0,no_signal
0,robot_p4_20260912_173700.jsonl,145,2024.657,6.0,measure,10,1300.0,0.0,no_signal
0,robot_p4_20260912_173700.jsonl,146,2030.657,6.0,measure,11,1300.0,0.0,no_signal
0,robot_p4_20260912_173700.jsonl,147,2036.657,6.0,measure,13,1300.0,0.0,no_signal
0,robot_p4_20260912_173700.jsonl,148,2042.657,6.0,measure,15,1300.0,0.0,no_signal
0,robot_p4_20260912_173700.jsonl,149,2048.657,6.0,measure,16,1300.0,0.0,no_signal
0,robot_p4_20260912_173700.jsonl,150,2054.657,6.0,measure,18,1300.0,0.0,no_signal
0,robot_p4_20260912_173700.jsonl,151,2060.657,6.0,measure,7,1300.0,0.0,direction
0,robot_p4_20260912_173700.jsonl,152,2066.657,6.0,measure,1,1300.0,0.0,direction
0,robot_p4_20260912_173700.jsonl,153,2147.253,80.596,clear,1,1676.035,-38.274,success
0,robot_p4_20260912_173700.jsonl,154,2198.695,51.442,measure,3,1900.0,0.0,no_signal
0,robot_p4_20260912_173700.jsonl,155,2204.695,6.0,measure,4,1900.0,0.0,no_signal
0,robot_p4_20260912_173700.jsonl,156,2210.695,6.0,measure,5,1900.0,0.0,no_signal
0,robot_p4_20260912_173700.jsonl,157,2216.695,6.0,measure,8,1900.0,0.0,no_signal
0,robot_p4_20260912_173700.jsonl,158,2222.695,6.0,measure,10,1900.0,0.0,no_signal
0,robot_p4_20260912_173700.jsonl,159,2228.695,6.0,measure,11,1900.0,0.0,no_signal
0,robot_p4_20260912_173700.jsonl,160,2234.695,6.0,measure,13,1900.0,0.0,no_signal
0,robot_p4_20260912_173700.jsonl,161,2240.695,6.0,measure,15,1900.0,0.0,no_signal
0,robot_p4_20260912_173700.jsonl,162,2246.695,6.0,measure,16,1900.0,0.0,no_signal
0,robot_p4_20260912_173700.jsonl,163,2252.695,6.0,measure,18,1900.0,0.0,no_signal
0,robot_p4_20260912_173700.jsonl,164,2258.695,6.0,measure,7,1900.0,0.0,no_signal
0,robot_p4_20260912_173700.jsonl,165,2461.398,202.702,measure,8,1645.448,950.0,no_signal
0,robot_p4_20260912_173700.jsonl,166,2467.398,6.0,measure,5,1645.448,950.0,no_signal
0,robot_p4_20260912_173700.jsonl,167,2473.398,6.0,measure,4,1645.448,950.0,no_signal
0,robot_p4_20260912_173700.jsonl,168,2479.398,6.0,measure,10,1645.448,950.0,no_signal
0,robot_p4_20260912_173700.jsonl,169,2485.398,6.0,measure,3,1645.448,950.0,no_signal
0,robot_p4_20260912_173700.jsonl,170,2491.398,6.0,measure,11,1645.448,950.0,no_signal
0,robot_p4_20260912_173700.jsonl,171,2497.398,6.0,measure,13,1645.448,950.0,no_signal
0,robot_p4_20260912_173700.jsonl,172,2503.398,6.0,measure,15,1645.448,950.0,no_signal
0,robot_p4_20260912_173700.jsonl,173,2509.398,6.0,measure,16,1645.448,950.0,no_signal
0,robot_p4_20260912_173700.jsonl,174,2515.398,6.0,measure,18,1645.448,950.0,no_signal
0,robot_p4_20260912_173700.jsonl,175,2521.398,6.0,measure,7,1645.448,950.0,no_signal
0,robot_p4_20260912_173700.jsonl,176,2623.529,102.131,measure,7,1164.87,879.947,no_signal
0,robot_p4_20260912_173700.jsonl,177,2646.529,23.0,measure,7,1086.928,834.947,direction
0,robot_p4_20260912_173700.jsonl,178,2669.288,22.759,clear,7,1163.771,879.442,success
0,robot_p4_20260912_173700.jsonl,179,2724.838,55.55,measure,8,919.239,919.239,no_signal
0,robot_p4_20260912_173700.jsonl,180,2730.838,6.0,measure,5,919.239,919.239,no_signal
0,robot_p4_20260912_173700.jsonl,181,2736.838,6.0,measure,4,919.239,919.239,no_signal
0,robot_p4_20260912_173700.jsonl,182,2742.838,6.0,measure,10,919.239,919.239,no_signal
0,robot_p4_20260912_173700.jsonl,183,2748.838,6.0,measure,3,919.239,919.239,no_signal
0,robot_p4_20260912_173700.jsonl,184,2754.838,6.0,measure,11,919.239,919.239,no_signal
0,robot_p4_20260912_173700.jsonl,185,2760.838,6.0,measure,13,919.239,919.239,no_signal
0,robot_p4_20260912_173700.jsonl,186,2766.838,6.0,measure,15,919.239,919.239,no_signal
0,robot_p4_20260912_173700.jsonl,187,2772.838,6.0,measure,16,919.239,919.239,no_signal
0,robot_p4_20260912_173700.jsonl,188,2778.838,6.0,measure,18,919.239,919.239,no_signal
0,robot_p4_20260912_173700.jsonl,189,2929.21,150.372,measure,18,950.0,1645.448,no_signal
0,robot_p4_20260912_173700.jsonl,190,2935.21,6.0,measure,16,950.0,1645.448,no_signal
0,robot_p4_20260912_173700.jsonl,191,2941.21,6.0,measure,15,950.0,1645.448,no_signal
0,robot_p4_20260912_173700.jsonl,192,2947.21,6.0,measure,13,950.0,1645.448,no_signal
0,robot_p4_20260912_173700.jsonl,193,2953.21,6.0,measure,11,950.0,1645.448,no_signal
0,robot_p4_20260912_173700.jsonl,194,2959.21,6.0,measure,10,950.0,1645.448,no_signal
0,robot_p4_20260912_173700.jsonl,195,2965.21,6.0,measure,8,950.0,1645.448,no_signal
0,robot_p4_20260912_173700.jsonl,196,2971.21,6.0,measure,5,950.0,1645.448,no_signal
0,robot_p4_20260912_173700.jsonl,197,2977.21,6.0,measure,4,950.0,1645.448,no_signal
0,robot_p4_20260912_173700.jsonl,198,2983.21,6.0,measure,3,950.0,1645.448,no_signal
0,robot_p4_20260912_173700.jsonl,199,3190.382,207.172,measure,3,0.0,1300.0,no_signal
0,robot_p4_20260912_173700.jsonl,200,3196.382,6.0,measure,4,0.0,1300.0,no_signal
0,robot_p4_20260912_173700.jsonl,201,3202.382,6.0,measure,5,0.0,1300.0,no_signal
0,robot_p4_20260912_173700.jsonl,202,3208.382,6.0,measure,8,0.0,1300.0,no_signal
0,robot_p4_20260912_173700.jsonl,203,3214.382,6.0,measure,10,0.0,1300.0,no_signal
0,robot_p4_20260912_173700.jsonl,204,3220.382,6.0,measure,11,0.0,1300.0,no_signal
0,robot_p4_20260912_173700.jsonl,205,3226.382,6.0,measure,13,0.0,1300.0,no_signal
0,robot_p4_20260912_173700.jsonl,206,3232.382,6.0,measure,15,0.0,1300.0,no_signal
0,robot_p4_20260912_173700.jsonl,207,3238.382,6.0,measure,16,0.0,1300.0,no_signal
0,robot_p4_20260912_173700.jsonl,208,3244.382,6.0,measure,18,0.0,1300.0,no_signal
0,robot_p4_20260912_173700.jsonl,209,3369.382,125.0,measure,18,0.0,1900.0,no_signal
0,robot_p4_20260912_173700.jsonl,210,3375.382,6.0,measure,16,0.0,1900.0,no_signal
0,robot_p4_20260912_173700.jsonl,211,3381.382,6.0,measure,15,0.0,1900.0,no_signal
0,robot_p4_20260912_173700.jsonl,212,3387.382,6.0,measure,13,0.0,1900.0,no_signal
0,robot_p4_20260912_173700.jsonl,213,3393.382,6.0,measure,11,0.0,1900.0,no_signal
0,robot_p4_20260912_173700.jsonl,214,3399.382,6.0,measure,10,0.0,1900.0,no_signal
0,robot_p4_20260912_173700.jsonl,215,3405.382,6.0,measure,8,0.0,1900.0,no_signal
0,robot_p4_20260912_173700.jsonl,216,3411.382,6.0,measure,5,0.0,1900.0,no_signal
0,robot_p4_20260912_173700.jsonl,217,3417.382,6.0,measure,4,0.0,1900.0,no_signal
0,robot_p4_20260912_173700.jsonl,218,3423.382,6.0,measure,3,0.0,1900.0,no_signal
0,robot_p4_20260912_173700.jsonl,219,3625.084,201.702,measure,3,-950.0,1645.448,no_signal
0,robot_p4_20260912_173700.jsonl,220,3631.084,6.0,measure,4,-950.0,1645.448,no_signal
0,robot_p4_20260912_173700.jsonl,221,3637.084,6.0,measure,5,-950.0,1645.448,no_signal
0,robot_p4_20260912_173700.jsonl,222,3643.084,6.0,measure,8,-950.0,1645.448,no_signal
0,robot_p4_20260912_173700.jsonl,223,3649.084,6.0,measure,10,-950.0,1645.448,no_signal
0,robot_p4_20260912_173700.jsonl,224,3655.084,6.0,measure,11,-950.0,1645.448,no_signal
0,robot_p4_20260912_173700.jsonl,225,3661.084,6.0,measure,13,-950.0,1645.448,no_signal
0,robot_p4_20260912_173700.jsonl,226,3667.084,6.0,measure,15,-950.0,1645.448,no_signal
0,robot_p4_20260912_173700.jsonl,227,3673.084,6.0,measure,16,-950.0,1645.448,no_signal
0,robot_p4_20260912_173700.jsonl,228,3679.084,6.0,measure,18,-950.0,1645.448,no_signal
0,robot_p4_20260912_173700.jsonl,229,3829.456,150.372,measure,18,-919.239,919.239,no_signal
0,robot_p4_20260912_173700.jsonl,230,3835.456,6.0,measure,16,-919.239,919.239,no_signal
0,robot_p4_20260912_173700.jsonl,231,3841.456,6.0,measure,15,-919.239,919.239,no_signal
0,robot_p4_20260912_173700.jsonl,232,3847.456,6.0,measure,13,-919.239,919.239,no_signal
0,robot_p4_20260912_173700.jsonl,233,3853.456,6.0,measure,11,-919.239,919.239,no_signal
0,robot_p4_20260912_173700.jsonl,234,3859.456,6.0,measure,10,-919.239,919.239,no_signal
0,robot_p4_20260912_173700.jsonl,235,3865.456,6.0,measure,8,-919.239,919.239,no_signal
0,robot_p4_20260912_173700.jsonl,236,3871.456,6.0,measure,5,-919.239,919.239,no_signal
0,robot_p4_20260912_173700.jsonl,237,3877.456,6.0,measure,4,-919.239,919.239,no_signal
0,robot_p4_20260912_173700.jsonl,238,3883.456,6.0,measure,3,-919.239,919.239,no_signal
0,robot_p4_20260912_173700.jsonl,239,3889.456,6.0,measure,20,-919.239,919.239,direction
0,robot_p4_20260912_173700.jsonl,240,4040.828,151.372,measure,18,-1645.448,950.0,no_signal
0,robot_p4_20260912_173700.jsonl,241,4046.828,6.0,measure,16,-1645.448,950.0,no_signal
0,robot_p4_20260912_173700.jsonl,242,4052.828,6.0,measure,15,-1645.448,950.0,no_signal
0,robot_p4_20260912_173700.jsonl,243,4058.828,6.0,measure,13,-1645.448,950.0,no_signal
0,robot_p4_20260912_173700.jsonl,244,4064.828,6.0,measure,11,-1645.448,950.0,no_signal
0,robot_p4_20260912_173700.jsonl,245,4070.828,6.0,measure,10,-1645.448,950.0,no_signal
0,robot_p4_20260912_173700.jsonl,246,4076.828,6.0,measure,8,-1645.448,950.0,no_signal
0,robot_p4_20260912_173700.jsonl,247,4082.828,6.0,measure,5,-1645.448,950.0,no_signal
0,robot_p4_20260912_173700.jsonl,248,4088.828,6.0,measure,4,-1645.448,950.0,no_signal
0,robot_p4_20260912_173700.jsonl,249,4094.828,6.0,measure,3,-1645.448,950.0,no_signal
0,robot_p4_20260912_173700.jsonl,250,4100.828,6.0,measure,20,-1645.448,950.0,direction
0,robot_p4_20260912_173700.jsonl,251,4267.054,166.225,clear,20,-1610.836,144.616,success
0,robot_p4_20260912_173700.jsonl,252,4341.62,74.566,measure,18,-1300.0,0.0,no_signal
0,robot_p4_20260912_173700.jsonl,253,4347.62,6.0,measure,16,-1300.0,0.0,no_signal
0,robot_p4_20260912_173700.jsonl,254,4353.62,6.0,measure,15,-1300.0,0.0,no_signal
0,robot_p4_20260912_173700.jsonl,255,4359.62,6.0,measure,13,-1300.0,0.0,no_signal
0,robot_p4_20260912_173700.jsonl,256,4365.62,6.0,measure,11,-1300.0,0.0,no_signal
0,robot_p4_20260912_173700.jsonl,257,4371.62,6.0,measure,10,-1300.0,0.0,no_signal
0,robot_p4_20260912_173700.jsonl,258,4377.62,6.0,measure,8,-1300.0,0.0,no_signal
0,robot_p4_20260912_173700.jsonl,259,4383.62,6.0,measure,5,-1300.0,0.0,no_signal
0,robot_p4_20260912_173700.jsonl,260,4389.62,6.0,measure,4,-1300.0,0.0,no_signal
0,robot_p4_20260912_173700.jsonl,261,4395.62,6.0,measure,3,-1300.0,0.0,no_signal
0,robot_p4_20260912_173700.jsonl,262,4401.62,6.0,measure,17,-1300.0,0.0,no_signal
0,robot_p4_20260912_173700.jsonl,263,4407.62,6.0,measure,14,-1300.0,0.0,direction
0,robot_p4_20260912_173700.jsonl,264,4533.62,126.0,measure,13,-1900.0,0.0,no_signal
0,robot_p4_20260912_173700.jsonl,265,4539.62,6.0,measure,15,-1900.0,0.0,no_signal
0,robot_p4_20260912_173700.jsonl,266,4545.62,6.0,measure,16,-1900.0,0.0,no_signal
0,robot_p4_20260912_173700.jsonl,267,4551.62,6.0,measure,11,-1900.0,0.0,no_signal
0,robot_p4_20260912_173700.jsonl,268,4557.62,6.0,measure,10,-1900.0,0.0,no_signal
0,robot_p4_20260912_173700.jsonl,269,4563.62,6.0,measure,18,-1900.0,0.0,no_signal
0,robot_p4_20260912_173700.jsonl,270,4569.62,6.0,measure,8,-1900.0,0.0,no_signal
0,robot_p4_20260912_173700.jsonl,271,4575.62,6.0,measure,5,-1900.0,0.0,no_signal
0,robot_p4_20260912_173700.jsonl,272,4581.62,6.0,measure,4,-1900.0,0.0,no_signal
0,robot_p4_20260912_173700.jsonl,273,4587.62,6.0,measure,3,-1900.0,0.0,no_signal
0,robot_p4_20260912_173700.jsonl,274,4593.62,6.0,measure,14,-1900.0,0.0,direction
0,robot_p4_20260912_173700.jsonl,275,4796.323,202.702,measure,13,-1645.448,-950.0,no_signal
0,robot_p4_20260912_173700.jsonl,276,4802.323,6.0,measure,15,-1645.448,-950.0,no_signal
0,robot_p4_20260912_173700.jsonl,277,4808.323,6.0,measure,16,-1645.448,-950.0,direction
0,robot_p4_20260912_173700.jsonl,278,4814.323,6.0,measure,11,-1645.448,-950.0,no_signal
0,robot_p4_20260912_173700.jsonl,279,4820.323,6.0,measure,10,-1645.448,-950.0,no_signal
0,robot_p4_20260912_173700.jsonl,280,4826.323,6.0,measure,18,-1645.448,-950.0,no_signal
0,robot_p4_20260912_173700.jsonl,281,4832.323,6.0,measure,8,-1645.448,-950.0,no_signal
0,robot_p4_20260912_173700.jsonl,282,4838.323,6.0,measure,5,-1645.448,-950.0,no_signal
0,robot_p4_20260912_173700.jsonl,283,4844.323,6.0,measure,4,-1645.448,-950.0,no_signal
0,robot_p4_20260912_173700.jsonl,284,4850.323,6.0,measure,3,-1645.448,-950.0,no_signal
0,robot_p4_20260912_173700.jsonl,285,4856.323,6.0,measure,17,-1645.448,-950.0,no_signal
0,robot_p4_20260912_173700.jsonl,286,4862.323,6.0,measure,16,-1645.448,-950.0,direction
0,robot_p4_20260912_173700.jsonl,287,4911.771,49.449,measure,14,-1460.43,-836.145,direction
0,robot_p4_20260912_173700.jsonl,288,4919.566,7.795,clear,14,-1458.34,-822.329,success
0,robot_p4_20260912_173700.jsonl,289,5035.114,115.548,measure,13,-919.239,-919.239,no_signal
0,robot_p4_20260912_173700.jsonl,290,5041.114,6.0,measure,15,-919.239,-919.239,no_signal
0,robot_p4_20260912_173700.jsonl,291,5047.114,6.0,measure,11,-919.239,-919.239,no_signal
0,robot_p4_20260912_173700.jsonl,292,5053.114,6.0,measure,10,-919.239,-919.239,no_signal
0,robot_p4_20260912_173700.jsonl,293,5059.114,6.0,measure,18,-919.239,-919.239,no_signal
0,robot_p4_20260912_173700.jsonl,294,5065.114,6.0,measure,8,-919.239,-919.239,no_signal
0,robot_p4_20260912_173700.jsonl,295,5071.114,6.0,measure,5,-919.239,-919.239,no_signal
0,robot_p4_20260912_173700.jsonl,296,5077.114,6.0,measure,4,-919.239,-919.239,direction
0,robot_p4_20260912_173700.jsonl,297,5083.114,6.0,measure,3,-919.239,-919.239,no_signal
0,robot_p4_20260912_173700.jsonl,298,5089.114,6.0,measure,17,-919.239,-919.239,no_signal
0,robot_p4_20260912_173700.jsonl,299,5095.114,6.0,measure,4,-919.239,-919.239,direction
0,robot_p4_20260912_173700.jsonl,300,5246.486,151.372,measure,3,-950.0,-1645.448,no_signal
0,robot_p4_20260912_173700.jsonl,301,5252.486,6.0,measure,5,-950.0,-1645.448,no_signal
0,robot_p4_20260912_173700.jsonl,302,5258.486,6.0,measure,8,-950.0,-1645.448,no_signal
0,robot_p4_20260912_173700.jsonl,303,5264.486,6.0,measure,10,-950.0,-1645.448,no_signal
0,robot_p4_20260912_173700.jsonl,304,5270.486,6.0,measure,11,-950.0,-1645.448,direction
0,robot_p4_20260912_173700.jsonl,305,5276.486,6.0,measure,13,-950.0,-1645.448,no_signal
0,robot_p4_20260912_173700.jsonl,306,5282.486,6.0,measure,15,-950.0,-1645.448,no_signal
0,robot_p4_20260912_173700.jsonl,307,5288.486,6.0,measure,18,-950.0,-1645.448,no_signal
0,robot_p4_20260912_173700.jsonl,308,5294.486,6.0,measure,17,-950.0,-1645.448,no_signal
0,robot_p4_20260912_173700.jsonl,309,5300.486,6.0,measure,4,-950.0,-1645.448,no_signal
0,robot_p4_20260912_173700.jsonl,310,5508.658,208.172,measure,3,-0.0,-1300.0,no_signal
0,robot_p4_20260912_173700.jsonl,311,5514.658,6.0,measure,5,-0.0,-1300.0,no_signal
0,robot_p4_20260912_173700.jsonl,312,5520.658,6.0,measure,8,-0.0,-1300.0,no_signal
0,robot_p4_20260912_173700.jsonl,313,5526.658,6.0,measure,10,-0.0,-1300.0,no_signal
0,robot_p4_20260912_173700.jsonl,314,5532.658,6.0,measure,13,-0.0,-1300.0,no_signal
0,robot_p4_20260912_173700.jsonl,315,5538.658,6.0,measure,15,-0.0,-1300.0,no_signal
0,robot_p4_20260912_173700.jsonl,316,5544.658,6.0,measure,18,-0.0,-1300.0,no_signal
0,robot_p4_20260912_173700.jsonl,317,5550.658,6.0,measure,17,-0.0,-1300.0,no_signal
0,robot_p4_20260912_173700.jsonl,318,5556.658,6.0,measure,4,-0.0,-1300.0,direction
0,robot_p4_20260912_173700.jsonl,319,5622.798,66.14,measure,4,-135.619,-1573.972,no_signal
0,robot_p4_20260912_173700.jsonl,320,5645.798,23.0,measure,4,-213.561,-1528.972,direction
0,robot_p4_20260912_173700.jsonl,321,5668.733,22.935,clear,4,-135.783,-1573.607,success
0,robot_p4_20260912_173700.jsonl,322,5745.435,76.702,measure,3,-0.0,-1900.0,no_signal
0,robot_p4_20260912_173700.jsonl,323,5751.435,6.0,measure,5,-0.0,-1900.0,no_signal
0,robot_p4_20260912_173700.jsonl,324,5757.435,6.0,measure,8,-0.0,-1900.0,no_signal
0,robot_p4_20260912_173700.jsonl,325,5763.435,6.0,measure,10,-0.0,-1900.0,no_signal
0,robot_p4_20260912_173700.jsonl,326,5769.435,6.0,measure,13,-0.0,-1900.0,no_signal
0,robot_p4_20260912_173700.jsonl,327,5775.435,6.0,measure,15,-0.0,-1900.0,no_signal
0,robot_p4_20260912_173700.jsonl,328,5781.435,6.0,measure,18,-0.0,-1900.0,no_signal
0,robot_p4_20260912_173700.jsonl,329,5787.435,6.0,measure,17,-0.0,-1900.0,no_signal
0,robot_p4_20260912_173700.jsonl,330,5793.435,6.0,measure,11,-0.0,-1900.0,direction
0,robot_p4_20260912_173700.jsonl,331,5911.175,117.74,measure,11,-420.309,-1524.371,no_signal
0,robot_p4_20260912_173700.jsonl,332,5934.175,23.0,measure,11,-498.251,-1569.371,direction
0,robot_p4_20260912_173700.jsonl,333,5957.534,23.359,clear,11,-416.645,-1527.342,success
0,robot_p4_20260912_173700.jsonl,334,6237.881,280.348,measure,10,950.0,-1645.448,no_signal
0,robot_p4_20260912_173700.jsonl,335,6243.881,6.0,measure,13,950.0,-1645.448,no_signal
0,robot_p4_20260912_173700.jsonl,336,6249.881,6.0,measure,8,950.0,-1645.448,no_signal
0,robot_p4_20260912_173700.jsonl,337,6255.881,6.0,measure,15,950.0,-1645.448,no_signal
0,robot_p4_20260912_173700.jsonl,338,6261.881,6.0,measure,5,950.0,-1645.448,no_signal
0,robot_p4_20260912_173700.jsonl,339,6267.881,6.0,measure,18,950.0,-1645.448,no_signal
0,robot_p4_20260912_173700.jsonl,340,6273.881,6.0,measure,3,950.0,-1645.448,no_signal
0,robot_p4_20260912_173700.jsonl,341,6568.763,294.881,measure,9,-254.112,-847.685,direction
0,robot_p4_20260912_173700.jsonl,342,6575.5,6.737,clear,9,-246.793,-843.005,success
0,robot_p4_20260912_173700.jsonl,343,6621.984,46.484,measure,17,-344.49,-665.725,no_signal
0,robot_p4_20260912_173700.jsonl,344,6701.941,79.957,measure,17,-172.245,-332.863,no_signal
0,robot_p4_20260912_173700.jsonl,345,6715.984,14.043,measure,17,-151.466,-292.708,no_signal
0,robot_p4_20260912_173700.jsonl,346,6764.412,48.428,measure,17,-51.673,-99.859,direction
0,robot_p4_20260912_173700.jsonl,347,6797.14,32.728,measure,17,12.202,23.192,direction
0,robot_p4_20260912_173700.jsonl,348,6849.221,52.081,measure,17,117.774,233.598,direction
0,robot_p4_20260912_173700.jsonl,349,7236.7,387.479,measure,16,-1735.263,-218.518,no_signal
0,robot_p4_20260912_173700.jsonl,350,7280.976,44.275,measure,16,-1711.331,-413.431,direction
0,robot_p4_20260912_173700.jsonl,351,7296.561,15.586,measure,16,-1681.321,-457.029,direction
0,robot_p4_20260912_173700.jsonl,352,7316.301,19.74,clear,16,-1720.256,-394.451,success
0,robot_p4_20260912_173700.jsonl,353,7608.376,292.074,measure,17,-305.012,-601.92,no_signal
0,robot_p4_20260912_173700.jsonl,354,7669.611,61.236,measure,17,-432.052,-852.763,no_signal
0,robot_p4_20260912_173700.jsonl,355,7745.7,76.089,measure,17,-95.012,-965.651,no_signal
0,robot_p4_20260912_173700.jsonl,356,7834.7,89.0,measure,17,114.988,-601.92,no_signal
0,robot_p4_20260912_173700.jsonl,357,7883.182,48.482,measure,17,58.718,-391.92,no_signal
0,robot_p4_20260912_173700.jsonl,358,7905.963,22.781,measure,17,117.726,-325.419,no_signal
0,robot_p4_20260912_173700.jsonl,359,7962.045,56.082,measure,17,-89.044,-175.486,direction
0,robot_p4_20260912_173700.jsonl,360,7982.651,20.607,measure,17,-122.711,-245.884,direction
0,robot_p4_20260912_173700.jsonl,361,8040.862,58.21,measure,17,-388.709,-251.268,direction
0,robot_p4_20260912_173700.jsonl,362,8097.971,57.109,clear,17,-128.208,-256.089,success
0,robot_p4_20260912_173700.jsonl,363,8097.971,0.0,exit,,,,
0,robot_p4_20260912_173747.jsonl,0,0.0,0.0,enter,,,,
0,robot_p4_20260912_173747.jsonl,1,5.0,5.0,measure,1,0.0,0.0,no_signal
0,robot_p4_20260912_173747.jsonl,2,11.0,6.0,measure,2,0.0,0.0,no_signal
0,robot_p4_20260912_173747.jsonl,3,17.0,6.0,measure,3,0.0,0.0,no_signal
0,robot_p4_20260912_173747.jsonl,4,23.0,6.0,measure,4,0.0,0.0,direction
0,robot_p4_20260912_173747.jsonl,5,29.0,6.0,measure,5,0.0,0.0,direction
0,robot_p4_20260912_173747.jsonl,6,35.0,6.0,measure,6,0.0,0.0,direction
0,robot_p4_20260912_173747.jsonl,7,41.0,6.0,measure,7,0.0,0.0,no_signal
0,robot_p4_20260912_173747.jsonl,8,47.0,6.0,measure,8,0.0,0.0,direction
0,robot_p4_20260912_173747.jsonl,9,53.0,6.0,measure,9,0.0,0.0,no_signal
0,robot_p4_20260912_173747.jsonl,10,59.0,6.0,measure,10,0.0,0.0,no_signal
0,robot_p4_20260912_173747.jsonl,11,65.0,6.0,measure,11,0.0,0.0,no_signal
0,robot_p4_20260912_173747.jsonl,12,71.0,6.0,measure,12,0.0,0.0,direction
0,robot_p4_20260912_173747.jsonl,13,77.0,6.0,measure,13,0.0,0.0,no_signal
0,robot_p4_20260912_173747.jsonl,14,83.0,6.0,measure,14,0.0,0.0,no_signal
0,robot_p4_20260912_173747.jsonl,15,89.0,6.0,measure,15,0.0,0.0,no_signal
0,robot_p4_20260912_173747.jsonl,16,95.0,6.0,measure,16,0.0,0.0,no_signal
0,robot_p4_20260912_173747.jsonl,17,101.0,6.0,measure,17,0.0,0.0,direction
0,robot_p4_20260912_173747.jsonl,18,107.0,6.0,measure,18,0.0,0.0,no_signal
0,robot_p4_20260912_173747.jsonl,19,113.0,6.0,measure,19,0.0,0.0,no_signal
0,robot_p4_20260912_173747.jsonl,20,119.0,6.0,measure,20,0.0,0.0,direction
0,robot_p4_20260912_173747.jsonl,21,205.0,86.0,measure,19,400.0,0.0,direction
0,robot_p4_20260912_173747.jsonl,22,211.0,6.0,measure,18,400.0,0.0,no_signal
0,robot_p4_20260912_173747.jsonl,23,217.0,6.0,measure,16,400.0,0.0,no_signal
0,robot_p4_20260912_173747.jsonl,24,223.0,6.0,measure,15,400.0,0.0,no_signal
0,robot_p4_20260912_173747.jsonl,25,229.0,6.0,measure,14,400.0,0.0,no_signal
0,robot_p4_20260912_173747.jsonl,26,235.0,6.0,measure,13,400.0,0.0,no_signal
0,robot_p4_20260912_173747.jsonl,27,241.0,6.0,measure,11,400.0,0.0,no_signal
0,robot_p4_20260912_173747.jsonl,28,247.0,6.0,measure,10,400.0,0.0,no_signal
0,robot_p4_20260912_173747.jsonl,29,253.0,6.0,measure,9,400.0,0.0,no_signal
0,robot_p4_20260912_173747.jsonl,30,259.0,6.0,measure,7,400.0,0.0,no_signal
0,robot_p4_20260912_173747.jsonl,31,265.0,6.0,measure,3,400.0,0.0,no_signal
0,robot_p4_20260912_173747.jsonl,32,271.0,6.0,measure,2,400.0,0.0,no_signal
0,robot_p4_20260912_173747.jsonl,33,277.0,6.0,measure,1,400.0,0.0,no_signal
0,robot_p4_20260912_173747.jsonl,34,283.0,6.0,measure,19,400.0,0.0,direction
0,robot_p4_20260912_173747.jsonl,35,289.0,6.0,measure,4,400.0,0.0,direction
0,robot_p4_20260912_173747.jsonl,36,375.0,86.0,measure,3,200.0,346.41,no_signal
0,robot_p4_20260912_173747.jsonl,37,381.0,6.0,measure,2,200.0,346.41,no_signal
0,robot_p4_20260912_173747.jsonl,38,387.0,6.0,measure,1,200.0,346.41,no_signal
0,robot_p4_20260912_173747.jsonl,39,393.0,6.0,measure,7,200.0,346.41,no_signal
0,robot_p4_20260912_173747.jsonl,40,399.0,6.0,measure,9,200.0,346.41,no_signal
0,robot_p4_20260912_173747.jsonl,41,405.0,6.0,measure,10,200.0,346.41,no_signal
0,robot_p4_20260912_173747.jsonl,42,411.0,6.0,measure,11,200.0,346.41,no_signal
0,robot_p4_20260912_173747.jsonl,43,417.0,6.0,measure,13,200.0,346.41,no_signal
0,robot_p4_20260912_173747.jsonl,44,423.0,6.0,measure,14,200.0,346.41,no_signal
0,robot_p4_20260912_173747.jsonl,45,429.0,6.0,measure,15,200.0,346.41,no_signal
0,robot_p4_20260912_173747.jsonl,46,435.0,6.0,measure,16,200.0,346.41,no_signal
0,robot_p4_20260912_173747.jsonl,47,441.0,6.0,measure,18,200.0,346.41,no_signal
0,robot_p4_20260912_173747.jsonl,48,447.0,6.0,measure,19,200.0,346.41,direction
0,robot_p4_20260912_173747.jsonl,49,453.0,6.0,measure,20,200.0,346.41,direction
0,robot_p4_20260912_173747.jsonl,50,539.0,86.0,measure,18,-200.0,346.41,no_signal
0,robot_p4_20260912_173747.jsonl,51,545.0,6.0,measure,16,-200.0,346.41,no_signal
0,robot_p4_20260912_173747.jsonl,52,551.0,6.0,measure,15,-200.0,346.41,no_signal
0,robot_p4_20260912_173747.jsonl,53,557.0,6.0,measure,14,-200.0,346.41,no_signal
0,robot_p4_20260912_173747.jsonl,54,563.0,6.0,measure,13,-200.0,346.41,no_signal
0,robot_p4_20260912_173747.jsonl,55,569.0,6.0,measure,11,-200.0,346.41,no_signal
0,robot_p4_20260912_173747.jsonl,56,575.0,6.0,measure,10,-200.0,346.41,no_signal
0,robot_p4_20260912_173747.jsonl,57,581.0,6.0,measure,9,-200.0,346.41,no_signal
0,robot_p4_20260912_173747.jsonl,58,587.0,6.0,measure,7,-200.0,346.41,no_signal
0,robot_p4_20260912_173747.jsonl,59,593.0,6.0,measure,3,-200.0,346.41,no_signal
0,robot_p4_20260912_173747.jsonl,60,599.0,6.0,measure,2,-200.0,346.41,no_signal
0,robot_p4_20260912_173747.jsonl,61,605.0,6.0,measure,1,-200.0,346.41,no_signal
0,robot_p4_20260912_173747.jsonl,62,611.0,6.0,measure,5,-200.0,346.41,direction
0,robot_p4_20260912_173747.jsonl,63,705.089,94.089,clear,5,-142.213,-95.273,success
0,robot_p4_20260912_173747.jsonl,64,800.179,95.089,measure,17,-200.0,346.41,direction
0,robot_p4_20260912_173747.jsonl,65,886.179,86.0,measure,16,-400.0,0.0,no_signal
0,robot_p4_20260912_173747.jsonl,66,892.179,6.0,measure,18,-400.0,0.0,no_signal
0,robot_p4_20260912_173747.jsonl,67,898.179,6.0,measure,15,-400.0,0.0,no_signal
0,robot_p4_20260912_173747.jsonl,68,904.179,6.0,measure,14,-400.0,0.0,no_signal
0,robot_p4_20260912_173747.jsonl,69,910.179,6.0,measure,13,-400.0,0.0,no_signal
0,robot_p4_20260912_173747.jsonl,70,916.179,6.0,measure,11,-400.0,0.0,no_signal
0,robot_p4_20260912_173747.jsonl,71,922.179,6.0,measure,10,-400.0,0.0,no_signal
0,robot_p4_20260912_173747.jsonl,72,928.179,6.0,measure,9,-400.0,0.0,no_signal
0,robot_p4_20260912_173747.jsonl,73,934.179,6.0,measure,7,-400.0,0.0,no_signal
0,robot_p4_20260912_173747.jsonl,74,940.179,6.0,measure,3,-400.0,0.0,no_signal
0,robot_p4_20260912_173747.jsonl,75,946.179,6.0,measure,2,-400.0,0.0,no_signal
0,robot_p4_20260912_173747.jsonl,76,952.179,6.0,measure,1,-400.0,0.0,no_signal
0,robot_p4_20260912_173747.jsonl,77,958.179,6.0,measure,8,-400.0,0.0,direction
0,robot_p4_20260912_173747.jsonl,78,964.179,6.0,measure,6,-400.0,0.0,direction
0,robot_p4_20260912_173747.jsonl,79,1050.179,86.0,measure,7,-200.0,-346.41,no_signal
0,robot_p4_20260912_173747.jsonl,80,1056.179,6.0,measure,3,-200.0,-346.41,no_signal
0,robot_p4_20260912_173747.jsonl,81,1062.179,6.0,measure,9,-200.0,-346.41,no_signal
0,robot_p4_20260912_173747.jsonl,82,1068.179,6.0,measure,2,-200.0,-346.41,no_signal
0,robot_p4_20260912_173747.jsonl,83,1074.179,6.0,measure,10,-200.0,-346.41,no_signal
0,robot_p4_20260912_173747.jsonl,84,1080.179,6.0,measure,1,-200.0,-346.41,no_signal
0,robot_p4_20260912_173747.jsonl,85,1086.179,6.0,measure,11,-200.0,-346.41,no_signal
0,robot_p4_20260912_173747.jsonl,86,1092.179,6.0,measure,13,-200.0,-346.41,direction
0,robot_p4_20260912_173747.jsonl,87,1098.179,6.0,measure,14,-200.0,-346.41,no_signal
0,robot_p4_20260912_173747.jsonl,88,1104.179,6.0,measure,15,-200.0,-346.41,no_signal
0,robot_p4_20260912_173747.jsonl,89,1110.179,6.0,measure,16,-200.0,-346.41,no_signal
0,robot_p4_20260912_173747.jsonl,90,1116.179,6.0,measure,18,-200.0,-346.41,no_signal
0,robot_p4_20260912_173747.jsonl,91,1122.179,6.0,measure,13,-200.0,-346.41,direction
0,robot_p4_20260912_173747.jsonl,92,1128.179,6.0,measure,8,-200.0,-346.41,direction
0,robot_p4_20260912_173747.jsonl,93,1214.179,86.0,measure,7,200.0,-346.41,no_signal
0,robot_p4_20260912_173747.jsonl,94,1220.179,6.0,measure,9,200.0,-346.41,no_signal
0,robot_p4_20260912_173747.jsonl,95,1226.179,6.0,measure,10,200.0,-346.41,no_signal
0,robot_p4_20260912_173747.jsonl,96,1232.179,6.0,measure,11,200.0,-346.41,no_signal
0,robot_p4_20260912_173747.jsonl,97,1238.179,6.0,measure,3,200.0,-346.41,no_signal
0,robot_p4_20260912_173747.jsonl,98,1244.179,6.0,measure,2,200.0,-346.41,no_signal
0,robot_p4_20260912_173747.jsonl,99,1250.179,6.0,measure,14,200.0,-346.41,no_signal
0,robot_p4_20260912_173747.jsonl,100,1256.179,6.0,measure,1,200.0,-346.41,no_signal
0,robot_p4_20260912_173747.jsonl,101,1262.179,6.0,measure,15,200.0,-346.41,no_signal
0,robot_p4_20260912_173747.jsonl,102,1268.179,6.0,measure,16,200.0,-346.41,no_signal
0,robot_p4_20260912_173747.jsonl,103,1274.179,6.0,measure,18,200.0,-346.41,no_signal
0,robot_p4_20260912_173747.jsonl,104,1280.179,6.0,measure,13,200.0,-346.41,direction
0,robot_p4_20260912_173747.jsonl,105,1286.179,6.0,measure,20,200.0,-346.41,direction
0,robot_p4_20260912_173747.jsonl,106,1476.074,189.895,measure,18,919.239,-919.239,no_signal
0,robot_p4_20260912_173747.jsonl,107,1482.074,6.0,measure,16,919.239,-919.239,direction
0,robot_p4_20260912_173747.jsonl,108,1488.074,6.0,measure,15,919.239,-919.239,no_signal
0,robot_p4_20260912_173747.jsonl,109,1494.074,6.0,measure,14,919.239,-919.239,no_signal
0,robot_p4_20260912_173747.jsonl,110,1500.074,6.0,measure,11,919.239,-919.239,no_signal
0,robot_p4_20260912_173747.jsonl,111,1506.074,6.0,measure,10,919.239,-919.239,no_signal
0,robot_p4_20260912_173747.jsonl,112,1512.074,6.0,measure,9,919.239,-919.239,no_signal
0,robot_p4_20260912_173747.jsonl,113,1518.074,6.0,measure,7,919.239,-919.239,no_signal
0,robot_p4_20260912_173747.jsonl,114,1524.074,6.0,measure,3,919.239,-919.239,no_signal
0,robot_p4_20260912_173747.jsonl,115,1530.074,6.0,measure,2,919.239,-919.239,no_signal
0,robot_p4_20260912_173747.jsonl,116,1536.074,6.0,measure,1,919.239,-919.239,no_signal
0,robot_p4_20260912_173747.jsonl,117,1542.074,6.0,measure,16,919.239,-919.239,direction
0,robot_p4_20260912_173747.jsonl,118,1548.074,6.0,measure,8,919.239,-919.239,no_signal
0,robot_p4_20260912_173747.jsonl,119,1699.446,151.372,measure,7,1645.448,-950.0,no_signal
0,robot_p4_20260912_173747.jsonl,120,1705.446,6.0,measure,9,1645.448,-950.0,no_signal
0,robot_p4_20260912_173747.jsonl,121,1711.446,6.0,measure,10,1645.448,-950.0,no_signal
0,robot_p4_20260912_173747.jsonl,122,1717.446,6.0,measure,11,1645.448,-950.0,no_signal
0,robot_p4_20260912_173747.jsonl,123,1723.446,6.0,measure,3,1645.448,-950.0,no_signal
0,robot_p4_20260912_173747.jsonl,124,1729.446,6.0,measure,2,1645.448,-950.0,no_signal
0,robot_p4_20260912_173747.jsonl,125,1735.446,6.0,measure,14,1645.448,-950.0,no_signal
0,robot_p4_20260912_173747.jsonl,126,1741.446,6.0,measure,1,1645.448,-950.0,no_signal
0,robot_p4_20260912_173747.jsonl,127,1747.446,6.0,measure,15,1645.448,-950.0,no_signal
0,robot_p4_20260912_173747.jsonl,128,1753.446,6.0,measure,18,1645.448,-950.0,no_signal
0,robot_p4_20260912_173747.jsonl,129,1759.446,6.0,measure,16,1645.448,-950.0,direction
0,robot_p4_20260912_173747.jsonl,130,1847.358,87.912,measure,16,1661.002,-535.733,direction
0,robot_p4_20260912_173747.jsonl,131,1853.86,6.502,clear,16,1659.662,-528.342,success
0,robot_p4_20260912_173747.jsonl,132,1975.948,122.087,measure,15,1900.0,0.0,no_signal
0,robot_p4_20260912_173747.jsonl,133,1981.948,6.0,measure,14,1900.0,0.0,no_signal
0,robot_p4_20260912_173747.jsonl,134,1987.948,6.0,measure,18,1900.0,0.0,no_signal
0,robot_p4_20260912_173747.jsonl,135,1993.948,6.0,measure,11,1900.0,0.0,no_signal
0,robot_p4_20260912_173747.jsonl,136,1999.948,6.0,measure,10,1900.0,0.0,no_signal
0,robot_p4_20260912_173747.jsonl,137,2005.948,6.0,measure,9,1900.0,0.0,no_signal
0,robot_p4_20260912_173747.jsonl,138,2011.948,6.0,measure,7,1900.0,0.0,no_signal
0,robot_p4_20260912_173747.jsonl,139,2017.948,6.0,measure,3,1900.0,0.0,direction
0,robot_p4_20260912_173747.jsonl,140,2023.948,6.0,measure,2,1900.0,0.0,no_signal
0,robot_p4_20260912_173747.jsonl,141,2029.948,6.0,measure,1,1900.0,0.0,no_signal
0,robot_p4_20260912_173747.jsonl,142,2035.948,6.0,measure,3,1900.0,0.0,direction
0,robot_p4_20260912_173747.jsonl,143,2161.948,126.0,measure,2,1300.0,0.0,no_signal
0,robot_p4_20260912_173747.jsonl,144,2167.948,6.0,measure,1,1300.0,0.0,no_signal
0,robot_p4_20260912_173747.jsonl,145,2173.948,6.0,measure,7,1300.0,0.0,no_signal
0,robot_p4_20260912_173747.jsonl,146,2179.948,6.0,measure,9,1300.0,0.0,no_signal
0,robot_p4_20260912_173747.jsonl,147,2185.948,6.0,measure,10,1300.0,0.0,no_signal
0,robot_p4_20260912_173747.jsonl,148,2191.948,6.0,measure,11,1300.0,0.0,no_signal
0,robot_p4_20260912_173747.jsonl,149,2197.948,6.0,measure,14,1300.0,0.0,no_signal
0,robot_p4_20260912_173747.jsonl,150,2203.948,6.0,measure,15,1300.0,0.0,no_signal
0,robot_p4_20260912_173747.jsonl,151,2209.948,6.0,measure,18,1300.0,0.0,no_signal
0,robot_p4_20260912_173747.jsonl,152,2215.948,6.0,measure,3,1300.0,0.0,no_signal
0,robot_p4_20260912_173747.jsonl,153,2424.119,208.172,measure,2,1645.448,950.0,no_signal
0,robot_p4_20260912_173747.jsonl,154,2430.119,6.0,measure,1,1645.448,950.0,direction
0,robot_p4_20260912_173747.jsonl,155,2436.119,6.0,measure,7,1645.448,950.0,no_signal
0,robot_p4_20260912_173747.jsonl,156,2442.119,6.0,measure,9,1645.448,950.0,no_signal
0,robot_p4_20260912_173747.jsonl,157,2448.119,6.0,measure,10,1645.448,950.0,no_signal
0,robot_p4_20260912_173747.jsonl,158,2454.119,6.0,measure,11,1645.448,950.0,no_signal
0,robot_p4_20260912_173747.jsonl,159,2460.119,6.0,measure,14,1645.448,950.0,no_signal
0,robot_p4_20260912_173747.jsonl,160,2466.119,6.0,measure,15,1645.448,950.0,no_signal
0,robot_p4_20260912_173747.jsonl,161,2472.119,6.0,measure,18,1645.448,950.0,no_signal
0,robot_p4_20260912_173747.jsonl,162,2478.119,6.0,measure,3,1645.448,950.0,direction
0,robot_p4_20260912_173747.jsonl,163,2484.119,6.0,measure,1,1645.448,950.0,direction
0,robot_p4_20260912_173747.jsonl,164,2635.491,151.372,measure,2,919.239,919.239,no_signal
0,robot_p4_20260912_173747.jsonl,165,2641.491,6.0,measure,7,919.239,919.239,no_signal
0,robot_p4_20260912_173747.jsonl,166,2647.491,6.0,measure,9,919.239,919.239,no_signal
0,robot_p4_20260912_173747.jsonl,167,2653.491,6.0,measure,10,919.239,919.239,no_signal
0,robot_p4_20260912_173747.jsonl,168,2659.491,6.0,measure,11,919.239,919.239,no_signal
0,robot_p4_20260912_173747.jsonl,169,2665.491,6.0,measure,14,919.239,919.239,no_signal
0,robot_p4_20260912_173747.jsonl,170,2671.491,6.0,measure,15,919.239,919.239,no_signal
0,robot_p4_20260912_173747.jsonl,171,2677.491,6.0,measure,18,919.239,919.239,no_signal
0,robot_p4_20260912_173747.jsonl,172,2683.491,6.0,measure,1,919.239,919.239,direction
0,robot_p4_20260912_173747.jsonl,173,2769.701,86.209,clear,1,955.092,1323.7,success
0,robot_p4_20260912_173747.jsonl,174,2856.91,87.209,measure,20,919.239,919.239,direction
0,robot_p4_20260912_173747.jsonl,175,2997.58,140.67,clear,20,243.56,859.097,success
0,robot_p4_20260912_173747.jsonl,176,3104.321,106.741,measure,18,0.0,1300.0,no_signal
0,robot_p4_20260912_173747.jsonl,177,3110.321,6.0,measure,15,0.0,1300.0,no_signal
0,robot_p4_20260912_173747.jsonl,178,3116.321,6.0,measure,14,0.0,1300.0,no_signal
0,robot_p4_20260912_173747.jsonl,179,3122.321,6.0,measure,11,0.0,1300.0,no_signal
0,robot_p4_20260912_173747.jsonl,180,3128.321,6.0,measure,10,0.0,1300.0,no_signal
0,robot_p4_20260912_173747.jsonl,181,3134.321,6.0,measure,9,0.0,1300.0,no_signal
0,robot_p4_20260912_173747.jsonl,182,3140.321,6.0,measure,7,0.0,1300.0,no_signal
0,robot_p4_20260912_173747.jsonl,183,3146.321,6.0,measure,2,0.0,1300.0,no_signal
0,robot_p4_20260912_173747.jsonl,184,3152.321,6.0,measure,12,0.0,1300.0,direction
0,robot_p4_20260912_173747.jsonl,185,3158.321,6.0,measure,19,0.0,1300.0,direction
0,robot_p4_20260912_173747.jsonl,186,3271.297,112.976,measure,12,-327.561,877.152,direction
0,robot_p4_20260912_173747.jsonl,187,3278.209,6.912,clear,12,-333.632,869.769,success
0,robot_p4_20260912_173747.jsonl,188,3486.148,207.939,measure,19,640.843,1134.13,direction
0,robot_p4_20260912_173747.jsonl,189,3492.918,6.77,clear,19,649.67,1133.526,success
0,robot_p4_20260912_173747.jsonl,190,3563.156,70.239,measure,3,945.948,1009.492,no_signal
0,robot_p4_20260912_173747.jsonl,191,3573.305,10.149,measure,3,970.354,1001.298,no_signal
0,robot_p4_20260912_173747.jsonl,192,3588.603,15.298,measure,3,921.543,1017.685,no_signal
0,robot_p4_20260912_173747.jsonl,193,3610.677,22.074,measure,3,945.948,1099.492,direction
0,robot_p4_20260912_173747.jsonl,194,3635.132,24.455,clear,3,974.075,1006.372,success
0,robot_p4_20260912_173747.jsonl,195,3769.038,133.906,measure,2,950.0,1645.448,no_signal
0,robot_p4_20260912_173747.jsonl,196,3775.038,6.0,measure,7,950.0,1645.448,no_signal
0,robot_p4_20260912_173747.jsonl,197,3781.038,6.0,measure,9,950.0,1645.448,no_signal
0,robot_p4_20260912_173747.jsonl,198,3787.038,6.0,measure,10,950.0,1645.448,no_signal
0,robot_p4_20260912_173747.jsonl,199,3793.038,6.0,measure,11,950.0,1645.448,no_signal
0,robot_p4_20260912_173747.jsonl,200,3799.038,6.0,measure,14,950.0,1645.448,no_signal
0,robot_p4_20260912_173747.jsonl,201,3805.038,6.0,measure,15,950.0,1645.448,no_signal
0,robot_p4_20260912_173747.jsonl,202,3811.038,6.0,measure,18,950.0,1645.448,no_signal
0,robot_p4_20260912_173747.jsonl,203,3817.038,6.0,measure,4,950.0,1645.448,direction
0,robot_p4_20260912_173747.jsonl,204,4019.74,202.702,measure,2,0.0,1900.0,no_signal
0,robot_p4_20260912_173747.jsonl,205,4025.74,6.0,measure,7,0.0,1900.0,no_signal
0,robot_p4_20260912_173747.jsonl,206,4031.74,6.0,measure,9,0.0,1900.0,no_signal
0,robot_p4_20260912_173747.jsonl,207,4037.74,6.0,measure,10,0.0,1900.0,no_signal
0,robot_p4_20260912_173747.jsonl,208,4043.74,6.0,measure,11,0.0,1900.0,no_signal
0,robot_p4_20260912_173747.jsonl,209,4049.74,6.0,measure,14,0.0,1900.0,no_signal
0,robot_p4_20260912_173747.jsonl,210,4055.74,6.0,measure,15,0.0,1900.0,no_signal
0,robot_p4_20260912_173747.jsonl,211,4061.74,6.0,measure,18,0.0,1900.0,no_signal
0,robot_p4_20260912_173747.jsonl,212,4067.74,6.0,measure,4,0.0,1900.0,direction
0,robot_p4_20260912_173747.jsonl,213,4252.483,184.743,measure,4,-82.841,1005.11,direction
0,robot_p4_20260912_173747.jsonl,214,4258.847,6.364,clear,4,-76.467,1007.535,success
0,robot_p4_20260912_173747.jsonl,215,4481.18,222.332,measure,2,-950.0,1645.448,no_signal
0,robot_p4_20260912_173747.jsonl,216,4487.18,6.0,measure,7,-950.0,1645.448,no_signal
0,robot_p4_20260912_173747.jsonl,217,4493.18,6.0,measure,9,-950.0,1645.448,no_signal
0,robot_p4_20260912_173747.jsonl,218,4499.18,6.0,measure,10,-950.0,1645.448,no_signal
0,robot_p4_20260912_173747.jsonl,219,4505.18,6.0,measure,11,-950.0,1645.448,no_signal
0,robot_p4_20260912_173747.jsonl,220,4511.18,6.0,measure,14,-950.0,1645.448,no_signal
0,robot_p4_20260912_173747.jsonl,221,4517.18,6.0,measure,15,-950.0,1645.448,no_signal
0,robot_p4_20260912_173747.jsonl,222,4523.18,6.0,measure,18,-950.0,1645.448,no_signal
0,robot_p4_20260912_173747.jsonl,223,4673.552,150.372,measure,18,-919.239,919.239,no_signal
0,robot_p4_20260912_173747.jsonl,224,4679.552,6.0,measure,15,-919.239,919.239,no_signal
0,robot_p4_20260912_173747.jsonl,225,4685.552,6.0,measure,14,-919.239,919.239,no_signal
0,robot_p4_20260912_173747.jsonl,226,4691.552,6.0,measure,11,-919.239,919.239,no_signal
0,robot_p4_20260912_173747.jsonl,227,4697.552,6.0,measure,10,-919.239,919.239,no_signal
0,robot_p4_20260912_173747.jsonl,228,4703.552,6.0,measure,9,-919.239,919.239,no_signal
0,robot_p4_20260912_173747.jsonl,229,4709.552,6.0,measure,7,-919.239,919.239,no_signal
0,robot_p4_20260912_173747.jsonl,230,4715.552,6.0,measure,2,-919.239,919.239,no_signal
0,robot_p4_20260912_173747.jsonl,231,4865.924,150.372,measure,2,-1645.448,950.0,no_signal
0,robot_p4_20260912_173747.jsonl,232,4871.924,6.0,measure,7,-1645.448,950.0,no_signal
0,robot_p4_20260912_173747.jsonl,233,4877.924,6.0,measure,9,-1645.448,950.0,no_signal
0,robot_p4_20260912_173747.jsonl,234,4883.924,6.0,measure,10,-1645.448,950.0,no_signal
0,robot_p4_20260912_173747.jsonl,235,4889.924,6.0,measure,11,-1645.448,950.0,no_signal
0,robot_p4_20260912_173747.jsonl,236,4895.924,6.0,measure,14,-1645.448,950.0,no_signal
0,robot_p4_20260912_173747.jsonl,237,4901.924,6.0,measure,15,-1645.448,950.0,no_signal
0,robot_p4_20260912_173747.jsonl,238,4907.924,6.0,measure,18,-1645.448,950.0,no_signal
0,robot_p4_20260912_173747.jsonl,239,5115.096,207.172,measure,18,-1300.0,0.0,no_signal
0,robot_p4_20260912_173747.jsonl,240,5121.096,6.0,measure,15,-1300.0,0.0,no_signal
0,robot_p4_20260912_173747.jsonl,241,5127.096,6.0,measure,14,-1300.0,0.0,no_signal
0,robot_p4_20260912_173747.jsonl,242,5133.096,6.0,measure,11,-1300.0,0.0,no_signal
0,robot_p4_20260912_173747.jsonl,243,5139.096,6.0,measure,10,-1300.0,0.0,no_signal
0,robot_p4_20260912_173747.jsonl,244,5145.096,6.0,measure,9,-1300.0,0.0,no_signal
0,robot_p4_20260912_173747.jsonl,245,5151.096,6.0,measure,7,-1300.0,0.0,no_signal
0,robot_p4_20260912_173747.jsonl,246,5157.096,6.0,measure,2,-1300.0,0.0,no_signal
0,robot_p4_20260912_173747.jsonl,247,5163.096,6.0,measure,17,-1300.0,0.0,direction
0,robot_p4_20260912_173747.jsonl,248,5289.096,126.0,measure,18,-1900.0,0.0,no_signal
0,robot_p4_20260912_173747.jsonl,249,5295.096,6.0,measure,15,-1900.0,0.0,no_signal
0,robot_p4_20260912_173747.jsonl,250,5301.096,6.0,measure,14,-1900.0,0.0,no_signal
0,robot_p4_20260912_173747.jsonl,251,5307.096,6.0,measure,11,-1900.0,0.0,no_signal
0,robot_p4_20260912_173747.jsonl,252,5313.096,6.0,measure,10,-1900.0,0.0,no_signal
0,robot_p4_20260912_173747.jsonl,253,5319.096,6.0,measure,9,-1900.0,0.0,no_signal
0,robot_p4_20260912_173747.jsonl,254,5325.096,6.0,measure,7,-1900.0,0.0,no_signal
0,robot_p4_20260912_173747.jsonl,255,5331.096,6.0,measure,2,-1900.0,0.0,no_signal
0,robot_p4_20260912_173747.jsonl,256,5337.096,6.0,measure,17,-1900.0,0.0,direction
0,robot_p4_20260912_173747.jsonl,257,5551.603,214.508,clear,17,-1133.942,-714.489,success
0,robot_p4_20260912_173747.jsonl,258,5616.94,65.336,measure,18,-919.239,-919.239,no_signal
0,robot_p4_20260912_173747.jsonl,259,5622.94,6.0,measure,15,-919.239,-919.239,no_signal
0,robot_p4_20260912_173747.jsonl,260,5628.94,6.0,measure,14,-919.239,-919.239,no_signal
0,robot_p4_20260912_173747.jsonl,261,5634.94,6.0,measure,11,-919.239,-919.239,no_signal
0,robot_p4_20260912_173747.jsonl,262,5640.94,6.0,measure,10,-919.239,-919.239,no_signal
0,robot_p4_20260912_173747.jsonl,263,5646.94,6.0,measure,9,-919.239,-919.239,no_signal
0,robot_p4_20260912_173747.jsonl,264,5652.94,6.0,measure,7,-919.239,-919.239,no_signal
0,robot_p4_20260912_173747.jsonl,265,5658.94,6.0,measure,2,-919.239,-919.239,no_signal
0,robot_p4_20260912_173747.jsonl,266,5664.94,6.0,measure,13,-919.239,-919.239,direction
0,robot_p4_20260912_173747.jsonl,267,5670.94,6.0,measure,8,-919.239,-919.239,direction
0,robot_p4_20260912_173747.jsonl,268,5822.312,151.372,measure,7,-1645.448,-950.0,no_signal
0,robot_p4_20260912_173747.jsonl,269,5828.312,6.0,measure,9,-1645.448,-950.0,no_signal
0,robot_p4_20260912_173747.jsonl,270,5834.312,6.0,measure,10,-1645.448,-950.0,no_signal
0,robot_p4_20260912_173747.jsonl,271,5840.312,6.0,measure,11,-1645.448,-950.0,no_signal
0,robot_p4_20260912_173747.jsonl,272,5846.312,6.0,measure,2,-1645.448,-950.0,no_signal
0,robot_p4_20260912_173747.jsonl,273,5852.312,6.0,measure,14,-1645.448,-950.0,no_signal
0,robot_p4_20260912_173747.jsonl,274,5858.312,6.0,measure,15,-1645.448,-950.0,no_signal
0,robot_p4_20260912_173747.jsonl,275,5864.312,6.0,measure,18,-1645.448,-950.0,no_signal
0,robot_p4_20260912_173747.jsonl,276,6066.014,201.702,measure,18,-950.0,-1645.448,no_signal
0,robot_p4_20260912_173747.jsonl,277,6072.014,6.0,measure,15,-950.0,-1645.448,no_signal
0,robot_p4_20260912_173747.jsonl,278,6078.014,6.0,measure,14,-950.0,-1645.448,no_signal
0,robot_p4_20260912_173747.jsonl,279,6084.014,6.0,measure,11,-950.0,-1645.448,no_signal
0,robot_p4_20260912_173747.jsonl,280,6090.014,6.0,measure,10,-950.0,-1645.448,no_signal
0,robot_p4_20260912_173747.jsonl,281,6096.014,6.0,measure,9,-950.0,-1645.448,no_signal
0,robot_p4_20260912_173747.jsonl,282,6102.014,6.0,measure,7,-950.0,-1645.448,no_signal
0,robot_p4_20260912_173747.jsonl,283,6108.014,6.0,measure,2,-950.0,-1645.448,no_signal
0,robot_p4_20260912_173747.jsonl,284,6114.014,6.0,measure,6,-950.0,-1645.448,direction
0,robot_p4_20260912_173747.jsonl,285,6120.014,6.0,measure,13,-950.0,-1645.448,direction
0,robot_p4_20260912_173747.jsonl,286,6263.931,143.916,clear,13,-256.108,-1614.49,success
0,robot_p4_20260912_173747.jsonl,287,6379.603,115.672,measure,6,-243.262,-1066.28,direction
0,robot_p4_20260912_173747.jsonl,288,6386.536,6.934,clear,6,-243.782,-1056.626,success
0,robot_p4_20260912_173747.jsonl,289,6486.846,100.309,measure,8,208.962,-1188.453,no_signal
0,robot_p4_20260912_173747.jsonl,290,6509.845,23.0,measure,8,131.02,-1143.453,direction
0,robot_p4_20260912_173747.jsonl,291,6532.929,23.084,clear,8,210.598,-1186.382,success
0,robot_p4_20260912_173747.jsonl,292,6586.788,53.858,measure,7,-0.0,-1300.0,no_signal
0,robot_p4_20260912_173747.jsonl,293,6592.788,6.0,measure,9,-0.0,-1300.0,no_signal
0,robot_p4_20260912_173747.jsonl,294,6598.788,6.0,measure,10,-0.0,-1300.0,no_signal
0,robot_p4_20260912_173747.jsonl,295,6604.788,6.0,measure,11,-0.0,-1300.0,no_signal
0,robot_p4_20260912_173747.jsonl,296,6610.788,6.0,measure,2,-0.0,-1300.0,no_signal
0,robot_p4_20260912_173747.jsonl,297,6616.788,6.0,measure,14,-0.0,-1300.0,no_signal
0,robot_p4_20260912_173747.jsonl,298,6622.788,6.0,measure,15,-0.0,-1300.0,no_signal
0,robot_p4_20260912_173747.jsonl,299,6628.788,6.0,measure,18,-0.0,-1300.0,no_signal
0,robot_p4_20260912_173747.jsonl,300,6753.788,125.0,measure,18,-0.0,-1900.0,no_signal
0,robot_p4_20260912_173747.jsonl,301,6759.788,6.0,measure,15,-0.0,-1900.0,no_signal
0,robot_p4_20260912_173747.jsonl,302,6765.788,6.0,measure,14,-0.0,-1900.0,no_signal
0,robot_p4_20260912_173747.jsonl,303,6771.788,6.0,measure,11,-0.0,-1900.0,no_signal
0,robot_p4_20260912_173747.jsonl,304,6777.788,6.0,measure,10,-0.0,-1900.0,no_signal
0,robot_p4_20260912_173747.jsonl,305,6783.788,6.0,measure,9,-0.0,-1900.0,no_signal
0,robot_p4_20260912_173747.jsonl,306,6789.788,6.0,measure,7,-0.0,-1900.0,no_signal
0,robot_p4_20260912_173747.jsonl,307,6795.788,6.0,measure,2,-0.0,-1900.0,no_signal
0,robot_p4_20260912_173747.jsonl,308,6997.49,201.702,measure,2,950.0,-1645.448,no_signal
0,robot_p4_20260912_173747.jsonl,309,7003.49,6.0,measure,7,950.0,-1645.448,no_signal
0,robot_p4_20260912_173747.jsonl,310,7009.49,6.0,measure,9,950.0,-1645.448,no_signal
0,robot_p4_20260912_173747.jsonl,311,7015.49,6.0,measure,10,950.0,-1645.448,no_signal
0,robot_p4_20260912_173747.jsonl,312,7021.49,6.0,measure,11,950.0,-1645.448,no_signal
0,robot_p4_20260912_173747.jsonl,313,7027.49,6.0,measure,14,950.0,-1645.448,no_signal
0,robot_p4_20260912_173747.jsonl,314,7033.49,6.0,measure,15,950.0,-1645.448,no_signal
0,robot_p4_20260912_173747.jsonl,315,7039.49,6.0,measure,18,950.0,-1645.448,no_signal
0,robot_p4_20260912_173747.jsonl,316,7039.49,0.0,exit,,,,
0,robot_p4_20260912_173754.jsonl,0,0.0,0.0,enter,,,,
0,robot_p4_20260912_173754.jsonl,1,5.0,5.0,measure,1,0.0,0.0,no_signal
0,robot_p4_20260912_173754.jsonl,2,11.0,6.0,measure,2,0.0,0.0,direction
0,robot_p4_20260912_173754.jsonl,3,17.0,6.0,measure,3,0.0,0.0,no_signal
0,robot_p4_20260912_173754.jsonl,4,23.0,6.0,measure,4,0.0,0.0,no_signal
0,robot_p4_20260912_173754.jsonl,5,29.0,6.0,measure,5,0.0,0.0,no_signal
0,robot_p4_20260912_173754.jsonl,6,35.0,6.0,measure,6,0.0,0.0,no_signal
0,robot_p4_20260912_173754.jsonl,7,41.0,6.0,measure,7,0.0,0.0,no_signal
0,robot_p4_20260912_173754.jsonl,8,47.0,6.0,measure,8,0.0,0.0,no_signal
0,robot_p4_20260912_173754.jsonl,9,53.0,6.0,measure,9,0.0,0.0,no_signal
0,robot_p4_20260912_173754.jsonl,10,59.0,6.0,measure,10,0.0,0.0,no_signal
0,robot_p4_20260912_173754.jsonl,11,65.0,6.0,measure,11,0.0,0.0,no_signal
0,robot_p4_20260912_173754.jsonl,12,71.0,6.0,measure,12,0.0,0.0,no_signal
0,robot_p4_20260912_173754.jsonl,13,77.0,6.0,measure,13,0.0,0.0,no_signal
0,robot_p4_20260912_173754.jsonl,14,83.0,6.0,measure,14,0.0,0.0,direction
0,robot_p4_20260912_173754.jsonl,15,89.0,6.0,measure,15,0.0,0.0,no_signal
0,robot_p4_20260912_173754.jsonl,16,95.0,6.0,measure,16,0.0,0.0,no_signal
0,robot_p4_20260912_173754.jsonl,17,101.0,6.0,measure,17,0.0,0.0,no_signal
0,robot_p4_20260912_173754.jsonl,18,107.0,6.0,measure,18,0.0,0.0,no_signal
0,robot_p4_20260912_173754.jsonl,19,113.0,6.0,measure,19,0.0,0.0,direction
0,robot_p4_20260912_173754.jsonl,20,119.0,6.0,measure,20,0.0,0.0,direction
0,robot_p4_20260912_173754.jsonl,21,205.0,86.0,measure,18,400.0,0.0,no_signal
0,robot_p4_20260912_173754.jsonl,22,211.0,6.0,measure,17,400.0,0.0,no_signal
0,robot_p4_20260912_173754.jsonl,23,217.0,6.0,measure,16,400.0,0.0,no_signal
0,robot_p4_20260912_173754.jsonl,24,223.0,6.0,measure,15,400.0,0.0,direction
0,robot_p4_20260912_173754.jsonl,25,229.0,6.0,measure,13,400.0,0.0,no_signal
0,robot_p4_20260912_173754.jsonl,26,235.0,6.0,measure,12,400.0,0.0,no_signal
0,robot_p4_20260912_173754.jsonl,27,241.0,6.0,measure,11,400.0,0.0,no_signal
0,robot_p4_20260912_173754.jsonl,28,247.0,6.0,measure,10,400.0,0.0,no_signal
0,robot_p4_20260912_173754.jsonl,29,253.0,6.0,measure,9,400.0,0.0,no_signal
0,robot_p4_20260912_173754.jsonl,30,259.0,6.0,measure,8,400.0,0.0,no_signal
0,robot_p4_20260912_173754.jsonl,31,265.0,6.0,measure,7,400.0,0.0,no_signal
0,robot_p4_20260912_173754.jsonl,32,271.0,6.0,measure,6,400.0,0.0,no_signal
0,robot_p4_20260912_173754.jsonl,33,277.0,6.0,measure,5,400.0,0.0,no_signal
0,robot_p4_20260912_173754.jsonl,34,283.0,6.0,measure,4,400.0,0.0,no_signal
0,robot_p4_20260912_173754.jsonl,35,289.0,6.0,measure,3,400.0,0.0,no_signal
0,robot_p4_20260912_173754.jsonl,36,295.0,6.0,measure,1,400.0,0.0,direction
0,robot_p4_20260912_173754.jsonl,37,301.0,6.0,measure,20,400.0,0.0,direction
0,robot_p4_20260912_173754.jsonl,38,307.0,6.0,measure,15,400.0,0.0,direction
0,robot_p4_20260912_173754.jsonl,39,393.0,86.0,measure,16,200.0,346.41,no_signal
0,robot_p4_20260912_173754.jsonl,40,399.0,6.0,measure,13,200.0,346.41,no_signal
0,robot_p4_20260912_173754.jsonl,41,405.0,6.0,measure,17,200.0,346.41,no_signal
0,robot_p4_20260912_173754.jsonl,42,411.0,6.0,measure,12,200.0,346.41,direction
0,robot_p4_20260912_173754.jsonl,43,417.0,6.0,measure,18,200.0,346.41,no_signal
0,robot_p4_20260912_173754.jsonl,44,423.0,6.0,measure,11,200.0,346.41,no_signal
0,robot_p4_20260912_173754.jsonl,45,429.0,6.0,measure,10,200.0,346.41,no_signal
0,robot_p4_20260912_173754.jsonl,46,435.0,6.0,measure,9,200.0,346.41,no_signal
0,robot_p4_20260912_173754.jsonl,47,441.0,6.0,measure,8,200.0,346.41,no_signal
0,robot_p4_20260912_173754.jsonl,48,447.0,6.0,measure,7,200.0,346.41,no_signal
0,robot_p4_20260912_173754.jsonl,49,453.0,6.0,measure,6,200.0,346.41,no_signal
0,robot_p4_20260912_173754.jsonl,50,459.0,6.0,measure,5,200.0,346.41,no_signal
0,robot_p4_20260912_173754.jsonl,51,465.0,6.0,measure,4,200.0,346.41,no_signal
0,robot_p4_20260912_173754.jsonl,52,471.0,6.0,measure,3,200.0,346.41,no_signal
0,robot_p4_20260912_173754.jsonl,53,477.0,6.0,measure,14,200.0,346.41,direction
0,robot_p4_20260912_173754.jsonl,54,483.0,6.0,measure,2,200.0,346.41,direction
0,robot_p4_20260912_173754.jsonl,55,569.0,86.0,measure,3,-200.0,346.41,no_signal
0,robot_p4_20260912_173754.jsonl,56,575.0,6.0,measure,4,-200.0,346.41,no_signal
0,robot_p4_20260912_173754.jsonl,57,581.0,6.0,measure,5,-200.0,346.41,no_signal
0,robot_p4_20260912_173754.jsonl,58,587.0,6.0,measure,6,-200.0,346.41,no_signal
0,robot_p4_20260912_173754.jsonl,59,593.0,6.0,measure,7,-200.0,346.41,no_signal
0,robot_p4_20260912_173754.jsonl,60,599.0,6.0,measure,8,-200.0,346.41,no_signal
0,robot_p4_20260912_173754.jsonl,61,605.0,6.0,measure,9,-200.0,346.41,no_signal
0,robot_p4_20260912_173754.jsonl,62,611.0,6.0,measure,10,-200.0,346.41,no_signal
0,robot_p4_20260912_173754.jsonl,63,617.0,6.0,measure,11,-200.0,346.41,no_signal
0,robot_p4_20260912_173754.jsonl,64,623.0,6.0,measure,13,-200.0,346.41,no_signal
0,robot_p4_20260912_173754.jsonl,65,629.0,6.0,measure,16,-200.0,346.41,no_signal
0,robot_p4_20260912_173754.jsonl,66,635.0,6.0,measure,17,-200.0,346.41,no_signal
0,robot_p4_20260912_173754.jsonl,67,641.0,6.0,measure,18,-200.0,346.41,no_signal
0,robot_p4_20260912_173754.jsonl,68,647.0,6.0,measure,12,-200.0,346.41,direction
0,robot_p4_20260912_173754.jsonl,69,653.0,6.0,measure,19,-200.0,346.41,no_signal
0,robot_p4_20260912_173754.jsonl,70,739.0,86.0,measure,18,-400.0,0.0,no_signal
0,robot_p4_20260912_173754.jsonl,71,745.0,6.0,measure,17,-400.0,0.0,direction
0,robot_p4_20260912_173754.jsonl,72,751.0,6.0,measure,16,-400.0,0.0,no_signal
0,robot_p4_20260912_173754.jsonl,73,757.0,6.0,measure,13,-400.0,0.0,no_signal
0,robot_p4_20260912_173754.jsonl,74,763.0,6.0,measure,11,-400.0,0.0,no_signal
0,robot_p4_20260912_173754.jsonl,75,769.0,6.0,measure,10,-400.0,0.0,no_signal
0,robot_p4_20260912_173754.jsonl,76,775.0,6.0,measure,9,-400.0,0.0,no_signal
0,robot_p4_20260912_173754.jsonl,77,781.0,6.0,measure,8,-400.0,0.0,no_signal
0,robot_p4_20260912_173754.jsonl,78,787.0,6.0,measure,7,-400.0,0.0,no_signal
0,robot_p4_20260912_173754.jsonl,79,793.0,6.0,measure,6,-400.0,0.0,no_signal
0,robot_p4_20260912_173754.jsonl,80,799.0,6.0,measure,5,-400.0,0.0,no_signal
0,robot_p4_20260912_173754.jsonl,81,805.0,6.0,measure,4,-400.0,0.0,no_signal
0,robot_p4_20260912_173754.jsonl,82,811.0,6.0,measure,3,-400.0,0.0,direction
0,robot_p4_20260912_173754.jsonl,83,817.0,6.0,measure,17,-400.0,0.0,direction
0,robot_p4_20260912_173754.jsonl,84,823.0,6.0,measure,19,-400.0,0.0,direction
0,robot_p4_20260912_173754.jsonl,85,905.506,82.506,measure,19,-683.842,-263.843,direction
0,robot_p4_20260912_173754.jsonl,86,911.395,5.889,clear,19,-688.287,-263.895,success
0,robot_p4_20260912_173754.jsonl,87,1016.437,105.042,measure,18,-200.0,-346.41,no_signal
0,robot_p4_20260912_173754.jsonl,88,1022.437,6.0,measure,16,-200.0,-346.41,no_signal
0,robot_p4_20260912_173754.jsonl,89,1028.437,6.0,measure,13,-200.0,-346.41,no_signal
0,robot_p4_20260912_173754.jsonl,90,1034.437,6.0,measure,11,-200.0,-346.41,no_signal
0,robot_p4_20260912_173754.jsonl,91,1040.437,6.0,measure,10,-200.0,-346.41,no_signal
0,robot_p4_20260912_173754.jsonl,92,1046.437,6.0,measure,9,-200.0,-346.41,no_signal
0,robot_p4_20260912_173754.jsonl,93,1052.437,6.0,measure,8,-200.0,-346.41,no_signal
0,robot_p4_20260912_173754.jsonl,94,1058.437,6.0,measure,7,-200.0,-346.41,no_signal
0,robot_p4_20260912_173754.jsonl,95,1064.437,6.0,measure,6,-200.0,-346.41,no_signal
0,robot_p4_20260912_173754.jsonl,96,1070.437,6.0,measure,5,-200.0,-346.41,no_signal
0,robot_p4_20260912_173754.jsonl,97,1076.437,6.0,measure,4,-200.0,-346.41,no_signal
0,robot_p4_20260912_173754.jsonl,98,1082.437,6.0,measure,20,-200.0,-346.41,direction
0,robot_p4_20260912_173754.jsonl,99,1088.437,6.0,measure,2,-200.0,-346.41,direction
0,robot_p4_20260912_173754.jsonl,100,1174.437,86.0,measure,4,200.0,-346.41,no_signal
0,robot_p4_20260912_173754.jsonl,101,1180.437,6.0,measure,5,200.0,-346.41,no_signal
0,robot_p4_20260912_173754.jsonl,102,1186.437,6.0,measure,6,200.0,-346.41,no_signal
0,robot_p4_20260912_173754.jsonl,103,1192.437,6.0,measure,7,200.0,-346.41,no_signal
0,robot_p4_20260912_173754.jsonl,104,1198.437,6.0,measure,8,200.0,-346.41,no_signal
0,robot_p4_20260912_173754.jsonl,105,1204.437,6.0,measure,9,200.0,-346.41,no_signal
0,robot_p4_20260912_173754.jsonl,106,1210.437,6.0,measure,10,200.0,-346.41,no_signal
0,robot_p4_20260912_173754.jsonl,107,1216.437,6.0,measure,11,200.0,-346.41,no_signal
0,robot_p4_20260912_173754.jsonl,108,1222.437,6.0,measure,13,200.0,-346.41,no_signal
0,robot_p4_20260912_173754.jsonl,109,1228.437,6.0,measure,16,200.0,-346.41,no_signal
0,robot_p4_20260912_173754.jsonl,110,1234.437,6.0,measure,18,200.0,-346.41,no_signal
0,robot_p4_20260912_173754.jsonl,111,1240.437,6.0,measure,20,200.0,-346.41,direction
0,robot_p4_20260912_173754.jsonl,112,1407.322,166.885,measure,20,1009.268,-330.548,near
0,robot_p4_20260912_173754.jsonl,113,1412.322,5.0,clear,20,1009.268,-330.548,success
0,robot_p4_20260912_173754.jsonl,114,1415.322,3.0,clear,20,1009.268,-330.548,no_target_in_range
0,robot_p4_20260912_173754.jsonl,115,1509.364,94.043,measure,18,1300.0,0.0,no_signal
0,robot_p4_20260912_173754.jsonl,116,1515.364,6.0,measure,16,1300.0,0.0,no_signal
0,robot_p4_20260912_173754.jsonl,117,1521.364,6.0,measure,13,1300.0,0.0,no_signal
0,robot_p4_20260912_173754.jsonl,118,1527.364,6.0,measure,11,1300.0,0.0,no_signal
0,robot_p4_20260912_173754.jsonl,119,1533.364,6.0,measure,10,1300.0,0.0,no_signal
0,robot_p4_20260912_173754.jsonl,120,1539.364,6.0,measure,9,1300.0,0.0,no_signal
0,robot_p4_20260912_173754.jsonl,121,1545.364,6.0,measure,8,1300.0,0.0,no_signal
0,robot_p4_20260912_173754.jsonl,122,1551.364,6.0,measure,7,1300.0,0.0,direction
0,robot_p4_20260912_173754.jsonl,123,1557.364,6.0,measure,6,1300.0,0.0,no_signal
0,robot_p4_20260912_173754.jsonl,124,1563.364,6.0,measure,5,1300.0,0.0,no_signal
0,robot_p4_20260912_173754.jsonl,125,1569.364,6.0,measure,4,1300.0,0.0,no_signal
0,robot_p4_20260912_173754.jsonl,126,1575.364,6.0,measure,15,1300.0,0.0,direction
0,robot_p4_20260912_173754.jsonl,127,1581.364,6.0,measure,1,1300.0,0.0,direction
0,robot_p4_20260912_173754.jsonl,128,1707.364,126.0,measure,4,1900.0,0.0,no_signal
0,robot_p4_20260912_173754.jsonl,129,1713.364,6.0,measure,5,1900.0,0.0,no_signal
0,robot_p4_20260912_173754.jsonl,130,1719.364,6.0,measure,6,1900.0,0.0,no_signal
0,robot_p4_20260912_173754.jsonl,131,1725.364,6.0,measure,8,1900.0,0.0,no_signal
0,robot_p4_20260912_173754.jsonl,132,1731.364,6.0,measure,9,1900.0,0.0,no_signal
0,robot_p4_20260912_173754.jsonl,133,1737.364,6.0,measure,10,1900.0,0.0,no_signal
0,robot_p4_20260912_173754.jsonl,134,1743.364,6.0,measure,11,1900.0,0.0,no_signal
0,robot_p4_20260912_173754.jsonl,135,1749.364,6.0,measure,13,1900.0,0.0,no_signal
0,robot_p4_20260912_173754.jsonl,136,1755.364,6.0,measure,16,1900.0,0.0,no_signal
0,robot_p4_20260912_173754.jsonl,137,1761.364,6.0,measure,18,1900.0,0.0,no_signal
0,robot_p4_20260912_173754.jsonl,138,1767.364,6.0,measure,7,1900.0,0.0,no_signal
0,robot_p4_20260912_173754.jsonl,139,1773.364,6.0,measure,1,1900.0,0.0,direction
0,robot_p4_20260912_173754.jsonl,140,1976.067,202.702,measure,4,1645.448,950.0,no_signal
0,robot_p4_20260912_173754.jsonl,141,1982.067,6.0,measure,5,1645.448,950.0,no_signal
0,robot_p4_20260912_173754.jsonl,142,1988.067,6.0,measure,6,1645.448,950.0,no_signal
0,robot_p4_20260912_173754.jsonl,143,1994.067,6.0,measure,8,1645.448,950.0,no_signal
0,robot_p4_20260912_173754.jsonl,144,2000.067,6.0,measure,9,1645.448,950.0,no_signal
0,robot_p4_20260912_173754.jsonl,145,2006.067,6.0,measure,10,1645.448,950.0,no_signal
0,robot_p4_20260912_173754.jsonl,146,2012.067,6.0,measure,11,1645.448,950.0,no_signal
0,robot_p4_20260912_173754.jsonl,147,2018.067,6.0,measure,13,1645.448,950.0,no_signal
0,robot_p4_20260912_173754.jsonl,148,2024.067,6.0,measure,16,1645.448,950.0,no_signal
0,robot_p4_20260912_173754.jsonl,149,2030.067,6.0,measure,18,1645.448,950.0,no_signal
0,robot_p4_20260912_173754.jsonl,150,2036.067,6.0,measure,7,1645.448,950.0,direction
0,robot_p4_20260912_173754.jsonl,151,2042.067,6.0,measure,1,1645.448,950.0,direction
0,robot_p4_20260912_173754.jsonl,152,2241.508,199.441,clear,1,1679.294,-21.615,success
0,robot_p4_20260912_173754.jsonl,153,2305.408,63.9,measure,7,1607.53,258.85,direction
0,robot_p4_20260912_173754.jsonl,154,2312.594,7.186,clear,7,1614.079,267.602,success
0,robot_p4_20260912_173754.jsonl,155,2509.112,196.519,measure,6,919.239,919.239,no_signal
0,robot_p4_20260912_173754.jsonl,156,2515.112,6.0,measure,8,919.239,919.239,no_signal
0,robot_p4_20260912_173754.jsonl,157,2521.112,6.0,measure,5,919.239,919.239,no_signal
0,robot_p4_20260912_173754.jsonl,158,2527.112,6.0,measure,9,919.239,919.239,no_signal
0,robot_p4_20260912_173754.jsonl,159,2533.112,6.0,measure,4,919.239,919.239,no_signal
0,robot_p4_20260912_173754.jsonl,160,2539.112,6.0,measure,10,919.239,919.239,no_signal
0,robot_p4_20260912_173754.jsonl,161,2545.112,6.0,measure,11,919.239,919.239,no_signal
0,robot_p4_20260912_173754.jsonl,162,2551.112,6.0,measure,13,919.239,919.239,no_signal
0,robot_p4_20260912_173754.jsonl,163,2557.112,6.0,measure,16,919.239,919.239,no_signal
0,robot_p4_20260912_173754.jsonl,164,2563.112,6.0,measure,18,919.239,919.239,no_signal
0,robot_p4_20260912_173754.jsonl,165,2569.112,6.0,measure,3,919.239,919.239,no_signal
0,robot_p4_20260912_173754.jsonl,166,2575.112,6.0,measure,12,919.239,919.239,direction
0,robot_p4_20260912_173754.jsonl,167,2726.485,151.372,measure,11,950.0,1645.448,no_signal
0,robot_p4_20260912_173754.jsonl,168,2732.485,6.0,measure,13,950.0,1645.448,no_signal
0,robot_p4_20260912_173754.jsonl,169,2738.485,6.0,measure,10,950.0,1645.448,no_signal
0,robot_p4_20260912_173754.jsonl,170,2744.485,6.0,measure,9,950.0,1645.448,no_signal
0,robot_p4_20260912_173754.jsonl,171,2750.485,6.0,measure,8,950.0,1645.448,no_signal
0,robot_p4_20260912_173754.jsonl,172,2756.485,6.0,measure,16,950.0,1645.448,no_signal
0,robot_p4_20260912_173754.jsonl,173,2762.485,6.0,measure,6,950.0,1645.448,no_signal
0,robot_p4_20260912_173754.jsonl,174,2768.485,6.0,measure,18,950.0,1645.448,no_signal
0,robot_p4_20260912_173754.jsonl,175,2774.485,6.0,measure,5,950.0,1645.448,no_signal
0,robot_p4_20260912_173754.jsonl,176,2780.485,6.0,measure,4,950.0,1645.448,no_signal
0,robot_p4_20260912_173754.jsonl,177,2786.485,6.0,measure,3,950.0,1645.448,no_signal
0,robot_p4_20260912_173754.jsonl,178,2792.485,6.0,measure,15,950.0,1645.448,no_signal
0,robot_p4_20260912_173754.jsonl,179,2995.187,202.702,measure,16,0.0,1900.0,direction
0,robot_p4_20260912_173754.jsonl,180,3001.187,6.0,measure,13,0.0,1900.0,no_signal
0,robot_p4_20260912_173754.jsonl,181,3007.187,6.0,measure,18,0.0,1900.0,no_signal
0,robot_p4_20260912_173754.jsonl,182,3013.187,6.0,measure,11,0.0,1900.0,no_signal
0,robot_p4_20260912_173754.jsonl,183,3019.187,6.0,measure,10,0.0,1900.0,no_signal
0,robot_p4_20260912_173754.jsonl,184,3025.187,6.0,measure,9,0.0,1900.0,no_signal
0,robot_p4_20260912_173754.jsonl,185,3031.187,6.0,measure,8,0.0,1900.0,no_signal
0,robot_p4_20260912_173754.jsonl,186,3037.187,6.0,measure,6,0.0,1900.0,no_signal
0,robot_p4_20260912_173754.jsonl,187,3043.187,6.0,measure,5,0.0,1900.0,no_signal
0,robot_p4_20260912_173754.jsonl,188,3049.187,6.0,measure,4,0.0,1900.0,direction
0,robot_p4_20260912_173754.jsonl,189,3055.187,6.0,measure,3,0.0,1900.0,direction
0,robot_p4_20260912_173754.jsonl,190,3061.187,6.0,measure,16,0.0,1900.0,direction
0,robot_p4_20260912_173754.jsonl,191,3187.187,126.0,measure,18,0.0,1300.0,no_signal
0,robot_p4_20260912_173754.jsonl,192,3193.187,6.0,measure,13,0.0,1300.0,no_signal
0,robot_p4_20260912_173754.jsonl,193,3199.187,6.0,measure,11,0.0,1300.0,no_signal
0,robot_p4_20260912_173754.jsonl,194,3205.187,6.0,measure,10,0.0,1300.0,no_signal
0,robot_p4_20260912_173754.jsonl,195,3211.187,6.0,measure,9,0.0,1300.0,no_signal
0,robot_p4_20260912_173754.jsonl,196,3217.187,6.0,measure,8,0.0,1300.0,no_signal
0,robot_p4_20260912_173754.jsonl,197,3223.187,6.0,measure,6,0.0,1300.0,no_signal
0,robot_p4_20260912_173754.jsonl,198,3229.187,6.0,measure,5,0.0,1300.0,no_signal
0,robot_p4_20260912_173754.jsonl,199,3235.187,6.0,measure,17,0.0,1300.0,no_signal
0,robot_p4_20260912_173754.jsonl,200,3241.187,6.0,measure,16,0.0,1300.0,direction
0,robot_p4_20260912_173754.jsonl,201,3282.383,41.196,clear,16,180.945,1296.528,success
0,robot_p4_20260912_173754.jsonl,202,3355.427,73.044,measure,12,-148.56,1234.895,direction
0,robot_p4_20260912_173754.jsonl,203,3362.966,7.539,clear,12,-153.696,1246.507,success
0,robot_p4_20260912_173754.jsonl,204,3491.79,128.824,measure,2,-546.731,774.63,no_signal
0,robot_p4_20260912_173754.jsonl,205,3501.552,9.762,measure,2,-530.851,756.887,direction
0,robot_p4_20260912_173754.jsonl,206,3518.356,16.804,measure,2,-495.181,709.866,direction
0,robot_p4_20260912_173754.jsonl,207,3530.282,11.926,measure,2,-472.316,735.873,direction
0,robot_p4_20260912_173754.jsonl,208,3550.953,20.671,clear,2,-542.214,771.283,success
0,robot_p4_20260912_173754.jsonl,209,3637.957,87.003,measure,5,-919.239,919.239,direction
0,robot_p4_20260912_173754.jsonl,210,3643.957,6.0,measure,6,-919.239,919.239,no_signal
0,robot_p4_20260912_173754.jsonl,211,3649.957,6.0,measure,8,-919.239,919.239,no_signal
0,robot_p4_20260912_173754.jsonl,212,3655.957,6.0,measure,9,-919.239,919.239,no_signal
0,robot_p4_20260912_173754.jsonl,213,3661.957,6.0,measure,10,-919.239,919.239,no_signal
0,robot_p4_20260912_173754.jsonl,214,3667.957,6.0,measure,11,-919.239,919.239,no_signal
0,robot_p4_20260912_173754.jsonl,215,3673.957,6.0,measure,13,-919.239,919.239,no_signal
0,robot_p4_20260912_173754.jsonl,216,3679.957,6.0,measure,18,-919.239,919.239,no_signal
0,robot_p4_20260912_173754.jsonl,217,3685.957,6.0,measure,17,-919.239,919.239,no_signal
0,robot_p4_20260912_173754.jsonl,218,3691.957,6.0,measure,5,-919.239,919.239,direction
0,robot_p4_20260912_173754.jsonl,219,3843.329,151.372,measure,6,-950.0,1645.448,no_signal
0,robot_p4_20260912_173754.jsonl,220,3849.329,6.0,measure,8,-950.0,1645.448,no_signal
0,robot_p4_20260912_173754.jsonl,221,3855.329,6.0,measure,9,-950.0,1645.448,no_signal
0,robot_p4_20260912_173754.jsonl,222,3861.329,6.0,measure,10,-950.0,1645.448,no_signal
0,robot_p4_20260912_173754.jsonl,223,3867.329,6.0,measure,11,-950.0,1645.448,no_signal
0,robot_p4_20260912_173754.jsonl,224,3873.329,6.0,measure,13,-950.0,1645.448,no_signal
0,robot_p4_20260912_173754.jsonl,225,3879.329,6.0,measure,18,-950.0,1645.448,no_signal
0,robot_p4_20260912_173754.jsonl,226,3885.329,6.0,measure,17,-950.0,1645.448,no_signal
0,robot_p4_20260912_173754.jsonl,227,3891.329,6.0,measure,3,-950.0,1645.448,direction
0,robot_p4_20260912_173754.jsonl,228,4094.031,202.702,measure,6,-1645.448,950.0,no_signal
0,robot_p4_20260912_173754.jsonl,229,4100.031,6.0,measure,8,-1645.448,950.0,no_signal
0,robot_p4_20260912_173754.jsonl,230,4106.031,6.0,measure,9,-1645.448,950.0,no_signal
0,robot_p4_20260912_173754.jsonl,231,4112.031,6.0,measure,10,-1645.448,950.0,no_signal
0,robot_p4_20260912_173754.jsonl,232,4118.031,6.0,measure,11,-1645.448,950.0,no_signal
0,robot_p4_20260912_173754.jsonl,233,4124.031,6.0,measure,13,-1645.448,950.0,no_signal
0,robot_p4_20260912_173754.jsonl,234,4130.031,6.0,measure,18,-1645.448,950.0,no_signal
0,robot_p4_20260912_173754.jsonl,235,4136.031,6.0,measure,17,-1645.448,950.0,direction
0,robot_p4_20260912_173754.jsonl,236,4142.031,6.0,measure,5,-1645.448,950.0,no_signal
0,robot_p4_20260912_173754.jsonl,237,4350.203,208.172,measure,6,-1300.0,0.0,no_signal
0,robot_p4_20260912_173754.jsonl,238,4356.203,6.0,measure,8,-1300.0,0.0,no_signal
0,robot_p4_20260912_173754.jsonl,239,4362.203,6.0,measure,9,-1300.0,0.0,no_signal
0,robot_p4_20260912_173754.jsonl,240,4368.203,6.0,measure,10,-1300.0,0.0,no_signal
0,robot_p4_20260912_173754.jsonl,241,4374.203,6.0,measure,11,-1300.0,0.0,no_signal
0,robot_p4_20260912_173754.jsonl,242,4380.203,6.0,measure,13,-1300.0,0.0,no_signal
0,robot_p4_20260912_173754.jsonl,243,4386.203,6.0,measure,18,-1300.0,0.0,no_signal
0,robot_p4_20260912_173754.jsonl,244,4392.203,6.0,measure,5,-1300.0,0.0,direction
0,robot_p4_20260912_173754.jsonl,245,4469.685,77.482,clear,5,-940.288,-44.157,success
0,robot_p4_20260912_173754.jsonl,246,4548.168,78.482,measure,14,-1300.0,0.0,no_signal
0,robot_p4_20260912_173754.jsonl,247,4674.168,126.0,measure,13,-1900.0,0.0,no_signal
0,robot_p4_20260912_173754.jsonl,248,4680.168,6.0,measure,11,-1900.0,0.0,no_signal
0,robot_p4_20260912_173754.jsonl,249,4686.168,6.0,measure,10,-1900.0,0.0,no_signal
0,robot_p4_20260912_173754.jsonl,250,4692.168,6.0,measure,18,-1900.0,0.0,no_signal
0,robot_p4_20260912_173754.jsonl,251,4698.168,6.0,measure,9,-1900.0,0.0,no_signal
0,robot_p4_20260912_173754.jsonl,252,4704.168,6.0,measure,8,-1900.0,0.0,no_signal
0,robot_p4_20260912_173754.jsonl,253,4710.168,6.0,measure,6,-1900.0,0.0,no_signal
0,robot_p4_20260912_173754.jsonl,254,4716.168,6.0,measure,17,-1900.0,0.0,no_signal
0,robot_p4_20260912_173754.jsonl,255,4918.87,202.702,measure,18,-1645.448,-950.0,no_signal
0,robot_p4_20260912_173754.jsonl,256,4924.87,6.0,measure,13,-1645.448,-950.0,no_signal
0,robot_p4_20260912_173754.jsonl,257,4930.87,6.0,measure,11,-1645.448,-950.0,no_signal
0,robot_p4_20260912_173754.jsonl,258,4936.87,6.0,measure,10,-1645.448,-950.0,no_signal
0,robot_p4_20260912_173754.jsonl,259,4942.87,6.0,measure,9,-1645.448,-950.0,no_signal
0,robot_p4_20260912_173754.jsonl,260,4948.87,6.0,measure,8,-1645.448,-950.0,no_signal
0,robot_p4_20260912_173754.jsonl,261,4954.87,6.0,measure,6,-1645.448,-950.0,no_signal
0,robot_p4_20260912_173754.jsonl,262,5105.242,150.372,measure,6,-919.239,-919.239,no_signal
0,robot_p4_20260912_173754.jsonl,263,5111.242,6.0,measure,8,-919.239,-919.239,no_signal
0,robot_p4_20260912_173754.jsonl,264,5117.242,6.0,measure,9,-919.239,-919.239,no_signal
0,robot_p4_20260912_173754.jsonl,265,5123.242,6.0,measure,10,-919.239,-919.239,no_signal
0,robot_p4_20260912_173754.jsonl,266,5129.242,6.0,measure,11,-919.239,-919.239,direction
0,robot_p4_20260912_173754.jsonl,267,5135.242,6.0,measure,13,-919.239,-919.239,no_signal
0,robot_p4_20260912_173754.jsonl,268,5141.242,6.0,measure,18,-919.239,-919.239,no_signal
0,robot_p4_20260912_173754.jsonl,269,5147.242,6.0,measure,11,-919.239,-919.239,direction
0,robot_p4_20260912_173754.jsonl,270,5298.614,151.372,measure,10,-950.0,-1645.448,direction
0,robot_p4_20260912_173754.jsonl,271,5304.614,6.0,measure,9,-950.0,-1645.448,no_signal
0,robot_p4_20260912_173754.jsonl,272,5310.614,6.0,measure,13,-950.0,-1645.448,no_signal
0,robot_p4_20260912_173754.jsonl,273,5316.614,6.0,measure,8,-950.0,-1645.448,no_signal
0,robot_p4_20260912_173754.jsonl,274,5322.614,6.0,measure,6,-950.0,-1645.448,no_signal
0,robot_p4_20260912_173754.jsonl,275,5328.614,6.0,measure,18,-950.0,-1645.448,no_signal
0,robot_p4_20260912_173754.jsonl,276,5334.614,6.0,measure,10,-950.0,-1645.448,direction
0,robot_p4_20260912_173754.jsonl,277,5340.614,6.0,measure,11,-950.0,-1645.448,direction
0,robot_p4_20260912_173754.jsonl,278,5488.672,148.058,measure,11,-236.047,-1689.153,direction
0,robot_p4_20260912_173754.jsonl,279,5495.253,6.581,clear,11,-241.738,-1694.639,success
0,robot_p4_20260912_173754.jsonl,280,5564.691,69.438,measure,9,-0.0,-1900.0,no_signal
0,robot_p4_20260912_173754.jsonl,281,5570.691,6.0,measure,13,-0.0,-1900.0,no_signal
0,robot_p4_20260912_173754.jsonl,282,5576.691,6.0,measure,8,-0.0,-1900.0,direction
0,robot_p4_20260912_173754.jsonl,283,5582.691,6.0,measure,6,-0.0,-1900.0,no_signal
0,robot_p4_20260912_173754.jsonl,284,5588.691,6.0,measure,18,-0.0,-1900.0,no_signal
0,robot_p4_20260912_173754.jsonl,285,5594.691,6.0,measure,8,-0.0,-1900.0,direction
0,robot_p4_20260912_173754.jsonl,286,5600.691,6.0,measure,10,-0.0,-1900.0,direction
0,robot_p4_20260912_173754.jsonl,287,5771.248,170.557,measure,10,-343.516,-1146.857,no_signal
0,robot_p4_20260912_173754.jsonl,288,5794.248,23.0,measure,10,-343.516,-1236.857,direction
0,robot_p4_20260912_173754.jsonl,289,5817.129,22.881,clear,10,-344.093,-1147.456,success
0,robot_p4_20260912_173754.jsonl,290,5898.407,81.278,measure,9,-0.0,-1300.0,no_signal
0,robot_p4_20260912_173754.jsonl,291,5904.407,6.0,measure,13,-0.0,-1300.0,no_signal
0,robot_p4_20260912_173754.jsonl,292,5910.407,6.0,measure,6,-0.0,-1300.0,no_signal
0,robot_p4_20260912_173754.jsonl,293,5916.407,6.0,measure,18,-0.0,-1300.0,no_signal
0,robot_p4_20260912_173754.jsonl,294,5922.407,6.0,measure,8,-0.0,-1300.0,no_signal
0,robot_p4_20260912_173754.jsonl,295,6130.579,208.172,measure,9,950.0,-1645.448,no_signal
0,robot_p4_20260912_173754.jsonl,296,6136.579,6.0,measure,6,950.0,-1645.448,no_signal
0,robot_p4_20260912_173754.jsonl,297,6142.579,6.0,measure,13,950.0,-1645.448,no_signal
0,robot_p4_20260912_173754.jsonl,298,6148.579,6.0,measure,18,950.0,-1645.448,no_signal
0,robot_p4_20260912_173754.jsonl,299,6350.281,201.702,measure,18,1645.448,-950.0,no_signal
0,robot_p4_20260912_173754.jsonl,300,6356.281,6.0,measure,13,1645.448,-950.0,no_signal
0,robot_p4_20260912_173754.jsonl,301,6362.281,6.0,measure,9,1645.448,-950.0,no_signal
0,robot_p4_20260912_173754.jsonl,302,6368.281,6.0,measure,6,1645.448,-950.0,no_signal
0,robot_p4_20260912_173754.jsonl,303,6518.653,150.372,measure,6,919.239,-919.239,no_signal
0,robot_p4_20260912_173754.jsonl,304,6524.653,6.0,measure,9,919.239,-919.239,no_signal
0,robot_p4_20260912_173754.jsonl,305,6530.653,6.0,measure,13,919.239,-919.239,no_signal
0,robot_p4_20260912_173754.jsonl,306,6536.653,6.0,measure,18,919.239,-919.239,no_signal
0,robot_p4_20260912_173754.jsonl,307,6976.658,440.004,measure,3,-46.452,1024.067,no_signal
0,robot_p4_20260912_173754.jsonl,308,6999.658,23.0,measure,3,-136.452,1024.067,direction
0,robot_p4_20260912_173754.jsonl,309,7023.436,23.779,clear,3,-43.798,1039.273,success
0,robot_p4_20260912_173754.jsonl,310,7106.332,82.895,measure,4,321.138,1160.287,no_signal
0,robot_p4_20260912_173754.jsonl,311,7180.601,74.269,measure,4,184.031,1478.339,no_signal
0,robot_p4_20260912_173754.jsonl,312,7200.333,19.732,measure,4,153.882,1545.547,no_signal
0,robot_p4_20260912_173754.jsonl,313,7214.905,14.572,measure,4,111.138,1524.018,no_signal
0,robot_p4_20260912_173754.jsonl,314,7255.596,40.691,measure,4,88.057,1700.975,direction
0,robot_p4_20260912_173754.jsonl,315,7317.823,62.227,measure,4,-66.051,1459.888,direction
0,robot_p4_20260912_173754.jsonl,316,7374.406,56.583,clear,4,119.288,1639.246,success
0,robot_p4_20260912_173754.jsonl,317,7582.533,208.128,measure,14,-654.856,989.56,no_signal
0,robot_p4_20260912_173754.jsonl,318,7599.016,16.483,measure,14,-615.122,948.114,no_signal
0,robot_p4_20260912_173754.jsonl,319,7626.983,27.966,measure,14,-694.59,1031.006,no_signal
0,robot_p4_20260912_173754.jsonl,320,7657.909,30.926,measure,14,-588.182,1105.043,direction
0,robot_p4_20260912_173754.jsonl,321,7694.383,36.474,clear,14,-612.661,949.589,success
0,robot_p4_20260912_173754.jsonl,322,7799.056,104.673,measure,17,-815.64,499.912,direction
0,robot_p4_20260912_173754.jsonl,323,7815.893,16.837,measure,17,-761.824,475.286,no_signal
0,robot_p4_20260912_173754.jsonl,324,7838.892,23.0,measure,17,-839.766,430.286,direction
0,robot_p4_20260912_173754.jsonl,325,7862.029,23.136,clear,17,-841.386,520.952,success
0,robot_p4_20260912_173754.jsonl,326,8219.87,357.842,measure,8,-306.982,-1155.124,no_signal
0,robot_p4_20260912_173754.jsonl,327,8294.305,74.435,measure,8,-173.46,-1475.595,no_signal
0,robot_p4_20260912_173754.jsonl,328,8313.873,19.568,measure,8,-146.947,-1543.439,no_signal
0,robot_p4_20260912_173754.jsonl,329,8330.011,16.137,measure,8,-96.982,-1518.854,no_signal
0,robot_p4_20260912_173754.jsonl,330,8371.384,41.373,measure,8,-79.995,-1699.925,no_signal
0,robot_p4_20260912_173754.jsonl,331,8424.988,53.604,measure,8,13.471,-1924.255,direction
0,robot_p4_20260912_173754.jsonl,332,9077.304,652.316,measure,15,1310.227,1035.734,no_signal
0,robot_p4_20260912_173754.jsonl,333,9088.353,11.048,measure,15,1300.931,1006.956,direction
0,robot_p4_20260912_173754.jsonl,334,9105.267,16.914,measure,15,1304.127,947.472,direction
0,robot_p4_20260912_173754.jsonl,335,9115.931,10.664,measure,15,1277.221,956.309,direction
0,robot_p4_20260912_173754.jsonl,336,9137.894,21.963,clear,15,1303.683,1036.891,success
0,robot_p4_20260912_173754.jsonl,337,9689.085,551.191,measure,8,-300.246,-1167.251,no_signal
0,robot_p4_20260912_173754.jsonl,338,9762.141,73.057,measure,8,-430.4,-852.843,no_signal
0,robot_p4_20260912_173754.jsonl,339,9852.666,90.525,measure,8,-720.246,-1167.251,no_signal
0,robot_p4_20260912_173754.jsonl,340,9958.064,105.398,measure,8,-643.753,-1663.378,no_signal
0,robot_p4_20260912_173754.jsonl,341,10013.064,55.0,measure,8,-414.228,-1564.291,no_signal
0,robot_p4_20260912_173754.jsonl,342,10041.319,28.254,measure,8,-300.246,-1587.251,no_signal
0,robot_p4_20260912_173754.jsonl,343,10177.878,136.56,measure,8,274.348,-1267.031,direction
0,robot_p4_20260912_173754.jsonl,344,10301.91,124.031,clear,8,-55.728,-1762.27,success
0,robot_p4_20260912_173754.jsonl,345,10301.91,0.0,exit,,,,
0,robot_p4_20260912_173812.jsonl,0,0.0,0.0,enter,,,,
0,robot_p4_20260912_173812.jsonl,1,5.0,5.0,measure,1,0.0,0.0,direction
0,robot_p4_20260912_173812.jsonl,2,11.0,6.0,measure,2,0.0,0.0,no_signal
0,robot_p4_20260912_173812.jsonl,3,17.0,6.0,measure,3,0.0,0.0,no_signal
0,robot_p4_20260912_173812.jsonl,4,23.0,6.0,measure,4,0.0,0.0,no_signal
0,robot_p4_20260912_173812.jsonl,5,29.0,6.0,measure,5,0.0,0.0,no_signal
0,robot_p4_20260912_173812.jsonl,6,35.0,6.0,measure,6,0.0,0.0,no_signal
0,robot_p4_20260912_173812.jsonl,7,41.0,6.0,measure,7,0.0,0.0,direction
0,robot_p4_20260912_173812.jsonl,8,47.0,6.0,measure,8,0.0,0.0,no_signal
0,robot_p4_20260912_173812.jsonl,9,53.0,6.0,measure,9,0.0,0.0,no_signal
0,robot_p4_20260912_173812.jsonl,10,59.0,6.0,measure,10,0.0,0.0,direction
0,robot_p4_20260912_173812.jsonl,11,65.0,6.0,measure,11,0.0,0.0,no_signal
0,robot_p4_20260912_173812.jsonl,12,71.0,6.0,measure,12,0.0,0.0,no_signal
0,robot_p4_20260912_173812.jsonl,13,77.0,6.0,measure,13,0.0,0.0,no_signal
0,robot_p4_20260912_173812.jsonl,14,83.0,6.0,measure,14,0.0,0.0,direction
0,robot_p4_20260912_173812.jsonl,15,89.0,6.0,measure,15,0.0,0.0,no_signal
0,robot_p4_20260912_173812.jsonl,16,95.0,6.0,measure,16,0.0,0.0,no_signal
0,robot_p4_20260912_173812.jsonl,17,101.0,6.0,measure,17,0.0,0.0,no_signal
0,robot_p4_20260912_173812.jsonl,18,107.0,6.0,measure,18,0.0,0.0,no_signal
0,robot_p4_20260912_173812.jsonl,19,113.0,6.0,measure,19,0.0,0.0,no_signal
0,robot_p4_20260912_173812.jsonl,20,119.0,6.0,measure,20,0.0,0.0,no_signal
0,robot_p4_20260912_173812.jsonl,21,204.0,85.0,measure,20,400.0,0.0,no_signal
0,robot_p4_20260912_173812.jsonl,22,210.0,6.0,measure,19,400.0,0.0,direction
0,robot_p4_20260912_173812.jsonl,23,216.0,6.0,measure,18,400.0,0.0,no_signal
0,robot_p4_20260912_173812.jsonl,24,222.0,6.0,measure,17,400.0,0.0,no_signal
0,robot_p4_20260912_173812.jsonl,25,228.0,6.0,measure,16,400.0,0.0,no_signal
0,robot_p4_20260912_173812.jsonl,26,234.0,6.0,measure,15,400.0,0.0,no_signal
0,robot_p4_20260912_173812.jsonl,27,240.0,6.0,measure,13,400.0,0.0,no_signal
0,robot_p4_20260912_173812.jsonl,28,246.0,6.0,measure,12,400.0,0.0,no_signal
0,robot_p4_20260912_173812.jsonl,29,252.0,6.0,measure,11,400.0,0.0,no_signal
0,robot_p4_20260912_173812.jsonl,30,258.0,6.0,measure,9,400.0,0.0,no_signal
0,robot_p4_20260912_173812.jsonl,31,264.0,6.0,measure,8,400.0,0.0,no_signal
0,robot_p4_20260912_173812.jsonl,32,270.0,6.0,measure,6,400.0,0.0,no_signal
0,robot_p4_20260912_173812.jsonl,33,276.0,6.0,measure,5,400.0,0.0,no_signal
0,robot_p4_20260912_173812.jsonl,34,282.0,6.0,measure,4,400.0,0.0,no_signal
0,robot_p4_20260912_173812.jsonl,35,288.0,6.0,measure,3,400.0,0.0,no_signal
0,robot_p4_20260912_173812.jsonl,36,294.0,6.0,measure,2,400.0,0.0,no_signal
0,robot_p4_20260912_173812.jsonl,37,300.0,6.0,measure,1,400.0,0.0,direction
0,robot_p4_20260912_173812.jsonl,38,306.0,6.0,measure,14,400.0,0.0,direction
0,robot_p4_20260912_173812.jsonl,39,392.0,86.0,measure,13,200.0,346.41,no_signal
0,robot_p4_20260912_173812.jsonl,40,398.0,6.0,measure,15,200.0,346.41,no_signal
0,robot_p4_20260912_173812.jsonl,41,404.0,6.0,measure,12,200.0,346.41,no_signal
0,robot_p4_20260912_173812.jsonl,42,410.0,6.0,measure,16,200.0,346.41,no_signal
0,robot_p4_20260912_173812.jsonl,43,416.0,6.0,measure,11,200.0,346.41,no_signal
0,robot_p4_20260912_173812.jsonl,44,422.0,6.0,measure,17,200.0,346.41,no_signal
0,robot_p4_20260912_173812.jsonl,45,428.0,6.0,measure,18,200.0,346.41,no_signal
0,robot_p4_20260912_173812.jsonl,46,434.0,6.0,measure,9,200.0,346.41,no_signal
0,robot_p4_20260912_173812.jsonl,47,440.0,6.0,measure,8,200.0,346.41,no_signal
0,robot_p4_20260912_173812.jsonl,48,446.0,6.0,measure,20,200.0,346.41,no_signal
0,robot_p4_20260912_173812.jsonl,49,452.0,6.0,measure,6,200.0,346.41,no_signal
0,robot_p4_20260912_173812.jsonl,50,458.0,6.0,measure,5,200.0,346.41,direction
0,robot_p4_20260912_173812.jsonl,51,464.0,6.0,measure,4,200.0,346.41,no_signal
0,robot_p4_20260912_173812.jsonl,52,470.0,6.0,measure,3,200.0,346.41,no_signal
0,robot_p4_20260912_173812.jsonl,53,476.0,6.0,measure,2,200.0,346.41,no_signal
0,robot_p4_20260912_173812.jsonl,54,482.0,6.0,measure,10,200.0,346.41,direction
0,robot_p4_20260912_173812.jsonl,55,488.0,6.0,measure,5,200.0,346.41,direction
0,robot_p4_20260912_173812.jsonl,56,567.817,79.817,measure,1,73.393,693.103,direction
0,robot_p4_20260912_173812.jsonl,57,575.116,7.299,clear,1,78.648,682.882,success
0,robot_p4_20260912_173812.jsonl,58,668.491,93.375,measure,2,-200.0,346.41,no_signal
0,robot_p4_20260912_173812.jsonl,59,674.491,6.0,measure,3,-200.0,346.41,no_signal
0,robot_p4_20260912_173812.jsonl,60,680.491,6.0,measure,4,-200.0,346.41,no_signal
0,robot_p4_20260912_173812.jsonl,61,686.491,6.0,measure,6,-200.0,346.41,no_signal
0,robot_p4_20260912_173812.jsonl,62,692.491,6.0,measure,8,-200.0,346.41,no_signal
0,robot_p4_20260912_173812.jsonl,63,698.491,6.0,measure,9,-200.0,346.41,no_signal
0,robot_p4_20260912_173812.jsonl,64,704.491,6.0,measure,11,-200.0,346.41,no_signal
0,robot_p4_20260912_173812.jsonl,65,710.491,6.0,measure,12,-200.0,346.41,no_signal
0,robot_p4_20260912_173812.jsonl,66,716.491,6.0,measure,13,-200.0,346.41,no_signal
0,robot_p4_20260912_173812.jsonl,67,722.491,6.0,measure,15,-200.0,346.41,no_signal
0,robot_p4_20260912_173812.jsonl,68,728.491,6.0,measure,16,-200.0,346.41,no_signal
0,robot_p4_20260912_173812.jsonl,69,734.491,6.0,measure,17,-200.0,346.41,direction
0,robot_p4_20260912_173812.jsonl,70,740.491,6.0,measure,18,-200.0,346.41,no_signal
0,robot_p4_20260912_173812.jsonl,71,746.491,6.0,measure,20,-200.0,346.41,no_signal
0,robot_p4_20260912_173812.jsonl,72,752.491,6.0,measure,17,-200.0,346.41,direction
0,robot_p4_20260912_173812.jsonl,73,758.491,6.0,measure,7,-200.0,346.41,direction
0,robot_p4_20260912_173812.jsonl,74,872.932,114.441,clear,7,-179.379,-200.407,success
0,robot_p4_20260912_173812.jsonl,75,908.422,35.49,measure,6,-200.0,-346.41,no_signal
0,robot_p4_20260912_173812.jsonl,76,914.422,6.0,measure,8,-200.0,-346.41,direction
0,robot_p4_20260912_173812.jsonl,77,920.422,6.0,measure,9,-200.0,-346.41,no_signal
0,robot_p4_20260912_173812.jsonl,78,926.422,6.0,measure,4,-200.0,-346.41,no_signal
0,robot_p4_20260912_173812.jsonl,79,932.422,6.0,measure,3,-200.0,-346.41,no_signal
0,robot_p4_20260912_173812.jsonl,80,938.422,6.0,measure,11,-200.0,-346.41,no_signal
0,robot_p4_20260912_173812.jsonl,81,944.422,6.0,measure,2,-200.0,-346.41,no_signal
0,robot_p4_20260912_173812.jsonl,82,950.422,6.0,measure,12,-200.0,-346.41,direction
0,robot_p4_20260912_173812.jsonl,83,956.422,6.0,measure,13,-200.0,-346.41,no_signal
0,robot_p4_20260912_173812.jsonl,84,962.422,6.0,measure,15,-200.0,-346.41,no_signal
0,robot_p4_20260912_173812.jsonl,85,968.422,6.0,measure,16,-200.0,-346.41,no_signal
0,robot_p4_20260912_173812.jsonl,86,974.422,6.0,measure,18,-200.0,-346.41,no_signal
0,robot_p4_20260912_173812.jsonl,87,980.422,6.0,measure,20,-200.0,-346.41,no_signal
0,robot_p4_20260912_173812.jsonl,88,986.422,6.0,measure,12,-200.0,-346.41,direction
0,robot_p4_20260912_173812.jsonl,89,992.422,6.0,measure,8,-200.0,-346.41,direction
0,robot_p4_20260912_173812.jsonl,90,1078.422,86.0,measure,9,-400.0,0.0,no_signal
0,robot_p4_20260912_173812.jsonl,91,1084.422,6.0,measure,6,-400.0,0.0,no_signal
0,robot_p4_20260912_173812.jsonl,92,1090.422,6.0,measure,11,-400.0,0.0,no_signal
0,robot_p4_20260912_173812.jsonl,93,1096.422,6.0,measure,4,-400.0,0.0,no_signal
0,robot_p4_20260912_173812.jsonl,94,1102.422,6.0,measure,3,-400.0,0.0,no_signal
0,robot_p4_20260912_173812.jsonl,95,1108.422,6.0,measure,13,-400.0,0.0,no_signal
0,robot_p4_20260912_173812.jsonl,96,1114.422,6.0,measure,2,-400.0,0.0,no_signal
0,robot_p4_20260912_173812.jsonl,97,1120.422,6.0,measure,15,-400.0,0.0,no_signal
0,robot_p4_20260912_173812.jsonl,98,1126.422,6.0,measure,16,-400.0,0.0,no_signal
0,robot_p4_20260912_173812.jsonl,99,1132.422,6.0,measure,18,-400.0,0.0,no_signal
0,robot_p4_20260912_173812.jsonl,100,1138.422,6.0,measure,20,-400.0,0.0,no_signal
0,robot_p4_20260912_173812.jsonl,101,1144.422,6.0,measure,17,-400.0,0.0,direction
0,robot_p4_20260912_173812.jsonl,102,1150.422,6.0,measure,12,-400.0,0.0,direction
0,robot_p4_20260912_173812.jsonl,103,1236.505,86.082,measure,10,-647.843,314.49,direction
0,robot_p4_20260912_173812.jsonl,104,1244.405,7.9,clear,10,-662.341,314.837,success
0,robot_p4_20260912_173812.jsonl,105,1392.635,148.23,measure,9,-1300.0,0.0,no_signal
0,robot_p4_20260912_173812.jsonl,106,1398.635,6.0,measure,11,-1300.0,0.0,no_signal
0,robot_p4_20260912_173812.jsonl,107,1404.635,6.0,measure,13,-1300.0,0.0,no_signal
0,robot_p4_20260912_173812.jsonl,108,1410.635,6.0,measure,6,-1300.0,0.0,no_signal
0,robot_p4_20260912_173812.jsonl,109,1416.635,6.0,measure,15,-1300.0,0.0,no_signal
0,robot_p4_20260912_173812.jsonl,110,1422.635,6.0,measure,4,-1300.0,0.0,direction
0,robot_p4_20260912_173812.jsonl,111,1428.635,6.0,measure,16,-1300.0,0.0,no_signal
0,robot_p4_20260912_173812.jsonl,112,1434.635,6.0,measure,3,-1300.0,0.0,no_signal
0,robot_p4_20260912_173812.jsonl,113,1440.635,6.0,measure,2,-1300.0,0.0,no_signal
0,robot_p4_20260912_173812.jsonl,114,1446.635,6.0,measure,18,-1300.0,0.0,direction
0,robot_p4_20260912_173812.jsonl,115,1452.635,6.0,measure,20,-1300.0,0.0,no_signal
0,robot_p4_20260912_173812.jsonl,116,1458.635,6.0,measure,4,-1300.0,0.0,direction
0,robot_p4_20260912_173812.jsonl,117,1464.635,6.0,measure,8,-1300.0,0.0,direction
0,robot_p4_20260912_173812.jsonl,118,1590.635,126.0,measure,9,-1900.0,0.0,no_signal
0,robot_p4_20260912_173812.jsonl,119,1596.635,6.0,measure,6,-1900.0,0.0,no_signal
0,robot_p4_20260912_173812.jsonl,120,1602.635,6.0,measure,11,-1900.0,0.0,no_signal
0,robot_p4_20260912_173812.jsonl,121,1608.635,6.0,measure,3,-1900.0,0.0,no_signal
0,robot_p4_20260912_173812.jsonl,122,1614.635,6.0,measure,13,-1900.0,0.0,no_signal
0,robot_p4_20260912_173812.jsonl,123,1620.635,6.0,measure,2,-1900.0,0.0,no_signal
0,robot_p4_20260912_173812.jsonl,124,1626.635,6.0,measure,15,-1900.0,0.0,direction
0,robot_p4_20260912_173812.jsonl,125,1632.635,6.0,measure,16,-1900.0,0.0,no_signal
0,robot_p4_20260912_173812.jsonl,126,1638.635,6.0,measure,20,-1900.0,0.0,no_signal
0,robot_p4_20260912_173812.jsonl,127,1644.635,6.0,measure,15,-1900.0,0.0,direction
0,robot_p4_20260912_173812.jsonl,128,1650.635,6.0,measure,18,-1900.0,0.0,direction
0,robot_p4_20260912_173812.jsonl,129,1853.337,202.702,measure,16,-1645.448,-950.0,no_signal
0,robot_p4_20260912_173812.jsonl,130,1859.337,6.0,measure,20,-1645.448,-950.0,no_signal
0,robot_p4_20260912_173812.jsonl,131,1865.337,6.0,measure,13,-1645.448,-950.0,no_signal
0,robot_p4_20260912_173812.jsonl,132,1871.337,6.0,measure,11,-1645.448,-950.0,no_signal
0,robot_p4_20260912_173812.jsonl,133,1877.337,6.0,measure,9,-1645.448,-950.0,no_signal
0,robot_p4_20260912_173812.jsonl,134,1883.337,6.0,measure,6,-1645.448,-950.0,no_signal
0,robot_p4_20260912_173812.jsonl,135,1889.337,6.0,measure,3,-1645.448,-950.0,no_signal
0,robot_p4_20260912_173812.jsonl,136,1895.337,6.0,measure,2,-1645.448,-950.0,no_signal
0,robot_p4_20260912_173812.jsonl,137,1901.337,6.0,measure,12,-1645.448,-950.0,direction
0,robot_p4_20260912_173812.jsonl,138,1907.337,6.0,measure,18,-1645.448,-950.0,direction
0,robot_p4_20260912_173812.jsonl,139,1962.584,55.247,clear,18,-1394.47,-938.689,success
0,robot_p4_20260912_173812.jsonl,140,2039.467,76.884,measure,12,-1067.565,-801.774,direction
0,robot_p4_20260912_173812.jsonl,141,2048.332,8.865,clear,12,-1084.274,-811.484,success
0,robot_p4_20260912_173812.jsonl,142,2085.263,36.931,measure,8,-981.841,-927.352,direction
0,robot_p4_20260912_173812.jsonl,143,2092.752,7.489,clear,8,-976.626,-916.052,success
0,robot_p4_20260912_173812.jsonl,144,2110.247,17.495,measure,9,-919.239,-919.239,no_signal
0,robot_p4_20260912_173812.jsonl,145,2116.247,6.0,measure,6,-919.239,-919.239,no_signal
0,robot_p4_20260912_173812.jsonl,146,2122.247,6.0,measure,11,-919.239,-919.239,no_signal
0,robot_p4_20260912_173812.jsonl,147,2128.247,6.0,measure,3,-919.239,-919.239,no_signal
0,robot_p4_20260912_173812.jsonl,148,2134.247,6.0,measure,13,-919.239,-919.239,no_signal
0,robot_p4_20260912_173812.jsonl,149,2140.247,6.0,measure,2,-919.239,-919.239,no_signal
0,robot_p4_20260912_173812.jsonl,150,2146.247,6.0,measure,16,-919.239,-919.239,no_signal
0,robot_p4_20260912_173812.jsonl,151,2152.247,6.0,measure,20,-919.239,-919.239,direction
0,robot_p4_20260912_173812.jsonl,152,2157.247,5.0,measure,20,-919.239,-919.239,direction
0,robot_p4_20260912_173812.jsonl,153,2163.247,6.0,measure,14,-919.239,-919.239,direction
0,robot_p4_20260912_173812.jsonl,154,2314.619,151.372,measure,13,-950.0,-1645.448,no_signal
0,robot_p4_20260912_173812.jsonl,155,2320.619,6.0,measure,16,-950.0,-1645.448,no_signal
0,robot_p4_20260912_173812.jsonl,156,2326.619,6.0,measure,11,-950.0,-1645.448,no_signal
0,robot_p4_20260912_173812.jsonl,157,2332.619,6.0,measure,9,-950.0,-1645.448,no_signal
0,robot_p4_20260912_173812.jsonl,158,2338.619,6.0,measure,6,-950.0,-1645.448,no_signal
0,robot_p4_20260912_173812.jsonl,159,2344.619,6.0,measure,3,-950.0,-1645.448,no_signal
0,robot_p4_20260912_173812.jsonl,160,2350.619,6.0,measure,2,-950.0,-1645.448,no_signal
0,robot_p4_20260912_173812.jsonl,161,2356.619,6.0,measure,20,-950.0,-1645.448,direction
0,robot_p4_20260912_173812.jsonl,162,2559.322,202.702,measure,16,-0.0,-1900.0,no_signal
0,robot_p4_20260912_173812.jsonl,163,2565.322,6.0,measure,13,-0.0,-1900.0,no_signal
0,robot_p4_20260912_173812.jsonl,164,2571.322,6.0,measure,11,-0.0,-1900.0,no_signal
0,robot_p4_20260912_173812.jsonl,165,2577.322,6.0,measure,9,-0.0,-1900.0,no_signal
0,robot_p4_20260912_173812.jsonl,166,2583.322,6.0,measure,6,-0.0,-1900.0,no_signal
0,robot_p4_20260912_173812.jsonl,167,2589.322,6.0,measure,3,-0.0,-1900.0,direction
0,robot_p4_20260912_173812.jsonl,168,2595.322,6.0,measure,2,-0.0,-1900.0,no_signal
0,robot_p4_20260912_173812.jsonl,169,2601.322,6.0,measure,3,-0.0,-1900.0,direction
0,robot_p4_20260912_173812.jsonl,170,2607.322,6.0,measure,20,-0.0,-1900.0,direction
0,robot_p4_20260912_173812.jsonl,171,2664.053,56.731,clear,20,-123.039,-1672.486,success
0,robot_p4_20260912_173812.jsonl,172,2748.509,84.456,measure,16,-0.0,-1300.0,no_signal
0,robot_p4_20260912_173812.jsonl,173,2754.509,6.0,measure,13,-0.0,-1300.0,no_signal
0,robot_p4_20260912_173812.jsonl,174,2760.509,6.0,measure,11,-0.0,-1300.0,no_signal
0,robot_p4_20260912_173812.jsonl,175,2766.509,6.0,measure,9,-0.0,-1300.0,no_signal
0,robot_p4_20260912_173812.jsonl,176,2772.509,6.0,measure,6,-0.0,-1300.0,no_signal
0,robot_p4_20260912_173812.jsonl,177,2778.509,6.0,measure,2,-0.0,-1300.0,no_signal
0,robot_p4_20260912_173812.jsonl,178,2784.509,6.0,measure,3,-0.0,-1300.0,direction
0,robot_p4_20260912_173812.jsonl,179,2828.532,44.024,clear,3,-194.468,-1284.082,success
0,robot_p4_20260912_173812.jsonl,180,2873.556,45.024,measure,14,-0.0,-1300.0,direction
0,robot_p4_20260912_173812.jsonl,181,2980.09,106.534,measure,14,168.217,-821.009,direction
0,robot_p4_20260912_173812.jsonl,182,2987.222,7.132,clear,14,164.372,-830.951,success
0,robot_p4_20260912_173812.jsonl,183,3090.392,103.17,measure,13,200.0,-346.41,no_signal
0,robot_p4_20260912_173812.jsonl,184,3096.392,6.0,measure,16,200.0,-346.41,no_signal
0,robot_p4_20260912_173812.jsonl,185,3102.392,6.0,measure,11,200.0,-346.41,no_signal
0,robot_p4_20260912_173812.jsonl,186,3108.392,6.0,measure,9,200.0,-346.41,no_signal
0,robot_p4_20260912_173812.jsonl,187,3114.392,6.0,measure,6,200.0,-346.41,no_signal
0,robot_p4_20260912_173812.jsonl,188,3120.392,6.0,measure,2,200.0,-346.41,no_signal
0,robot_p4_20260912_173812.jsonl,189,3126.392,6.0,measure,19,200.0,-346.41,direction
0,robot_p4_20260912_173812.jsonl,190,3316.287,189.895,measure,16,919.239,-919.239,direction
0,robot_p4_20260912_173812.jsonl,191,3322.287,6.0,measure,13,919.239,-919.239,no_signal
0,robot_p4_20260912_173812.jsonl,192,3328.287,6.0,measure,11,919.239,-919.239,no_signal
0,robot_p4_20260912_173812.jsonl,193,3334.287,6.0,measure,9,919.239,-919.239,no_signal
0,robot_p4_20260912_173812.jsonl,194,3340.287,6.0,measure,6,919.239,-919.239,no_signal
0,robot_p4_20260912_173812.jsonl,195,3346.287,6.0,measure,2,919.239,-919.239,no_signal
0,robot_p4_20260912_173812.jsonl,196,3352.287,6.0,measure,16,919.239,-919.239,direction
0,robot_p4_20260912_173812.jsonl,197,3358.287,6.0,measure,19,919.239,-919.239,no_signal
0,robot_p4_20260912_173812.jsonl,198,3509.659,151.372,measure,13,950.0,-1645.448,no_signal
0,robot_p4_20260912_173812.jsonl,199,3515.659,6.0,measure,11,950.0,-1645.448,no_signal
0,robot_p4_20260912_173812.jsonl,200,3521.659,6.0,measure,9,950.0,-1645.448,no_signal
0,robot_p4_20260912_173812.jsonl,201,3527.659,6.0,measure,6,950.0,-1645.448,no_signal
0,robot_p4_20260912_173812.jsonl,202,3533.659,6.0,measure,2,950.0,-1645.448,no_signal
0,robot_p4_20260912_173812.jsonl,203,3539.659,6.0,measure,19,950.0,-1645.448,no_signal
0,robot_p4_20260912_173812.jsonl,204,3742.362,202.702,measure,13,1645.448,-950.0,no_signal
0,robot_p4_20260912_173812.jsonl,205,3748.362,6.0,measure,11,1645.448,-950.0,no_signal
0,robot_p4_20260912_173812.jsonl,206,3754.362,6.0,measure,9,1645.448,-950.0,no_signal
0,robot_p4_20260912_173812.jsonl,207,3760.362,6.0,measure,6,1645.448,-950.0,no_signal
0,robot_p4_20260912_173812.jsonl,208,3766.362,6.0,measure,2,1645.448,-950.0,no_signal
0,robot_p4_20260912_173812.jsonl,209,3772.362,6.0,measure,16,1645.448,-950.0,direction
0,robot_p4_20260912_173812.jsonl,210,3876.158,103.796,clear,16,1336.32,-564.699,success
0,robot_p4_20260912_173812.jsonl,211,3980.954,104.796,measure,19,1645.448,-950.0,no_signal
0,robot_p4_20260912_173812.jsonl,212,4189.126,208.172,measure,13,1300.0,0.0,no_signal
0,robot_p4_20260912_173812.jsonl,213,4195.126,6.0,measure,11,1300.0,0.0,no_signal
0,robot_p4_20260912_173812.jsonl,214,4201.126,6.0,measure,9,1300.0,0.0,no_signal
0,robot_p4_20260912_173812.jsonl,215,4207.126,6.0,measure,6,1300.0,0.0,no_signal
0,robot_p4_20260912_173812.jsonl,216,4213.126,6.0,measure,2,1300.0,0.0,no_signal
0,robot_p4_20260912_173812.jsonl,217,4219.126,6.0,measure,5,1300.0,0.0,no_signal
0,robot_p4_20260912_173812.jsonl,218,4225.126,6.0,measure,19,1300.0,0.0,direction
0,robot_p4_20260912_173812.jsonl,219,4319.383,94.258,clear,19,1145.119,-418.551,success
0,robot_p4_20260912_173812.jsonl,220,4498.014,178.63,measure,13,1900.0,0.0,no_signal
0,robot_p4_20260912_173812.jsonl,221,4504.014,6.0,measure,11,1900.0,0.0,no_signal
0,robot_p4_20260912_173812.jsonl,222,4510.014,6.0,measure,9,1900.0,0.0,no_signal
0,robot_p4_20260912_173812.jsonl,223,4516.014,6.0,measure,6,1900.0,0.0,no_signal
0,robot_p4_20260912_173812.jsonl,224,4522.014,6.0,measure,2,1900.0,0.0,no_signal
0,robot_p4_20260912_173812.jsonl,225,4723.716,201.702,measure,2,1645.448,950.0,no_signal
0,robot_p4_20260912_173812.jsonl,226,4729.716,6.0,measure,6,1645.448,950.0,no_signal
0,robot_p4_20260912_173812.jsonl,227,4735.716,6.0,measure,9,1645.448,950.0,no_signal
0,robot_p4_20260912_173812.jsonl,228,4741.716,6.0,measure,11,1645.448,950.0,no_signal
0,robot_p4_20260912_173812.jsonl,229,4747.716,6.0,measure,13,1645.448,950.0,no_signal
0,robot_p4_20260912_173812.jsonl,230,4753.716,6.0,measure,5,1645.448,950.0,direction
0,robot_p4_20260912_173812.jsonl,231,4905.088,151.372,measure,6,919.239,919.239,no_signal
0,robot_p4_20260912_173812.jsonl,232,4911.088,6.0,measure,2,919.239,919.239,no_signal
0,robot_p4_20260912_173812.jsonl,233,4917.088,6.0,measure,9,919.239,919.239,no_signal
0,robot_p4_20260912_173812.jsonl,234,4923.088,6.0,measure,11,919.239,919.239,no_signal
0,robot_p4_20260912_173812.jsonl,235,4929.088,6.0,measure,13,919.239,919.239,no_signal
0,robot_p4_20260912_173812.jsonl,236,4935.088,6.0,measure,5,919.239,919.239,direction
0,robot_p4_20260912_173812.jsonl,237,4986.78,51.692,clear,5,966.444,1147.875,success
0,robot_p4_20260912_173812.jsonl,238,5092.349,105.569,measure,6,950.0,1645.448,no_signal
0,robot_p4_20260912_173812.jsonl,239,5098.349,6.0,measure,2,950.0,1645.448,no_signal
0,robot_p4_20260912_173812.jsonl,240,5104.349,6.0,measure,9,950.0,1645.448,no_signal
0,robot_p4_20260912_173812.jsonl,241,5110.349,6.0,measure,11,950.0,1645.448,no_signal
0,robot_p4_20260912_173812.jsonl,242,5116.349,6.0,measure,13,950.0,1645.448,no_signal
0,robot_p4_20260912_173812.jsonl,243,5323.52,207.172,measure,13,0.0,1300.0,no_signal
0,robot_p4_20260912_173812.jsonl,244,5329.52,6.0,measure,11,0.0,1300.0,no_signal
0,robot_p4_20260912_173812.jsonl,245,5335.52,6.0,measure,9,0.0,1300.0,no_signal
0,robot_p4_20260912_173812.jsonl,246,5341.52,6.0,measure,6,0.0,1300.0,no_signal
0,robot_p4_20260912_173812.jsonl,247,5347.52,6.0,measure,2,0.0,1300.0,no_signal
0,robot_p4_20260912_173812.jsonl,248,5353.52,6.0,measure,4,0.0,1300.0,no_signal
0,robot_p4_20260912_173812.jsonl,249,5479.52,126.0,measure,2,0.0,1900.0,no_signal
0,robot_p4_20260912_173812.jsonl,250,5485.52,6.0,measure,6,0.0,1900.0,no_signal
0,robot_p4_20260912_173812.jsonl,251,5491.52,6.0,measure,9,0.0,1900.0,no_signal
0,robot_p4_20260912_173812.jsonl,252,5497.52,6.0,measure,11,0.0,1900.0,no_signal
0,robot_p4_20260912_173812.jsonl,253,5503.52,6.0,measure,13,0.0,1900.0,no_signal
0,robot_p4_20260912_173812.jsonl,254,5509.52,6.0,measure,4,0.0,1900.0,no_signal
0,robot_p4_20260912_173812.jsonl,255,5712.223,202.702,measure,2,-950.0,1645.448,no_signal
0,robot_p4_20260912_173812.jsonl,256,5718.223,6.0,measure,6,-950.0,1645.448,no_signal
0,robot_p4_20260912_173812.jsonl,257,5724.223,6.0,measure,9,-950.0,1645.448,no_signal
0,robot_p4_20260912_173812.jsonl,258,5730.223,6.0,measure,11,-950.0,1645.448,no_signal
0,robot_p4_20260912_173812.jsonl,259,5736.223,6.0,measure,13,-950.0,1645.448,no_signal
0,robot_p4_20260912_173812.jsonl,260,5742.223,6.0,measure,4,-950.0,1645.448,no_signal
0,robot_p4_20260912_173812.jsonl,261,5748.223,6.0,measure,15,-950.0,1645.448,direction
0,robot_p4_20260912_173812.jsonl,262,5899.595,151.372,measure,13,-919.239,919.239,no_signal
0,robot_p4_20260912_173812.jsonl,263,5905.595,6.0,measure,11,-919.239,919.239,no_signal
0,robot_p4_20260912_173812.jsonl,264,5911.595,6.0,measure,9,-919.239,919.239,no_signal
0,robot_p4_20260912_173812.jsonl,265,5917.595,6.0,measure,6,-919.239,919.239,no_signal
0,robot_p4_20260912_173812.jsonl,266,5923.595,6.0,measure,2,-919.239,919.239,no_signal
0,robot_p4_20260912_173812.jsonl,267,5929.595,6.0,measure,4,-919.239,919.239,no_signal
0,robot_p4_20260912_173812.jsonl,268,5935.595,6.0,measure,17,-919.239,919.239,direction
0,robot_p4_20260912_173812.jsonl,269,6029.953,94.359,measure,15,-1194.246,573.476,no_signal
0,robot_p4_20260912_173812.jsonl,270,6040.318,10.365,measure,15,-1209.149,551.173,no_signal
0,robot_p4_20260912_173812.jsonl,271,6060.986,20.668,measure,15,-1284.246,573.476,direction
0,robot_p4_20260912_173812.jsonl,272,6083.954,22.968,clear,15,-1194.538,568.618,success
0,robot_p4_20260912_173812.jsonl,273,6120.278,36.324,measure,17,-1342.156,534.015,direction
0,robot_p4_20260912_173812.jsonl,274,6126.825,6.547,clear,17,-1334.423,534.176,success
0,robot_p4_20260912_173812.jsonl,275,6236.68,109.855,measure,13,-1645.448,950.0,no_signal
0,robot_p4_20260912_173812.jsonl,276,6242.68,6.0,measure,11,-1645.448,950.0,no_signal
0,robot_p4_20260912_173812.jsonl,277,6248.68,6.0,measure,9,-1645.448,950.0,no_signal
0,robot_p4_20260912_173812.jsonl,278,6254.68,6.0,measure,6,-1645.448,950.0,no_signal
0,robot_p4_20260912_173812.jsonl,279,6260.68,6.0,measure,2,-1645.448,950.0,no_signal
0,robot_p4_20260912_173812.jsonl,280,6266.68,6.0,measure,4,-1645.448,950.0,no_signal
0,robot_p4_20260912_173812.jsonl,281,6437.495,170.816,measure,4,-883.322,623.602,no_signal
0,robot_p4_20260912_173812.jsonl,282,6517.495,80.0,measure,4,-1091.661,311.801,no_signal
0,robot_p4_20260912_173812.jsonl,283,6531.495,14.0,measure,4,-1116.662,274.385,no_signal
0,robot_p4_20260912_173812.jsonl,284,6541.992,10.497,measure,4,-1093.322,259.872,no_signal
0,robot_p4_20260912_173812.jsonl,285,6591.016,49.024,measure,4,-1237.498,93.54,direction
0,robot_p4_20260912_173812.jsonl,286,6623.758,32.742,measure,4,-1313.856,-22.262,direction
0,robot_p4_20260912_173812.jsonl,287,6792.587,168.829,measure,4,-862.933,661.599,no_signal
0,robot_p4_20260912_173812.jsonl,288,6865.631,73.043,measure,4,-675.65,945.628,no_signal
0,robot_p4_20260912_173812.jsonl,289,6944.069,78.438,measure,4,-442.933,661.599,no_signal
0,robot_p4_20260912_173812.jsonl,290,7033.069,89.0,measure,4,-652.933,297.868,no_signal
0,robot_p4_20260912_173812.jsonl,291,7074.859,41.79,measure,4,-833.758,264.104,no_signal
0,robot_p4_20260912_173812.jsonl,292,7087.228,12.369,measure,4,-862.933,241.599,no_signal
0,robot_p4_20260912_173812.jsonl,293,7157.133,69.905,measure,4,-1181.314,178.749,no_signal
0,robot_p4_20260912_173812.jsonl,294,7257.394,100.261,measure,4,-1443.509,-218.892,direction
0,robot_p4_20260912_173812.jsonl,295,7275.348,17.954,measure,4,-1407.855,-164.819,direction
0,robot_p4_20260912_173812.jsonl,296,7454.776,179.428,measure,4,-927.759,563.284,no_signal
0,robot_p4_20260912_173812.jsonl,297,7543.776,89.0,measure,4,-1347.759,563.284,no_signal
0,robot_p4_20260912_173812.jsonl,298,7632.776,89.0,measure,4,-1137.759,927.015,no_signal
0,robot_p4_20260912_173812.jsonl,299,7721.776,89.0,measure,4,-717.759,927.015,no_signal
0,robot_p4_20260912_173812.jsonl,300,7810.776,89.0,measure,4,-507.759,563.284,no_signal
0,robot_p4_20260912_173812.jsonl,301,7859.257,48.482,measure,4,-564.029,773.284,no_signal
0,robot_p4_20260912_173812.jsonl,302,7983.051,123.794,measure,4,-717.759,199.553,no_signal
0,robot_p4_20260912_173812.jsonl,303,8072.051,89.0,measure,4,-1137.759,199.553,no_signal
0,robot_p4_20260912_173812.jsonl,304,8128.482,56.43,measure,4,-1299.446,-0.408,direction
0,robot_p4_20260912_173812.jsonl,305,8245.285,116.803,measure,4,-1239.607,555.397,no_signal
0,robot_p4_20260912_173812.jsonl,306,8292.018,46.733,measure,4,-1291.49,353.284,no_signal
0,robot_p4_20260912_173812.jsonl,307,8442.511,150.492,measure,4,-927.759,983.284,no_signal
0,robot_p4_20260912_173812.jsonl,308,8442.511,0.0,exit,,,,
0,robot_p4_20260912_173828.jsonl,0,0.0,0.0,enter,,,,
0,robot_p4_20260912_173828.jsonl,1,5.0,5.0,measure,1,0.0,0.0,no_signal
0,robot_p4_20260912_173828.jsonl,2,11.0,6.0,measure,2,0.0,0.0,direction
0,robot_p4_20260912_173828.jsonl,3,17.0,6.0,measure,3,0.0,0.0,no_signal
0,robot_p4_20260912_173828.jsonl,4,23.0,6.0,measure,4,0.0,0.0,no_signal
0,robot_p4_20260912_173828.jsonl,5,29.0,6.0,measure,5,0.0,0.0,direction
0,robot_p4_20260912_173828.jsonl,6,35.0,6.0,measure,6,0.0,0.0,direction
0,robot_p4_20260912_173828.jsonl,7,41.0,6.0,measure,7,0.0,0.0,direction
0,robot_p4_20260912_173828.jsonl,8,47.0,6.0,measure,8,0.0,0.0,no_signal
0,robot_p4_20260912_173828.jsonl,9,53.0,6.0,measure,9,0.0,0.0,no_signal
0,robot_p4_20260912_173828.jsonl,10,59.0,6.0,measure,10,0.0,0.0,direction
0,robot_p4_20260912_173828.jsonl,11,65.0,6.0,measure,11,0.0,0.0,no_signal
0,robot_p4_20260912_173828.jsonl,12,71.0,6.0,measure,12,0.0,0.0,no_signal
0,robot_p4_20260912_173828.jsonl,13,77.0,6.0,measure,13,0.0,0.0,no_signal
0,robot_p4_20260912_173828.jsonl,14,83.0,6.0,measure,14,0.0,0.0,direction
0,robot_p4_20260912_173828.jsonl,15,89.0,6.0,measure,15,0.0,0.0,direction
0,robot_p4_20260912_173828.jsonl,16,95.0,6.0,measure,16,0.0,0.0,no_signal
0,robot_p4_20260912_173828.jsonl,17,101.0,6.0,measure,17,0.0,0.0,no_signal
0,robot_p4_20260912_173828.jsonl,18,107.0,6.0,measure,18,0.0,0.0,no_signal
0,robot_p4_20260912_173828.jsonl,19,113.0,6.0,measure,19,0.0,0.0,direction
0,robot_p4_20260912_173828.jsonl,20,119.0,6.0,measure,20,0.0,0.0,no_signal
0,robot_p4_20260912_173828.jsonl,21,204.0,85.0,measure,20,400.0,0.0,no_signal
0,robot_p4_20260912_173828.jsonl,22,210.0,6.0,measure,18,400.0,0.0,no_signal
0,robot_p4_20260912_173828.jsonl,23,216.0,6.0,measure,17,400.0,0.0,no_signal
0,robot_p4_20260912_173828.jsonl,24,222.0,6.0,measure,16,400.0,0.0,no_signal
0,robot_p4_20260912_173828.jsonl,25,228.0,6.0,measure,13,400.0,0.0,direction
0,robot_p4_20260912_173828.jsonl,26,234.0,6.0,measure,12,400.0,0.0,no_signal
0,robot_p4_20260912_173828.jsonl,27,240.0,6.0,measure,11,400.0,0.0,no_signal
0,robot_p4_20260912_173828.jsonl,28,246.0,6.0,measure,9,400.0,0.0,no_signal
0,robot_p4_20260912_173828.jsonl,29,252.0,6.0,measure,8,400.0,0.0,no_signal
0,robot_p4_20260912_173828.jsonl,30,258.0,6.0,measure,4,400.0,0.0,no_signal
0,robot_p4_20260912_173828.jsonl,31,264.0,6.0,measure,3,400.0,0.0,no_signal
0,robot_p4_20260912_173828.jsonl,32,270.0,6.0,measure,1,400.0,0.0,no_signal
0,robot_p4_20260912_173828.jsonl,33,276.0,6.0,measure,7,400.0,0.0,direction
0,robot_p4_20260912_173828.jsonl,34,282.0,6.0,measure,6,400.0,0.0,direction
0,robot_p4_20260912_173828.jsonl,35,368.0,86.0,measure,4,200.0,346.41,no_signal
0,robot_p4_20260912_173828.jsonl,36,374.0,6.0,measure,8,200.0,346.41,no_signal
0,robot_p4_20260912_173828.jsonl,37,380.0,6.0,measure,3,200.0,346.41,no_signal
0,robot_p4_20260912_173828.jsonl,38,386.0,6.0,measure,9,200.0,346.41,no_signal
0,robot_p4_20260912_173828.jsonl,39,392.0,6.0,measure,1,200.0,346.41,direction
0,robot_p4_20260912_173828.jsonl,40,398.0,6.0,measure,11,200.0,346.41,no_signal
0,robot_p4_20260912_173828.jsonl,41,404.0,6.0,measure,12,200.0,346.41,no_signal
0,robot_p4_20260912_173828.jsonl,42,410.0,6.0,measure,16,200.0,346.41,no_signal
0,robot_p4_20260912_173828.jsonl,43,416.0,6.0,measure,17,200.0,346.41,no_signal
0,robot_p4_20260912_173828.jsonl,44,422.0,6.0,measure,18,200.0,346.41,no_signal
0,robot_p4_20260912_173828.jsonl,45,428.0,6.0,measure,20,200.0,346.41,no_signal
0,robot_p4_20260912_173828.jsonl,46,434.0,6.0,measure,19,200.0,346.41,direction
0,robot_p4_20260912_173828.jsonl,47,440.0,6.0,measure,15,200.0,346.41,direction
0,robot_p4_20260912_173828.jsonl,48,489.15,49.15,clear,15,-9.621,415.618,success
0,robot_p4_20260912_173828.jsonl,49,535.664,46.514,measure,16,-200.0,346.41,no_signal
0,robot_p4_20260912_173828.jsonl,50,541.664,6.0,measure,17,-200.0,346.41,no_signal
0,robot_p4_20260912_173828.jsonl,51,547.664,6.0,measure,12,-200.0,346.41,no_signal
0,robot_p4_20260912_173828.jsonl,52,553.664,6.0,measure,18,-200.0,346.41,no_signal
0,robot_p4_20260912_173828.jsonl,53,559.664,6.0,measure,11,-200.0,346.41,no_signal
0,robot_p4_20260912_173828.jsonl,54,565.664,6.0,measure,20,-200.0,346.41,no_signal
0,robot_p4_20260912_173828.jsonl,55,571.664,6.0,measure,9,-200.0,346.41,no_signal
0,robot_p4_20260912_173828.jsonl,56,577.664,6.0,measure,8,-200.0,346.41,no_signal
0,robot_p4_20260912_173828.jsonl,57,583.664,6.0,measure,4,-200.0,346.41,no_signal
0,robot_p4_20260912_173828.jsonl,58,589.664,6.0,measure,3,-200.0,346.41,no_signal
0,robot_p4_20260912_173828.jsonl,59,595.664,6.0,measure,5,-200.0,346.41,no_signal
0,robot_p4_20260912_173828.jsonl,60,601.664,6.0,measure,10,-200.0,346.41,direction
0,robot_p4_20260912_173828.jsonl,61,687.664,86.0,measure,9,-400.0,0.0,no_signal
0,robot_p4_20260912_173828.jsonl,62,693.664,6.0,measure,11,-400.0,0.0,no_signal
0,robot_p4_20260912_173828.jsonl,63,699.664,6.0,measure,8,-400.0,0.0,no_signal
0,robot_p4_20260912_173828.jsonl,64,705.664,6.0,measure,12,-400.0,0.0,no_signal
0,robot_p4_20260912_173828.jsonl,65,711.664,6.0,measure,4,-400.0,0.0,no_signal
0,robot_p4_20260912_173828.jsonl,66,717.664,6.0,measure,16,-400.0,0.0,no_signal
0,robot_p4_20260912_173828.jsonl,67,723.664,6.0,measure,3,-400.0,0.0,no_signal
0,robot_p4_20260912_173828.jsonl,68,729.664,6.0,measure,17,-400.0,0.0,no_signal
0,robot_p4_20260912_173828.jsonl,69,735.664,6.0,measure,18,-400.0,0.0,no_signal
0,robot_p4_20260912_173828.jsonl,70,741.664,6.0,measure,20,-400.0,0.0,no_signal
0,robot_p4_20260912_173828.jsonl,71,747.664,6.0,measure,14,-400.0,0.0,direction
0,robot_p4_20260912_173828.jsonl,72,753.664,6.0,measure,5,-400.0,0.0,direction
0,robot_p4_20260912_173828.jsonl,73,832.599,78.936,measure,10,-685.923,-226.358,direction
0,robot_p4_20260912_173828.jsonl,74,840.394,7.794,clear,10,-676.193,-216.331,success
0,robot_p4_20260912_173828.jsonl,75,945.122,104.728,measure,9,-200.0,-346.41,no_signal
0,robot_p4_20260912_173828.jsonl,76,951.122,6.0,measure,11,-200.0,-346.41,no_signal
0,robot_p4_20260912_173828.jsonl,77,957.122,6.0,measure,8,-200.0,-346.41,no_signal
0,robot_p4_20260912_173828.jsonl,78,963.122,6.0,measure,12,-200.0,-346.41,no_signal
0,robot_p4_20260912_173828.jsonl,79,969.122,6.0,measure,4,-200.0,-346.41,no_signal
0,robot_p4_20260912_173828.jsonl,80,975.122,6.0,measure,16,-200.0,-346.41,no_signal
0,robot_p4_20260912_173828.jsonl,81,981.122,6.0,measure,3,-200.0,-346.41,no_signal
0,robot_p4_20260912_173828.jsonl,82,987.122,6.0,measure,17,-200.0,-346.41,no_signal
0,robot_p4_20260912_173828.jsonl,83,993.122,6.0,measure,18,-200.0,-346.41,no_signal
0,robot_p4_20260912_173828.jsonl,84,999.122,6.0,measure,20,-200.0,-346.41,no_signal
0,robot_p4_20260912_173828.jsonl,85,1005.122,6.0,measure,2,-200.0,-346.41,direction
0,robot_p4_20260912_173828.jsonl,86,1011.122,6.0,measure,6,-200.0,-346.41,direction
0,robot_p4_20260912_173828.jsonl,87,1097.122,86.0,measure,4,200.0,-346.41,no_signal
0,robot_p4_20260912_173828.jsonl,88,1103.122,6.0,measure,8,200.0,-346.41,no_signal
0,robot_p4_20260912_173828.jsonl,89,1109.122,6.0,measure,3,200.0,-346.41,no_signal
0,robot_p4_20260912_173828.jsonl,90,1115.122,6.0,measure,9,200.0,-346.41,no_signal
0,robot_p4_20260912_173828.jsonl,91,1121.122,6.0,measure,11,200.0,-346.41,direction
0,robot_p4_20260912_173828.jsonl,92,1127.122,6.0,measure,12,200.0,-346.41,no_signal
0,robot_p4_20260912_173828.jsonl,93,1133.122,6.0,measure,16,200.0,-346.41,no_signal
0,robot_p4_20260912_173828.jsonl,94,1139.122,6.0,measure,17,200.0,-346.41,no_signal
0,robot_p4_20260912_173828.jsonl,95,1145.122,6.0,measure,18,200.0,-346.41,no_signal
0,robot_p4_20260912_173828.jsonl,96,1151.122,6.0,measure,20,200.0,-346.41,no_signal
0,robot_p4_20260912_173828.jsonl,97,1157.122,6.0,measure,11,200.0,-346.41,direction
0,robot_p4_20260912_173828.jsonl,98,1163.122,6.0,measure,19,200.0,-346.41,direction
0,robot_p4_20260912_173828.jsonl,99,1328.586,165.465,measure,6,905.191,-718.473,direction
0,robot_p4_20260912_173828.jsonl,100,1335.529,6.943,clear,6,901.865,-727.599,success
0,robot_p4_20260912_173828.jsonl,101,1380.014,44.485,measure,4,919.239,-919.239,no_signal
0,robot_p4_20260912_173828.jsonl,102,1386.014,6.0,measure,8,919.239,-919.239,no_signal
0,robot_p4_20260912_173828.jsonl,103,1392.014,6.0,measure,3,919.239,-919.239,no_signal
0,robot_p4_20260912_173828.jsonl,104,1398.014,6.0,measure,9,919.239,-919.239,no_signal
0,robot_p4_20260912_173828.jsonl,105,1404.014,6.0,measure,12,919.239,-919.239,no_signal
0,robot_p4_20260912_173828.jsonl,106,1410.014,6.0,measure,16,919.239,-919.239,no_signal
0,robot_p4_20260912_173828.jsonl,107,1416.014,6.0,measure,17,919.239,-919.239,no_signal
0,robot_p4_20260912_173828.jsonl,108,1422.014,6.0,measure,18,919.239,-919.239,no_signal
0,robot_p4_20260912_173828.jsonl,109,1428.014,6.0,measure,20,919.239,-919.239,direction
0,robot_p4_20260912_173828.jsonl,110,1433.014,5.0,measure,20,919.239,-919.239,direction
0,robot_p4_20260912_173828.jsonl,111,1439.014,6.0,measure,13,919.239,-919.239,direction
0,robot_p4_20260912_173828.jsonl,112,1590.386,151.372,measure,12,1645.448,-950.0,no_signal
0,robot_p4_20260912_173828.jsonl,113,1596.386,6.0,measure,16,1645.448,-950.0,no_signal
0,robot_p4_20260912_173828.jsonl,114,1602.386,6.0,measure,9,1645.448,-950.0,no_signal
0,robot_p4_20260912_173828.jsonl,115,1608.386,6.0,measure,17,1645.448,-950.0,no_signal
0,robot_p4_20260912_173828.jsonl,116,1614.386,6.0,measure,8,1645.448,-950.0,no_signal
0,robot_p4_20260912_173828.jsonl,117,1620.386,6.0,measure,18,1645.448,-950.0,no_signal
0,robot_p4_20260912_173828.jsonl,118,1626.386,6.0,measure,4,1645.448,-950.0,no_signal
0,robot_p4_20260912_173828.jsonl,119,1632.386,6.0,measure,3,1645.448,-950.0,no_signal
0,robot_p4_20260912_173828.jsonl,120,1638.386,6.0,measure,19,1645.448,-950.0,direction
0,robot_p4_20260912_173828.jsonl,121,1644.386,6.0,measure,13,1645.448,-950.0,direction
0,robot_p4_20260912_173828.jsonl,122,1790.067,145.681,measure,19,1076.696,-544.674,direction
0,robot_p4_20260912_173828.jsonl,123,1796.796,6.729,clear,19,1081.002,-537.175,success
0,robot_p4_20260912_173828.jsonl,124,1915.393,118.597,measure,13,1202.387,12.568,direction
0,robot_p4_20260912_173828.jsonl,125,1921.694,6.301,clear,13,1197.846,17.225,success
0,robot_p4_20260912_173828.jsonl,126,1948.413,26.719,measure,12,1300.0,0.0,no_signal
0,robot_p4_20260912_173828.jsonl,127,1954.413,6.0,measure,16,1300.0,0.0,no_signal
0,robot_p4_20260912_173828.jsonl,128,1960.413,6.0,measure,9,1300.0,0.0,no_signal
0,robot_p4_20260912_173828.jsonl,129,1966.413,6.0,measure,17,1300.0,0.0,no_signal
0,robot_p4_20260912_173828.jsonl,130,1972.413,6.0,measure,8,1300.0,0.0,no_signal
0,robot_p4_20260912_173828.jsonl,131,1978.413,6.0,measure,18,1300.0,0.0,no_signal
0,robot_p4_20260912_173828.jsonl,132,1984.413,6.0,measure,4,1300.0,0.0,no_signal
0,robot_p4_20260912_173828.jsonl,133,1990.413,6.0,measure,3,1300.0,0.0,no_signal
0,robot_p4_20260912_173828.jsonl,134,1996.413,6.0,measure,20,1300.0,0.0,direction
0,robot_p4_20260912_173828.jsonl,135,2103.42,107.006,clear,20,840.121,-220.55,success
0,robot_p4_20260912_173828.jsonl,136,2325.936,222.517,measure,18,1900.0,0.0,no_signal
0,robot_p4_20260912_173828.jsonl,137,2331.936,6.0,measure,17,1900.0,0.0,no_signal
0,robot_p4_20260912_173828.jsonl,138,2337.936,6.0,measure,16,1900.0,0.0,no_signal
0,robot_p4_20260912_173828.jsonl,139,2343.936,6.0,measure,12,1900.0,0.0,no_signal
0,robot_p4_20260912_173828.jsonl,140,2349.936,6.0,measure,9,1900.0,0.0,no_signal
0,robot_p4_20260912_173828.jsonl,141,2355.936,6.0,measure,8,1900.0,0.0,no_signal
0,robot_p4_20260912_173828.jsonl,142,2361.936,6.0,measure,4,1900.0,0.0,no_signal
0,robot_p4_20260912_173828.jsonl,143,2367.936,6.0,measure,3,1900.0,0.0,no_signal
0,robot_p4_20260912_173828.jsonl,144,2569.639,201.702,measure,3,1645.448,950.0,no_signal
0,robot_p4_20260912_173828.jsonl,145,2575.639,6.0,measure,4,1645.448,950.0,no_signal
0,robot_p4_20260912_173828.jsonl,146,2581.639,6.0,measure,8,1645.448,950.0,no_signal
0,robot_p4_20260912_173828.jsonl,147,2587.639,6.0,measure,9,1645.448,950.0,no_signal
0,robot_p4_20260912_173828.jsonl,148,2593.639,6.0,measure,12,1645.448,950.0,no_signal
0,robot_p4_20260912_173828.jsonl,149,2599.639,6.0,measure,16,1645.448,950.0,no_signal
0,robot_p4_20260912_173828.jsonl,150,2605.639,6.0,measure,17,1645.448,950.0,no_signal
0,robot_p4_20260912_173828.jsonl,151,2611.639,6.0,measure,18,1645.448,950.0,no_signal
0,robot_p4_20260912_173828.jsonl,152,2762.011,150.372,measure,18,919.239,919.239,no_signal
0,robot_p4_20260912_173828.jsonl,153,2768.011,6.0,measure,17,919.239,919.239,no_signal
0,robot_p4_20260912_173828.jsonl,154,2774.011,6.0,measure,16,919.239,919.239,no_signal
0,robot_p4_20260912_173828.jsonl,155,2780.011,6.0,measure,12,919.239,919.239,no_signal
0,robot_p4_20260912_173828.jsonl,156,2786.011,6.0,measure,9,919.239,919.239,no_signal
0,robot_p4_20260912_173828.jsonl,157,2792.011,6.0,measure,8,919.239,919.239,no_signal
0,robot_p4_20260912_173828.jsonl,158,2798.011,6.0,measure,4,919.239,919.239,no_signal
0,robot_p4_20260912_173828.jsonl,159,2804.011,6.0,measure,3,919.239,919.239,no_signal
0,robot_p4_20260912_173828.jsonl,160,2810.011,6.0,measure,1,919.239,919.239,direction
0,robot_p4_20260912_173828.jsonl,161,2816.011,6.0,measure,7,919.239,919.239,direction
0,robot_p4_20260912_173828.jsonl,162,2967.383,151.372,measure,8,950.0,1645.448,no_signal
0,robot_p4_20260912_173828.jsonl,163,2973.383,6.0,measure,9,950.0,1645.448,no_signal
0,robot_p4_20260912_173828.jsonl,164,2979.383,6.0,measure,4,950.0,1645.448,no_signal
0,robot_p4_20260912_173828.jsonl,165,2985.383,6.0,measure,3,950.0,1645.448,no_signal
0,robot_p4_20260912_173828.jsonl,166,2991.383,6.0,measure,12,950.0,1645.448,no_signal
0,robot_p4_20260912_173828.jsonl,167,2997.383,6.0,measure,16,950.0,1645.448,no_signal
0,robot_p4_20260912_173828.jsonl,168,3003.383,6.0,measure,17,950.0,1645.448,no_signal
0,robot_p4_20260912_173828.jsonl,169,3009.383,6.0,measure,18,950.0,1645.448,no_signal
0,robot_p4_20260912_173828.jsonl,170,3015.383,6.0,measure,1,950.0,1645.448,direction
0,robot_p4_20260912_173828.jsonl,171,3021.383,6.0,measure,7,950.0,1645.448,direction
0,robot_p4_20260912_173828.jsonl,172,3263.181,241.799,clear,7,-98.403,1095.274,success
0,robot_p4_20260912_173828.jsonl,173,3314.611,51.429,measure,8,0.0,1300.0,no_signal
0,robot_p4_20260912_173828.jsonl,174,3320.611,6.0,measure,9,0.0,1300.0,no_signal
0,robot_p4_20260912_173828.jsonl,175,3326.611,6.0,measure,4,0.0,1300.0,no_signal
0,robot_p4_20260912_173828.jsonl,176,3332.611,6.0,measure,3,0.0,1300.0,no_signal
0,robot_p4_20260912_173828.jsonl,177,3338.611,6.0,measure,12,0.0,1300.0,no_signal
0,robot_p4_20260912_173828.jsonl,178,3344.611,6.0,measure,16,0.0,1300.0,no_signal
0,robot_p4_20260912_173828.jsonl,179,3350.611,6.0,measure,17,0.0,1300.0,no_signal
0,robot_p4_20260912_173828.jsonl,180,3356.611,6.0,measure,18,0.0,1300.0,no_signal
0,robot_p4_20260912_173828.jsonl,181,3362.611,6.0,measure,2,0.0,1300.0,direction
0,robot_p4_20260912_173828.jsonl,182,3368.611,6.0,measure,1,0.0,1300.0,direction
0,robot_p4_20260912_173828.jsonl,183,3423.455,54.844,clear,1,-64.005,1540.862,success
0,robot_p4_20260912_173828.jsonl,184,3502.414,78.959,measure,3,0.0,1900.0,no_signal
0,robot_p4_20260912_173828.jsonl,185,3508.414,6.0,measure,4,0.0,1900.0,no_signal
0,robot_p4_20260912_173828.jsonl,186,3514.414,6.0,measure,8,0.0,1900.0,no_signal
0,robot_p4_20260912_173828.jsonl,187,3520.414,6.0,measure,9,0.0,1900.0,no_signal
0,robot_p4_20260912_173828.jsonl,188,3526.414,6.0,measure,12,0.0,1900.0,no_signal
0,robot_p4_20260912_173828.jsonl,189,3532.414,6.0,measure,16,0.0,1900.0,no_signal
0,robot_p4_20260912_173828.jsonl,190,3538.414,6.0,measure,17,0.0,1900.0,no_signal
0,robot_p4_20260912_173828.jsonl,191,3544.414,6.0,measure,18,0.0,1900.0,no_signal
0,robot_p4_20260912_173828.jsonl,192,3746.117,201.702,measure,18,-950.0,1645.448,no_signal
0,robot_p4_20260912_173828.jsonl,193,3752.117,6.0,measure,17,-950.0,1645.448,no_signal
0,robot_p4_20260912_173828.jsonl,194,3758.117,6.0,measure,16,-950.0,1645.448,no_signal
0,robot_p4_20260912_173828.jsonl,195,3764.117,6.0,measure,12,-950.0,1645.448,no_signal
0,robot_p4_20260912_173828.jsonl,196,3770.117,6.0,measure,9,-950.0,1645.448,no_signal
0,robot_p4_20260912_173828.jsonl,197,3776.117,6.0,measure,8,-950.0,1645.448,no_signal
0,robot_p4_20260912_173828.jsonl,198,3782.117,6.0,measure,4,-950.0,1645.448,no_signal
0,robot_p4_20260912_173828.jsonl,199,3788.117,6.0,measure,3,-950.0,1645.448,no_signal
0,robot_p4_20260912_173828.jsonl,200,3989.819,201.702,measure,3,-1645.448,950.0,no_signal
0,robot_p4_20260912_173828.jsonl,201,3995.819,6.0,measure,4,-1645.448,950.0,no_signal
0,robot_p4_20260912_173828.jsonl,202,4001.819,6.0,measure,8,-1645.448,950.0,no_signal
0,robot_p4_20260912_173828.jsonl,203,4007.819,6.0,measure,9,-1645.448,950.0,no_signal
0,robot_p4_20260912_173828.jsonl,204,4013.819,6.0,measure,12,-1645.448,950.0,no_signal
0,robot_p4_20260912_173828.jsonl,205,4019.819,6.0,measure,16,-1645.448,950.0,no_signal
0,robot_p4_20260912_173828.jsonl,206,4025.819,6.0,measure,17,-1645.448,950.0,no_signal
0,robot_p4_20260912_173828.jsonl,207,4031.819,6.0,measure,18,-1645.448,950.0,no_signal
0,robot_p4_20260912_173828.jsonl,208,4182.191,150.372,measure,18,-919.239,919.239,no_signal
0,robot_p4_20260912_173828.jsonl,209,4188.191,6.0,measure,17,-919.239,919.239,no_signal
0,robot_p4_20260912_173828.jsonl,210,4194.191,6.0,measure,16,-919.239,919.239,no_signal
0,robot_p4_20260912_173828.jsonl,211,4200.191,6.0,measure,12,-919.239,919.239,no_signal
0,robot_p4_20260912_173828.jsonl,212,4206.191,6.0,measure,9,-919.239,919.239,no_signal
0,robot_p4_20260912_173828.jsonl,213,4212.191,6.0,measure,8,-919.239,919.239,no_signal
0,robot_p4_20260912_173828.jsonl,214,4218.191,6.0,measure,4,-919.239,919.239,no_signal
0,robot_p4_20260912_173828.jsonl,215,4224.191,6.0,measure,3,-919.239,919.239,direction
0,robot_p4_20260912_173828.jsonl,216,4229.191,5.0,measure,3,-919.239,919.239,direction
0,robot_p4_20260912_173828.jsonl,217,4235.191,6.0,measure,2,-919.239,919.239,direction
0,robot_p4_20260912_173828.jsonl,218,4395.115,159.924,measure,2,-588.648,218.706,direction
0,robot_p4_20260912_173828.jsonl,219,4401.926,6.811,clear,2,-597.408,220.99,success
0,robot_p4_20260912_173828.jsonl,220,4555.231,153.305,measure,4,-1300.0,0.0,no_signal
0,robot_p4_20260912_173828.jsonl,221,4561.231,6.0,measure,8,-1300.0,0.0,no_signal
0,robot_p4_20260912_173828.jsonl,222,4567.231,6.0,measure,9,-1300.0,0.0,direction
0,robot_p4_20260912_173828.jsonl,223,4573.231,6.0,measure,12,-1300.0,0.0,no_signal
0,robot_p4_20260912_173828.jsonl,224,4579.231,6.0,measure,16,-1300.0,0.0,no_signal
0,robot_p4_20260912_173828.jsonl,225,4585.231,6.0,measure,17,-1300.0,0.0,no_signal
0,robot_p4_20260912_173828.jsonl,226,4591.231,6.0,measure,18,-1300.0,0.0,no_signal
0,robot_p4_20260912_173828.jsonl,227,4597.231,6.0,measure,3,-1300.0,0.0,direction
0,robot_p4_20260912_173828.jsonl,228,4603.231,6.0,measure,11,-1300.0,0.0,no_signal
0,robot_p4_20260912_173828.jsonl,229,4729.231,126.0,measure,12,-1900.0,0.0,no_signal
0,robot_p4_20260912_173828.jsonl,230,4735.231,6.0,measure,8,-1900.0,0.0,no_signal
0,robot_p4_20260912_173828.jsonl,231,4741.231,6.0,measure,16,-1900.0,0.0,no_signal
0,robot_p4_20260912_173828.jsonl,232,4747.231,6.0,measure,17,-1900.0,0.0,no_signal
0,robot_p4_20260912_173828.jsonl,233,4753.231,6.0,measure,4,-1900.0,0.0,no_signal
0,robot_p4_20260912_173828.jsonl,234,4759.231,6.0,measure,18,-1900.0,0.0,no_signal
0,robot_p4_20260912_173828.jsonl,235,4765.231,6.0,measure,9,-1900.0,0.0,no_signal
0,robot_p4_20260912_173828.jsonl,236,4771.231,6.0,measure,3,-1900.0,0.0,direction
0,robot_p4_20260912_173828.jsonl,237,5025.408,254.177,measure,3,-684.534,-273.624,direction
0,robot_p4_20260912_173828.jsonl,238,5032.569,7.16,clear,3,-673.757,-274.353,success
0,robot_p4_20260912_173828.jsonl,239,5176.574,144.006,measure,4,-919.239,-919.239,no_signal
0,robot_p4_20260912_173828.jsonl,240,5182.574,6.0,measure,8,-919.239,-919.239,no_signal
0,robot_p4_20260912_173828.jsonl,241,5188.574,6.0,measure,12,-919.239,-919.239,no_signal
0,robot_p4_20260912_173828.jsonl,242,5194.574,6.0,measure,16,-919.239,-919.239,no_signal
0,robot_p4_20260912_173828.jsonl,243,5200.574,6.0,measure,17,-919.239,-919.239,no_signal
0,robot_p4_20260912_173828.jsonl,244,5206.574,6.0,measure,18,-919.239,-919.239,direction
0,robot_p4_20260912_173828.jsonl,245,5212.574,6.0,measure,11,-919.239,-919.239,direction
0,robot_p4_20260912_173828.jsonl,246,5218.574,6.0,measure,9,-919.239,-919.239,direction
0,robot_p4_20260912_173828.jsonl,247,5275.578,57.004,measure,11,-791.803,-698.344,no_signal
0,robot_p4_20260912_173828.jsonl,248,5298.578,23.0,measure,11,-713.861,-743.344,direction
0,robot_p4_20260912_173828.jsonl,249,5321.697,23.119,clear,11,-793.389,-699.949,success
0,robot_p4_20260912_173828.jsonl,250,5505.296,183.598,measure,12,-1645.448,-950.0,no_signal
0,robot_p4_20260912_173828.jsonl,251,5511.296,6.0,measure,8,-1645.448,-950.0,no_signal
0,robot_p4_20260912_173828.jsonl,252,5517.296,6.0,measure,16,-1645.448,-950.0,no_signal
0,robot_p4_20260912_173828.jsonl,253,5523.296,6.0,measure,17,-1645.448,-950.0,no_signal
0,robot_p4_20260912_173828.jsonl,254,5529.296,6.0,measure,4,-1645.448,-950.0,no_signal
0,robot_p4_20260912_173828.jsonl,255,5535.296,6.0,measure,18,-1645.448,-950.0,no_signal
0,robot_p4_20260912_173828.jsonl,256,5541.296,6.0,measure,5,-1645.448,-950.0,direction
0,robot_p4_20260912_173828.jsonl,257,5648.39,107.094,measure,9,-1188.703,-1166.531,direction
0,robot_p4_20260912_173828.jsonl,258,5654.138,5.748,clear,9,-1189.919,-1162.993,success
0,robot_p4_20260912_173828.jsonl,259,5767.902,113.763,measure,8,-950.0,-1645.448,no_signal
0,robot_p4_20260912_173828.jsonl,260,5773.902,6.0,measure,12,-950.0,-1645.448,no_signal
0,robot_p4_20260912_173828.jsonl,261,5779.902,6.0,measure,4,-950.0,-1645.448,no_signal
0,robot_p4_20260912_173828.jsonl,262,5785.902,6.0,measure,16,-950.0,-1645.448,no_signal
0,robot_p4_20260912_173828.jsonl,263,5791.902,6.0,measure,17,-950.0,-1645.448,no_signal
0,robot_p4_20260912_173828.jsonl,264,5797.902,6.0,measure,18,-950.0,-1645.448,direction
0,robot_p4_20260912_173828.jsonl,265,5878.768,80.866,clear,18,-600.456,-1498.1,success
0,robot_p4_20260912_173828.jsonl,266,5960.634,81.866,measure,14,-950.0,-1645.448,direction
0,robot_p4_20260912_173828.jsonl,267,6155.076,194.441,measure,5,-699.452,-737.166,direction
0,robot_p4_20260912_173828.jsonl,268,6161.72,6.644,clear,5,-701.002,-729.092,success
0,robot_p4_20260912_173828.jsonl,269,6294.947,133.227,measure,14,-85.991,-891.661,direction
0,robot_p4_20260912_173828.jsonl,270,6301.282,6.336,clear,14,-90.383,-896.692,success
0,robot_p4_20260912_173828.jsonl,271,6389.945,88.662,measure,12,-0.0,-1300.0,no_signal
0,robot_p4_20260912_173828.jsonl,272,6395.945,6.0,measure,16,-0.0,-1300.0,no_signal
0,robot_p4_20260912_173828.jsonl,273,6401.945,6.0,measure,17,-0.0,-1300.0,no_signal
0,robot_p4_20260912_173828.jsonl,274,6407.945,6.0,measure,8,-0.0,-1300.0,no_signal
0,robot_p4_20260912_173828.jsonl,275,6413.945,6.0,measure,4,-0.0,-1300.0,no_signal
0,robot_p4_20260912_173828.jsonl,276,6538.945,125.0,measure,4,-0.0,-1900.0,no_signal
0,robot_p4_20260912_173828.jsonl,277,6544.945,6.0,measure,8,-0.0,-1900.0,no_signal
0,robot_p4_20260912_173828.jsonl,278,6550.945,6.0,measure,12,-0.0,-1900.0,no_signal
0,robot_p4_20260912_173828.jsonl,279,6556.945,6.0,measure,16,-0.0,-1900.0,no_signal
0,robot_p4_20260912_173828.jsonl,280,6562.945,6.0,measure,17,-0.0,-1900.0,no_signal
0,robot_p4_20260912_173828.jsonl,281,6764.647,201.702,measure,17,950.0,-1645.448,no_signal
0,robot_p4_20260912_173828.jsonl,282,6770.647,6.0,measure,16,950.0,-1645.448,no_signal
0,robot_p4_20260912_173828.jsonl,283,6776.647,6.0,measure,12,950.0,-1645.448,no_signal
0,robot_p4_20260912_173828.jsonl,284,6782.647,6.0,measure,8,950.0,-1645.448,no_signal
0,robot_p4_20260912_173828.jsonl,285,6788.647,6.0,measure,4,950.0,-1645.448,no_signal
0,robot_p4_20260912_173828.jsonl,286,6788.647,0.0,exit,,,,
0,robot_p4_20260912_173844.jsonl,0,0.0,0.0,enter,,,,
0,robot_p4_20260912_173844.jsonl,1,5.0,5.0,measure,1,0.0,0.0,direction
0,robot_p4_20260912_173844.jsonl,2,11.0,6.0,measure,2,0.0,0.0,direction
0,robot_p4_20260912_173844.jsonl,3,17.0,6.0,measure,3,0.0,0.0,no_signal
0,robot_p4_20260912_173844.jsonl,4,23.0,6.0,measure,4,0.0,0.0,no_signal
0,robot_p4_20260912_173844.jsonl,5,29.0,6.0,measure,5,0.0,0.0,no_signal
0,robot_p4_20260912_173844.jsonl,6,35.0,6.0,measure,6,0.0,0.0,no_signal
0,robot_p4_20260912_173844.jsonl,7,41.0,6.0,measure,7,0.0,0.0,direction
0,robot_p4_20260912_173844.jsonl,8,47.0,6.0,measure,8,0.0,0.0,direction
0,robot_p4_20260912_173844.jsonl,9,53.0,6.0,measure,9,0.0,0.0,direction
0,robot_p4_20260912_173844.jsonl,10,59.0,6.0,measure,10,0.0,0.0,no_signal
0,robot_p4_20260912_173844.jsonl,11,65.0,6.0,measure,11,0.0,0.0,direction
0,robot_p4_20260912_173844.jsonl,12,71.0,6.0,measure,12,0.0,0.0,direction
0,robot_p4_20260912_173844.jsonl,13,77.0,6.0,measure,13,0.0,0.0,no_signal
0,robot_p4_20260912_173844.jsonl,14,83.0,6.0,measure,14,0.0,0.0,no_signal
0,robot_p4_20260912_173844.jsonl,15,89.0,6.0,measure,15,0.0,0.0,no_signal
0,robot_p4_20260912_173844.jsonl,16,95.0,6.0,measure,16,0.0,0.0,no_signal
0,robot_p4_20260912_173844.jsonl,17,101.0,6.0,measure,17,0.0,0.0,no_signal
0,robot_p4_20260912_173844.jsonl,18,107.0,6.0,measure,18,0.0,0.0,no_signal
0,robot_p4_20260912_173844.jsonl,19,113.0,6.0,measure,19,0.0,0.0,direction
0,robot_p4_20260912_173844.jsonl,20,119.0,6.0,measure,20,0.0,0.0,direction
0,robot_p4_20260912_173844.jsonl,21,205.0,86.0,measure,18,400.0,0.0,no_signal
0,robot_p4_20260912_173844.jsonl,22,211.0,6.0,measure,17,400.0,0.0,no_signal
0,robot_p4_20260912_173844.jsonl,23,217.0,6.0,measure,16,400.0,0.0,no_signal
0,robot_p4_20260912_173844.jsonl,24,223.0,6.0,measure,15,400.0,0.0,no_signal
0,robot_p4_20260912_173844.jsonl,25,229.0,6.0,measure,14,400.0,0.0,no_signal
0,robot_p4_20260912_173844.jsonl,26,235.0,6.0,measure,13,400.0,0.0,no_signal
0,robot_p4_20260912_173844.jsonl,27,241.0,6.0,measure,10,400.0,0.0,no_signal
0,robot_p4_20260912_173844.jsonl,28,247.0,6.0,measure,6,400.0,0.0,no_signal
0,robot_p4_20260912_173844.jsonl,29,253.0,6.0,measure,5,400.0,0.0,no_signal
0,robot_p4_20260912_173844.jsonl,30,259.0,6.0,measure,4,400.0,0.0,direction
0,robot_p4_20260912_173844.jsonl,31,265.0,6.0,measure,3,400.0,0.0,no_signal
0,robot_p4_20260912_173844.jsonl,32,271.0,6.0,measure,2,400.0,0.0,direction
0,robot_p4_20260912_173844.jsonl,33,277.0,6.0,measure,12,400.0,0.0,direction
0,robot_p4_20260912_173844.jsonl,34,363.0,86.0,measure,13,200.0,-346.41,no_signal
0,robot_p4_20260912_173844.jsonl,35,369.0,6.0,measure,10,200.0,-346.41,no_signal
0,robot_p4_20260912_173844.jsonl,36,375.0,6.0,measure,14,200.0,-346.41,no_signal
0,robot_p4_20260912_173844.jsonl,37,381.0,6.0,measure,15,200.0,-346.41,direction
0,robot_p4_20260912_173844.jsonl,38,387.0,6.0,measure,16,200.0,-346.41,no_signal
0,robot_p4_20260912_173844.jsonl,39,393.0,6.0,measure,17,200.0,-346.41,no_signal
0,robot_p4_20260912_173844.jsonl,40,399.0,6.0,measure,6,200.0,-346.41,no_signal
0,robot_p4_20260912_173844.jsonl,41,405.0,6.0,measure,18,200.0,-346.41,no_signal
0,robot_p4_20260912_173844.jsonl,42,411.0,6.0,measure,5,200.0,-346.41,no_signal
0,robot_p4_20260912_173844.jsonl,43,417.0,6.0,measure,3,200.0,-346.41,no_signal
0,robot_p4_20260912_173844.jsonl,44,423.0,6.0,measure,1,200.0,-346.41,direction
0,robot_p4_20260912_173844.jsonl,45,429.0,6.0,measure,11,200.0,-346.41,direction
0,robot_p4_20260912_173844.jsonl,46,499.63,70.63,measure,2,122.213,-660.06,direction
0,robot_p4_20260912_173844.jsonl,47,506.379,6.749,clear,2,125.28,-668.25,success
0,robot_p4_20260912_173844.jsonl,48,641.19,134.81,measure,3,-0.0,-1300.0,no_signal
0,robot_p4_20260912_173844.jsonl,49,647.19,6.0,measure,5,-0.0,-1300.0,no_signal
0,robot_p4_20260912_173844.jsonl,50,653.19,6.0,measure,6,-0.0,-1300.0,no_signal
0,robot_p4_20260912_173844.jsonl,51,659.19,6.0,measure,10,-0.0,-1300.0,no_signal
0,robot_p4_20260912_173844.jsonl,52,665.19,6.0,measure,13,-0.0,-1300.0,no_signal
0,robot_p4_20260912_173844.jsonl,53,671.19,6.0,measure,14,-0.0,-1300.0,no_signal
0,robot_p4_20260912_173844.jsonl,54,677.19,6.0,measure,16,-0.0,-1300.0,no_signal
0,robot_p4_20260912_173844.jsonl,55,683.19,6.0,measure,17,-0.0,-1300.0,no_signal
0,robot_p4_20260912_173844.jsonl,56,689.19,6.0,measure,18,-0.0,-1300.0,no_signal
0,robot_p4_20260912_173844.jsonl,57,695.19,6.0,measure,20,-0.0,-1300.0,no_signal
0,robot_p4_20260912_173844.jsonl,58,701.19,6.0,measure,15,-0.0,-1300.0,direction
0,robot_p4_20260912_173844.jsonl,59,782.472,81.282,clear,15,376.974,-1241.995,success
0,robot_p4_20260912_173844.jsonl,60,940.14,157.668,measure,14,-0.0,-1900.0,no_signal
0,robot_p4_20260912_173844.jsonl,61,946.14,6.0,measure,16,-0.0,-1900.0,no_signal
0,robot_p4_20260912_173844.jsonl,62,952.14,6.0,measure,13,-0.0,-1900.0,no_signal
0,robot_p4_20260912_173844.jsonl,63,958.14,6.0,measure,17,-0.0,-1900.0,no_signal
0,robot_p4_20260912_173844.jsonl,64,964.14,6.0,measure,18,-0.0,-1900.0,no_signal
0,robot_p4_20260912_173844.jsonl,65,970.14,6.0,measure,10,-0.0,-1900.0,no_signal
0,robot_p4_20260912_173844.jsonl,66,976.14,6.0,measure,6,-0.0,-1900.0,no_signal
0,robot_p4_20260912_173844.jsonl,67,982.14,6.0,measure,5,-0.0,-1900.0,no_signal
0,robot_p4_20260912_173844.jsonl,68,988.14,6.0,measure,3,-0.0,-1900.0,no_signal
0,robot_p4_20260912_173844.jsonl,69,994.14,6.0,measure,12,-0.0,-1900.0,direction
0,robot_p4_20260912_173844.jsonl,70,1196.843,202.702,measure,13,950.0,-1645.448,no_signal
0,robot_p4_20260912_173844.jsonl,71,1202.843,6.0,measure,10,950.0,-1645.448,no_signal
0,robot_p4_20260912_173844.jsonl,72,1208.843,6.0,measure,14,950.0,-1645.448,no_signal
0,robot_p4_20260912_173844.jsonl,73,1214.843,6.0,measure,16,950.0,-1645.448,no_signal
0,robot_p4_20260912_173844.jsonl,74,1220.843,6.0,measure,17,950.0,-1645.448,no_signal
0,robot_p4_20260912_173844.jsonl,75,1226.843,6.0,measure,6,950.0,-1645.448,no_signal
0,robot_p4_20260912_173844.jsonl,76,1232.843,6.0,measure,18,950.0,-1645.448,no_signal
0,robot_p4_20260912_173844.jsonl,77,1238.843,6.0,measure,5,950.0,-1645.448,no_signal
0,robot_p4_20260912_173844.jsonl,78,1244.843,6.0,measure,3,950.0,-1645.448,no_signal
0,robot_p4_20260912_173844.jsonl,79,1250.843,6.0,measure,12,950.0,-1645.448,direction
0,robot_p4_20260912_173844.jsonl,80,1402.215,151.372,measure,13,919.239,-919.239,no_signal
0,robot_p4_20260912_173844.jsonl,81,1408.215,6.0,measure,10,919.239,-919.239,no_signal
0,robot_p4_20260912_173844.jsonl,82,1414.215,6.0,measure,14,919.239,-919.239,no_signal
0,robot_p4_20260912_173844.jsonl,83,1420.215,6.0,measure,16,919.239,-919.239,no_signal
0,robot_p4_20260912_173844.jsonl,84,1426.215,6.0,measure,17,919.239,-919.239,no_signal
0,robot_p4_20260912_173844.jsonl,85,1432.215,6.0,measure,6,919.239,-919.239,no_signal
0,robot_p4_20260912_173844.jsonl,86,1438.215,6.0,measure,18,919.239,-919.239,no_signal
0,robot_p4_20260912_173844.jsonl,87,1444.215,6.0,measure,5,919.239,-919.239,no_signal
0,robot_p4_20260912_173844.jsonl,88,1450.215,6.0,measure,3,919.239,-919.239,no_signal
0,robot_p4_20260912_173844.jsonl,89,1456.215,6.0,measure,9,919.239,-919.239,direction
0,robot_p4_20260912_173844.jsonl,90,1462.215,6.0,measure,7,919.239,-919.239,no_signal
0,robot_p4_20260912_173844.jsonl,91,1613.587,151.372,measure,6,1645.448,-950.0,no_signal
0,robot_p4_20260912_173844.jsonl,92,1619.587,6.0,measure,5,1645.448,-950.0,no_signal
0,robot_p4_20260912_173844.jsonl,93,1625.587,6.0,measure,10,1645.448,-950.0,no_signal
0,robot_p4_20260912_173844.jsonl,94,1631.587,6.0,measure,3,1645.448,-950.0,direction
0,robot_p4_20260912_173844.jsonl,95,1637.587,6.0,measure,13,1645.448,-950.0,no_signal
0,robot_p4_20260912_173844.jsonl,96,1643.587,6.0,measure,14,1645.448,-950.0,no_signal
0,robot_p4_20260912_173844.jsonl,97,1649.587,6.0,measure,16,1645.448,-950.0,no_signal
0,robot_p4_20260912_173844.jsonl,98,1655.587,6.0,measure,17,1645.448,-950.0,no_signal
0,robot_p4_20260912_173844.jsonl,99,1661.587,6.0,measure,18,1645.448,-950.0,no_signal
0,robot_p4_20260912_173844.jsonl,100,1667.587,6.0,measure,7,1645.448,-950.0,no_signal
0,robot_p4_20260912_173844.jsonl,101,1673.587,6.0,measure,3,1645.448,-950.0,direction
0,robot_p4_20260912_173844.jsonl,102,1876.289,202.702,measure,5,1900.0,0.0,no_signal
0,robot_p4_20260912_173844.jsonl,103,1882.289,6.0,measure,6,1900.0,0.0,no_signal
0,robot_p4_20260912_173844.jsonl,104,1888.289,6.0,measure,10,1900.0,0.0,no_signal
0,robot_p4_20260912_173844.jsonl,105,1894.289,6.0,measure,13,1900.0,0.0,no_signal
0,robot_p4_20260912_173844.jsonl,106,1900.289,6.0,measure,14,1900.0,0.0,no_signal
0,robot_p4_20260912_173844.jsonl,107,1906.289,6.0,measure,16,1900.0,0.0,no_signal
0,robot_p4_20260912_173844.jsonl,108,1912.289,6.0,measure,17,1900.0,0.0,no_signal
0,robot_p4_20260912_173844.jsonl,109,1918.289,6.0,measure,18,1900.0,0.0,no_signal
0,robot_p4_20260912_173844.jsonl,110,1924.289,6.0,measure,7,1900.0,0.0,no_signal
0,robot_p4_20260912_173844.jsonl,111,1930.289,6.0,measure,3,1900.0,0.0,direction
0,robot_p4_20260912_173844.jsonl,112,2076.915,146.626,measure,3,1584.763,-634.092,direction
0,robot_p4_20260912_173844.jsonl,113,2083.662,6.747,clear,3,1581.825,-625.866,success
0,robot_p4_20260912_173844.jsonl,114,2226.94,143.278,measure,5,1300.0,0.0,no_signal
0,robot_p4_20260912_173844.jsonl,115,2232.94,6.0,measure,6,1300.0,0.0,no_signal
0,robot_p4_20260912_173844.jsonl,116,2238.94,6.0,measure,10,1300.0,0.0,no_signal
0,robot_p4_20260912_173844.jsonl,117,2244.94,6.0,measure,13,1300.0,0.0,no_signal
0,robot_p4_20260912_173844.jsonl,118,2250.94,6.0,measure,14,1300.0,0.0,no_signal
0,robot_p4_20260912_173844.jsonl,119,2256.94,6.0,measure,16,1300.0,0.0,no_signal
0,robot_p4_20260912_173844.jsonl,120,2262.94,6.0,measure,17,1300.0,0.0,no_signal
0,robot_p4_20260912_173844.jsonl,121,2268.94,6.0,measure,18,1300.0,0.0,no_signal
0,robot_p4_20260912_173844.jsonl,122,2274.94,6.0,measure,4,1300.0,0.0,no_signal
0,robot_p4_20260912_173844.jsonl,123,2280.94,6.0,measure,19,1300.0,0.0,direction
0,robot_p4_20260912_173844.jsonl,124,2403.091,122.151,measure,9,728.31,-102.203,direction
0,robot_p4_20260912_173844.jsonl,125,2409.593,6.502,clear,9,735.741,-101.13,success
0,robot_p4_20260912_173844.jsonl,126,2555.208,145.615,measure,10,200.0,346.41,no_signal
0,robot_p4_20260912_173844.jsonl,127,2561.208,6.0,measure,6,200.0,346.41,no_signal
0,robot_p4_20260912_173844.jsonl,128,2567.208,6.0,measure,5,200.0,346.41,no_signal
0,robot_p4_20260912_173844.jsonl,129,2573.208,6.0,measure,13,200.0,346.41,no_signal
0,robot_p4_20260912_173844.jsonl,130,2579.208,6.0,measure,14,200.0,346.41,no_signal
0,robot_p4_20260912_173844.jsonl,131,2585.208,6.0,measure,16,200.0,346.41,no_signal
0,robot_p4_20260912_173844.jsonl,132,2591.208,6.0,measure,17,200.0,346.41,no_signal
0,robot_p4_20260912_173844.jsonl,133,2597.208,6.0,measure,18,200.0,346.41,no_signal
0,robot_p4_20260912_173844.jsonl,134,2603.208,6.0,measure,4,200.0,346.41,direction
0,robot_p4_20260912_173844.jsonl,135,2609.208,6.0,measure,8,200.0,346.41,direction
0,robot_p4_20260912_173844.jsonl,136,2756.249,147.041,measure,19,806.614,706.038,direction
0,robot_p4_20260912_173844.jsonl,137,2763.218,6.97,clear,19,797.837,710.506,success
0,robot_p4_20260912_173844.jsonl,138,2817.513,54.294,measure,18,919.239,919.239,no_signal
0,robot_p4_20260912_173844.jsonl,139,2823.513,6.0,measure,17,919.239,919.239,no_signal
0,robot_p4_20260912_173844.jsonl,140,2829.513,6.0,measure,16,919.239,919.239,no_signal
0,robot_p4_20260912_173844.jsonl,141,2835.513,6.0,measure,14,919.239,919.239,no_signal
0,robot_p4_20260912_173844.jsonl,142,2841.513,6.0,measure,13,919.239,919.239,no_signal
0,robot_p4_20260912_173844.jsonl,143,2847.513,6.0,measure,10,919.239,919.239,no_signal
0,robot_p4_20260912_173844.jsonl,144,2853.513,6.0,measure,6,919.239,919.239,no_signal
0,robot_p4_20260912_173844.jsonl,145,2859.513,6.0,measure,5,919.239,919.239,no_signal
0,robot_p4_20260912_173844.jsonl,146,2865.513,6.0,measure,7,919.239,919.239,direction
0,robot_p4_20260912_173844.jsonl,147,2871.513,6.0,measure,4,919.239,919.239,direction
0,robot_p4_20260912_173844.jsonl,148,2945.994,74.482,clear,4,583.197,1007.378,success
0,robot_p4_20260912_173844.jsonl,149,3082.493,136.498,measure,5,0.0,1300.0,no_signal
0,robot_p4_20260912_173844.jsonl,150,3088.493,6.0,measure,6,0.0,1300.0,no_signal
0,robot_p4_20260912_173844.jsonl,151,3094.493,6.0,measure,10,0.0,1300.0,no_signal
0,robot_p4_20260912_173844.jsonl,152,3100.493,6.0,measure,13,0.0,1300.0,direction
0,robot_p4_20260912_173844.jsonl,153,3106.493,6.0,measure,14,0.0,1300.0,direction
0,robot_p4_20260912_173844.jsonl,154,3112.493,6.0,measure,16,0.0,1300.0,no_signal
0,robot_p4_20260912_173844.jsonl,155,3118.493,6.0,measure,17,0.0,1300.0,direction
0,robot_p4_20260912_173844.jsonl,156,3124.493,6.0,measure,18,0.0,1300.0,no_signal
0,robot_p4_20260912_173844.jsonl,157,3130.493,6.0,measure,17,0.0,1300.0,direction
0,robot_p4_20260912_173844.jsonl,158,3136.493,6.0,measure,13,0.0,1300.0,direction
0,robot_p4_20260912_173844.jsonl,159,3262.493,126.0,measure,10,0.0,1900.0,no_signal
0,robot_p4_20260912_173844.jsonl,160,3268.493,6.0,measure,16,0.0,1900.0,no_signal
0,robot_p4_20260912_173844.jsonl,161,3274.493,6.0,measure,18,0.0,1900.0,no_signal
0,robot_p4_20260912_173844.jsonl,162,3280.493,6.0,measure,6,0.0,1900.0,no_signal
0,robot_p4_20260912_173844.jsonl,163,3286.493,6.0,measure,5,0.0,1900.0,no_signal
0,robot_p4_20260912_173844.jsonl,164,3292.493,6.0,measure,13,0.0,1900.0,direction
0,robot_p4_20260912_173844.jsonl,165,3298.493,6.0,measure,14,0.0,1900.0,direction
0,robot_p4_20260912_173844.jsonl,166,3362.516,64.023,clear,14,-226.66,1711.009,success
0,robot_p4_20260912_173844.jsonl,167,3474.689,112.174,measure,13,-654.368,1396.546,direction
0,robot_p4_20260912_173844.jsonl,168,3482.277,7.588,clear,13,-641.449,1397.309,success
0,robot_p4_20260912_173844.jsonl,169,3567.468,85.19,measure,10,-950.0,1645.448,no_signal
0,robot_p4_20260912_173844.jsonl,170,3573.468,6.0,measure,16,-950.0,1645.448,no_signal
0,robot_p4_20260912_173844.jsonl,171,3579.468,6.0,measure,18,-950.0,1645.448,no_signal
0,robot_p4_20260912_173844.jsonl,172,3585.468,6.0,measure,6,-950.0,1645.448,no_signal
0,robot_p4_20260912_173844.jsonl,173,3591.468,6.0,measure,5,-950.0,1645.448,no_signal
0,robot_p4_20260912_173844.jsonl,174,3597.468,6.0,measure,8,-950.0,1645.448,direction
0,robot_p4_20260912_173844.jsonl,175,3800.17,202.702,measure,6,-1645.448,950.0,no_signal
0,robot_p4_20260912_173844.jsonl,176,3806.17,6.0,measure,10,-1645.448,950.0,no_signal
0,robot_p4_20260912_173844.jsonl,177,3812.17,6.0,measure,5,-1645.448,950.0,no_signal
0,robot_p4_20260912_173844.jsonl,178,3818.17,6.0,measure,16,-1645.448,950.0,no_signal
0,robot_p4_20260912_173844.jsonl,179,3824.17,6.0,measure,18,-1645.448,950.0,no_signal
0,robot_p4_20260912_173844.jsonl,180,3830.17,6.0,measure,17,-1645.448,950.0,no_signal
0,robot_p4_20260912_173844.jsonl,181,3836.17,6.0,measure,8,-1645.448,950.0,direction
0,robot_p4_20260912_173844.jsonl,182,3987.542,151.372,measure,6,-919.239,919.239,no_signal
0,robot_p4_20260912_173844.jsonl,183,3993.542,6.0,measure,10,-919.239,919.239,no_signal
0,robot_p4_20260912_173844.jsonl,184,3999.542,6.0,measure,5,-919.239,919.239,no_signal
0,robot_p4_20260912_173844.jsonl,185,4005.542,6.0,measure,16,-919.239,919.239,no_signal
0,robot_p4_20260912_173844.jsonl,186,4011.542,6.0,measure,18,-919.239,919.239,no_signal
0,robot_p4_20260912_173844.jsonl,187,4017.542,6.0,measure,17,-919.239,919.239,direction
0,robot_p4_20260912_173844.jsonl,188,4023.542,6.0,measure,1,-919.239,919.239,direction
0,robot_p4_20260912_173844.jsonl,189,4112.317,88.775,measure,8,-819.275,517.618,direction
0,robot_p4_20260912_173844.jsonl,190,4119.258,6.941,clear,8,-809.723,519.332,success
0,robot_p4_20260912_173844.jsonl,191,4268.097,148.839,measure,6,-1300.0,0.0,no_signal
0,robot_p4_20260912_173844.jsonl,192,4274.097,6.0,measure,10,-1300.0,0.0,direction
0,robot_p4_20260912_173844.jsonl,193,4280.097,6.0,measure,5,-1300.0,0.0,no_signal
0,robot_p4_20260912_173844.jsonl,194,4286.097,6.0,measure,16,-1300.0,0.0,no_signal
0,robot_p4_20260912_173844.jsonl,195,4292.097,6.0,measure,18,-1300.0,0.0,no_signal
0,robot_p4_20260912_173844.jsonl,196,4298.097,6.0,measure,20,-1300.0,0.0,direction
0,robot_p4_20260912_173844.jsonl,197,4304.097,6.0,measure,10,-1300.0,0.0,direction
0,robot_p4_20260912_173844.jsonl,198,4430.097,126.0,measure,6,-1900.0,0.0,no_signal
0,robot_p4_20260912_173844.jsonl,199,4436.097,6.0,measure,5,-1900.0,0.0,no_signal
0,robot_p4_20260912_173844.jsonl,200,4442.097,6.0,measure,16,-1900.0,0.0,no_signal
0,robot_p4_20260912_173844.jsonl,201,4448.097,6.0,measure,18,-1900.0,0.0,no_signal
0,robot_p4_20260912_173844.jsonl,202,4454.097,6.0,measure,10,-1900.0,0.0,direction
0,robot_p4_20260912_173844.jsonl,203,4578.917,124.82,clear,10,-1397.985,-326.954,success
0,robot_p4_20260912_173844.jsonl,204,4718.995,140.078,measure,6,-1645.448,-950.0,no_signal
0,robot_p4_20260912_173844.jsonl,205,4724.995,6.0,measure,5,-1645.448,-950.0,no_signal
0,robot_p4_20260912_173844.jsonl,206,4730.995,6.0,measure,16,-1645.448,-950.0,no_signal
0,robot_p4_20260912_173844.jsonl,207,4736.995,6.0,measure,18,-1645.448,-950.0,no_signal
0,robot_p4_20260912_173844.jsonl,208,4742.995,6.0,measure,1,-1645.448,-950.0,direction
0,robot_p4_20260912_173844.jsonl,209,4945.697,202.702,measure,5,-950.0,-1645.448,no_signal
0,robot_p4_20260912_173844.jsonl,210,4951.697,6.0,measure,6,-950.0,-1645.448,no_signal
0,robot_p4_20260912_173844.jsonl,211,4957.697,6.0,measure,16,-950.0,-1645.448,no_signal
0,robot_p4_20260912_173844.jsonl,212,4963.697,6.0,measure,18,-950.0,-1645.448,no_signal
0,robot_p4_20260912_173844.jsonl,213,4969.697,6.0,measure,12,-950.0,-1645.448,direction
0,robot_p4_20260912_173844.jsonl,214,5121.069,151.372,measure,16,-919.239,-919.239,no_signal
0,robot_p4_20260912_173844.jsonl,215,5127.069,6.0,measure,6,-919.239,-919.239,no_signal
0,robot_p4_20260912_173844.jsonl,216,5133.069,6.0,measure,18,-919.239,-919.239,no_signal
0,robot_p4_20260912_173844.jsonl,217,5139.069,6.0,measure,5,-919.239,-919.239,no_signal
0,robot_p4_20260912_173844.jsonl,218,5145.069,6.0,measure,20,-919.239,-919.239,direction
0,robot_p4_20260912_173844.jsonl,219,5151.069,6.0,measure,12,-919.239,-919.239,direction
0,robot_p4_20260912_173844.jsonl,220,5339.9,188.831,clear,12,-2.696,-850.026,success
0,robot_p4_20260912_173844.jsonl,221,5454.077,114.177,measure,16,-200.0,-346.41,no_signal
0,robot_p4_20260912_173844.jsonl,222,5460.077,6.0,measure,6,-200.0,-346.41,no_signal
0,robot_p4_20260912_173844.jsonl,223,5466.077,6.0,measure,18,-200.0,-346.41,no_signal
0,robot_p4_20260912_173844.jsonl,224,5472.077,6.0,measure,5,-200.0,-346.41,no_signal
0,robot_p4_20260912_173844.jsonl,225,5478.077,6.0,measure,11,-200.0,-346.41,direction
0,robot_p4_20260912_173844.jsonl,226,5484.077,6.0,measure,20,-200.0,-346.41,direction
0,robot_p4_20260912_173844.jsonl,227,5548.424,64.347,clear,20,-476.473,-238.637,success
0,robot_p4_20260912_173844.jsonl,228,5588.131,39.707,measure,1,-640.292,-278.228,direction
0,robot_p4_20260912_173844.jsonl,229,5594.215,6.084,clear,1,-637.587,-273.533,success
0,robot_p4_20260912_173844.jsonl,230,5672.677,78.462,measure,5,-400.0,0.0,no_signal
0,robot_p4_20260912_173844.jsonl,231,5678.677,6.0,measure,6,-400.0,0.0,no_signal
0,robot_p4_20260912_173844.jsonl,232,5684.677,6.0,measure,16,-400.0,0.0,no_signal
0,robot_p4_20260912_173844.jsonl,233,5690.677,6.0,measure,18,-400.0,0.0,no_signal
0,robot_p4_20260912_173844.jsonl,234,5696.677,6.0,measure,17,-400.0,0.0,no_signal
0,robot_p4_20260912_173844.jsonl,235,5702.677,6.0,measure,11,-400.0,0.0,direction
0,robot_p4_20260912_173844.jsonl,236,5788.677,86.0,measure,6,-200.0,346.41,no_signal
0,robot_p4_20260912_173844.jsonl,237,5794.677,6.0,measure,16,-200.0,346.41,no_signal
0,robot_p4_20260912_173844.jsonl,238,5800.677,6.0,measure,5,-200.0,346.41,no_signal
0,robot_p4_20260912_173844.jsonl,239,5806.677,6.0,measure,18,-200.0,346.41,no_signal
0,robot_p4_20260912_173844.jsonl,240,5812.677,6.0,measure,17,-200.0,346.41,no_signal
0,robot_p4_20260912_173844.jsonl,241,5818.677,6.0,measure,7,-200.0,346.41,no_signal
0,robot_p4_20260912_173844.jsonl,242,5968.726,150.049,measure,17,-163.347,1065.72,no_signal
0,robot_p4_20260912_173844.jsonl,243,5991.726,23.0,measure,17,-208.347,1143.662,direction
0,robot_p4_20260912_173844.jsonl,244,6014.979,23.254,clear,17,-164.015,1063.884,success
0,robot_p4_20260912_173844.jsonl,245,6272.315,257.336,measure,16,950.0,1645.448,no_signal
0,robot_p4_20260912_173844.jsonl,246,6278.315,6.0,measure,18,950.0,1645.448,no_signal
0,robot_p4_20260912_173844.jsonl,247,6284.315,6.0,measure,6,950.0,1645.448,no_signal
0,robot_p4_20260912_173844.jsonl,248,6290.315,6.0,measure,5,950.0,1645.448,no_signal
0,robot_p4_20260912_173844.jsonl,249,6492.018,201.702,measure,5,1645.448,950.0,no_signal
0,robot_p4_20260912_173844.jsonl,250,6498.018,6.0,measure,6,1645.448,950.0,no_signal
0,robot_p4_20260912_173844.jsonl,251,6504.018,6.0,measure,16,1645.448,950.0,no_signal
0,robot_p4_20260912_173844.jsonl,252,6510.018,6.0,measure,18,1645.448,950.0,no_signal
0,robot_p4_20260912_173844.jsonl,253,6516.018,6.0,measure,7,1645.448,950.0,no_signal
0,robot_p4_20260912_173844.jsonl,254,6769.793,253.775,measure,7,896.834,-43.379,no_signal
0,robot_p4_20260912_173844.jsonl,255,6792.793,23.0,measure,7,806.834,-43.379,direction
0,robot_p4_20260912_173844.jsonl,256,6815.963,23.171,clear,7,896.797,-30.688,success
0,robot_p4_20260912_173844.jsonl,257,6971.55,155.586,measure,11,319.783,-506.562,near
0,robot_p4_20260912_173844.jsonl,258,6976.55,5.0,clear,11,319.783,-506.562,success
0,robot_p4_20260912_173844.jsonl,259,6979.55,3.0,clear,11,319.783,-506.562,no_target_in_range
0,robot_p4_20260912_173844.jsonl,260,6979.55,0.0,exit,,,,
0,robot_p4_20260912_173859.jsonl,0,0.0,0.0,enter,,,,
0,robot_p4_20260912_173859.jsonl,1,5.0,5.0,measure,1,0.0,0.0,no_signal
0,robot_p4_20260912_173859.jsonl,2,11.0,6.0,measure,2,0.0,0.0,no_signal
0,robot_p4_20260912_173859.jsonl,3,17.0,6.0,measure,3,0.0,0.0,no_signal
0,robot_p4_20260912_173859.jsonl,4,23.0,6.0,measure,4,0.0,0.0,no_signal
0,robot_p4_20260912_173859.jsonl,5,29.0,6.0,measure,5,0.0,0.0,direction
0,robot_p4_20260912_173859.jsonl,6,35.0,6.0,measure,6,0.0,0.0,direction
0,robot_p4_20260912_173859.jsonl,7,41.0,6.0,measure,7,0.0,0.0,no_signal
0,robot_p4_20260912_173859.jsonl,8,47.0,6.0,measure,8,0.0,0.0,no_signal
0,robot_p4_20260912_173859.jsonl,9,53.0,6.0,measure,9,0.0,0.0,no_signal
0,robot_p4_20260912_173859.jsonl,10,59.0,6.0,measure,10,0.0,0.0,no_signal
0,robot_p4_20260912_173859.jsonl,11,65.0,6.0,measure,11,0.0,0.0,no_signal
0,robot_p4_20260912_173859.jsonl,12,71.0,6.0,measure,12,0.0,0.0,no_signal
0,robot_p4_20260912_173859.jsonl,13,77.0,6.0,measure,13,0.0,0.0,no_signal
0,robot_p4_20260912_173859.jsonl,14,83.0,6.0,measure,14,0.0,0.0,no_signal
0,robot_p4_20260912_173859.jsonl,15,89.0,6.0,measure,15,0.0,0.0,no_signal
0,robot_p4_20260912_173859.jsonl,16,95.0,6.0,measure,16,0.0,0.0,direction
0,robot_p4_20260912_173859.jsonl,17,101.0,6.0,measure,17,0.0,0.0,no_signal
0,robot_p4_20260912_173859.jsonl,18,107.0,6.0,measure,18,0.0,0.0,no_signal
0,robot_p4_20260912_173859.jsonl,19,113.0,6.0,measure,19,0.0,0.0,no_signal
0,robot_p4_20260912_173859.jsonl,20,119.0,6.0,measure,20,0.0,0.0,direction
0,robot_p4_20260912_173859.jsonl,21,205.0,86.0,measure,19,400.0,0.0,no_signal
0,robot_p4_20260912_173859.jsonl,22,211.0,6.0,measure,18,400.0,0.0,no_signal
0,robot_p4_20260912_173859.jsonl,23,217.0,6.0,measure,17,400.0,0.0,no_signal
0,robot_p4_20260912_173859.jsonl,24,223.0,6.0,measure,15,400.0,0.0,no_signal
0,robot_p4_20260912_173859.jsonl,25,229.0,6.0,measure,14,400.0,0.0,no_signal
0,robot_p4_20260912_173859.jsonl,26,235.0,6.0,measure,13,400.0,0.0,no_signal
0,robot_p4_20260912_173859.jsonl,27,241.0,6.0,measure,12,400.0,0.0,no_signal
0,robot_p4_20260912_173859.jsonl,28,247.0,6.0,measure,11,400.0,0.0,no_signal
0,robot_p4_20260912_173859.jsonl,29,253.0,6.0,measure,10,400.0,0.0,no_signal
0,robot_p4_20260912_173859.jsonl,30,259.0,6.0,measure,9,400.0,0.0,no_signal
0,robot_p4_20260912_173859.jsonl,31,265.0,6.0,measure,8,400.0,0.0,no_signal
0,robot_p4_20260912_173859.jsonl,32,271.0,6.0,measure,7,400.0,0.0,no_signal
0,robot_p4_20260912_173859.jsonl,33,277.0,6.0,measure,4,400.0,0.0,no_signal
0,robot_p4_20260912_173859.jsonl,34,283.0,6.0,measure,3,400.0,0.0,no_signal
0,robot_p4_20260912_173859.jsonl,35,289.0,6.0,measure,2,400.0,0.0,no_signal
0,robot_p4_20260912_173859.jsonl,36,295.0,6.0,measure,1,400.0,0.0,no_signal
0,robot_p4_20260912_173859.jsonl,37,301.0,6.0,measure,16,400.0,0.0,direction
0,robot_p4_20260912_173859.jsonl,38,307.0,6.0,measure,6,400.0,0.0,direction
0,robot_p4_20260912_173859.jsonl,39,393.0,86.0,measure,7,200.0,346.41,no_signal
0,robot_p4_20260912_173859.jsonl,40,399.0,6.0,measure,4,200.0,346.41,no_signal
0,robot_p4_20260912_173859.jsonl,41,405.0,6.0,measure,8,200.0,346.41,no_signal
0,robot_p4_20260912_173859.jsonl,42,411.0,6.0,measure,3,200.0,346.41,no_signal
0,robot_p4_20260912_173859.jsonl,43,417.0,6.0,measure,9,200.0,346.41,no_signal
0,robot_p4_20260912_173859.jsonl,44,423.0,6.0,measure,2,200.0,346.41,no_signal
0,robot_p4_20260912_173859.jsonl,45,429.0,6.0,measure,10,200.0,346.41,no_signal
0,robot_p4_20260912_173859.jsonl,46,435.0,6.0,measure,1,200.0,346.41,no_signal
0,robot_p4_20260912_173859.jsonl,47,441.0,6.0,measure,11,200.0,346.41,no_signal
0,robot_p4_20260912_173859.jsonl,48,447.0,6.0,measure,12,200.0,346.41,direction
0,robot_p4_20260912_173859.jsonl,49,453.0,6.0,measure,13,200.0,346.41,no_signal
0,robot_p4_20260912_173859.jsonl,50,459.0,6.0,measure,14,200.0,346.41,no_signal
0,robot_p4_20260912_173859.jsonl,51,465.0,6.0,measure,15,200.0,346.41,no_signal
0,robot_p4_20260912_173859.jsonl,52,471.0,6.0,measure,17,200.0,346.41,no_signal
0,robot_p4_20260912_173859.jsonl,53,477.0,6.0,measure,18,200.0,346.41,no_signal
0,robot_p4_20260912_173859.jsonl,54,483.0,6.0,measure,19,200.0,346.41,no_signal
0,robot_p4_20260912_173859.jsonl,55,489.0,6.0,measure,12,200.0,346.41,direction
0,robot_p4_20260912_173859.jsonl,56,495.0,6.0,measure,16,200.0,346.41,direction
0,robot_p4_20260912_173859.jsonl,57,575.163,80.163,measure,6,-76.28,593.745,no_signal
0,robot_p4_20260912_173859.jsonl,58,584.532,9.369,measure,6,-68.421,573.362,direction
0,robot_p4_20260912_173859.jsonl,59,602.245,17.713,measure,6,-44.118,514.628,direction
0,robot_p4_20260912_173859.jsonl,60,613.951,11.706,measure,6,-77.647,514.241,direction
0,robot_p4_20260912_173859.jsonl,61,635.192,21.24,clear,6,-74.627,595.386,success
0,robot_p4_20260912_173859.jsonl,62,696.944,61.752,measure,7,-200.0,346.41,no_signal
0,robot_p4_20260912_173859.jsonl,63,702.944,6.0,measure,4,-200.0,346.41,no_signal
0,robot_p4_20260912_173859.jsonl,64,708.944,6.0,measure,8,-200.0,346.41,no_signal
0,robot_p4_20260912_173859.jsonl,65,714.944,6.0,measure,3,-200.0,346.41,no_signal
0,robot_p4_20260912_173859.jsonl,66,720.944,6.0,measure,9,-200.0,346.41,no_signal
0,robot_p4_20260912_173859.jsonl,67,726.944,6.0,measure,2,-200.0,346.41,no_signal
0,robot_p4_20260912_173859.jsonl,68,732.944,6.0,measure,10,-200.0,346.41,no_signal
0,robot_p4_20260912_173859.jsonl,69,738.944,6.0,measure,1,-200.0,346.41,no_signal
0,robot_p4_20260912_173859.jsonl,70,744.944,6.0,measure,11,-200.0,346.41,no_signal
0,robot_p4_20260912_173859.jsonl,71,750.944,6.0,measure,13,-200.0,346.41,no_signal
0,robot_p4_20260912_173859.jsonl,72,756.944,6.0,measure,14,-200.0,346.41,no_signal
0,robot_p4_20260912_173859.jsonl,73,762.944,6.0,measure,15,-200.0,346.41,direction
0,robot_p4_20260912_173859.jsonl,74,768.944,6.0,measure,17,-200.0,346.41,no_signal
0,robot_p4_20260912_173859.jsonl,75,774.944,6.0,measure,18,-200.0,346.41,no_signal
0,robot_p4_20260912_173859.jsonl,76,780.944,6.0,measure,19,-200.0,346.41,no_signal
0,robot_p4_20260912_173859.jsonl,77,786.944,6.0,measure,5,-200.0,346.41,direction
0,robot_p4_20260912_173859.jsonl,78,792.944,6.0,measure,12,-200.0,346.41,direction
0,robot_p4_20260912_173859.jsonl,79,878.944,86.0,measure,11,-400.0,0.0,no_signal
0,robot_p4_20260912_173859.jsonl,80,884.944,6.0,measure,13,-400.0,0.0,no_signal
0,robot_p4_20260912_173859.jsonl,81,890.944,6.0,measure,10,-400.0,0.0,no_signal
0,robot_p4_20260912_173859.jsonl,82,896.944,6.0,measure,14,-400.0,0.0,no_signal
0,robot_p4_20260912_173859.jsonl,83,902.944,6.0,measure,9,-400.0,0.0,direction
0,robot_p4_20260912_173859.jsonl,84,908.944,6.0,measure,8,-400.0,0.0,no_signal
0,robot_p4_20260912_173859.jsonl,85,914.944,6.0,measure,7,-400.0,0.0,no_signal
0,robot_p4_20260912_173859.jsonl,86,920.944,6.0,measure,17,-400.0,0.0,no_signal
0,robot_p4_20260912_173859.jsonl,87,926.944,6.0,measure,18,-400.0,0.0,no_signal
0,robot_p4_20260912_173859.jsonl,88,932.944,6.0,measure,19,-400.0,0.0,no_signal
0,robot_p4_20260912_173859.jsonl,89,938.944,6.0,measure,4,-400.0,0.0,no_signal
0,robot_p4_20260912_173859.jsonl,90,944.944,6.0,measure,3,-400.0,0.0,no_signal
0,robot_p4_20260912_173859.jsonl,91,950.944,6.0,measure,2,-400.0,0.0,no_signal
0,robot_p4_20260912_173859.jsonl,92,956.944,6.0,measure,1,-400.0,0.0,no_signal
0,robot_p4_20260912_173859.jsonl,93,962.944,6.0,measure,20,-400.0,0.0,direction
0,robot_p4_20260912_173859.jsonl,94,968.944,6.0,measure,9,-400.0,0.0,direction
0,robot_p4_20260912_173859.jsonl,95,1054.944,86.0,measure,8,-200.0,-346.41,no_signal
0,robot_p4_20260912_173859.jsonl,96,1060.944,6.0,measure,10,-200.0,-346.41,no_signal
0,robot_p4_20260912_173859.jsonl,97,1066.944,6.0,measure,7,-200.0,-346.41,no_signal
0,robot_p4_20260912_173859.jsonl,98,1072.944,6.0,measure,11,-200.0,-346.41,no_signal
0,robot_p4_20260912_173859.jsonl,99,1078.944,6.0,measure,13,-200.0,-346.41,no_signal
0,robot_p4_20260912_173859.jsonl,100,1084.944,6.0,measure,4,-200.0,-346.41,no_signal
0,robot_p4_20260912_173859.jsonl,101,1090.944,6.0,measure,14,-200.0,-346.41,no_signal
0,robot_p4_20260912_173859.jsonl,102,1096.944,6.0,measure,3,-200.0,-346.41,no_signal
0,robot_p4_20260912_173859.jsonl,103,1102.944,6.0,measure,2,-200.0,-346.41,no_signal
0,robot_p4_20260912_173859.jsonl,104,1108.944,6.0,measure,1,-200.0,-346.41,direction
0,robot_p4_20260912_173859.jsonl,105,1114.944,6.0,measure,17,-200.0,-346.41,no_signal
0,robot_p4_20260912_173859.jsonl,106,1120.944,6.0,measure,18,-200.0,-346.41,no_signal
0,robot_p4_20260912_173859.jsonl,107,1126.944,6.0,measure,19,-200.0,-346.41,no_signal
0,robot_p4_20260912_173859.jsonl,108,1132.944,6.0,measure,1,-200.0,-346.41,direction
0,robot_p4_20260912_173859.jsonl,109,1138.944,6.0,measure,12,-200.0,-346.41,no_signal
0,robot_p4_20260912_173859.jsonl,110,1224.944,86.0,measure,11,200.0,-346.41,no_signal
0,robot_p4_20260912_173859.jsonl,111,1230.944,6.0,measure,13,200.0,-346.41,no_signal
0,robot_p4_20260912_173859.jsonl,112,1236.944,6.0,measure,10,200.0,-346.41,no_signal
0,robot_p4_20260912_173859.jsonl,113,1242.944,6.0,measure,14,200.0,-346.41,no_signal
0,robot_p4_20260912_173859.jsonl,114,1248.944,6.0,measure,8,200.0,-346.41,no_signal
0,robot_p4_20260912_173859.jsonl,115,1254.944,6.0,measure,7,200.0,-346.41,no_signal
0,robot_p4_20260912_173859.jsonl,116,1260.944,6.0,measure,17,200.0,-346.41,no_signal
0,robot_p4_20260912_173859.jsonl,117,1266.944,6.0,measure,18,200.0,-346.41,no_signal
0,robot_p4_20260912_173859.jsonl,118,1272.944,6.0,measure,19,200.0,-346.41,no_signal
0,robot_p4_20260912_173859.jsonl,119,1278.944,6.0,measure,4,200.0,-346.41,no_signal
0,robot_p4_20260912_173859.jsonl,120,1284.944,6.0,measure,3,200.0,-346.41,no_signal
0,robot_p4_20260912_173859.jsonl,121,1290.944,6.0,measure,2,200.0,-346.41,no_signal
0,robot_p4_20260912_173859.jsonl,122,1296.944,6.0,measure,1,200.0,-346.41,direction
0,robot_p4_20260912_173859.jsonl,123,1302.944,6.0,measure,20,200.0,-346.41,direction
0,robot_p4_20260912_173859.jsonl,124,1492.839,189.895,measure,19,919.239,-919.239,no_signal
0,robot_p4_20260912_173859.jsonl,125,1498.839,6.0,measure,18,919.239,-919.239,no_signal
0,robot_p4_20260912_173859.jsonl,126,1504.839,6.0,measure,17,919.239,-919.239,no_signal
0,robot_p4_20260912_173859.jsonl,127,1510.839,6.0,measure,14,919.239,-919.239,no_signal
0,robot_p4_20260912_173859.jsonl,128,1516.839,6.0,measure,13,919.239,-919.239,no_signal
0,robot_p4_20260912_173859.jsonl,129,1522.839,6.0,measure,11,919.239,-919.239,no_signal
0,robot_p4_20260912_173859.jsonl,130,1528.839,6.0,measure,10,919.239,-919.239,no_signal
0,robot_p4_20260912_173859.jsonl,131,1534.839,6.0,measure,8,919.239,-919.239,no_signal
0,robot_p4_20260912_173859.jsonl,132,1540.839,6.0,measure,7,919.239,-919.239,no_signal
0,robot_p4_20260912_173859.jsonl,133,1546.839,6.0,measure,4,919.239,-919.239,no_signal
0,robot_p4_20260912_173859.jsonl,134,1552.839,6.0,measure,3,919.239,-919.239,no_signal
0,robot_p4_20260912_173859.jsonl,135,1558.839,6.0,measure,2,919.239,-919.239,no_signal
0,robot_p4_20260912_173859.jsonl,136,1564.839,6.0,measure,20,919.239,-919.239,direction
0,robot_p4_20260912_173859.jsonl,137,1743.505,178.666,clear,20,58.124,-1030.956,success
0,robot_p4_20260912_173859.jsonl,138,1923.172,179.666,measure,16,919.239,-919.239,direction
0,robot_p4_20260912_173859.jsonl,139,2074.544,151.372,measure,17,1645.448,-950.0,no_signal
0,robot_p4_20260912_173859.jsonl,140,2080.544,6.0,measure,14,1645.448,-950.0,no_signal
0,robot_p4_20260912_173859.jsonl,141,2086.544,6.0,measure,18,1645.448,-950.0,no_signal
0,robot_p4_20260912_173859.jsonl,142,2092.544,6.0,measure,13,1645.448,-950.0,no_signal
0,robot_p4_20260912_173859.jsonl,143,2098.544,6.0,measure,19,1645.448,-950.0,no_signal
0,robot_p4_20260912_173859.jsonl,144,2104.544,6.0,measure,11,1645.448,-950.0,no_signal
0,robot_p4_20260912_173859.jsonl,145,2110.544,6.0,measure,10,1645.448,-950.0,no_signal
0,robot_p4_20260912_173859.jsonl,146,2116.544,6.0,measure,8,1645.448,-950.0,no_signal
0,robot_p4_20260912_173859.jsonl,147,2122.544,6.0,measure,7,1645.448,-950.0,no_signal
0,robot_p4_20260912_173859.jsonl,148,2128.544,6.0,measure,4,1645.448,-950.0,no_signal
0,robot_p4_20260912_173859.jsonl,149,2134.544,6.0,measure,3,1645.448,-950.0,no_signal
0,robot_p4_20260912_173859.jsonl,150,2140.544,6.0,measure,2,1645.448,-950.0,no_signal
0,robot_p4_20260912_173859.jsonl,151,2342.246,201.702,measure,2,950.0,-1645.448,no_signal
0,robot_p4_20260912_173859.jsonl,152,2348.246,6.0,measure,3,950.0,-1645.448,no_signal
0,robot_p4_20260912_173859.jsonl,153,2354.246,6.0,measure,4,950.0,-1645.448,no_signal
0,robot_p4_20260912_173859.jsonl,154,2360.246,6.0,measure,7,950.0,-1645.448,no_signal
0,robot_p4_20260912_173859.jsonl,155,2366.246,6.0,measure,8,950.0,-1645.448,no_signal
0,robot_p4_20260912_173859.jsonl,156,2372.246,6.0,measure,10,950.0,-1645.448,no_signal
0,robot_p4_20260912_173859.jsonl,157,2378.246,6.0,measure,11,950.0,-1645.448,no_signal
0,robot_p4_20260912_173859.jsonl,158,2384.246,6.0,measure,13,950.0,-1645.448,no_signal
0,robot_p4_20260912_173859.jsonl,159,2390.246,6.0,measure,14,950.0,-1645.448,no_signal
0,robot_p4_20260912_173859.jsonl,160,2396.246,6.0,measure,17,950.0,-1645.448,no_signal
0,robot_p4_20260912_173859.jsonl,161,2402.246,6.0,measure,18,950.0,-1645.448,no_signal
0,robot_p4_20260912_173859.jsonl,162,2408.246,6.0,measure,19,950.0,-1645.448,no_signal
0,robot_p4_20260912_173859.jsonl,163,2414.246,6.0,measure,1,950.0,-1645.448,direction
0,robot_p4_20260912_173859.jsonl,164,2616.949,202.702,measure,2,-0.0,-1900.0,no_signal
0,robot_p4_20260912_173859.jsonl,165,2622.949,6.0,measure,3,-0.0,-1900.0,no_signal
0,robot_p4_20260912_173859.jsonl,166,2628.949,6.0,measure,4,-0.0,-1900.0,no_signal
0,robot_p4_20260912_173859.jsonl,167,2634.949,6.0,measure,7,-0.0,-1900.0,no_signal
0,robot_p4_20260912_173859.jsonl,168,2640.949,6.0,measure,8,-0.0,-1900.0,no_signal
0,robot_p4_20260912_173859.jsonl,169,2646.949,6.0,measure,10,-0.0,-1900.0,no_signal
0,robot_p4_20260912_173859.jsonl,170,2652.949,6.0,measure,11,-0.0,-1900.0,no_signal
0,robot_p4_20260912_173859.jsonl,171,2658.949,6.0,measure,13,-0.0,-1900.0,no_signal
0,robot_p4_20260912_173859.jsonl,172,2664.949,6.0,measure,14,-0.0,-1900.0,no_signal
0,robot_p4_20260912_173859.jsonl,173,2670.949,6.0,measure,17,-0.0,-1900.0,no_signal
0,robot_p4_20260912_173859.jsonl,174,2676.949,6.0,measure,18,-0.0,-1900.0,no_signal
0,robot_p4_20260912_173859.jsonl,175,2682.949,6.0,measure,19,-0.0,-1900.0,no_signal
0,robot_p4_20260912_173859.jsonl,176,2688.949,6.0,measure,1,-0.0,-1900.0,direction
0,robot_p4_20260912_173859.jsonl,177,2765.627,76.679,clear,1,-208.527,-1608.518,success
0,robot_p4_20260912_173859.jsonl,178,2846.103,80.476,measure,2,-0.0,-1300.0,no_signal
0,robot_p4_20260912_173859.jsonl,179,2852.103,6.0,measure,3,-0.0,-1300.0,no_signal
0,robot_p4_20260912_173859.jsonl,180,2858.103,6.0,measure,4,-0.0,-1300.0,no_signal
0,robot_p4_20260912_173859.jsonl,181,2864.103,6.0,measure,7,-0.0,-1300.0,no_signal
0,robot_p4_20260912_173859.jsonl,182,2870.103,6.0,measure,8,-0.0,-1300.0,no_signal
0,robot_p4_20260912_173859.jsonl,183,2876.103,6.0,measure,10,-0.0,-1300.0,no_signal
0,robot_p4_20260912_173859.jsonl,184,2882.103,6.0,measure,11,-0.0,-1300.0,no_signal
0,robot_p4_20260912_173859.jsonl,185,2888.103,6.0,measure,13,-0.0,-1300.0,no_signal
0,robot_p4_20260912_173859.jsonl,186,2894.103,6.0,measure,14,-0.0,-1300.0,no_signal
0,robot_p4_20260912_173859.jsonl,187,2900.103,6.0,measure,17,-0.0,-1300.0,no_signal
0,robot_p4_20260912_173859.jsonl,188,2906.103,6.0,measure,18,-0.0,-1300.0,no_signal
0,robot_p4_20260912_173859.jsonl,189,2912.103,6.0,measure,19,-0.0,-1300.0,no_signal
0,robot_p4_20260912_173859.jsonl,190,2918.103,6.0,measure,5,-0.0,-1300.0,no_signal
0,robot_p4_20260912_173859.jsonl,191,3126.275,208.172,measure,4,-950.0,-1645.448,no_signal
0,robot_p4_20260912_173859.jsonl,192,3132.275,6.0,measure,3,-950.0,-1645.448,no_signal
0,robot_p4_20260912_173859.jsonl,193,3138.275,6.0,measure,7,-950.0,-1645.448,no_signal
0,robot_p4_20260912_173859.jsonl,194,3144.275,6.0,measure,2,-950.0,-1645.448,no_signal
0,robot_p4_20260912_173859.jsonl,195,3150.275,6.0,measure,8,-950.0,-1645.448,no_signal
0,robot_p4_20260912_173859.jsonl,196,3156.275,6.0,measure,10,-950.0,-1645.448,no_signal
0,robot_p4_20260912_173859.jsonl,197,3162.275,6.0,measure,11,-950.0,-1645.448,no_signal
0,robot_p4_20260912_173859.jsonl,198,3168.275,6.0,measure,13,-950.0,-1645.448,no_signal
0,robot_p4_20260912_173859.jsonl,199,3174.275,6.0,measure,14,-950.0,-1645.448,no_signal
0,robot_p4_20260912_173859.jsonl,200,3180.275,6.0,measure,17,-950.0,-1645.448,no_signal
0,robot_p4_20260912_173859.jsonl,201,3186.275,6.0,measure,18,-950.0,-1645.448,no_signal
0,robot_p4_20260912_173859.jsonl,202,3192.275,6.0,measure,19,-950.0,-1645.448,no_signal
0,robot_p4_20260912_173859.jsonl,203,3198.275,6.0,measure,5,-950.0,-1645.448,no_signal
0,robot_p4_20260912_173859.jsonl,204,3349.647,151.372,measure,4,-919.239,-919.239,no_signal
0,robot_p4_20260912_173859.jsonl,205,3355.647,6.0,measure,3,-919.239,-919.239,no_signal
0,robot_p4_20260912_173859.jsonl,206,3361.647,6.0,measure,7,-919.239,-919.239,no_signal
0,robot_p4_20260912_173859.jsonl,207,3367.647,6.0,measure,2,-919.239,-919.239,no_signal
0,robot_p4_20260912_173859.jsonl,208,3373.647,6.0,measure,8,-919.239,-919.239,no_signal
0,robot_p4_20260912_173859.jsonl,209,3379.647,6.0,measure,10,-919.239,-919.239,no_signal
0,robot_p4_20260912_173859.jsonl,210,3385.647,6.0,measure,11,-919.239,-919.239,no_signal
0,robot_p4_20260912_173859.jsonl,211,3391.647,6.0,measure,13,-919.239,-919.239,no_signal
0,robot_p4_20260912_173859.jsonl,212,3397.647,6.0,measure,14,-919.239,-919.239,no_signal
0,robot_p4_20260912_173859.jsonl,213,3403.647,6.0,measure,17,-919.239,-919.239,no_signal
0,robot_p4_20260912_173859.jsonl,214,3409.647,6.0,measure,18,-919.239,-919.239,no_signal
0,robot_p4_20260912_173859.jsonl,215,3415.647,6.0,measure,19,-919.239,-919.239,no_signal
0,robot_p4_20260912_173859.jsonl,216,3421.647,6.0,measure,5,-919.239,-919.239,direction
0,robot_p4_20260912_173859.jsonl,217,3517.199,95.552,measure,5,-752.894,-498.142,direction
0,robot_p4_20260912_173859.jsonl,218,3523.356,6.156,clear,5,-747.83,-495.352,success
0,robot_p4_20260912_173859.jsonl,219,3730.594,207.238,measure,4,-1645.448,-950.0,no_signal
0,robot_p4_20260912_173859.jsonl,220,3736.594,6.0,measure,3,-1645.448,-950.0,no_signal
0,robot_p4_20260912_173859.jsonl,221,3742.594,6.0,measure,7,-1645.448,-950.0,no_signal
0,robot_p4_20260912_173859.jsonl,222,3748.594,6.0,measure,2,-1645.448,-950.0,no_signal
0,robot_p4_20260912_173859.jsonl,223,3754.594,6.0,measure,8,-1645.448,-950.0,no_signal
0,robot_p4_20260912_173859.jsonl,224,3760.594,6.0,measure,10,-1645.448,-950.0,no_signal
0,robot_p4_20260912_173859.jsonl,225,3766.594,6.0,measure,11,-1645.448,-950.0,no_signal
0,robot_p4_20260912_173859.jsonl,226,3772.594,6.0,measure,13,-1645.448,-950.0,no_signal
0,robot_p4_20260912_173859.jsonl,227,3778.594,6.0,measure,14,-1645.448,-950.0,no_signal
0,robot_p4_20260912_173859.jsonl,228,3784.594,6.0,measure,17,-1645.448,-950.0,no_signal
0,robot_p4_20260912_173859.jsonl,229,3790.594,6.0,measure,18,-1645.448,-950.0,no_signal
0,robot_p4_20260912_173859.jsonl,230,3796.594,6.0,measure,19,-1645.448,-950.0,no_signal
0,robot_p4_20260912_173859.jsonl,231,4003.766,207.172,measure,19,-1300.0,0.0,no_signal
0,robot_p4_20260912_173859.jsonl,232,4009.766,6.0,measure,18,-1300.0,0.0,no_signal
0,robot_p4_20260912_173859.jsonl,233,4015.766,6.0,measure,17,-1300.0,0.0,no_signal
0,robot_p4_20260912_173859.jsonl,234,4021.766,6.0,measure,14,-1300.0,0.0,no_signal
0,robot_p4_20260912_173859.jsonl,235,4027.766,6.0,measure,13,-1300.0,0.0,no_signal
0,robot_p4_20260912_173859.jsonl,236,4033.766,6.0,measure,11,-1300.0,0.0,no_signal
0,robot_p4_20260912_173859.jsonl,237,4039.766,6.0,measure,10,-1300.0,0.0,no_signal
0,robot_p4_20260912_173859.jsonl,238,4045.766,6.0,measure,8,-1300.0,0.0,no_signal
0,robot_p4_20260912_173859.jsonl,239,4051.766,6.0,measure,7,-1300.0,0.0,direction
0,robot_p4_20260912_173859.jsonl,240,4057.766,6.0,measure,4,-1300.0,0.0,no_signal
0,robot_p4_20260912_173859.jsonl,241,4063.766,6.0,measure,3,-1300.0,0.0,no_signal
0,robot_p4_20260912_173859.jsonl,242,4069.766,6.0,measure,2,-1300.0,0.0,no_signal
0,robot_p4_20260912_173859.jsonl,243,4075.766,6.0,measure,7,-1300.0,0.0,direction
0,robot_p4_20260912_173859.jsonl,244,4081.766,6.0,measure,9,-1300.0,0.0,direction
0,robot_p4_20260912_173859.jsonl,245,4207.766,126.0,measure,8,-1900.0,0.0,no_signal
0,robot_p4_20260912_173859.jsonl,246,4213.766,6.0,measure,10,-1900.0,0.0,no_signal
0,robot_p4_20260912_173859.jsonl,247,4219.766,6.0,measure,11,-1900.0,0.0,no_signal
0,robot_p4_20260912_173859.jsonl,248,4225.766,6.0,measure,13,-1900.0,0.0,no_signal
0,robot_p4_20260912_173859.jsonl,249,4231.766,6.0,measure,4,-1900.0,0.0,no_signal
0,robot_p4_20260912_173859.jsonl,250,4237.766,6.0,measure,14,-1900.0,0.0,no_signal
0,robot_p4_20260912_173859.jsonl,251,4243.766,6.0,measure,3,-1900.0,0.0,no_signal
0,robot_p4_20260912_173859.jsonl,252,4249.766,6.0,measure,2,-1900.0,0.0,no_signal
0,robot_p4_20260912_173859.jsonl,253,4255.766,6.0,measure,17,-1900.0,0.0,no_signal
0,robot_p4_20260912_173859.jsonl,254,4261.766,6.0,measure,18,-1900.0,0.0,no_signal
0,robot_p4_20260912_173859.jsonl,255,4267.766,6.0,measure,19,-1900.0,0.0,no_signal
0,robot_p4_20260912_173859.jsonl,256,4273.766,6.0,measure,12,-1900.0,0.0,no_signal
0,robot_p4_20260912_173859.jsonl,257,4279.766,6.0,measure,9,-1900.0,0.0,direction
0,robot_p4_20260912_173859.jsonl,258,4439.808,160.042,measure,9,-1442.952,626.147,direction
0,robot_p4_20260912_173859.jsonl,259,4446.549,6.741,clear,9,-1445.096,634.583,success
0,robot_p4_20260912_173859.jsonl,260,4527.283,80.734,measure,8,-1645.448,950.0,no_signal
0,robot_p4_20260912_173859.jsonl,261,4533.283,6.0,measure,10,-1645.448,950.0,no_signal
0,robot_p4_20260912_173859.jsonl,262,4539.283,6.0,measure,11,-1645.448,950.0,no_signal
0,robot_p4_20260912_173859.jsonl,263,4545.283,6.0,measure,13,-1645.448,950.0,no_signal
0,robot_p4_20260912_173859.jsonl,264,4551.283,6.0,measure,4,-1645.448,950.0,no_signal
0,robot_p4_20260912_173859.jsonl,265,4557.283,6.0,measure,14,-1645.448,950.0,no_signal
0,robot_p4_20260912_173859.jsonl,266,4563.283,6.0,measure,3,-1645.448,950.0,no_signal
0,robot_p4_20260912_173859.jsonl,267,4569.283,6.0,measure,2,-1645.448,950.0,no_signal
0,robot_p4_20260912_173859.jsonl,268,4575.283,6.0,measure,17,-1645.448,950.0,no_signal
0,robot_p4_20260912_173859.jsonl,269,4581.283,6.0,measure,18,-1645.448,950.0,no_signal
0,robot_p4_20260912_173859.jsonl,270,4587.283,6.0,measure,19,-1645.448,950.0,no_signal
0,robot_p4_20260912_173859.jsonl,271,4593.283,6.0,measure,7,-1645.448,950.0,direction
0,robot_p4_20260912_173859.jsonl,272,4599.283,6.0,measure,15,-1645.448,950.0,direction
0,robot_p4_20260912_173859.jsonl,273,4744.491,145.208,measure,7,-955.802,855.876,no_signal
0,robot_p4_20260912_173859.jsonl,274,4767.491,23.0,measure,7,-1000.802,777.934,direction
0,robot_p4_20260912_173859.jsonl,275,4790.393,22.903,clear,7,-956.556,855.748,success
0,robot_p4_20260912_173859.jsonl,276,4811.122,20.729,measure,8,-919.239,919.239,no_signal
0,robot_p4_20260912_173859.jsonl,277,4817.122,6.0,measure,4,-919.239,919.239,no_signal
0,robot_p4_20260912_173859.jsonl,278,4823.122,6.0,measure,10,-919.239,919.239,no_signal
0,robot_p4_20260912_173859.jsonl,279,4829.122,6.0,measure,3,-919.239,919.239,no_signal
0,robot_p4_20260912_173859.jsonl,280,4835.122,6.0,measure,11,-919.239,919.239,no_signal
0,robot_p4_20260912_173859.jsonl,281,4841.122,6.0,measure,2,-919.239,919.239,no_signal
0,robot_p4_20260912_173859.jsonl,282,4847.122,6.0,measure,13,-919.239,919.239,no_signal
0,robot_p4_20260912_173859.jsonl,283,4853.122,6.0,measure,14,-919.239,919.239,no_signal
0,robot_p4_20260912_173859.jsonl,284,4859.122,6.0,measure,17,-919.239,919.239,direction
0,robot_p4_20260912_173859.jsonl,285,4865.122,6.0,measure,18,-919.239,919.239,no_signal
0,robot_p4_20260912_173859.jsonl,286,4871.122,6.0,measure,19,-919.239,919.239,no_signal
0,robot_p4_20260912_173859.jsonl,287,4877.122,6.0,measure,17,-919.239,919.239,direction
0,robot_p4_20260912_173859.jsonl,288,4883.122,6.0,measure,12,-919.239,919.239,direction
0,robot_p4_20260912_173859.jsonl,289,4948.496,65.373,clear,12,-854.198,624.462,success
0,robot_p4_20260912_173859.jsonl,290,5075.125,126.629,measure,15,-781.693,1223.235,direction
0,robot_p4_20260912_173859.jsonl,291,5082.186,7.061,clear,15,-790.304,1228.898,success
0,robot_p4_20260912_173859.jsonl,292,5177.409,95.223,measure,14,-950.0,1645.448,no_signal
0,robot_p4_20260912_173859.jsonl,293,5183.409,6.0,measure,13,-950.0,1645.448,no_signal
0,robot_p4_20260912_173859.jsonl,294,5189.409,6.0,measure,18,-950.0,1645.448,no_signal
0,robot_p4_20260912_173859.jsonl,295,5195.409,6.0,measure,11,-950.0,1645.448,no_signal
0,robot_p4_20260912_173859.jsonl,296,5201.409,6.0,measure,19,-950.0,1645.448,no_signal
0,robot_p4_20260912_173859.jsonl,297,5207.409,6.0,measure,10,-950.0,1645.448,no_signal
0,robot_p4_20260912_173859.jsonl,298,5213.409,6.0,measure,8,-950.0,1645.448,no_signal
0,robot_p4_20260912_173859.jsonl,299,5219.409,6.0,measure,4,-950.0,1645.448,no_signal
0,robot_p4_20260912_173859.jsonl,300,5225.409,6.0,measure,3,-950.0,1645.448,no_signal
0,robot_p4_20260912_173859.jsonl,301,5231.409,6.0,measure,2,-950.0,1645.448,no_signal
0,robot_p4_20260912_173859.jsonl,302,5433.112,201.702,measure,2,0.0,1900.0,no_signal
0,robot_p4_20260912_173859.jsonl,303,5439.112,6.0,measure,3,0.0,1900.0,direction
0,robot_p4_20260912_173859.jsonl,304,5445.112,6.0,measure,4,0.0,1900.0,no_signal
0,robot_p4_20260912_173859.jsonl,305,5451.112,6.0,measure,8,0.0,1900.0,no_signal
0,robot_p4_20260912_173859.jsonl,306,5457.112,6.0,measure,10,0.0,1900.0,no_signal
0,robot_p4_20260912_173859.jsonl,307,5463.112,6.0,measure,11,0.0,1900.0,no_signal
0,robot_p4_20260912_173859.jsonl,308,5469.112,6.0,measure,13,0.0,1900.0,no_signal
0,robot_p4_20260912_173859.jsonl,309,5475.112,6.0,measure,14,0.0,1900.0,no_signal
0,robot_p4_20260912_173859.jsonl,310,5481.112,6.0,measure,18,0.0,1900.0,no_signal
0,robot_p4_20260912_173859.jsonl,311,5487.112,6.0,measure,19,0.0,1900.0,no_signal
0,robot_p4_20260912_173859.jsonl,312,5493.112,6.0,measure,17,0.0,1900.0,direction
0,robot_p4_20260912_173859.jsonl,313,5499.112,6.0,measure,3,0.0,1900.0,direction
0,robot_p4_20260912_173859.jsonl,314,5625.112,126.0,measure,2,0.0,1300.0,direction
0,robot_p4_20260912_173859.jsonl,315,5631.112,6.0,measure,4,0.0,1300.0,no_signal
0,robot_p4_20260912_173859.jsonl,316,5637.112,6.0,measure,8,0.0,1300.0,no_signal
0,robot_p4_20260912_173859.jsonl,317,5643.112,6.0,measure,10,0.0,1300.0,no_signal
0,robot_p4_20260912_173859.jsonl,318,5649.112,6.0,measure,11,0.0,1300.0,no_signal
0,robot_p4_20260912_173859.jsonl,319,5655.112,6.0,measure,13,0.0,1300.0,no_signal
0,robot_p4_20260912_173859.jsonl,320,5661.112,6.0,measure,14,0.0,1300.0,no_signal
0,robot_p4_20260912_173859.jsonl,321,5667.112,6.0,measure,18,0.0,1300.0,no_signal
0,robot_p4_20260912_173859.jsonl,322,5673.112,6.0,measure,19,0.0,1300.0,no_signal
0,robot_p4_20260912_173859.jsonl,323,5679.112,6.0,measure,2,0.0,1300.0,direction
0,robot_p4_20260912_173859.jsonl,324,5685.112,6.0,measure,3,0.0,1300.0,no_signal
0,robot_p4_20260912_173859.jsonl,325,5799.249,114.137,measure,17,-218.183,805.291,no_signal
0,robot_p4_20260912_173859.jsonl,326,5822.249,23.0,measure,17,-308.183,805.291,direction
0,robot_p4_20260912_173859.jsonl,327,5835.935,13.686,measure,17,-299.262,847.797,direction
0,robot_p4_20260912_173859.jsonl,328,5859.804,23.869,clear,17,-211.841,812.327,success
0,robot_p4_20260912_173859.jsonl,329,6093.028,233.224,measure,18,919.239,919.239,direction
0,robot_p4_20260912_173859.jsonl,330,6099.028,6.0,measure,19,919.239,919.239,no_signal
0,robot_p4_20260912_173859.jsonl,331,6105.028,6.0,measure,14,919.239,919.239,no_signal
0,robot_p4_20260912_173859.jsonl,332,6111.028,6.0,measure,13,919.239,919.239,no_signal
0,robot_p4_20260912_173859.jsonl,333,6117.028,6.0,measure,11,919.239,919.239,no_signal
0,robot_p4_20260912_173859.jsonl,334,6123.028,6.0,measure,10,919.239,919.239,direction
0,robot_p4_20260912_173859.jsonl,335,6129.028,6.0,measure,8,919.239,919.239,no_signal
0,robot_p4_20260912_173859.jsonl,336,6135.028,6.0,measure,4,919.239,919.239,no_signal
0,robot_p4_20260912_173859.jsonl,337,6141.028,6.0,measure,2,919.239,919.239,direction
0,robot_p4_20260912_173859.jsonl,338,6147.028,6.0,measure,3,919.239,919.239,no_signal
0,robot_p4_20260912_173859.jsonl,339,6243.922,96.894,measure,2,861.336,468.473,no_signal
0,robot_p4_20260912_173859.jsonl,340,6266.922,23.0,measure,2,816.336,546.415,direction
0,robot_p4_20260912_173859.jsonl,341,6287.358,20.436,clear,2,863.088,485.005,success
0,robot_p4_20260912_173859.jsonl,342,6353.188,65.83,measure,16,940.827,196.131,direction
0,robot_p4_20260912_173859.jsonl,343,6360.209,7.02,clear,16,950.579,198.765,success
0,robot_p4_20260912_173859.jsonl,344,6446.608,86.4,measure,14,1300.0,0.0,no_signal
0,robot_p4_20260912_173859.jsonl,345,6452.608,6.0,measure,13,1300.0,0.0,no_signal
0,robot_p4_20260912_173859.jsonl,346,6458.608,6.0,measure,19,1300.0,0.0,no_signal
0,robot_p4_20260912_173859.jsonl,347,6464.608,6.0,measure,11,1300.0,0.0,no_signal
0,robot_p4_20260912_173859.jsonl,348,6470.608,6.0,measure,8,1300.0,0.0,no_signal
0,robot_p4_20260912_173859.jsonl,349,6476.608,6.0,measure,4,1300.0,0.0,no_signal
0,robot_p4_20260912_173859.jsonl,350,6482.608,6.0,measure,18,1300.0,0.0,direction
0,robot_p4_20260912_173859.jsonl,351,6608.608,126.0,measure,19,1900.0,0.0,no_signal
0,robot_p4_20260912_173859.jsonl,352,6614.608,6.0,measure,14,1900.0,0.0,direction
0,robot_p4_20260912_173859.jsonl,353,6620.608,6.0,measure,13,1900.0,0.0,no_signal
0,robot_p4_20260912_173859.jsonl,354,6626.608,6.0,measure,11,1900.0,0.0,no_signal
0,robot_p4_20260912_173859.jsonl,355,6632.608,6.0,measure,8,1900.0,0.0,no_signal
0,robot_p4_20260912_173859.jsonl,356,6638.608,6.0,measure,4,1900.0,0.0,no_signal
0,robot_p4_20260912_173859.jsonl,357,6644.608,6.0,measure,14,1900.0,0.0,direction
0,robot_p4_20260912_173859.jsonl,358,6847.311,202.702,measure,13,1645.448,950.0,no_signal
0,robot_p4_20260912_173859.jsonl,359,6853.311,6.0,measure,11,1645.448,950.0,no_signal
0,robot_p4_20260912_173859.jsonl,360,6859.311,6.0,measure,19,1645.448,950.0,no_signal
0,robot_p4_20260912_173859.jsonl,361,6865.311,6.0,measure,8,1645.448,950.0,no_signal
0,robot_p4_20260912_173859.jsonl,362,6871.311,6.0,measure,4,1645.448,950.0,no_signal
0,robot_p4_20260912_173859.jsonl,363,6877.311,6.0,measure,14,1645.448,950.0,direction
0,robot_p4_20260912_173859.jsonl,364,6984.675,107.364,clear,14,1474.462,467.584,success
0,robot_p4_20260912_173859.jsonl,365,7093.039,108.364,measure,3,1645.448,950.0,no_signal
0,robot_p4_20260912_173859.jsonl,366,7192.623,99.584,measure,18,1189.504,1055.18,direction
0,robot_p4_20260912_173859.jsonl,367,7198.39,5.766,clear,18,1185.757,1055.984,success
0,robot_p4_20260912_173859.jsonl,368,7331.362,132.972,measure,19,950.0,1645.448,no_signal
0,robot_p4_20260912_173859.jsonl,369,7337.362,6.0,measure,13,950.0,1645.448,no_signal
0,robot_p4_20260912_173859.jsonl,370,7343.362,6.0,measure,11,950.0,1645.448,no_signal
0,robot_p4_20260912_173859.jsonl,371,7349.362,6.0,measure,8,950.0,1645.448,no_signal
0,robot_p4_20260912_173859.jsonl,372,7355.362,6.0,measure,4,950.0,1645.448,no_signal
0,robot_p4_20260912_173859.jsonl,373,7361.362,6.0,measure,3,950.0,1645.448,no_signal
0,robot_p4_20260912_173859.jsonl,374,7367.362,6.0,measure,10,950.0,1645.448,no_signal
