run,log_file,idx,vt_s,dt_s,action,channel,x,y,result
1,r01_20260912_225951.jsonl,0,0.0,0.0,enter,,,,
1,r01_20260912_225951.jsonl,1,5.0,5.0,measure,1,0.0,0.0,no_signal
1,r01_20260912_225951.jsonl,2,11.0,6.0,measure,2,0.0,0.0,direction
1,r01_20260912_225951.jsonl,3,17.0,6.0,measure,3,0.0,0.0,direction
1,r01_20260912_225951.jsonl,4,23.0,6.0,measure,4,0.0,0.0,direction
1,r01_20260912_225951.jsonl,5,29.0,6.0,measure,5,0.0,0.0,no_signal
1,r01_20260912_225951.jsonl,6,35.0,6.0,measure,6,0.0,0.0,no_signal
1,r01_20260912_225951.jsonl,7,41.0,6.0,measure,7,0.0,0.0,no_signal
1,r01_20260912_225951.jsonl,8,47.0,6.0,measure,8,0.0,0.0,direction
1,r01_20260912_225951.jsonl,9,53.0,6.0,measure,9,0.0,0.0,no_signal
1,r01_20260912_225951.jsonl,10,59.0,6.0,measure,10,0.0,0.0,direction
1,r01_20260912_225951.jsonl,11,65.0,6.0,measure,11,0.0,0.0,direction
1,r01_20260912_225951.jsonl,12,71.0,6.0,measure,12,0.0,0.0,no_signal
1,r01_20260912_225951.jsonl,13,77.0,6.0,measure,13,0.0,0.0,no_signal
1,r01_20260912_225951.jsonl,14,83.0,6.0,measure,14,0.0,0.0,no_signal
1,r01_20260912_225951.jsonl,15,89.0,6.0,measure,15,0.0,0.0,no_signal
1,r01_20260912_225951.jsonl,16,95.0,6.0,measure,16,0.0,0.0,no_signal
1,r01_20260912_225951.jsonl,17,101.0,6.0,measure,17,0.0,0.0,no_signal
1,r01_20260912_225951.jsonl,18,107.0,6.0,measure,18,0.0,0.0,direction
1,r01_20260912_225951.jsonl,19,113.0,6.0,measure,19,0.0,0.0,no_signal
1,r01_20260912_225951.jsonl,20,119.0,6.0,measure,20,0.0,0.0,direction
1,r01_20260912_225951.jsonl,21,205.0,86.0,measure,19,400.0,0.0,no_signal
1,r01_20260912_225951.jsonl,22,211.0,6.0,measure,17,400.0,0.0,no_signal
1,r01_20260912_225951.jsonl,23,217.0,6.0,measure,16,400.0,0.0,no_signal
1,r01_20260912_225951.jsonl,24,223.0,6.0,measure,15,400.0,0.0,no_signal
1,r01_20260912_225951.jsonl,25,229.0,6.0,measure,14,400.0,0.0,no_signal
1,r01_20260912_225951.jsonl,26,235.0,6.0,measure,13,400.0,0.0,no_signal
1,r01_20260912_225951.jsonl,27,241.0,6.0,measure,12,400.0,0.0,no_signal
1,r01_20260912_225951.jsonl,28,247.0,6.0,measure,9,400.0,0.0,no_signal
1,r01_20260912_225951.jsonl,29,253.0,6.0,measure,7,400.0,0.0,no_signal
1,r01_20260912_225951.jsonl,30,259.0,6.0,measure,6,400.0,0.0,no_signal
1,r01_20260912_225951.jsonl,31,265.0,6.0,measure,5,400.0,0.0,no_signal
1,r01_20260912_225951.jsonl,32,271.0,6.0,measure,1,400.0,0.0,no_signal
1,r01_20260912_225951.jsonl,33,277.0,6.0,measure,11,400.0,0.0,direction
1,r01_20260912_225951.jsonl,34,283.0,6.0,measure,18,400.0,0.0,direction
1,r01_20260912_225951.jsonl,35,369.0,86.0,measure,17,200.0,346.41,no_signal
1,r01_20260912_225951.jsonl,36,375.0,6.0,measure,19,200.0,346.41,no_signal
1,r01_20260912_225951.jsonl,37,381.0,6.0,measure,16,200.0,346.41,no_signal
1,r01_20260912_225951.jsonl,38,387.0,6.0,measure,15,200.0,346.41,no_signal
1,r01_20260912_225951.jsonl,39,393.0,6.0,measure,14,200.0,346.41,no_signal
1,r01_20260912_225951.jsonl,40,399.0,6.0,measure,13,200.0,346.41,no_signal
1,r01_20260912_225951.jsonl,41,405.0,6.0,measure,12,200.0,346.41,no_signal
1,r01_20260912_225951.jsonl,42,411.0,6.0,measure,9,200.0,346.41,no_signal
1,r01_20260912_225951.jsonl,43,417.0,6.0,measure,7,200.0,346.41,no_signal
1,r01_20260912_225951.jsonl,44,423.0,6.0,measure,6,200.0,346.41,no_signal
1,r01_20260912_225951.jsonl,45,429.0,6.0,measure,5,200.0,346.41,no_signal
1,r01_20260912_225951.jsonl,46,435.0,6.0,measure,1,200.0,346.41,no_signal
1,r01_20260912_225951.jsonl,47,441.0,6.0,measure,3,200.0,346.41,direction
1,r01_20260912_225951.jsonl,48,447.0,6.0,measure,10,200.0,346.41,direction
1,r01_20260912_225951.jsonl,49,533.0,86.0,measure,9,-200.0,346.41,no_signal
1,r01_20260912_225951.jsonl,50,539.0,6.0,measure,12,-200.0,346.41,no_signal
1,r01_20260912_225951.jsonl,51,545.0,6.0,measure,7,-200.0,346.41,no_signal
1,r01_20260912_225951.jsonl,52,551.0,6.0,measure,13,-200.0,346.41,no_signal
1,r01_20260912_225951.jsonl,53,557.0,6.0,measure,6,-200.0,346.41,no_signal
1,r01_20260912_225951.jsonl,54,563.0,6.0,measure,14,-200.0,346.41,direction
1,r01_20260912_225951.jsonl,55,569.0,6.0,measure,5,-200.0,346.41,no_signal
1,r01_20260912_225951.jsonl,56,575.0,6.0,measure,15,-200.0,346.41,no_signal
1,r01_20260912_225951.jsonl,57,581.0,6.0,measure,16,-200.0,346.41,no_signal
1,r01_20260912_225951.jsonl,58,587.0,6.0,measure,17,-200.0,346.41,no_signal
1,r01_20260912_225951.jsonl,59,593.0,6.0,measure,1,-200.0,346.41,no_signal
1,r01_20260912_225951.jsonl,60,599.0,6.0,measure,19,-200.0,346.41,direction
1,r01_20260912_225951.jsonl,61,605.0,6.0,measure,20,-200.0,346.41,direction
1,r01_20260912_225951.jsonl,62,611.0,6.0,measure,8,-200.0,346.41,direction
1,r01_20260912_225951.jsonl,63,674.487,63.487,measure,3,-432.094,515.968,direction
1,r01_20260912_225951.jsonl,64,680.658,6.172,clear,3,-437.514,513.743,success
1,r01_20260912_225951.jsonl,65,789.68,109.022,measure,1,-400.0,0.0,no_signal
1,r01_20260912_225951.jsonl,66,795.68,6.0,measure,5,-400.0,0.0,no_signal
1,r01_20260912_225951.jsonl,67,801.68,6.0,measure,6,-400.0,0.0,no_signal
1,r01_20260912_225951.jsonl,68,807.68,6.0,measure,7,-400.0,0.0,no_signal
1,r01_20260912_225951.jsonl,69,813.68,6.0,measure,9,-400.0,0.0,no_signal
1,r01_20260912_225951.jsonl,70,819.68,6.0,measure,12,-400.0,0.0,no_signal
1,r01_20260912_225951.jsonl,71,825.68,6.0,measure,13,-400.0,0.0,no_signal
1,r01_20260912_225951.jsonl,72,831.68,6.0,measure,15,-400.0,0.0,no_signal
1,r01_20260912_225951.jsonl,73,837.68,6.0,measure,16,-400.0,0.0,no_signal
1,r01_20260912_225951.jsonl,74,843.68,6.0,measure,17,-400.0,0.0,no_signal
1,r01_20260912_225951.jsonl,75,849.68,6.0,measure,2,-400.0,0.0,direction
1,r01_20260912_225951.jsonl,76,855.68,6.0,measure,4,-400.0,0.0,direction
1,r01_20260912_225951.jsonl,77,937.803,82.123,measure,8,-253.933,-351.469,no_signal
1,r01_20260912_225951.jsonl,78,960.803,23.0,measure,8,-253.933,-261.469,direction
1,r01_20260912_225951.jsonl,79,982.257,21.454,clear,8,-248.741,-343.576,success
1,r01_20260912_225951.jsonl,80,998.022,15.765,measure,7,-200.0,-346.41,no_signal
1,r01_20260912_225951.jsonl,81,1004.022,6.0,measure,9,-200.0,-346.41,no_signal
1,r01_20260912_225951.jsonl,82,1010.022,6.0,measure,6,-200.0,-346.41,no_signal
1,r01_20260912_225951.jsonl,83,1016.022,6.0,measure,5,-200.0,-346.41,no_signal
1,r01_20260912_225951.jsonl,84,1022.022,6.0,measure,12,-200.0,-346.41,no_signal
1,r01_20260912_225951.jsonl,85,1028.022,6.0,measure,13,-200.0,-346.41,no_signal
1,r01_20260912_225951.jsonl,86,1034.022,6.0,measure,1,-200.0,-346.41,no_signal
1,r01_20260912_225951.jsonl,87,1040.022,6.0,measure,15,-200.0,-346.41,no_signal
1,r01_20260912_225951.jsonl,88,1046.022,6.0,measure,16,-200.0,-346.41,no_signal
1,r01_20260912_225951.jsonl,89,1052.022,6.0,measure,17,-200.0,-346.41,no_signal
1,r01_20260912_225951.jsonl,90,1058.022,6.0,measure,4,-200.0,-346.41,direction
1,r01_20260912_225951.jsonl,91,1064.022,6.0,measure,11,-200.0,-346.41,direction
1,r01_20260912_225951.jsonl,92,1150.022,86.0,measure,12,200.0,-346.41,no_signal
1,r01_20260912_225951.jsonl,93,1156.022,6.0,measure,9,200.0,-346.41,no_signal
1,r01_20260912_225951.jsonl,94,1162.022,6.0,measure,13,200.0,-346.41,no_signal
1,r01_20260912_225951.jsonl,95,1168.022,6.0,measure,7,200.0,-346.41,no_signal
1,r01_20260912_225951.jsonl,96,1174.022,6.0,measure,15,200.0,-346.41,no_signal
1,r01_20260912_225951.jsonl,97,1180.022,6.0,measure,6,200.0,-346.41,no_signal
1,r01_20260912_225951.jsonl,98,1186.022,6.0,measure,16,200.0,-346.41,no_signal
1,r01_20260912_225951.jsonl,99,1192.022,6.0,measure,5,200.0,-346.41,direction
1,r01_20260912_225951.jsonl,100,1198.022,6.0,measure,17,200.0,-346.41,no_signal
1,r01_20260912_225951.jsonl,101,1204.022,6.0,measure,1,200.0,-346.41,no_signal
1,r01_20260912_225951.jsonl,102,1210.022,6.0,measure,5,200.0,-346.41,direction
1,r01_20260912_225951.jsonl,103,1216.022,6.0,measure,18,200.0,-346.41,direction
1,r01_20260912_225951.jsonl,104,1405.917,189.895,measure,17,919.239,-919.239,no_signal
1,r01_20260912_225951.jsonl,105,1411.917,6.0,measure,16,919.239,-919.239,no_signal
1,r01_20260912_225951.jsonl,106,1417.917,6.0,measure,15,919.239,-919.239,no_signal
1,r01_20260912_225951.jsonl,107,1423.917,6.0,measure,13,919.239,-919.239,no_signal
1,r01_20260912_225951.jsonl,108,1429.917,6.0,measure,12,919.239,-919.239,no_signal
1,r01_20260912_225951.jsonl,109,1435.917,6.0,measure,9,919.239,-919.239,no_signal
1,r01_20260912_225951.jsonl,110,1441.917,6.0,measure,7,919.239,-919.239,no_signal
1,r01_20260912_225951.jsonl,111,1447.917,6.0,measure,6,919.239,-919.239,no_signal
1,r01_20260912_225951.jsonl,112,1453.917,6.0,measure,1,919.239,-919.239,no_signal
1,r01_20260912_225951.jsonl,113,1459.917,6.0,measure,5,919.239,-919.239,direction
1,r01_20260912_225951.jsonl,114,1465.917,6.0,measure,11,919.239,-919.239,direction
1,r01_20260912_225951.jsonl,115,1596.599,130.682,clear,11,412.467,-1290.829,success
1,r01_20260912_225951.jsonl,116,1685.113,88.514,measure,12,-0.0,-1300.0,no_signal
1,r01_20260912_225951.jsonl,117,1691.113,6.0,measure,9,-0.0,-1300.0,no_signal
1,r01_20260912_225951.jsonl,118,1697.113,6.0,measure,13,-0.0,-1300.0,no_signal
1,r01_20260912_225951.jsonl,119,1703.113,6.0,measure,7,-0.0,-1300.0,no_signal
1,r01_20260912_225951.jsonl,120,1709.113,6.0,measure,15,-0.0,-1300.0,no_signal
1,r01_20260912_225951.jsonl,121,1715.113,6.0,measure,6,-0.0,-1300.0,no_signal
1,r01_20260912_225951.jsonl,122,1721.113,6.0,measure,16,-0.0,-1300.0,no_signal
1,r01_20260912_225951.jsonl,123,1727.113,6.0,measure,17,-0.0,-1300.0,no_signal
1,r01_20260912_225951.jsonl,124,1733.113,6.0,measure,1,-0.0,-1300.0,no_signal
1,r01_20260912_225951.jsonl,125,1739.113,6.0,measure,2,-0.0,-1300.0,direction
1,r01_20260912_225951.jsonl,126,1881.67,142.557,clear,2,-577.238,-926.041,success
1,r01_20260912_225951.jsonl,127,2025.227,143.557,measure,20,-0.0,-1300.0,direction
1,r01_20260912_225951.jsonl,128,2151.227,126.0,measure,17,-0.0,-1900.0,no_signal
1,r01_20260912_225951.jsonl,129,2157.227,6.0,measure,16,-0.0,-1900.0,no_signal
1,r01_20260912_225951.jsonl,130,2163.227,6.0,measure,15,-0.0,-1900.0,no_signal
1,r01_20260912_225951.jsonl,131,2169.227,6.0,measure,13,-0.0,-1900.0,no_signal
1,r01_20260912_225951.jsonl,132,2175.227,6.0,measure,12,-0.0,-1900.0,no_signal
1,r01_20260912_225951.jsonl,133,2181.227,6.0,measure,9,-0.0,-1900.0,no_signal
1,r01_20260912_225951.jsonl,134,2187.227,6.0,measure,7,-0.0,-1900.0,no_signal
1,r01_20260912_225951.jsonl,135,2193.227,6.0,measure,6,-0.0,-1900.0,no_signal
1,r01_20260912_225951.jsonl,136,2199.227,6.0,measure,1,-0.0,-1900.0,no_signal
1,r01_20260912_225951.jsonl,137,2205.227,6.0,measure,5,-0.0,-1900.0,direction
1,r01_20260912_225951.jsonl,138,2384.318,179.092,measure,5,809.378,-1579.682,direction
1,r01_20260912_225951.jsonl,139,2390.828,6.51,clear,5,802.393,-1576.822,success
1,r01_20260912_225951.jsonl,140,2429.384,38.556,measure,6,950.0,-1645.448,no_signal
1,r01_20260912_225951.jsonl,141,2435.384,6.0,measure,7,950.0,-1645.448,no_signal
1,r01_20260912_225951.jsonl,142,2441.384,6.0,measure,1,950.0,-1645.448,no_signal
1,r01_20260912_225951.jsonl,143,2447.384,6.0,measure,9,950.0,-1645.448,no_signal
1,r01_20260912_225951.jsonl,144,2453.384,6.0,measure,12,950.0,-1645.448,no_signal
1,r01_20260912_225951.jsonl,145,2459.384,6.0,measure,13,950.0,-1645.448,no_signal
1,r01_20260912_225951.jsonl,146,2465.384,6.0,measure,15,950.0,-1645.448,no_signal
1,r01_20260912_225951.jsonl,147,2471.384,6.0,measure,16,950.0,-1645.448,no_signal
1,r01_20260912_225951.jsonl,148,2477.384,6.0,measure,17,950.0,-1645.448,no_signal
1,r01_20260912_225951.jsonl,149,2679.086,201.702,measure,17,1645.448,-950.0,no_signal
1,r01_20260912_225951.jsonl,150,2685.086,6.0,measure,16,1645.448,-950.0,no_signal
1,r01_20260912_225951.jsonl,151,2691.086,6.0,measure,15,1645.448,-950.0,no_signal
1,r01_20260912_225951.jsonl,152,2697.086,6.0,measure,13,1645.448,-950.0,no_signal
1,r01_20260912_225951.jsonl,153,2703.086,6.0,measure,12,1645.448,-950.0,no_signal
1,r01_20260912_225951.jsonl,154,2709.086,6.0,measure,9,1645.448,-950.0,no_signal
1,r01_20260912_225951.jsonl,155,2715.086,6.0,measure,7,1645.448,-950.0,no_signal
1,r01_20260912_225951.jsonl,156,2721.086,6.0,measure,6,1645.448,-950.0,no_signal
1,r01_20260912_225951.jsonl,157,2727.086,6.0,measure,1,1645.448,-950.0,no_signal
1,r01_20260912_225951.jsonl,158,2733.086,6.0,measure,18,1645.448,-950.0,direction
1,r01_20260912_225951.jsonl,159,2935.789,202.702,measure,17,1900.0,0.0,no_signal
1,r01_20260912_225951.jsonl,160,2941.789,6.0,measure,16,1900.0,0.0,no_signal
1,r01_20260912_225951.jsonl,161,2947.789,6.0,measure,15,1900.0,0.0,no_signal
1,r01_20260912_225951.jsonl,162,2953.789,6.0,measure,13,1900.0,0.0,no_signal
1,r01_20260912_225951.jsonl,163,2959.789,6.0,measure,12,1900.0,0.0,no_signal
1,r01_20260912_225951.jsonl,164,2965.789,6.0,measure,9,1900.0,0.0,no_signal
1,r01_20260912_225951.jsonl,165,2971.789,6.0,measure,7,1900.0,0.0,no_signal
1,r01_20260912_225951.jsonl,166,2977.789,6.0,measure,6,1900.0,0.0,no_signal
1,r01_20260912_225951.jsonl,167,2983.789,6.0,measure,1,1900.0,0.0,no_signal
1,r01_20260912_225951.jsonl,168,2989.789,6.0,measure,10,1900.0,0.0,direction
1,r01_20260912_225951.jsonl,169,2995.789,6.0,measure,18,1900.0,0.0,direction
1,r01_20260912_225951.jsonl,170,3121.789,126.0,measure,17,1300.0,0.0,no_signal
1,r01_20260912_225951.jsonl,171,3127.789,6.0,measure,16,1300.0,0.0,no_signal
1,r01_20260912_225951.jsonl,172,3133.789,6.0,measure,15,1300.0,0.0,no_signal
1,r01_20260912_225951.jsonl,173,3139.789,6.0,measure,13,1300.0,0.0,no_signal
1,r01_20260912_225951.jsonl,174,3145.789,6.0,measure,12,1300.0,0.0,no_signal
1,r01_20260912_225951.jsonl,175,3151.789,6.0,measure,9,1300.0,0.0,no_signal
1,r01_20260912_225951.jsonl,176,3157.789,6.0,measure,7,1300.0,0.0,no_signal
1,r01_20260912_225951.jsonl,177,3163.789,6.0,measure,6,1300.0,0.0,no_signal
1,r01_20260912_225951.jsonl,178,3169.789,6.0,measure,1,1300.0,0.0,no_signal
1,r01_20260912_225951.jsonl,179,3175.789,6.0,measure,10,1300.0,0.0,direction
1,r01_20260912_225951.jsonl,180,3283.011,107.222,clear,10,910.018,330.372,success
1,r01_20260912_225951.jsonl,181,3391.232,108.222,measure,18,1300.0,0.0,direction
1,r01_20260912_225951.jsonl,182,3417.061,25.829,clear,18,1197.612,19.05,success
1,r01_20260912_225951.jsonl,183,3629.674,212.613,measure,17,1645.448,950.0,no_signal
1,r01_20260912_225951.jsonl,184,3635.674,6.0,measure,16,1645.448,950.0,no_signal
1,r01_20260912_225951.jsonl,185,3641.674,6.0,measure,15,1645.448,950.0,no_signal
1,r01_20260912_225951.jsonl,186,3647.674,6.0,measure,13,1645.448,950.0,no_signal
1,r01_20260912_225951.jsonl,187,3653.674,6.0,measure,12,1645.448,950.0,no_signal
1,r01_20260912_225951.jsonl,188,3659.674,6.0,measure,9,1645.448,950.0,no_signal
1,r01_20260912_225951.jsonl,189,3665.674,6.0,measure,7,1645.448,950.0,no_signal
1,r01_20260912_225951.jsonl,190,3671.674,6.0,measure,6,1645.448,950.0,no_signal
1,r01_20260912_225951.jsonl,191,3677.674,6.0,measure,1,1645.448,950.0,no_signal
1,r01_20260912_225951.jsonl,192,3828.046,150.372,measure,1,919.239,919.239,direction
1,r01_20260912_225951.jsonl,193,3834.046,6.0,measure,6,919.239,919.239,no_signal
1,r01_20260912_225951.jsonl,194,3840.046,6.0,measure,7,919.239,919.239,no_signal
1,r01_20260912_225951.jsonl,195,3846.046,6.0,measure,9,919.239,919.239,no_signal
1,r01_20260912_225951.jsonl,196,3852.046,6.0,measure,12,919.239,919.239,no_signal
1,r01_20260912_225951.jsonl,197,3858.046,6.0,measure,13,919.239,919.239,no_signal
1,r01_20260912_225951.jsonl,198,3864.046,6.0,measure,15,919.239,919.239,no_signal
1,r01_20260912_225951.jsonl,199,3870.046,6.0,measure,16,919.239,919.239,no_signal
1,r01_20260912_225951.jsonl,200,3876.046,6.0,measure,17,919.239,919.239,no_signal
1,r01_20260912_225951.jsonl,201,3882.046,6.0,measure,1,919.239,919.239,direction
1,r01_20260912_225951.jsonl,202,4033.418,151.372,measure,6,950.0,1645.448,no_signal
1,r01_20260912_225951.jsonl,203,4039.418,6.0,measure,7,950.0,1645.448,no_signal
1,r01_20260912_225951.jsonl,204,4045.418,6.0,measure,9,950.0,1645.448,no_signal
1,r01_20260912_225951.jsonl,205,4051.418,6.0,measure,12,950.0,1645.448,no_signal
1,r01_20260912_225951.jsonl,206,4057.418,6.0,measure,13,950.0,1645.448,no_signal
1,r01_20260912_225951.jsonl,207,4063.418,6.0,measure,15,950.0,1645.448,no_signal
1,r01_20260912_225951.jsonl,208,4069.418,6.0,measure,16,950.0,1645.448,no_signal
1,r01_20260912_225951.jsonl,209,4075.418,6.0,measure,17,950.0,1645.448,no_signal
1,r01_20260912_225951.jsonl,210,4081.418,6.0,measure,1,950.0,1645.448,no_signal
1,r01_20260912_225951.jsonl,211,4289.59,208.172,measure,6,0.0,1300.0,no_signal
1,r01_20260912_225951.jsonl,212,4295.59,6.0,measure,7,0.0,1300.0,no_signal
1,r01_20260912_225951.jsonl,213,4301.59,6.0,measure,9,0.0,1300.0,no_signal
1,r01_20260912_225951.jsonl,214,4307.59,6.0,measure,12,0.0,1300.0,no_signal
1,r01_20260912_225951.jsonl,215,4313.59,6.0,measure,13,0.0,1300.0,no_signal
1,r01_20260912_225951.jsonl,216,4319.59,6.0,measure,15,0.0,1300.0,no_signal
1,r01_20260912_225951.jsonl,217,4325.59,6.0,measure,16,0.0,1300.0,no_signal
1,r01_20260912_225951.jsonl,218,4331.59,6.0,measure,17,0.0,1300.0,no_signal
1,r01_20260912_225951.jsonl,219,4337.59,6.0,measure,1,0.0,1300.0,direction
1,r01_20260912_225951.jsonl,220,4343.59,6.0,measure,19,0.0,1300.0,direction
1,r01_20260912_225951.jsonl,221,4469.59,126.0,measure,17,0.0,1900.0,no_signal
1,r01_20260912_225951.jsonl,222,4475.59,6.0,measure,16,0.0,1900.0,no_signal
1,r01_20260912_225951.jsonl,223,4481.59,6.0,measure,15,0.0,1900.0,no_signal
1,r01_20260912_225951.jsonl,224,4487.59,6.0,measure,13,0.0,1900.0,no_signal
1,r01_20260912_225951.jsonl,225,4493.59,6.0,measure,12,0.0,1900.0,no_signal
1,r01_20260912_225951.jsonl,226,4499.59,6.0,measure,9,0.0,1900.0,no_signal
1,r01_20260912_225951.jsonl,227,4505.59,6.0,measure,7,0.0,1900.0,no_signal
1,r01_20260912_225951.jsonl,228,4511.59,6.0,measure,6,0.0,1900.0,no_signal
1,r01_20260912_225951.jsonl,229,4517.59,6.0,measure,14,0.0,1900.0,direction
1,r01_20260912_225951.jsonl,230,4523.59,6.0,measure,19,0.0,1900.0,direction
1,r01_20260912_225951.jsonl,231,4774.443,250.853,measure,1,-379.072,735.9,direction
1,r01_20260912_225951.jsonl,232,4782.218,7.775,clear,1,-385.516,723.615,success
1,r01_20260912_225951.jsonl,233,4901.906,119.689,measure,6,-919.239,919.239,no_signal
1,r01_20260912_225951.jsonl,234,4907.906,6.0,measure,7,-919.239,919.239,no_signal
1,r01_20260912_225951.jsonl,235,4913.906,6.0,measure,9,-919.239,919.239,no_signal
1,r01_20260912_225951.jsonl,236,4919.906,6.0,measure,12,-919.239,919.239,no_signal
1,r01_20260912_225951.jsonl,237,4925.906,6.0,measure,13,-919.239,919.239,direction
1,r01_20260912_225951.jsonl,238,4931.906,6.0,measure,15,-919.239,919.239,direction
1,r01_20260912_225951.jsonl,239,4937.906,6.0,measure,16,-919.239,919.239,direction
1,r01_20260912_225951.jsonl,240,4943.906,6.0,measure,17,-919.239,919.239,no_signal
1,r01_20260912_225951.jsonl,241,4949.906,6.0,measure,16,-919.239,919.239,direction
1,r01_20260912_225951.jsonl,242,4955.906,6.0,measure,15,-919.239,919.239,direction
1,r01_20260912_225951.jsonl,243,5019.113,63.206,measure,14,-903.58,1204.841,direction
1,r01_20260912_225951.jsonl,244,5026.02,6.907,clear,14,-911.313,1199.26,success
1,r01_20260912_225951.jsonl,245,5059.657,33.637,measure,19,-1007.443,1298.531,direction
1,r01_20260912_225951.jsonl,246,5066.801,7.143,clear,19,-999.947,1290.873,success
1,r01_20260912_225951.jsonl,247,5144.416,77.615,measure,17,-950.0,1645.448,no_signal
1,r01_20260912_225951.jsonl,248,5150.416,6.0,measure,12,-950.0,1645.448,no_signal
1,r01_20260912_225951.jsonl,249,5156.416,6.0,measure,9,-950.0,1645.448,no_signal
1,r01_20260912_225951.jsonl,250,5162.416,6.0,measure,7,-950.0,1645.448,no_signal
1,r01_20260912_225951.jsonl,251,5168.416,6.0,measure,6,-950.0,1645.448,no_signal
1,r01_20260912_225951.jsonl,252,5174.416,6.0,measure,16,-950.0,1645.448,no_signal
1,r01_20260912_225951.jsonl,253,5180.416,6.0,measure,15,-950.0,1645.448,direction
1,r01_20260912_225951.jsonl,254,5383.118,202.702,measure,17,-1645.448,950.0,no_signal
1,r01_20260912_225951.jsonl,255,5389.118,6.0,measure,12,-1645.448,950.0,no_signal
1,r01_20260912_225951.jsonl,256,5395.118,6.0,measure,9,-1645.448,950.0,no_signal
1,r01_20260912_225951.jsonl,257,5401.118,6.0,measure,7,-1645.448,950.0,no_signal
1,r01_20260912_225951.jsonl,258,5407.118,6.0,measure,6,-1645.448,950.0,no_signal
1,r01_20260912_225951.jsonl,259,5413.118,6.0,measure,16,-1645.448,950.0,direction
1,r01_20260912_225951.jsonl,260,5499.657,86.539,clear,16,-1433.132,601.953,success
1,r01_20260912_225951.jsonl,261,5587.196,87.539,measure,13,-1645.448,950.0,direction
1,r01_20260912_225951.jsonl,262,5655.258,68.062,measure,13,-1347.976,1054.555,near
1,r01_20260912_225951.jsonl,263,5660.258,5.0,clear,13,-1347.976,1054.555,success
1,r01_20260912_225951.jsonl,264,5663.258,3.0,clear,13,-1347.976,1054.555,no_target_in_range
1,r01_20260912_225951.jsonl,265,5754.124,90.866,measure,15,-1546.542,679.554,direction
1,r01_20260912_225951.jsonl,266,5760.444,6.32,clear,15,-1550.591,684.767,success
1,r01_20260912_225951.jsonl,267,5912.28,151.836,measure,17,-1300.0,0.0,no_signal
1,r01_20260912_225951.jsonl,268,5918.28,6.0,measure,12,-1300.0,0.0,no_signal
1,r01_20260912_225951.jsonl,269,5924.28,6.0,measure,9,-1300.0,0.0,no_signal
1,r01_20260912_225951.jsonl,270,5930.28,6.0,measure,7,-1300.0,0.0,no_signal
1,r01_20260912_225951.jsonl,271,5936.28,6.0,measure,6,-1300.0,0.0,no_signal
1,r01_20260912_225951.jsonl,272,5942.28,6.0,measure,4,-1300.0,0.0,direction
1,r01_20260912_225951.jsonl,273,5948.28,6.0,measure,20,-1300.0,0.0,direction
1,r01_20260912_225951.jsonl,274,6028.639,80.36,measure,4,-932.001,-53.019,near
1,r01_20260912_225951.jsonl,275,6033.639,5.0,clear,4,-932.001,-53.019,success
1,r01_20260912_225951.jsonl,276,6036.639,3.0,clear,4,-932.001,-53.019,no_target_in_range
1,r01_20260912_225951.jsonl,277,6211.463,174.823,measure,20,-422.691,-726.173,direction
1,r01_20260912_225951.jsonl,278,6218.496,7.033,clear,20,-419.901,-735.947,success
1,r01_20260912_225951.jsonl,279,6330.879,112.383,measure,17,-919.239,-919.239,no_signal
1,r01_20260912_225951.jsonl,280,6336.879,6.0,measure,12,-919.239,-919.239,no_signal
1,r01_20260912_225951.jsonl,281,6342.879,6.0,measure,9,-919.239,-919.239,no_signal
1,r01_20260912_225951.jsonl,282,6348.879,6.0,measure,7,-919.239,-919.239,no_signal
1,r01_20260912_225951.jsonl,283,6354.879,6.0,measure,6,-919.239,-919.239,no_signal
1,r01_20260912_225951.jsonl,284,6505.251,150.372,measure,6,-950.0,-1645.448,no_signal
1,r01_20260912_225951.jsonl,285,6511.251,6.0,measure,7,-950.0,-1645.448,no_signal
1,r01_20260912_225951.jsonl,286,6517.251,6.0,measure,9,-950.0,-1645.448,no_signal
1,r01_20260912_225951.jsonl,287,6523.251,6.0,measure,12,-950.0,-1645.448,no_signal
1,r01_20260912_225951.jsonl,288,6529.251,6.0,measure,17,-950.0,-1645.448,no_signal
1,r01_20260912_225951.jsonl,289,6730.953,201.702,measure,17,-1645.448,-950.0,no_signal
1,r01_20260912_225951.jsonl,290,6736.953,6.0,measure,12,-1645.448,-950.0,no_signal
1,r01_20260912_225951.jsonl,291,6742.953,6.0,measure,9,-1645.448,-950.0,no_signal
1,r01_20260912_225951.jsonl,292,6748.953,6.0,measure,7,-1645.448,-950.0,no_signal
1,r01_20260912_225951.jsonl,293,6754.953,6.0,measure,6,-1645.448,-950.0,no_signal
1,r01_20260912_225951.jsonl,294,6956.656,201.702,measure,6,-1900.0,0.0,no_signal
1,r01_20260912_225951.jsonl,295,6962.656,6.0,measure,7,-1900.0,0.0,no_signal
1,r01_20260912_225951.jsonl,296,6968.656,6.0,measure,9,-1900.0,0.0,no_signal
1,r01_20260912_225951.jsonl,297,6974.656,6.0,measure,12,-1900.0,0.0,no_signal
1,r01_20260912_225951.jsonl,298,6980.656,6.0,measure,17,-1900.0,0.0,no_signal
1,r01_20260912_225951.jsonl,299,6980.656,0.0,exit,,,,
2,r02_20260912_230001.jsonl,0,0.0,0.0,enter,,,,
2,r02_20260912_230001.jsonl,1,5.0,5.0,measure,1,0.0,0.0,no_signal
2,r02_20260912_230001.jsonl,2,11.0,6.0,measure,2,0.0,0.0,no_signal
2,r02_20260912_230001.jsonl,3,17.0,6.0,measure,3,0.0,0.0,direction
2,r02_20260912_230001.jsonl,4,23.0,6.0,measure,4,0.0,0.0,no_signal
2,r02_20260912_230001.jsonl,5,29.0,6.0,measure,5,0.0,0.0,direction
2,r02_20260912_230001.jsonl,6,35.0,6.0,measure,6,0.0,0.0,no_signal
2,r02_20260912_230001.jsonl,7,41.0,6.0,measure,7,0.0,0.0,direction
2,r02_20260912_230001.jsonl,8,47.0,6.0,measure,8,0.0,0.0,no_signal
2,r02_20260912_230001.jsonl,9,53.0,6.0,measure,9,0.0,0.0,direction
2,r02_20260912_230001.jsonl,10,59.0,6.0,measure,10,0.0,0.0,no_signal
2,r02_20260912_230001.jsonl,11,65.0,6.0,measure,11,0.0,0.0,direction
2,r02_20260912_230001.jsonl,12,71.0,6.0,measure,12,0.0,0.0,no_signal
2,r02_20260912_230001.jsonl,13,77.0,6.0,measure,13,0.0,0.0,no_signal
2,r02_20260912_230001.jsonl,14,83.0,6.0,measure,14,0.0,0.0,no_signal
2,r02_20260912_230001.jsonl,15,89.0,6.0,measure,15,0.0,0.0,direction
2,r02_20260912_230001.jsonl,16,95.0,6.0,measure,16,0.0,0.0,direction
2,r02_20260912_230001.jsonl,17,101.0,6.0,measure,17,0.0,0.0,no_signal
2,r02_20260912_230001.jsonl,18,107.0,6.0,measure,18,0.0,0.0,no_signal
2,r02_20260912_230001.jsonl,19,113.0,6.0,measure,19,0.0,0.0,no_signal
2,r02_20260912_230001.jsonl,20,119.0,6.0,measure,20,0.0,0.0,no_signal
2,r02_20260912_230001.jsonl,21,204.0,85.0,measure,20,400.0,0.0,no_signal
2,r02_20260912_230001.jsonl,22,210.0,6.0,measure,19,400.0,0.0,no_signal
2,r02_20260912_230001.jsonl,23,216.0,6.0,measure,18,400.0,0.0,direction
2,r02_20260912_230001.jsonl,24,222.0,6.0,measure,17,400.0,0.0,no_signal
2,r02_20260912_230001.jsonl,25,228.0,6.0,measure,14,400.0,0.0,no_signal
2,r02_20260912_230001.jsonl,26,234.0,6.0,measure,13,400.0,0.0,direction
2,r02_20260912_230001.jsonl,27,240.0,6.0,measure,12,400.0,0.0,no_signal
2,r02_20260912_230001.jsonl,28,246.0,6.0,measure,10,400.0,0.0,no_signal
2,r02_20260912_230001.jsonl,29,252.0,6.0,measure,8,400.0,0.0,no_signal
2,r02_20260912_230001.jsonl,30,258.0,6.0,measure,6,400.0,0.0,no_signal
2,r02_20260912_230001.jsonl,31,264.0,6.0,measure,4,400.0,0.0,no_signal
2,r02_20260912_230001.jsonl,32,270.0,6.0,measure,2,400.0,0.0,no_signal
2,r02_20260912_230001.jsonl,33,276.0,6.0,measure,1,400.0,0.0,no_signal
2,r02_20260912_230001.jsonl,34,282.0,6.0,measure,15,400.0,0.0,direction
2,r02_20260912_230001.jsonl,35,288.0,6.0,measure,16,400.0,0.0,direction
2,r02_20260912_230001.jsonl,36,374.0,86.0,measure,17,200.0,346.41,no_signal
2,r02_20260912_230001.jsonl,37,380.0,6.0,measure,14,200.0,346.41,no_signal
2,r02_20260912_230001.jsonl,38,386.0,6.0,measure,19,200.0,346.41,no_signal
2,r02_20260912_230001.jsonl,39,392.0,6.0,measure,12,200.0,346.41,no_signal
2,r02_20260912_230001.jsonl,40,398.0,6.0,measure,20,200.0,346.41,no_signal
2,r02_20260912_230001.jsonl,41,404.0,6.0,measure,10,200.0,346.41,no_signal
2,r02_20260912_230001.jsonl,42,410.0,6.0,measure,8,200.0,346.41,no_signal
2,r02_20260912_230001.jsonl,43,416.0,6.0,measure,6,200.0,346.41,no_signal
2,r02_20260912_230001.jsonl,44,422.0,6.0,measure,4,200.0,346.41,no_signal
2,r02_20260912_230001.jsonl,45,428.0,6.0,measure,2,200.0,346.41,no_signal
2,r02_20260912_230001.jsonl,46,434.0,6.0,measure,1,200.0,346.41,no_signal
2,r02_20260912_230001.jsonl,47,440.0,6.0,measure,5,200.0,346.41,direction
2,r02_20260912_230001.jsonl,48,446.0,6.0,measure,11,200.0,346.41,direction
2,r02_20260912_230001.jsonl,49,532.0,86.0,measure,10,-200.0,346.41,no_signal
2,r02_20260912_230001.jsonl,50,538.0,6.0,measure,12,-200.0,346.41,no_signal
2,r02_20260912_230001.jsonl,51,544.0,6.0,measure,8,-200.0,346.41,no_signal
2,r02_20260912_230001.jsonl,52,550.0,6.0,measure,14,-200.0,346.41,no_signal
2,r02_20260912_230001.jsonl,53,556.0,6.0,measure,6,-200.0,346.41,no_signal
2,r02_20260912_230001.jsonl,54,562.0,6.0,measure,17,-200.0,346.41,no_signal
2,r02_20260912_230001.jsonl,55,568.0,6.0,measure,4,-200.0,346.41,no_signal
2,r02_20260912_230001.jsonl,56,574.0,6.0,measure,19,-200.0,346.41,no_signal
2,r02_20260912_230001.jsonl,57,580.0,6.0,measure,2,-200.0,346.41,no_signal
2,r02_20260912_230001.jsonl,58,586.0,6.0,measure,20,-200.0,346.41,no_signal
2,r02_20260912_230001.jsonl,59,592.0,6.0,measure,1,-200.0,346.41,no_signal
2,r02_20260912_230001.jsonl,60,598.0,6.0,measure,7,-200.0,346.41,direction
2,r02_20260912_230001.jsonl,61,604.0,6.0,measure,3,-200.0,346.41,direction
2,r02_20260912_230001.jsonl,62,688.655,84.655,measure,11,-274.025,732.654,direction
2,r02_20260912_230001.jsonl,63,695.618,6.963,clear,11,-282.728,737.196,success
2,r02_20260912_230001.jsonl,64,827.584,131.966,measure,10,0.0,1300.0,no_signal
2,r02_20260912_230001.jsonl,65,833.584,6.0,measure,12,0.0,1300.0,no_signal
2,r02_20260912_230001.jsonl,66,839.584,6.0,measure,8,0.0,1300.0,no_signal
2,r02_20260912_230001.jsonl,67,845.584,6.0,measure,14,0.0,1300.0,no_signal
2,r02_20260912_230001.jsonl,68,851.584,6.0,measure,6,0.0,1300.0,no_signal
2,r02_20260912_230001.jsonl,69,857.584,6.0,measure,17,0.0,1300.0,no_signal
2,r02_20260912_230001.jsonl,70,863.584,6.0,measure,4,0.0,1300.0,no_signal
2,r02_20260912_230001.jsonl,71,869.584,6.0,measure,19,0.0,1300.0,no_signal
2,r02_20260912_230001.jsonl,72,875.584,6.0,measure,2,0.0,1300.0,no_signal
2,r02_20260912_230001.jsonl,73,881.584,6.0,measure,20,0.0,1300.0,no_signal
2,r02_20260912_230001.jsonl,74,887.584,6.0,measure,1,0.0,1300.0,no_signal
2,r02_20260912_230001.jsonl,75,893.584,6.0,measure,3,0.0,1300.0,direction
2,r02_20260912_230001.jsonl,76,899.584,6.0,measure,5,0.0,1300.0,no_signal
2,r02_20260912_230001.jsonl,77,1021.542,121.958,measure,3,-573.078,1212.039,direction
2,r02_20260912_230001.jsonl,78,1028.24,6.698,clear,3,-579.404,1206.373,success
2,r02_20260912_230001.jsonl,79,1123.22,94.979,measure,2,-919.239,919.239,no_signal
2,r02_20260912_230001.jsonl,80,1129.22,6.0,measure,4,-919.239,919.239,no_signal
2,r02_20260912_230001.jsonl,81,1135.22,6.0,measure,1,-919.239,919.239,no_signal
2,r02_20260912_230001.jsonl,82,1141.22,6.0,measure,6,-919.239,919.239,no_signal
2,r02_20260912_230001.jsonl,83,1147.22,6.0,measure,8,-919.239,919.239,no_signal
2,r02_20260912_230001.jsonl,84,1153.22,6.0,measure,10,-919.239,919.239,no_signal
2,r02_20260912_230001.jsonl,85,1159.22,6.0,measure,12,-919.239,919.239,no_signal
2,r02_20260912_230001.jsonl,86,1165.22,6.0,measure,14,-919.239,919.239,no_signal
2,r02_20260912_230001.jsonl,87,1171.22,6.0,measure,17,-919.239,919.239,no_signal
2,r02_20260912_230001.jsonl,88,1177.22,6.0,measure,19,-919.239,919.239,no_signal
2,r02_20260912_230001.jsonl,89,1183.22,6.0,measure,20,-919.239,919.239,no_signal
2,r02_20260912_230001.jsonl,90,1189.22,6.0,measure,5,-919.239,919.239,no_signal
2,r02_20260912_230001.jsonl,91,1340.592,151.372,measure,4,-1645.448,950.0,no_signal
2,r02_20260912_230001.jsonl,92,1346.592,6.0,measure,6,-1645.448,950.0,no_signal
2,r02_20260912_230001.jsonl,93,1352.592,6.0,measure,2,-1645.448,950.0,no_signal
2,r02_20260912_230001.jsonl,94,1358.592,6.0,measure,8,-1645.448,950.0,no_signal
2,r02_20260912_230001.jsonl,95,1364.592,6.0,measure,1,-1645.448,950.0,no_signal
2,r02_20260912_230001.jsonl,96,1370.592,6.0,measure,10,-1645.448,950.0,no_signal
2,r02_20260912_230001.jsonl,97,1376.592,6.0,measure,12,-1645.448,950.0,no_signal
2,r02_20260912_230001.jsonl,98,1382.592,6.0,measure,14,-1645.448,950.0,no_signal
2,r02_20260912_230001.jsonl,99,1388.592,6.0,measure,17,-1645.448,950.0,no_signal
2,r02_20260912_230001.jsonl,100,1394.592,6.0,measure,19,-1645.448,950.0,no_signal
2,r02_20260912_230001.jsonl,101,1400.592,6.0,measure,20,-1645.448,950.0,no_signal
2,r02_20260912_230001.jsonl,102,1602.294,201.702,measure,20,-950.0,1645.448,no_signal
2,r02_20260912_230001.jsonl,103,1608.294,6.0,measure,19,-950.0,1645.448,no_signal
2,r02_20260912_230001.jsonl,104,1614.294,6.0,measure,17,-950.0,1645.448,no_signal
2,r02_20260912_230001.jsonl,105,1620.294,6.0,measure,14,-950.0,1645.448,no_signal
2,r02_20260912_230001.jsonl,106,1626.294,6.0,measure,12,-950.0,1645.448,no_signal
2,r02_20260912_230001.jsonl,107,1632.294,6.0,measure,10,-950.0,1645.448,no_signal
2,r02_20260912_230001.jsonl,108,1638.294,6.0,measure,8,-950.0,1645.448,no_signal
2,r02_20260912_230001.jsonl,109,1644.294,6.0,measure,6,-950.0,1645.448,no_signal
2,r02_20260912_230001.jsonl,110,1650.294,6.0,measure,4,-950.0,1645.448,no_signal
2,r02_20260912_230001.jsonl,111,1656.294,6.0,measure,2,-950.0,1645.448,no_signal
2,r02_20260912_230001.jsonl,112,1662.294,6.0,measure,1,-950.0,1645.448,no_signal
2,r02_20260912_230001.jsonl,113,1668.294,6.0,measure,5,-950.0,1645.448,no_signal
2,r02_20260912_230001.jsonl,114,1870.996,202.702,measure,4,0.0,1900.0,no_signal
2,r02_20260912_230001.jsonl,115,1876.996,6.0,measure,6,0.0,1900.0,no_signal
2,r02_20260912_230001.jsonl,116,1882.996,6.0,measure,2,0.0,1900.0,no_signal
2,r02_20260912_230001.jsonl,117,1888.996,6.0,measure,8,0.0,1900.0,no_signal
2,r02_20260912_230001.jsonl,118,1894.996,6.0,measure,1,0.0,1900.0,no_signal
2,r02_20260912_230001.jsonl,119,1900.996,6.0,measure,10,0.0,1900.0,no_signal
2,r02_20260912_230001.jsonl,120,1906.996,6.0,measure,12,0.0,1900.0,no_signal
2,r02_20260912_230001.jsonl,121,1912.996,6.0,measure,14,0.0,1900.0,no_signal
2,r02_20260912_230001.jsonl,122,1918.996,6.0,measure,17,0.0,1900.0,no_signal
2,r02_20260912_230001.jsonl,123,1924.996,6.0,measure,19,0.0,1900.0,no_signal
2,r02_20260912_230001.jsonl,124,1930.996,6.0,measure,20,0.0,1900.0,no_signal
2,r02_20260912_230001.jsonl,125,1936.996,6.0,measure,5,0.0,1900.0,no_signal
2,r02_20260912_230001.jsonl,126,2139.699,202.702,measure,4,950.0,1645.448,no_signal
2,r02_20260912_230001.jsonl,127,2145.699,6.0,measure,6,950.0,1645.448,no_signal
2,r02_20260912_230001.jsonl,128,2151.699,6.0,measure,2,950.0,1645.448,no_signal
2,r02_20260912_230001.jsonl,129,2157.699,6.0,measure,8,950.0,1645.448,no_signal
2,r02_20260912_230001.jsonl,130,2163.699,6.0,measure,1,950.0,1645.448,no_signal
2,r02_20260912_230001.jsonl,131,2169.699,6.0,measure,10,950.0,1645.448,no_signal
2,r02_20260912_230001.jsonl,132,2175.699,6.0,measure,12,950.0,1645.448,no_signal
2,r02_20260912_230001.jsonl,133,2181.699,6.0,measure,14,950.0,1645.448,no_signal
2,r02_20260912_230001.jsonl,134,2187.699,6.0,measure,17,950.0,1645.448,no_signal
2,r02_20260912_230001.jsonl,135,2193.699,6.0,measure,19,950.0,1645.448,no_signal
2,r02_20260912_230001.jsonl,136,2199.699,6.0,measure,20,950.0,1645.448,no_signal
2,r02_20260912_230001.jsonl,137,2350.071,150.372,measure,20,919.239,919.239,no_signal
2,r02_20260912_230001.jsonl,138,2356.071,6.0,measure,19,919.239,919.239,no_signal
2,r02_20260912_230001.jsonl,139,2362.071,6.0,measure,17,919.239,919.239,no_signal
2,r02_20260912_230001.jsonl,140,2368.071,6.0,measure,14,919.239,919.239,no_signal
2,r02_20260912_230001.jsonl,141,2374.071,6.0,measure,12,919.239,919.239,no_signal
2,r02_20260912_230001.jsonl,142,2380.071,6.0,measure,10,919.239,919.239,no_signal
2,r02_20260912_230001.jsonl,143,2386.071,6.0,measure,8,919.239,919.239,no_signal
2,r02_20260912_230001.jsonl,144,2392.071,6.0,measure,6,919.239,919.239,no_signal
2,r02_20260912_230001.jsonl,145,2398.071,6.0,measure,4,919.239,919.239,no_signal
2,r02_20260912_230001.jsonl,146,2404.071,6.0,measure,2,919.239,919.239,no_signal
2,r02_20260912_230001.jsonl,147,2410.071,6.0,measure,1,919.239,919.239,no_signal
2,r02_20260912_230001.jsonl,148,2416.071,6.0,measure,16,919.239,919.239,direction
2,r02_20260912_230001.jsonl,149,2587.694,171.623,clear,16,1056.229,97.463,success
2,r02_20260912_230001.jsonl,150,2760.317,172.623,measure,5,919.239,919.239,direction
2,r02_20260912_230001.jsonl,151,2911.689,151.372,measure,4,1645.448,950.0,no_signal
2,r02_20260912_230001.jsonl,152,2917.689,6.0,measure,6,1645.448,950.0,no_signal
2,r02_20260912_230001.jsonl,153,2923.689,6.0,measure,2,1645.448,950.0,no_signal
2,r02_20260912_230001.jsonl,154,2929.689,6.0,measure,8,1645.448,950.0,no_signal
2,r02_20260912_230001.jsonl,155,2935.689,6.0,measure,1,1645.448,950.0,no_signal
2,r02_20260912_230001.jsonl,156,2941.689,6.0,measure,10,1645.448,950.0,no_signal
2,r02_20260912_230001.jsonl,157,2947.689,6.0,measure,12,1645.448,950.0,no_signal
2,r02_20260912_230001.jsonl,158,2953.689,6.0,measure,14,1645.448,950.0,no_signal
2,r02_20260912_230001.jsonl,159,2959.689,6.0,measure,17,1645.448,950.0,no_signal
2,r02_20260912_230001.jsonl,160,2965.689,6.0,measure,19,1645.448,950.0,no_signal
2,r02_20260912_230001.jsonl,161,2971.689,6.0,measure,20,1645.448,950.0,no_signal
2,r02_20260912_230001.jsonl,162,3173.392,201.702,measure,20,1900.0,0.0,no_signal
2,r02_20260912_230001.jsonl,163,3179.392,6.0,measure,19,1900.0,0.0,no_signal
2,r02_20260912_230001.jsonl,164,3185.392,6.0,measure,17,1900.0,0.0,no_signal
2,r02_20260912_230001.jsonl,165,3191.392,6.0,measure,14,1900.0,0.0,no_signal
2,r02_20260912_230001.jsonl,166,3197.392,6.0,measure,12,1900.0,0.0,no_signal
2,r02_20260912_230001.jsonl,167,3203.392,6.0,measure,10,1900.0,0.0,no_signal
2,r02_20260912_230001.jsonl,168,3209.392,6.0,measure,8,1900.0,0.0,no_signal
2,r02_20260912_230001.jsonl,169,3215.392,6.0,measure,6,1900.0,0.0,no_signal
2,r02_20260912_230001.jsonl,170,3221.392,6.0,measure,4,1900.0,0.0,no_signal
2,r02_20260912_230001.jsonl,171,3227.392,6.0,measure,2,1900.0,0.0,no_signal
2,r02_20260912_230001.jsonl,172,3233.392,6.0,measure,1,1900.0,0.0,no_signal
2,r02_20260912_230001.jsonl,173,3239.392,6.0,measure,18,1900.0,0.0,direction
2,r02_20260912_230001.jsonl,174,3245.392,6.0,measure,13,1900.0,0.0,direction
2,r02_20260912_230001.jsonl,175,3448.094,202.702,measure,12,1645.448,-950.0,no_signal
2,r02_20260912_230001.jsonl,176,3454.094,6.0,measure,14,1645.448,-950.0,no_signal
2,r02_20260912_230001.jsonl,177,3460.094,6.0,measure,10,1645.448,-950.0,direction
2,r02_20260912_230001.jsonl,178,3466.094,6.0,measure,17,1645.448,-950.0,no_signal
2,r02_20260912_230001.jsonl,179,3472.094,6.0,measure,8,1645.448,-950.0,no_signal
2,r02_20260912_230001.jsonl,180,3478.094,6.0,measure,19,1645.448,-950.0,no_signal
2,r02_20260912_230001.jsonl,181,3484.094,6.0,measure,6,1645.448,-950.0,no_signal
2,r02_20260912_230001.jsonl,182,3490.094,6.0,measure,20,1645.448,-950.0,no_signal
2,r02_20260912_230001.jsonl,183,3496.094,6.0,measure,4,1645.448,-950.0,no_signal
2,r02_20260912_230001.jsonl,184,3502.094,6.0,measure,2,1645.448,-950.0,no_signal
2,r02_20260912_230001.jsonl,185,3508.094,6.0,measure,1,1645.448,-950.0,no_signal
2,r02_20260912_230001.jsonl,186,3514.094,6.0,measure,10,1645.448,-950.0,direction
2,r02_20260912_230001.jsonl,187,3520.094,6.0,measure,13,1645.448,-950.0,direction
2,r02_20260912_230001.jsonl,188,3626.252,106.158,measure,18,1225.705,-676.858,direction
2,r02_20260912_230001.jsonl,189,3632.975,6.723,clear,18,1230.943,-683.696,success
2,r02_20260912_230001.jsonl,190,3663.871,30.896,measure,13,1164.589,-578.378,direction
2,r02_20260912_230001.jsonl,191,3670.551,6.681,clear,13,1168.792,-585.654,success
2,r02_20260912_230001.jsonl,192,3759.871,89.32,measure,12,919.239,-919.239,no_signal
2,r02_20260912_230001.jsonl,193,3765.871,6.0,measure,14,919.239,-919.239,no_signal
2,r02_20260912_230001.jsonl,194,3771.871,6.0,measure,17,919.239,-919.239,no_signal
2,r02_20260912_230001.jsonl,195,3777.871,6.0,measure,8,919.239,-919.239,no_signal
2,r02_20260912_230001.jsonl,196,3783.871,6.0,measure,19,919.239,-919.239,no_signal
2,r02_20260912_230001.jsonl,197,3789.871,6.0,measure,6,919.239,-919.239,direction
2,r02_20260912_230001.jsonl,198,3795.871,6.0,measure,20,919.239,-919.239,no_signal
2,r02_20260912_230001.jsonl,199,3801.871,6.0,measure,4,919.239,-919.239,no_signal
2,r02_20260912_230001.jsonl,200,3807.871,6.0,measure,2,919.239,-919.239,direction
2,r02_20260912_230001.jsonl,201,3813.871,6.0,measure,1,919.239,-919.239,no_signal
2,r02_20260912_230001.jsonl,202,3819.871,6.0,measure,2,919.239,-919.239,direction
2,r02_20260912_230001.jsonl,203,3825.871,6.0,measure,9,919.239,-919.239,no_signal
2,r02_20260912_230001.jsonl,204,3977.243,151.372,measure,8,950.0,-1645.448,no_signal
2,r02_20260912_230001.jsonl,205,3983.243,6.0,measure,12,950.0,-1645.448,no_signal
2,r02_20260912_230001.jsonl,206,3989.243,6.0,measure,4,950.0,-1645.448,no_signal
2,r02_20260912_230001.jsonl,207,3995.243,6.0,measure,14,950.0,-1645.448,no_signal
2,r02_20260912_230001.jsonl,208,4001.243,6.0,measure,1,950.0,-1645.448,no_signal
2,r02_20260912_230001.jsonl,209,4007.243,6.0,measure,17,950.0,-1645.448,no_signal
2,r02_20260912_230001.jsonl,210,4013.243,6.0,measure,19,950.0,-1645.448,no_signal
2,r02_20260912_230001.jsonl,211,4019.243,6.0,measure,20,950.0,-1645.448,no_signal
2,r02_20260912_230001.jsonl,212,4025.243,6.0,measure,9,950.0,-1645.448,no_signal
2,r02_20260912_230001.jsonl,213,4031.243,6.0,measure,10,950.0,-1645.448,direction
2,r02_20260912_230001.jsonl,214,4239.415,208.172,measure,8,-0.0,-1300.0,no_signal
2,r02_20260912_230001.jsonl,215,4245.415,6.0,measure,12,-0.0,-1300.0,no_signal
2,r02_20260912_230001.jsonl,216,4251.415,6.0,measure,14,-0.0,-1300.0,no_signal
2,r02_20260912_230001.jsonl,217,4257.415,6.0,measure,4,-0.0,-1300.0,no_signal
2,r02_20260912_230001.jsonl,218,4263.415,6.0,measure,17,-0.0,-1300.0,no_signal
2,r02_20260912_230001.jsonl,219,4269.415,6.0,measure,1,-0.0,-1300.0,no_signal
2,r02_20260912_230001.jsonl,220,4275.415,6.0,measure,19,-0.0,-1300.0,no_signal
2,r02_20260912_230001.jsonl,221,4281.415,6.0,measure,20,-0.0,-1300.0,no_signal
2,r02_20260912_230001.jsonl,222,4287.415,6.0,measure,2,-0.0,-1300.0,direction
2,r02_20260912_230001.jsonl,223,4439.744,152.329,clear,2,471.211,-733.781,success
2,r02_20260912_230001.jsonl,224,4593.072,153.329,measure,9,-0.0,-1300.0,no_signal
2,r02_20260912_230001.jsonl,225,4719.072,126.0,measure,8,-0.0,-1900.0,no_signal
2,r02_20260912_230001.jsonl,226,4725.072,6.0,measure,12,-0.0,-1900.0,no_signal
2,r02_20260912_230001.jsonl,227,4731.072,6.0,measure,4,-0.0,-1900.0,no_signal
2,r02_20260912_230001.jsonl,228,4737.072,6.0,measure,14,-0.0,-1900.0,no_signal
2,r02_20260912_230001.jsonl,229,4743.072,6.0,measure,1,-0.0,-1900.0,no_signal
2,r02_20260912_230001.jsonl,230,4749.072,6.0,measure,17,-0.0,-1900.0,no_signal
2,r02_20260912_230001.jsonl,231,4755.072,6.0,measure,19,-0.0,-1900.0,no_signal
2,r02_20260912_230001.jsonl,232,4761.072,6.0,measure,20,-0.0,-1900.0,no_signal
2,r02_20260912_230001.jsonl,233,4767.072,6.0,measure,9,-0.0,-1900.0,no_signal
2,r02_20260912_230001.jsonl,234,4773.072,6.0,measure,6,-0.0,-1900.0,no_signal
2,r02_20260912_230001.jsonl,235,4975.775,202.702,measure,4,-950.0,-1645.448,no_signal
2,r02_20260912_230001.jsonl,236,4981.775,6.0,measure,8,-950.0,-1645.448,no_signal
2,r02_20260912_230001.jsonl,237,4987.775,6.0,measure,1,-950.0,-1645.448,no_signal
2,r02_20260912_230001.jsonl,238,4993.775,6.0,measure,12,-950.0,-1645.448,no_signal
2,r02_20260912_230001.jsonl,239,4999.775,6.0,measure,14,-950.0,-1645.448,no_signal
2,r02_20260912_230001.jsonl,240,5005.775,6.0,measure,17,-950.0,-1645.448,no_signal
2,r02_20260912_230001.jsonl,241,5011.775,6.0,measure,19,-950.0,-1645.448,no_signal
2,r02_20260912_230001.jsonl,242,5017.775,6.0,measure,20,-950.0,-1645.448,no_signal
2,r02_20260912_230001.jsonl,243,5023.775,6.0,measure,6,-950.0,-1645.448,no_signal
2,r02_20260912_230001.jsonl,244,5029.775,6.0,measure,7,-950.0,-1645.448,no_signal
2,r02_20260912_230001.jsonl,245,5181.147,151.372,measure,8,-919.239,-919.239,no_signal
2,r02_20260912_230001.jsonl,246,5187.147,6.0,measure,4,-919.239,-919.239,no_signal
2,r02_20260912_230001.jsonl,247,5193.147,6.0,measure,12,-919.239,-919.239,no_signal
2,r02_20260912_230001.jsonl,248,5199.147,6.0,measure,1,-919.239,-919.239,no_signal
2,r02_20260912_230001.jsonl,249,5205.147,6.0,measure,14,-919.239,-919.239,no_signal
2,r02_20260912_230001.jsonl,250,5211.147,6.0,measure,17,-919.239,-919.239,no_signal
2,r02_20260912_230001.jsonl,251,5217.147,6.0,measure,19,-919.239,-919.239,no_signal
2,r02_20260912_230001.jsonl,252,5223.147,6.0,measure,20,-919.239,-919.239,no_signal
2,r02_20260912_230001.jsonl,253,5229.147,6.0,measure,9,-919.239,-919.239,no_signal
2,r02_20260912_230001.jsonl,254,5235.147,6.0,measure,7,-919.239,-919.239,no_signal
2,r02_20260912_230001.jsonl,255,5386.519,151.372,measure,8,-1645.448,-950.0,no_signal
2,r02_20260912_230001.jsonl,256,5392.519,6.0,measure,4,-1645.448,-950.0,no_signal
2,r02_20260912_230001.jsonl,257,5398.519,6.0,measure,12,-1645.448,-950.0,no_signal
2,r02_20260912_230001.jsonl,258,5404.519,6.0,measure,1,-1645.448,-950.0,no_signal
2,r02_20260912_230001.jsonl,259,5410.519,6.0,measure,14,-1645.448,-950.0,no_signal
2,r02_20260912_230001.jsonl,260,5416.519,6.0,measure,17,-1645.448,-950.0,no_signal
2,r02_20260912_230001.jsonl,261,5422.519,6.0,measure,19,-1645.448,-950.0,no_signal
2,r02_20260912_230001.jsonl,262,5428.519,6.0,measure,20,-1645.448,-950.0,no_signal
2,r02_20260912_230001.jsonl,263,5434.519,6.0,measure,7,-1645.448,-950.0,no_signal
2,r02_20260912_230001.jsonl,264,5637.221,202.702,measure,8,-1900.0,0.0,no_signal
2,r02_20260912_230001.jsonl,265,5643.221,6.0,measure,4,-1900.0,0.0,no_signal
2,r02_20260912_230001.jsonl,266,5649.221,6.0,measure,12,-1900.0,0.0,no_signal
2,r02_20260912_230001.jsonl,267,5655.221,6.0,measure,1,-1900.0,0.0,no_signal
2,r02_20260912_230001.jsonl,268,5661.221,6.0,measure,14,-1900.0,0.0,no_signal
2,r02_20260912_230001.jsonl,269,5667.221,6.0,measure,17,-1900.0,0.0,no_signal
2,r02_20260912_230001.jsonl,270,5673.221,6.0,measure,19,-1900.0,0.0,no_signal
2,r02_20260912_230001.jsonl,271,5679.221,6.0,measure,20,-1900.0,0.0,no_signal
2,r02_20260912_230001.jsonl,272,5685.221,6.0,measure,7,-1900.0,0.0,no_signal
2,r02_20260912_230001.jsonl,273,5811.221,126.0,measure,8,-1300.0,0.0,no_signal
2,r02_20260912_230001.jsonl,274,5817.221,6.0,measure,4,-1300.0,0.0,no_signal
2,r02_20260912_230001.jsonl,275,5823.221,6.0,measure,12,-1300.0,0.0,no_signal
2,r02_20260912_230001.jsonl,276,5829.221,6.0,measure,1,-1300.0,0.0,no_signal
2,r02_20260912_230001.jsonl,277,5835.221,6.0,measure,14,-1300.0,0.0,no_signal
2,r02_20260912_230001.jsonl,278,5841.221,6.0,measure,17,-1300.0,0.0,no_signal
2,r02_20260912_230001.jsonl,279,5847.221,6.0,measure,19,-1300.0,0.0,no_signal
2,r02_20260912_230001.jsonl,280,5853.221,6.0,measure,20,-1300.0,0.0,no_signal
2,r02_20260912_230001.jsonl,281,5859.221,6.0,measure,7,-1300.0,0.0,no_signal
2,r02_20260912_230001.jsonl,282,6045.221,186.0,measure,8,-400.0,0.0,no_signal
2,r02_20260912_230001.jsonl,283,6051.221,6.0,measure,4,-400.0,0.0,no_signal
2,r02_20260912_230001.jsonl,284,6057.221,6.0,measure,12,-400.0,0.0,no_signal
2,r02_20260912_230001.jsonl,285,6063.221,6.0,measure,1,-400.0,0.0,no_signal
2,r02_20260912_230001.jsonl,286,6069.221,6.0,measure,14,-400.0,0.0,no_signal
2,r02_20260912_230001.jsonl,287,6075.221,6.0,measure,17,-400.0,0.0,no_signal
2,r02_20260912_230001.jsonl,288,6081.221,6.0,measure,19,-400.0,0.0,no_signal
2,r02_20260912_230001.jsonl,289,6087.221,6.0,measure,20,-400.0,0.0,no_signal
2,r02_20260912_230001.jsonl,290,6093.221,6.0,measure,9,-400.0,0.0,direction
2,r02_20260912_230001.jsonl,291,6099.221,6.0,measure,7,-400.0,0.0,direction
2,r02_20260912_230001.jsonl,292,6185.221,86.0,measure,8,-200.0,-346.41,no_signal
2,r02_20260912_230001.jsonl,293,6191.221,6.0,measure,4,-200.0,-346.41,no_signal
2,r02_20260912_230001.jsonl,294,6197.221,6.0,measure,12,-200.0,-346.41,no_signal
2,r02_20260912_230001.jsonl,295,6203.221,6.0,measure,1,-200.0,-346.41,no_signal
2,r02_20260912_230001.jsonl,296,6209.221,6.0,measure,14,-200.0,-346.41,no_signal
2,r02_20260912_230001.jsonl,297,6215.221,6.0,measure,17,-200.0,-346.41,no_signal
2,r02_20260912_230001.jsonl,298,6221.221,6.0,measure,19,-200.0,-346.41,no_signal
2,r02_20260912_230001.jsonl,299,6227.221,6.0,measure,20,-200.0,-346.41,no_signal
2,r02_20260912_230001.jsonl,300,6233.221,6.0,measure,6,-200.0,-346.41,no_signal
2,r02_20260912_230001.jsonl,301,6239.221,6.0,measure,15,-200.0,-346.41,direction
2,r02_20260912_230001.jsonl,302,6325.221,86.0,measure,14,200.0,-346.41,no_signal
2,r02_20260912_230001.jsonl,303,6331.221,6.0,measure,17,200.0,-346.41,no_signal
2,r02_20260912_230001.jsonl,304,6337.221,6.0,measure,12,200.0,-346.41,no_signal
2,r02_20260912_230001.jsonl,305,6343.221,6.0,measure,19,200.0,-346.41,no_signal
2,r02_20260912_230001.jsonl,306,6349.221,6.0,measure,20,200.0,-346.41,no_signal
2,r02_20260912_230001.jsonl,307,6355.221,6.0,measure,8,200.0,-346.41,no_signal
2,r02_20260912_230001.jsonl,308,6361.221,6.0,measure,4,200.0,-346.41,no_signal
2,r02_20260912_230001.jsonl,309,6367.221,6.0,measure,1,200.0,-346.41,no_signal
2,r02_20260912_230001.jsonl,310,6373.221,6.0,measure,6,200.0,-346.41,no_signal
2,r02_20260912_230001.jsonl,311,6379.221,6.0,measure,7,200.0,-346.41,direction
2,r02_20260912_230001.jsonl,312,6408.791,29.57,measure,9,147.395,-451.865,no_signal
2,r02_20260912_230001.jsonl,313,6431.791,23.0,measure,9,147.395,-361.865,direction
2,r02_20260912_230001.jsonl,314,6452.162,20.372,clear,9,137.242,-438.049,success
2,r02_20260912_230001.jsonl,315,6559.449,107.286,measure,15,304.452,-916.08,direction
2,r02_20260912_230001.jsonl,316,6566.527,7.078,clear,15,296.948,-908.894,success
2,r02_20260912_230001.jsonl,317,6662.748,96.222,measure,10,745.94,-865.242,direction
2,r02_20260912_230001.jsonl,318,6669.121,6.373,clear,10,739.211,-866.6,success
2,r02_20260912_230001.jsonl,319,6881.566,212.444,measure,8,1300.0,0.0,no_signal
2,r02_20260912_230001.jsonl,320,6887.566,6.0,measure,12,1300.0,0.0,no_signal
2,r02_20260912_230001.jsonl,321,6893.566,6.0,measure,14,1300.0,0.0,no_signal
2,r02_20260912_230001.jsonl,322,6899.566,6.0,measure,4,1300.0,0.0,no_signal
2,r02_20260912_230001.jsonl,323,6905.566,6.0,measure,17,1300.0,0.0,no_signal
2,r02_20260912_230001.jsonl,324,6911.566,6.0,measure,1,1300.0,0.0,no_signal
2,r02_20260912_230001.jsonl,325,6917.566,6.0,measure,19,1300.0,0.0,no_signal
2,r02_20260912_230001.jsonl,326,6923.566,6.0,measure,20,1300.0,0.0,no_signal
2,r02_20260912_230001.jsonl,327,7274.105,350.539,measure,5,-152.465,926.297,no_signal
2,r02_20260912_230001.jsonl,328,7297.105,23.0,measure,5,-62.465,926.297,direction
2,r02_20260912_230001.jsonl,329,7318.328,21.224,clear,5,-142.181,911.28,success
2,r02_20260912_230001.jsonl,330,7641.518,323.189,measure,7,-918.316,-471.775,near
2,r02_20260912_230001.jsonl,331,7646.518,5.0,clear,7,-918.316,-471.775,success
2,r02_20260912_230001.jsonl,332,7649.518,3.0,clear,7,-918.316,-471.775,no_target_in_range
2,r02_20260912_230001.jsonl,333,7969.073,319.556,measure,6,379.242,-1351.703,no_signal
2,r02_20260912_230001.jsonl,334,8043.256,74.183,measure,6,649.241,-1135.471,direction
2,r02_20260912_230001.jsonl,335,8054.574,11.318,measure,6,672.39,-1113.974,direction
2,r02_20260912_230001.jsonl,336,8068.097,13.523,measure,6,679.679,-1155.96,direction
2,r02_20260912_230001.jsonl,337,8091.801,23.704,measure,6,603.108,-1209.651,direction
2,r02_20260912_230001.jsonl,338,8114.253,22.452,clear,6,527.302,-1252.867,success
2,r02_20260912_230001.jsonl,339,8114.253,0.0,exit,,,,
3,r03_20260912_230021.jsonl,0,0.0,0.0,enter,,,,
3,r03_20260912_230021.jsonl,1,5.0,5.0,measure,1,0.0,0.0,direction
3,r03_20260912_230021.jsonl,2,11.0,6.0,measure,2,0.0,0.0,no_signal
3,r03_20260912_230021.jsonl,3,17.0,6.0,measure,3,0.0,0.0,direction
3,r03_20260912_230021.jsonl,4,23.0,6.0,measure,4,0.0,0.0,no_signal
3,r03_20260912_230021.jsonl,5,29.0,6.0,measure,5,0.0,0.0,no_signal
3,r03_20260912_230021.jsonl,6,35.0,6.0,measure,6,0.0,0.0,no_signal
3,r03_20260912_230021.jsonl,7,41.0,6.0,measure,7,0.0,0.0,no_signal
3,r03_20260912_230021.jsonl,8,47.0,6.0,measure,8,0.0,0.0,direction
3,r03_20260912_230021.jsonl,9,53.0,6.0,measure,9,0.0,0.0,direction
3,r03_20260912_230021.jsonl,10,59.0,6.0,measure,10,0.0,0.0,direction
3,r03_20260912_230021.jsonl,11,65.0,6.0,measure,11,0.0,0.0,no_signal
3,r03_20260912_230021.jsonl,12,71.0,6.0,measure,12,0.0,0.0,no_signal
3,r03_20260912_230021.jsonl,13,77.0,6.0,measure,13,0.0,0.0,no_signal
3,r03_20260912_230021.jsonl,14,83.0,6.0,measure,14,0.0,0.0,no_signal
3,r03_20260912_230021.jsonl,15,89.0,6.0,measure,15,0.0,0.0,no_signal
3,r03_20260912_230021.jsonl,16,95.0,6.0,measure,16,0.0,0.0,direction
3,r03_20260912_230021.jsonl,17,101.0,6.0,measure,17,0.0,0.0,no_signal
3,r03_20260912_230021.jsonl,18,107.0,6.0,measure,18,0.0,0.0,direction
3,r03_20260912_230021.jsonl,19,113.0,6.0,measure,19,0.0,0.0,direction
3,r03_20260912_230021.jsonl,20,119.0,6.0,measure,20,0.0,0.0,direction
3,r03_20260912_230021.jsonl,21,205.0,86.0,measure,17,400.0,0.0,no_signal
3,r03_20260912_230021.jsonl,22,211.0,6.0,measure,15,400.0,0.0,no_signal
3,r03_20260912_230021.jsonl,23,217.0,6.0,measure,14,400.0,0.0,no_signal
3,r03_20260912_230021.jsonl,24,223.0,6.0,measure,13,400.0,0.0,no_signal
3,r03_20260912_230021.jsonl,25,229.0,6.0,measure,12,400.0,0.0,no_signal
3,r03_20260912_230021.jsonl,26,235.0,6.0,measure,11,400.0,0.0,no_signal
3,r03_20260912_230021.jsonl,27,241.0,6.0,measure,7,400.0,0.0,no_signal
3,r03_20260912_230021.jsonl,28,247.0,6.0,measure,6,400.0,0.0,no_signal
3,r03_20260912_230021.jsonl,29,253.0,6.0,measure,5,400.0,0.0,no_signal
3,r03_20260912_230021.jsonl,30,259.0,6.0,measure,4,400.0,0.0,no_signal
3,r03_20260912_230021.jsonl,31,265.0,6.0,measure,2,400.0,0.0,direction
3,r03_20260912_230021.jsonl,32,271.0,6.0,measure,9,400.0,0.0,direction
3,r03_20260912_230021.jsonl,33,304.302,33.302,clear,9,468.192,-123.996,success
3,r03_20260912_230021.jsonl,34,338.604,34.302,measure,16,400.0,0.0,direction
3,r03_20260912_230021.jsonl,35,424.604,86.0,measure,15,200.0,346.41,no_signal
3,r03_20260912_230021.jsonl,36,430.604,6.0,measure,17,200.0,346.41,no_signal
3,r03_20260912_230021.jsonl,37,436.604,6.0,measure,14,200.0,346.41,no_signal
3,r03_20260912_230021.jsonl,38,442.604,6.0,measure,13,200.0,346.41,no_signal
3,r03_20260912_230021.jsonl,39,448.604,6.0,measure,12,200.0,346.41,direction
3,r03_20260912_230021.jsonl,40,454.604,6.0,measure,11,200.0,346.41,no_signal
3,r03_20260912_230021.jsonl,41,460.604,6.0,measure,7,200.0,346.41,no_signal
3,r03_20260912_230021.jsonl,42,466.604,6.0,measure,6,200.0,346.41,no_signal
3,r03_20260912_230021.jsonl,43,472.604,6.0,measure,5,200.0,346.41,no_signal
3,r03_20260912_230021.jsonl,44,478.604,6.0,measure,4,200.0,346.41,no_signal
3,r03_20260912_230021.jsonl,45,484.604,6.0,measure,18,200.0,346.41,direction
3,r03_20260912_230021.jsonl,46,490.604,6.0,measure,8,200.0,346.41,direction
3,r03_20260912_230021.jsonl,47,576.604,86.0,measure,7,-200.0,346.41,no_signal
3,r03_20260912_230021.jsonl,48,582.604,6.0,measure,6,-200.0,346.41,no_signal
3,r03_20260912_230021.jsonl,49,588.604,6.0,measure,5,-200.0,346.41,no_signal
3,r03_20260912_230021.jsonl,50,594.604,6.0,measure,11,-200.0,346.41,no_signal
3,r03_20260912_230021.jsonl,51,600.604,6.0,measure,4,-200.0,346.41,no_signal
3,r03_20260912_230021.jsonl,52,606.604,6.0,measure,13,-200.0,346.41,direction
3,r03_20260912_230021.jsonl,53,612.604,6.0,measure,14,-200.0,346.41,no_signal
3,r03_20260912_230021.jsonl,54,618.604,6.0,measure,15,-200.0,346.41,no_signal
3,r03_20260912_230021.jsonl,55,624.604,6.0,measure,17,-200.0,346.41,no_signal
3,r03_20260912_230021.jsonl,56,630.604,6.0,measure,1,-200.0,346.41,direction
3,r03_20260912_230021.jsonl,57,636.604,6.0,measure,19,-200.0,346.41,no_signal
3,r03_20260912_230021.jsonl,58,696.819,60.215,measure,8,-410.157,517.629,direction
3,r03_20260912_230021.jsonl,59,702.868,6.049,clear,8,-409.086,522.764,success
3,r03_20260912_230021.jsonl,60,813.437,110.569,measure,7,-400.0,0.0,no_signal
3,r03_20260912_230021.jsonl,61,819.437,6.0,measure,6,-400.0,0.0,no_signal
3,r03_20260912_230021.jsonl,62,825.437,6.0,measure,5,-400.0,0.0,no_signal
3,r03_20260912_230021.jsonl,63,831.437,6.0,measure,11,-400.0,0.0,no_signal
3,r03_20260912_230021.jsonl,64,837.437,6.0,measure,4,-400.0,0.0,no_signal
3,r03_20260912_230021.jsonl,65,843.437,6.0,measure,14,-400.0,0.0,direction
3,r03_20260912_230021.jsonl,66,849.437,6.0,measure,15,-400.0,0.0,no_signal
3,r03_20260912_230021.jsonl,67,855.437,6.0,measure,17,-400.0,0.0,no_signal
3,r03_20260912_230021.jsonl,68,861.437,6.0,measure,19,-400.0,0.0,direction
3,r03_20260912_230021.jsonl,69,867.437,6.0,measure,3,-400.0,0.0,direction
3,r03_20260912_230021.jsonl,70,914.576,47.14,measure,1,-529.545,-159.78,direction
3,r03_20260912_230021.jsonl,71,922.42,7.844,clear,1,-540.968,-168.248,success
3,r03_20260912_230021.jsonl,72,959.623,37.203,measure,3,-520.157,-322.869,direction
3,r03_20260912_230021.jsonl,73,966.211,6.587,clear,3,-518.122,-315.198,success
3,r03_20260912_230021.jsonl,74,1036.141,69.93,measure,4,-200.0,-346.41,no_signal
3,r03_20260912_230021.jsonl,75,1042.141,6.0,measure,5,-200.0,-346.41,no_signal
3,r03_20260912_230021.jsonl,76,1048.141,6.0,measure,6,-200.0,-346.41,no_signal
3,r03_20260912_230021.jsonl,77,1054.141,6.0,measure,7,-200.0,-346.41,no_signal
3,r03_20260912_230021.jsonl,78,1060.141,6.0,measure,11,-200.0,-346.41,no_signal
3,r03_20260912_230021.jsonl,79,1066.141,6.0,measure,15,-200.0,-346.41,no_signal
3,r03_20260912_230021.jsonl,80,1072.141,6.0,measure,17,-200.0,-346.41,no_signal
3,r03_20260912_230021.jsonl,81,1078.141,6.0,measure,20,-200.0,-346.41,direction
3,r03_20260912_230021.jsonl,82,1084.141,6.0,measure,14,-200.0,-346.41,direction
3,r03_20260912_230021.jsonl,83,1170.141,86.0,measure,15,200.0,-346.41,no_signal
3,r03_20260912_230021.jsonl,84,1176.141,6.0,measure,11,200.0,-346.41,no_signal
3,r03_20260912_230021.jsonl,85,1182.141,6.0,measure,17,200.0,-346.41,direction
3,r03_20260912_230021.jsonl,86,1188.141,6.0,measure,7,200.0,-346.41,no_signal
3,r03_20260912_230021.jsonl,87,1194.141,6.0,measure,6,200.0,-346.41,no_signal
3,r03_20260912_230021.jsonl,88,1200.141,6.0,measure,5,200.0,-346.41,no_signal
3,r03_20260912_230021.jsonl,89,1206.141,6.0,measure,4,200.0,-346.41,no_signal
3,r03_20260912_230021.jsonl,90,1212.141,6.0,measure,10,200.0,-346.41,direction
3,r03_20260912_230021.jsonl,91,1218.141,6.0,measure,17,200.0,-346.41,direction
3,r03_20260912_230021.jsonl,92,1368.907,150.767,measure,10,454.333,331.271,direction
3,r03_20260912_230021.jsonl,93,1377.253,8.346,clear,10,442.945,319.016,success
3,r03_20260912_230021.jsonl,94,1536.501,159.248,measure,11,919.239,919.239,no_signal
3,r03_20260912_230021.jsonl,95,1542.501,6.0,measure,7,919.239,919.239,no_signal
3,r03_20260912_230021.jsonl,96,1548.501,6.0,measure,6,919.239,919.239,no_signal
3,r03_20260912_230021.jsonl,97,1554.501,6.0,measure,5,919.239,919.239,no_signal
3,r03_20260912_230021.jsonl,98,1560.501,6.0,measure,15,919.239,919.239,no_signal
3,r03_20260912_230021.jsonl,99,1566.501,6.0,measure,4,919.239,919.239,no_signal
3,r03_20260912_230021.jsonl,100,1572.501,6.0,measure,2,919.239,919.239,direction
3,r03_20260912_230021.jsonl,101,1578.501,6.0,measure,12,919.239,919.239,direction
3,r03_20260912_230021.jsonl,102,1715.041,136.54,measure,12,645.178,1517.116,near
3,r03_20260912_230021.jsonl,103,1720.041,5.0,clear,12,645.178,1517.116,success
3,r03_20260912_230021.jsonl,104,1723.041,3.0,clear,12,645.178,1517.116,no_target_in_range
3,r03_20260912_230021.jsonl,105,1795.188,72.147,measure,11,950.0,1645.448,no_signal
3,r03_20260912_230021.jsonl,106,1801.188,6.0,measure,15,950.0,1645.448,no_signal
3,r03_20260912_230021.jsonl,107,1807.188,6.0,measure,7,950.0,1645.448,no_signal
3,r03_20260912_230021.jsonl,108,1813.188,6.0,measure,6,950.0,1645.448,no_signal
3,r03_20260912_230021.jsonl,109,1819.188,6.0,measure,5,950.0,1645.448,no_signal
3,r03_20260912_230021.jsonl,110,1825.188,6.0,measure,4,950.0,1645.448,no_signal
3,r03_20260912_230021.jsonl,111,2026.89,201.702,measure,4,1645.448,950.0,no_signal
3,r03_20260912_230021.jsonl,112,2032.89,6.0,measure,5,1645.448,950.0,no_signal
3,r03_20260912_230021.jsonl,113,2038.89,6.0,measure,6,1645.448,950.0,no_signal
3,r03_20260912_230021.jsonl,114,2044.89,6.0,measure,7,1645.448,950.0,no_signal
3,r03_20260912_230021.jsonl,115,2050.89,6.0,measure,11,1645.448,950.0,no_signal
3,r03_20260912_230021.jsonl,116,2056.89,6.0,measure,15,1645.448,950.0,no_signal
3,r03_20260912_230021.jsonl,117,2062.89,6.0,measure,2,1645.448,950.0,direction
3,r03_20260912_230021.jsonl,118,2158.138,95.247,measure,2,1668.31,499.343,direction
3,r03_20260912_230021.jsonl,119,2165.022,6.885,clear,2,1669.867,490.048,success
3,r03_20260912_230021.jsonl,120,2279.301,114.279,measure,4,1900.0,0.0,no_signal
3,r03_20260912_230021.jsonl,121,2285.301,6.0,measure,5,1900.0,0.0,no_signal
3,r03_20260912_230021.jsonl,122,2291.301,6.0,measure,6,1900.0,0.0,no_signal
3,r03_20260912_230021.jsonl,123,2297.301,6.0,measure,7,1900.0,0.0,no_signal
3,r03_20260912_230021.jsonl,124,2303.301,6.0,measure,11,1900.0,0.0,no_signal
3,r03_20260912_230021.jsonl,125,2309.301,6.0,measure,15,1900.0,0.0,no_signal
3,r03_20260912_230021.jsonl,126,2315.301,6.0,measure,16,1900.0,0.0,direction
3,r03_20260912_230021.jsonl,127,2441.301,126.0,measure,15,1300.0,0.0,no_signal
3,r03_20260912_230021.jsonl,128,2447.301,6.0,measure,11,1300.0,0.0,no_signal
3,r03_20260912_230021.jsonl,129,2453.301,6.0,measure,7,1300.0,0.0,no_signal
3,r03_20260912_230021.jsonl,130,2459.301,6.0,measure,6,1300.0,0.0,no_signal
3,r03_20260912_230021.jsonl,131,2465.301,6.0,measure,5,1300.0,0.0,no_signal
3,r03_20260912_230021.jsonl,132,2471.301,6.0,measure,4,1300.0,0.0,no_signal
3,r03_20260912_230021.jsonl,133,2477.301,6.0,measure,16,1300.0,0.0,direction
3,r03_20260912_230021.jsonl,134,2589.683,112.382,measure,16,803.444,-204.215,direction
3,r03_20260912_230021.jsonl,135,2596.644,6.96,clear,16,793.656,-203.689,success
3,r03_20260912_230021.jsonl,136,2747.941,151.297,measure,15,919.239,-919.239,no_signal
3,r03_20260912_230021.jsonl,137,2753.941,6.0,measure,11,919.239,-919.239,no_signal
3,r03_20260912_230021.jsonl,138,2759.941,6.0,measure,7,919.239,-919.239,no_signal
3,r03_20260912_230021.jsonl,139,2765.941,6.0,measure,6,919.239,-919.239,no_signal
3,r03_20260912_230021.jsonl,140,2771.941,6.0,measure,5,919.239,-919.239,no_signal
3,r03_20260912_230021.jsonl,141,2777.941,6.0,measure,4,919.239,-919.239,no_signal
3,r03_20260912_230021.jsonl,142,2783.941,6.0,measure,17,919.239,-919.239,direction
3,r03_20260912_230021.jsonl,143,2935.313,151.372,measure,15,1645.448,-950.0,no_signal
3,r03_20260912_230021.jsonl,144,2941.313,6.0,measure,11,1645.448,-950.0,no_signal
3,r03_20260912_230021.jsonl,145,2947.313,6.0,measure,7,1645.448,-950.0,no_signal
3,r03_20260912_230021.jsonl,146,2953.313,6.0,measure,6,1645.448,-950.0,no_signal
3,r03_20260912_230021.jsonl,147,2959.313,6.0,measure,5,1645.448,-950.0,no_signal
3,r03_20260912_230021.jsonl,148,2965.313,6.0,measure,4,1645.448,-950.0,no_signal
3,r03_20260912_230021.jsonl,149,3167.015,201.702,measure,4,950.0,-1645.448,no_signal
3,r03_20260912_230021.jsonl,150,3173.015,6.0,measure,5,950.0,-1645.448,no_signal
3,r03_20260912_230021.jsonl,151,3179.015,6.0,measure,6,950.0,-1645.448,no_signal
3,r03_20260912_230021.jsonl,152,3185.015,6.0,measure,7,950.0,-1645.448,no_signal
3,r03_20260912_230021.jsonl,153,3191.015,6.0,measure,11,950.0,-1645.448,no_signal
3,r03_20260912_230021.jsonl,154,3197.015,6.0,measure,15,950.0,-1645.448,no_signal
3,r03_20260912_230021.jsonl,155,3203.015,6.0,measure,17,950.0,-1645.448,no_signal
3,r03_20260912_230021.jsonl,156,3411.187,208.172,measure,15,-0.0,-1300.0,no_signal
3,r03_20260912_230021.jsonl,157,3417.187,6.0,measure,11,-0.0,-1300.0,no_signal
3,r03_20260912_230021.jsonl,158,3423.187,6.0,measure,7,-0.0,-1300.0,no_signal
3,r03_20260912_230021.jsonl,159,3429.187,6.0,measure,6,-0.0,-1300.0,no_signal
3,r03_20260912_230021.jsonl,160,3435.187,6.0,measure,5,-0.0,-1300.0,no_signal
3,r03_20260912_230021.jsonl,161,3441.187,6.0,measure,4,-0.0,-1300.0,no_signal
3,r03_20260912_230021.jsonl,162,3447.187,6.0,measure,17,-0.0,-1300.0,direction
3,r03_20260912_230021.jsonl,163,3515.402,68.215,measure,17,47.205,-1612.531,no_signal
3,r03_20260912_230021.jsonl,164,3538.402,23.0,measure,17,125.147,-1567.531,direction
3,r03_20260912_230021.jsonl,165,3560.349,21.947,clear,17,44.902,-1594.748,success
3,r03_20260912_230021.jsonl,166,3628.057,67.707,measure,15,-0.0,-1900.0,no_signal
3,r03_20260912_230021.jsonl,167,3634.057,6.0,measure,11,-0.0,-1900.0,no_signal
3,r03_20260912_230021.jsonl,168,3640.057,6.0,measure,7,-0.0,-1900.0,no_signal
3,r03_20260912_230021.jsonl,169,3646.057,6.0,measure,6,-0.0,-1900.0,no_signal
3,r03_20260912_230021.jsonl,170,3652.057,6.0,measure,5,-0.0,-1900.0,no_signal
3,r03_20260912_230021.jsonl,171,3658.057,6.0,measure,4,-0.0,-1900.0,no_signal
3,r03_20260912_230021.jsonl,172,3859.759,201.702,measure,4,-950.0,-1645.448,no_signal
3,r03_20260912_230021.jsonl,173,3865.759,6.0,measure,5,-950.0,-1645.448,no_signal
3,r03_20260912_230021.jsonl,174,3871.759,6.0,measure,6,-950.0,-1645.448,no_signal
3,r03_20260912_230021.jsonl,175,3877.759,6.0,measure,7,-950.0,-1645.448,no_signal
3,r03_20260912_230021.jsonl,176,3883.759,6.0,measure,11,-950.0,-1645.448,no_signal
3,r03_20260912_230021.jsonl,177,3889.759,6.0,measure,15,-950.0,-1645.448,no_signal
3,r03_20260912_230021.jsonl,178,3895.759,6.0,measure,19,-950.0,-1645.448,direction
3,r03_20260912_230021.jsonl,179,3901.759,6.0,measure,14,-950.0,-1645.448,no_signal
3,r03_20260912_230021.jsonl,180,4053.131,151.372,measure,15,-919.239,-919.239,no_signal
3,r03_20260912_230021.jsonl,181,4059.131,6.0,measure,11,-919.239,-919.239,no_signal
3,r03_20260912_230021.jsonl,182,4065.131,6.0,measure,7,-919.239,-919.239,no_signal
3,r03_20260912_230021.jsonl,183,4071.131,6.0,measure,6,-919.239,-919.239,no_signal
3,r03_20260912_230021.jsonl,184,4077.131,6.0,measure,5,-919.239,-919.239,no_signal
3,r03_20260912_230021.jsonl,185,4083.131,6.0,measure,4,-919.239,-919.239,no_signal
3,r03_20260912_230021.jsonl,186,4089.131,6.0,measure,14,-919.239,-919.239,direction
3,r03_20260912_230021.jsonl,187,4198.98,109.849,clear,14,-1206.67,-480.812,success
3,r03_20260912_230021.jsonl,188,4309.83,110.849,measure,20,-919.239,-919.239,direction
3,r03_20260912_230021.jsonl,189,4396.21,86.38,measure,19,-1034.022,-534.079,near
3,r03_20260912_230021.jsonl,190,4401.21,5.0,clear,19,-1034.022,-534.079,success
3,r03_20260912_230021.jsonl,191,4404.21,3.0,clear,19,-1034.022,-534.079,no_target_in_range
3,r03_20260912_230021.jsonl,192,4548.832,144.622,measure,20,-878.989,141.469,direction
3,r03_20260912_230021.jsonl,193,4555.696,6.864,clear,20,-887.326,137.303,success
3,r03_20260912_230021.jsonl,194,4648.679,92.983,measure,15,-1300.0,0.0,no_signal
3,r03_20260912_230021.jsonl,195,4654.679,6.0,measure,11,-1300.0,0.0,no_signal
3,r03_20260912_230021.jsonl,196,4660.679,6.0,measure,7,-1300.0,0.0,no_signal
3,r03_20260912_230021.jsonl,197,4666.679,6.0,measure,6,-1300.0,0.0,no_signal
3,r03_20260912_230021.jsonl,198,4672.679,6.0,measure,5,-1300.0,0.0,direction
3,r03_20260912_230021.jsonl,199,4678.679,6.0,measure,4,-1300.0,0.0,no_signal
3,r03_20260912_230021.jsonl,200,4684.679,6.0,measure,5,-1300.0,0.0,direction
3,r03_20260912_230021.jsonl,201,4690.679,6.0,measure,18,-1300.0,0.0,direction
3,r03_20260912_230021.jsonl,202,4898.85,208.172,measure,15,-1645.448,-950.0,no_signal
3,r03_20260912_230021.jsonl,203,4904.85,6.0,measure,11,-1645.448,-950.0,no_signal
3,r03_20260912_230021.jsonl,204,4910.85,6.0,measure,7,-1645.448,-950.0,no_signal
3,r03_20260912_230021.jsonl,205,4916.85,6.0,measure,6,-1645.448,-950.0,no_signal
3,r03_20260912_230021.jsonl,206,4922.85,6.0,measure,4,-1645.448,-950.0,no_signal
3,r03_20260912_230021.jsonl,207,5124.553,201.702,measure,4,-1900.0,0.0,no_signal
3,r03_20260912_230021.jsonl,208,5130.553,6.0,measure,6,-1900.0,0.0,no_signal
3,r03_20260912_230021.jsonl,209,5136.553,6.0,measure,7,-1900.0,0.0,no_signal
3,r03_20260912_230021.jsonl,210,5142.553,6.0,measure,11,-1900.0,0.0,no_signal
3,r03_20260912_230021.jsonl,211,5148.553,6.0,measure,15,-1900.0,0.0,no_signal
3,r03_20260912_230021.jsonl,212,5154.553,6.0,measure,5,-1900.0,0.0,direction
3,r03_20260912_230021.jsonl,213,5160.553,6.0,measure,18,-1900.0,0.0,direction
3,r03_20260912_230021.jsonl,214,5309.024,148.471,measure,5,-1557.967,624.873,near
3,r03_20260912_230021.jsonl,215,5314.024,5.0,clear,5,-1557.967,624.873,success
3,r03_20260912_230021.jsonl,216,5317.024,3.0,clear,5,-1557.967,624.873,no_target_in_range
3,r03_20260912_230021.jsonl,217,5390.363,73.338,measure,4,-1645.448,950.0,no_signal
3,r03_20260912_230021.jsonl,218,5396.363,6.0,measure,6,-1645.448,950.0,no_signal
3,r03_20260912_230021.jsonl,219,5402.363,6.0,measure,7,-1645.448,950.0,no_signal
3,r03_20260912_230021.jsonl,220,5408.363,6.0,measure,11,-1645.448,950.0,no_signal
3,r03_20260912_230021.jsonl,221,5414.363,6.0,measure,15,-1645.448,950.0,no_signal
3,r03_20260912_230021.jsonl,222,5420.363,6.0,measure,13,-1645.448,950.0,direction
3,r03_20260912_230021.jsonl,223,5426.363,6.0,measure,18,-1645.448,950.0,direction
3,r03_20260912_230021.jsonl,224,5574.046,147.683,clear,18,-1049.832,557.31,success
3,r03_20260912_230021.jsonl,225,5657.0,82.954,measure,15,-919.239,919.239,no_signal
3,r03_20260912_230021.jsonl,226,5663.0,6.0,measure,11,-919.239,919.239,no_signal
3,r03_20260912_230021.jsonl,227,5669.0,6.0,measure,7,-919.239,919.239,no_signal
3,r03_20260912_230021.jsonl,228,5675.0,6.0,measure,6,-919.239,919.239,no_signal
3,r03_20260912_230021.jsonl,229,5681.0,6.0,measure,4,-919.239,919.239,no_signal
3,r03_20260912_230021.jsonl,230,5687.0,6.0,measure,13,-919.239,919.239,direction
3,r03_20260912_230021.jsonl,231,5791.04,104.04,measure,13,-957.264,1412.978,direction
3,r03_20260912_230021.jsonl,232,5797.602,6.562,clear,13,-960.758,1405.992,success
3,r03_20260912_230021.jsonl,233,5851.542,53.94,measure,11,-950.0,1645.448,no_signal
3,r03_20260912_230021.jsonl,234,5857.542,6.0,measure,15,-950.0,1645.448,no_signal
3,r03_20260912_230021.jsonl,235,5863.542,6.0,measure,7,-950.0,1645.448,no_signal
3,r03_20260912_230021.jsonl,236,5869.542,6.0,measure,6,-950.0,1645.448,no_signal
3,r03_20260912_230021.jsonl,237,5875.542,6.0,measure,4,-950.0,1645.448,no_signal
3,r03_20260912_230021.jsonl,238,6077.244,201.702,measure,4,0.0,1900.0,no_signal
3,r03_20260912_230021.jsonl,239,6083.244,6.0,measure,6,0.0,1900.0,no_signal
3,r03_20260912_230021.jsonl,240,6089.244,6.0,measure,7,0.0,1900.0,no_signal
3,r03_20260912_230021.jsonl,241,6095.244,6.0,measure,11,0.0,1900.0,no_signal
3,r03_20260912_230021.jsonl,242,6101.244,6.0,measure,15,0.0,1900.0,no_signal
3,r03_20260912_230021.jsonl,243,6226.244,125.0,measure,15,0.0,1300.0,no_signal
3,r03_20260912_230021.jsonl,244,6232.244,6.0,measure,11,0.0,1300.0,no_signal
3,r03_20260912_230021.jsonl,245,6238.244,6.0,measure,7,0.0,1300.0,no_signal
3,r03_20260912_230021.jsonl,246,6244.244,6.0,measure,6,0.0,1300.0,no_signal
3,r03_20260912_230021.jsonl,247,6250.244,6.0,measure,4,0.0,1300.0,no_signal
3,r03_20260912_230021.jsonl,248,6250.244,0.0,exit,,,,
4,r04_20260912_230035.jsonl,0,0.0,0.0,enter,,,,
4,r04_20260912_230035.jsonl,1,5.0,5.0,measure,1,0.0,0.0,no_signal
4,r04_20260912_230035.jsonl,2,11.0,6.0,measure,2,0.0,0.0,no_signal
4,r04_20260912_230035.jsonl,3,17.0,6.0,measure,3,0.0,0.0,no_signal
4,r04_20260912_230035.jsonl,4,23.0,6.0,measure,4,0.0,0.0,no_signal
4,r04_20260912_230035.jsonl,5,29.0,6.0,measure,5,0.0,0.0,no_signal
4,r04_20260912_230035.jsonl,6,35.0,6.0,measure,6,0.0,0.0,no_signal
4,r04_20260912_230035.jsonl,7,41.0,6.0,measure,7,0.0,0.0,no_signal
4,r04_20260912_230035.jsonl,8,47.0,6.0,measure,8,0.0,0.0,direction
4,r04_20260912_230035.jsonl,9,53.0,6.0,measure,9,0.0,0.0,no_signal
4,r04_20260912_230035.jsonl,10,59.0,6.0,measure,10,0.0,0.0,no_signal
4,r04_20260912_230035.jsonl,11,65.0,6.0,measure,11,0.0,0.0,no_signal
4,r04_20260912_230035.jsonl,12,71.0,6.0,measure,12,0.0,0.0,no_signal
4,r04_20260912_230035.jsonl,13,77.0,6.0,measure,13,0.0,0.0,no_signal
4,r04_20260912_230035.jsonl,14,83.0,6.0,measure,14,0.0,0.0,direction
4,r04_20260912_230035.jsonl,15,89.0,6.0,measure,15,0.0,0.0,no_signal
4,r04_20260912_230035.jsonl,16,95.0,6.0,measure,16,0.0,0.0,no_signal
4,r04_20260912_230035.jsonl,17,101.0,6.0,measure,17,0.0,0.0,no_signal
4,r04_20260912_230035.jsonl,18,107.0,6.0,measure,18,0.0,0.0,no_signal
4,r04_20260912_230035.jsonl,19,113.0,6.0,measure,19,0.0,0.0,no_signal
4,r04_20260912_230035.jsonl,20,119.0,6.0,measure,20,0.0,0.0,no_signal
4,r04_20260912_230035.jsonl,21,204.0,85.0,measure,20,400.0,0.0,no_signal
4,r04_20260912_230035.jsonl,22,210.0,6.0,measure,19,400.0,0.0,no_signal
4,r04_20260912_230035.jsonl,23,216.0,6.0,measure,18,400.0,0.0,no_signal
4,r04_20260912_230035.jsonl,24,222.0,6.0,measure,17,400.0,0.0,no_signal
4,r04_20260912_230035.jsonl,25,228.0,6.0,measure,16,400.0,0.0,no_signal
4,r04_20260912_230035.jsonl,26,234.0,6.0,measure,15,400.0,0.0,no_signal
4,r04_20260912_230035.jsonl,27,240.0,6.0,measure,13,400.0,0.0,no_signal
4,r04_20260912_230035.jsonl,28,246.0,6.0,measure,12,400.0,0.0,no_signal
4,r04_20260912_230035.jsonl,29,252.0,6.0,measure,11,400.0,0.0,no_signal
4,r04_20260912_230035.jsonl,30,258.0,6.0,measure,10,400.0,0.0,no_signal
4,r04_20260912_230035.jsonl,31,264.0,6.0,measure,9,400.0,0.0,no_signal
4,r04_20260912_230035.jsonl,32,270.0,6.0,measure,7,400.0,0.0,no_signal
4,r04_20260912_230035.jsonl,33,276.0,6.0,measure,6,400.0,0.0,no_signal
4,r04_20260912_230035.jsonl,34,282.0,6.0,measure,5,400.0,0.0,no_signal
4,r04_20260912_230035.jsonl,35,288.0,6.0,measure,4,400.0,0.0,no_signal
4,r04_20260912_230035.jsonl,36,294.0,6.0,measure,3,400.0,0.0,no_signal
4,r04_20260912_230035.jsonl,37,300.0,6.0,measure,2,400.0,0.0,no_signal
4,r04_20260912_230035.jsonl,38,306.0,6.0,measure,1,400.0,0.0,no_signal
4,r04_20260912_230035.jsonl,39,312.0,6.0,measure,14,400.0,0.0,direction
4,r04_20260912_230035.jsonl,40,318.0,6.0,measure,8,400.0,0.0,direction
4,r04_20260912_230035.jsonl,41,385.155,67.155,measure,14,580.07,247.128,direction
4,r04_20260912_230035.jsonl,42,391.904,6.75,clear,14,587.05,252.401,success
4,r04_20260912_230035.jsonl,43,477.565,85.661,measure,13,200.0,346.41,no_signal
4,r04_20260912_230035.jsonl,44,483.565,6.0,measure,15,200.0,346.41,no_signal
4,r04_20260912_230035.jsonl,45,489.565,6.0,measure,12,200.0,346.41,no_signal
4,r04_20260912_230035.jsonl,46,495.565,6.0,measure,16,200.0,346.41,no_signal
4,r04_20260912_230035.jsonl,47,501.565,6.0,measure,11,200.0,346.41,no_signal
4,r04_20260912_230035.jsonl,48,507.565,6.0,measure,17,200.0,346.41,no_signal
4,r04_20260912_230035.jsonl,49,513.565,6.0,measure,10,200.0,346.41,no_signal
4,r04_20260912_230035.jsonl,50,519.565,6.0,measure,18,200.0,346.41,no_signal
4,r04_20260912_230035.jsonl,51,525.565,6.0,measure,9,200.0,346.41,no_signal
4,r04_20260912_230035.jsonl,52,531.565,6.0,measure,19,200.0,346.41,no_signal
4,r04_20260912_230035.jsonl,53,537.565,6.0,measure,20,200.0,346.41,direction
4,r04_20260912_230035.jsonl,54,543.565,6.0,measure,7,200.0,346.41,no_signal
4,r04_20260912_230035.jsonl,55,549.565,6.0,measure,6,200.0,346.41,no_signal
4,r04_20260912_230035.jsonl,56,555.565,6.0,measure,5,200.0,346.41,no_signal
4,r04_20260912_230035.jsonl,57,561.565,6.0,measure,4,200.0,346.41,no_signal
4,r04_20260912_230035.jsonl,58,567.565,6.0,measure,3,200.0,346.41,no_signal
4,r04_20260912_230035.jsonl,59,573.565,6.0,measure,2,200.0,346.41,no_signal
4,r04_20260912_230035.jsonl,60,579.565,6.0,measure,1,200.0,346.41,no_signal
4,r04_20260912_230035.jsonl,61,585.565,6.0,measure,20,200.0,346.41,direction
4,r04_20260912_230035.jsonl,62,591.565,6.0,measure,8,200.0,346.41,direction
4,r04_20260912_230035.jsonl,63,677.565,86.0,measure,7,-200.0,346.41,no_signal
4,r04_20260912_230035.jsonl,64,683.565,6.0,measure,9,-200.0,346.41,no_signal
4,r04_20260912_230035.jsonl,65,689.565,6.0,measure,6,-200.0,346.41,no_signal
4,r04_20260912_230035.jsonl,66,695.565,6.0,measure,10,-200.0,346.41,no_signal
4,r04_20260912_230035.jsonl,67,701.565,6.0,measure,5,-200.0,346.41,no_signal
4,r04_20260912_230035.jsonl,68,707.565,6.0,measure,11,-200.0,346.41,no_signal
4,r04_20260912_230035.jsonl,69,713.565,6.0,measure,4,-200.0,346.41,no_signal
4,r04_20260912_230035.jsonl,70,719.565,6.0,measure,12,-200.0,346.41,no_signal
4,r04_20260912_230035.jsonl,71,725.565,6.0,measure,3,-200.0,346.41,no_signal
4,r04_20260912_230035.jsonl,72,731.565,6.0,measure,13,-200.0,346.41,no_signal
4,r04_20260912_230035.jsonl,73,737.565,6.0,measure,2,-200.0,346.41,no_signal
4,r04_20260912_230035.jsonl,74,743.565,6.0,measure,1,-200.0,346.41,no_signal
4,r04_20260912_230035.jsonl,75,749.565,6.0,measure,15,-200.0,346.41,no_signal
4,r04_20260912_230035.jsonl,76,755.565,6.0,measure,16,-200.0,346.41,no_signal
4,r04_20260912_230035.jsonl,77,761.565,6.0,measure,17,-200.0,346.41,no_signal
4,r04_20260912_230035.jsonl,78,767.565,6.0,measure,18,-200.0,346.41,no_signal
4,r04_20260912_230035.jsonl,79,773.565,6.0,measure,19,-200.0,346.41,no_signal
4,r04_20260912_230035.jsonl,80,779.565,6.0,measure,20,-200.0,346.41,direction
4,r04_20260912_230035.jsonl,81,785.565,6.0,measure,8,-200.0,346.41,direction
4,r04_20260912_230035.jsonl,82,871.565,86.0,measure,7,-400.0,0.0,no_signal
4,r04_20260912_230035.jsonl,83,877.565,6.0,measure,9,-400.0,0.0,no_signal
4,r04_20260912_230035.jsonl,84,883.565,6.0,measure,6,-400.0,0.0,no_signal
4,r04_20260912_230035.jsonl,85,889.565,6.0,measure,10,-400.0,0.0,no_signal
4,r04_20260912_230035.jsonl,86,895.565,6.0,measure,5,-400.0,0.0,no_signal
4,r04_20260912_230035.jsonl,87,901.565,6.0,measure,11,-400.0,0.0,no_signal
4,r04_20260912_230035.jsonl,88,907.565,6.0,measure,4,-400.0,0.0,direction
4,r04_20260912_230035.jsonl,89,913.565,6.0,measure,12,-400.0,0.0,no_signal
4,r04_20260912_230035.jsonl,90,919.565,6.0,measure,3,-400.0,0.0,no_signal
4,r04_20260912_230035.jsonl,91,925.565,6.0,measure,13,-400.0,0.0,no_signal
4,r04_20260912_230035.jsonl,92,931.565,6.0,measure,2,-400.0,0.0,no_signal
4,r04_20260912_230035.jsonl,93,937.565,6.0,measure,1,-400.0,0.0,no_signal
4,r04_20260912_230035.jsonl,94,943.565,6.0,measure,15,-400.0,0.0,no_signal
4,r04_20260912_230035.jsonl,95,949.565,6.0,measure,16,-400.0,0.0,no_signal
4,r04_20260912_230035.jsonl,96,955.565,6.0,measure,17,-400.0,0.0,no_signal
4,r04_20260912_230035.jsonl,97,961.565,6.0,measure,18,-400.0,0.0,no_signal
4,r04_20260912_230035.jsonl,98,967.565,6.0,measure,19,-400.0,0.0,no_signal
4,r04_20260912_230035.jsonl,99,973.565,6.0,measure,4,-400.0,0.0,direction
4,r04_20260912_230035.jsonl,100,979.565,6.0,measure,20,-400.0,0.0,no_signal
4,r04_20260912_230035.jsonl,101,1065.565,86.0,measure,19,-200.0,-346.41,no_signal
4,r04_20260912_230035.jsonl,102,1071.565,6.0,measure,18,-200.0,-346.41,no_signal
4,r04_20260912_230035.jsonl,103,1077.565,6.0,measure,17,-200.0,-346.41,no_signal
4,r04_20260912_230035.jsonl,104,1083.565,6.0,measure,16,-200.0,-346.41,no_signal
4,r04_20260912_230035.jsonl,105,1089.565,6.0,measure,15,-200.0,-346.41,no_signal
4,r04_20260912_230035.jsonl,106,1095.565,6.0,measure,13,-200.0,-346.41,no_signal
4,r04_20260912_230035.jsonl,107,1101.565,6.0,measure,12,-200.0,-346.41,no_signal
4,r04_20260912_230035.jsonl,108,1107.565,6.0,measure,11,-200.0,-346.41,no_signal
4,r04_20260912_230035.jsonl,109,1113.565,6.0,measure,10,-200.0,-346.41,no_signal
4,r04_20260912_230035.jsonl,110,1119.565,6.0,measure,9,-200.0,-346.41,no_signal
4,r04_20260912_230035.jsonl,111,1125.565,6.0,measure,7,-200.0,-346.41,no_signal
4,r04_20260912_230035.jsonl,112,1131.565,6.0,measure,6,-200.0,-346.41,no_signal
4,r04_20260912_230035.jsonl,113,1137.565,6.0,measure,5,-200.0,-346.41,no_signal
4,r04_20260912_230035.jsonl,114,1143.565,6.0,measure,3,-200.0,-346.41,no_signal
4,r04_20260912_230035.jsonl,115,1149.565,6.0,measure,2,-200.0,-346.41,no_signal
4,r04_20260912_230035.jsonl,116,1155.565,6.0,measure,1,-200.0,-346.41,no_signal
4,r04_20260912_230035.jsonl,117,1161.565,6.0,measure,4,-200.0,-346.41,no_signal
4,r04_20260912_230035.jsonl,118,1167.565,6.0,measure,20,-200.0,-346.41,no_signal
4,r04_20260912_230035.jsonl,119,1253.565,86.0,measure,19,200.0,-346.41,no_signal
4,r04_20260912_230035.jsonl,120,1259.565,6.0,measure,18,200.0,-346.41,no_signal
4,r04_20260912_230035.jsonl,121,1265.565,6.0,measure,17,200.0,-346.41,no_signal
4,r04_20260912_230035.jsonl,122,1271.565,6.0,measure,16,200.0,-346.41,no_signal
4,r04_20260912_230035.jsonl,123,1277.565,6.0,measure,15,200.0,-346.41,no_signal
4,r04_20260912_230035.jsonl,124,1283.565,6.0,measure,13,200.0,-346.41,no_signal
4,r04_20260912_230035.jsonl,125,1289.565,6.0,measure,12,200.0,-346.41,no_signal
4,r04_20260912_230035.jsonl,126,1295.565,6.0,measure,11,200.0,-346.41,no_signal
4,r04_20260912_230035.jsonl,127,1301.565,6.0,measure,10,200.0,-346.41,no_signal
4,r04_20260912_230035.jsonl,128,1307.565,6.0,measure,9,200.0,-346.41,no_signal
4,r04_20260912_230035.jsonl,129,1313.565,6.0,measure,7,200.0,-346.41,no_signal
4,r04_20260912_230035.jsonl,130,1319.565,6.0,measure,6,200.0,-346.41,no_signal
4,r04_20260912_230035.jsonl,131,1325.565,6.0,measure,5,200.0,-346.41,no_signal
4,r04_20260912_230035.jsonl,132,1331.565,6.0,measure,3,200.0,-346.41,no_signal
4,r04_20260912_230035.jsonl,133,1337.565,6.0,measure,2,200.0,-346.41,no_signal
4,r04_20260912_230035.jsonl,134,1343.565,6.0,measure,1,200.0,-346.41,no_signal
4,r04_20260912_230035.jsonl,135,1349.565,6.0,measure,20,200.0,-346.41,no_signal
4,r04_20260912_230035.jsonl,136,1355.565,6.0,measure,8,200.0,-346.41,direction
4,r04_20260912_230035.jsonl,137,1462.597,107.032,measure,8,27.263,-826.435,direction
4,r04_20260912_230035.jsonl,138,1480.64,18.044,measure,8,35.451,-761.732,direction
4,r04_20260912_230035.jsonl,139,1501.815,21.175,clear,8,23.556,-841.726,success
4,r04_20260912_230035.jsonl,140,1599.591,97.776,measure,7,-0.0,-1300.0,no_signal
4,r04_20260912_230035.jsonl,141,1605.591,6.0,measure,9,-0.0,-1300.0,no_signal
4,r04_20260912_230035.jsonl,142,1611.591,6.0,measure,6,-0.0,-1300.0,no_signal
4,r04_20260912_230035.jsonl,143,1617.591,6.0,measure,10,-0.0,-1300.0,no_signal
4,r04_20260912_230035.jsonl,144,1623.591,6.0,measure,5,-0.0,-1300.0,no_signal
4,r04_20260912_230035.jsonl,145,1629.591,6.0,measure,11,-0.0,-1300.0,no_signal
4,r04_20260912_230035.jsonl,146,1635.591,6.0,measure,12,-0.0,-1300.0,no_signal
4,r04_20260912_230035.jsonl,147,1641.591,6.0,measure,3,-0.0,-1300.0,no_signal
4,r04_20260912_230035.jsonl,148,1647.591,6.0,measure,13,-0.0,-1300.0,no_signal
4,r04_20260912_230035.jsonl,149,1653.591,6.0,measure,2,-0.0,-1300.0,direction
4,r04_20260912_230035.jsonl,150,1659.591,6.0,measure,1,-0.0,-1300.0,no_signal
4,r04_20260912_230035.jsonl,151,1665.591,6.0,measure,15,-0.0,-1300.0,no_signal
4,r04_20260912_230035.jsonl,152,1671.591,6.0,measure,16,-0.0,-1300.0,no_signal
4,r04_20260912_230035.jsonl,153,1677.591,6.0,measure,17,-0.0,-1300.0,no_signal
4,r04_20260912_230035.jsonl,154,1683.591,6.0,measure,18,-0.0,-1300.0,no_signal
4,r04_20260912_230035.jsonl,155,1689.591,6.0,measure,19,-0.0,-1300.0,no_signal
4,r04_20260912_230035.jsonl,156,1695.591,6.0,measure,2,-0.0,-1300.0,direction
4,r04_20260912_230035.jsonl,157,1821.591,126.0,measure,1,-0.0,-1900.0,no_signal
4,r04_20260912_230035.jsonl,158,1827.591,6.0,measure,3,-0.0,-1900.0,no_signal
4,r04_20260912_230035.jsonl,159,1833.591,6.0,measure,5,-0.0,-1900.0,no_signal
4,r04_20260912_230035.jsonl,160,1839.591,6.0,measure,6,-0.0,-1900.0,no_signal
4,r04_20260912_230035.jsonl,161,1845.591,6.0,measure,7,-0.0,-1900.0,no_signal
4,r04_20260912_230035.jsonl,162,1851.591,6.0,measure,9,-0.0,-1900.0,no_signal
4,r04_20260912_230035.jsonl,163,1857.591,6.0,measure,10,-0.0,-1900.0,no_signal
4,r04_20260912_230035.jsonl,164,1863.591,6.0,measure,11,-0.0,-1900.0,no_signal
4,r04_20260912_230035.jsonl,165,1869.591,6.0,measure,12,-0.0,-1900.0,no_signal
4,r04_20260912_230035.jsonl,166,1875.591,6.0,measure,13,-0.0,-1900.0,no_signal
4,r04_20260912_230035.jsonl,167,1881.591,6.0,measure,15,-0.0,-1900.0,no_signal
4,r04_20260912_230035.jsonl,168,1887.591,6.0,measure,16,-0.0,-1900.0,no_signal
4,r04_20260912_230035.jsonl,169,1893.591,6.0,measure,17,-0.0,-1900.0,no_signal
4,r04_20260912_230035.jsonl,170,1899.591,6.0,measure,18,-0.0,-1900.0,no_signal
4,r04_20260912_230035.jsonl,171,1905.591,6.0,measure,19,-0.0,-1900.0,no_signal
4,r04_20260912_230035.jsonl,172,2107.293,201.702,measure,19,950.0,-1645.448,no_signal
4,r04_20260912_230035.jsonl,173,2113.293,6.0,measure,18,950.0,-1645.448,no_signal
4,r04_20260912_230035.jsonl,174,2119.293,6.0,measure,17,950.0,-1645.448,no_signal
4,r04_20260912_230035.jsonl,175,2125.293,6.0,measure,16,950.0,-1645.448,no_signal
4,r04_20260912_230035.jsonl,176,2131.293,6.0,measure,15,950.0,-1645.448,no_signal
4,r04_20260912_230035.jsonl,177,2137.293,6.0,measure,13,950.0,-1645.448,no_signal
4,r04_20260912_230035.jsonl,178,2143.293,6.0,measure,12,950.0,-1645.448,no_signal
4,r04_20260912_230035.jsonl,179,2149.293,6.0,measure,11,950.0,-1645.448,no_signal
4,r04_20260912_230035.jsonl,180,2155.293,6.0,measure,10,950.0,-1645.448,no_signal
4,r04_20260912_230035.jsonl,181,2161.293,6.0,measure,9,950.0,-1645.448,no_signal
4,r04_20260912_230035.jsonl,182,2167.293,6.0,measure,7,950.0,-1645.448,no_signal
4,r04_20260912_230035.jsonl,183,2173.293,6.0,measure,6,950.0,-1645.448,no_signal
4,r04_20260912_230035.jsonl,184,2179.293,6.0,measure,5,950.0,-1645.448,no_signal
4,r04_20260912_230035.jsonl,185,2185.293,6.0,measure,3,950.0,-1645.448,no_signal
4,r04_20260912_230035.jsonl,186,2191.293,6.0,measure,1,950.0,-1645.448,no_signal
4,r04_20260912_230035.jsonl,187,2197.293,6.0,measure,2,950.0,-1645.448,no_signal
4,r04_20260912_230035.jsonl,188,2348.665,151.372,measure,1,919.239,-919.239,no_signal
4,r04_20260912_230035.jsonl,189,2354.665,6.0,measure,3,919.239,-919.239,no_signal
4,r04_20260912_230035.jsonl,190,2360.665,6.0,measure,5,919.239,-919.239,no_signal
4,r04_20260912_230035.jsonl,191,2366.665,6.0,measure,6,919.239,-919.239,no_signal
4,r04_20260912_230035.jsonl,192,2372.665,6.0,measure,7,919.239,-919.239,no_signal
4,r04_20260912_230035.jsonl,193,2378.665,6.0,measure,9,919.239,-919.239,no_signal
4,r04_20260912_230035.jsonl,194,2384.665,6.0,measure,10,919.239,-919.239,no_signal
4,r04_20260912_230035.jsonl,195,2390.665,6.0,measure,11,919.239,-919.239,no_signal
4,r04_20260912_230035.jsonl,196,2396.665,6.0,measure,12,919.239,-919.239,no_signal
4,r04_20260912_230035.jsonl,197,2402.665,6.0,measure,13,919.239,-919.239,no_signal
4,r04_20260912_230035.jsonl,198,2408.665,6.0,measure,15,919.239,-919.239,no_signal
4,r04_20260912_230035.jsonl,199,2414.665,6.0,measure,16,919.239,-919.239,no_signal
4,r04_20260912_230035.jsonl,200,2420.665,6.0,measure,17,919.239,-919.239,no_signal
4,r04_20260912_230035.jsonl,201,2426.665,6.0,measure,18,919.239,-919.239,no_signal
4,r04_20260912_230035.jsonl,202,2432.665,6.0,measure,19,919.239,-919.239,no_signal
4,r04_20260912_230035.jsonl,203,2438.665,6.0,measure,2,919.239,-919.239,direction
4,r04_20260912_230035.jsonl,204,2562.418,123.753,measure,2,473.303,-527.198,no_signal
4,r04_20260912_230035.jsonl,205,2585.418,23.0,measure,2,518.303,-605.14,direction
4,r04_20260912_230035.jsonl,206,2608.511,23.093,clear,2,473.892,-526.326,success
4,r04_20260912_230035.jsonl,207,2863.673,255.162,measure,1,1645.448,-950.0,no_signal
4,r04_20260912_230035.jsonl,208,2869.673,6.0,measure,3,1645.448,-950.0,no_signal
4,r04_20260912_230035.jsonl,209,2875.673,6.0,measure,5,1645.448,-950.0,no_signal
4,r04_20260912_230035.jsonl,210,2881.673,6.0,measure,6,1645.448,-950.0,no_signal
4,r04_20260912_230035.jsonl,211,2887.673,6.0,measure,7,1645.448,-950.0,no_signal
4,r04_20260912_230035.jsonl,212,2893.673,6.0,measure,9,1645.448,-950.0,no_signal
4,r04_20260912_230035.jsonl,213,2899.673,6.0,measure,10,1645.448,-950.0,no_signal
4,r04_20260912_230035.jsonl,214,2905.673,6.0,measure,11,1645.448,-950.0,no_signal
4,r04_20260912_230035.jsonl,215,2911.673,6.0,measure,12,1645.448,-950.0,no_signal
4,r04_20260912_230035.jsonl,216,2917.673,6.0,measure,13,1645.448,-950.0,no_signal
4,r04_20260912_230035.jsonl,217,2923.673,6.0,measure,15,1645.448,-950.0,no_signal
4,r04_20260912_230035.jsonl,218,2929.673,6.0,measure,16,1645.448,-950.0,no_signal
4,r04_20260912_230035.jsonl,219,2935.673,6.0,measure,17,1645.448,-950.0,no_signal
4,r04_20260912_230035.jsonl,220,2941.673,6.0,measure,18,1645.448,-950.0,no_signal
4,r04_20260912_230035.jsonl,221,2947.673,6.0,measure,19,1645.448,-950.0,no_signal
4,r04_20260912_230035.jsonl,222,3154.845,207.172,measure,19,1300.0,0.0,no_signal
4,r04_20260912_230035.jsonl,223,3160.845,6.0,measure,18,1300.0,0.0,no_signal
4,r04_20260912_230035.jsonl,224,3166.845,6.0,measure,17,1300.0,0.0,no_signal
4,r04_20260912_230035.jsonl,225,3172.845,6.0,measure,16,1300.0,0.0,no_signal
4,r04_20260912_230035.jsonl,226,3178.845,6.0,measure,15,1300.0,0.0,no_signal
4,r04_20260912_230035.jsonl,227,3184.845,6.0,measure,13,1300.0,0.0,no_signal
4,r04_20260912_230035.jsonl,228,3190.845,6.0,measure,12,1300.0,0.0,no_signal
4,r04_20260912_230035.jsonl,229,3196.845,6.0,measure,11,1300.0,0.0,no_signal
4,r04_20260912_230035.jsonl,230,3202.845,6.0,measure,10,1300.0,0.0,no_signal
4,r04_20260912_230035.jsonl,231,3208.845,6.0,measure,9,1300.0,0.0,no_signal
4,r04_20260912_230035.jsonl,232,3214.845,6.0,measure,7,1300.0,0.0,no_signal
4,r04_20260912_230035.jsonl,233,3220.845,6.0,measure,6,1300.0,0.0,no_signal
4,r04_20260912_230035.jsonl,234,3226.845,6.0,measure,5,1300.0,0.0,no_signal
4,r04_20260912_230035.jsonl,235,3232.845,6.0,measure,3,1300.0,0.0,no_signal
4,r04_20260912_230035.jsonl,236,3238.845,6.0,measure,1,1300.0,0.0,no_signal
4,r04_20260912_230035.jsonl,237,3363.845,125.0,measure,1,1900.0,0.0,no_signal
4,r04_20260912_230035.jsonl,238,3369.845,6.0,measure,3,1900.0,0.0,no_signal
4,r04_20260912_230035.jsonl,239,3375.845,6.0,measure,5,1900.0,0.0,no_signal
4,r04_20260912_230035.jsonl,240,3381.845,6.0,measure,6,1900.0,0.0,no_signal
4,r04_20260912_230035.jsonl,241,3387.845,6.0,measure,7,1900.0,0.0,no_signal
4,r04_20260912_230035.jsonl,242,3393.845,6.0,measure,9,1900.0,0.0,no_signal
4,r04_20260912_230035.jsonl,243,3399.845,6.0,measure,10,1900.0,0.0,no_signal
4,r04_20260912_230035.jsonl,244,3405.845,6.0,measure,11,1900.0,0.0,no_signal
4,r04_20260912_230035.jsonl,245,3411.845,6.0,measure,12,1900.0,0.0,no_signal
4,r04_20260912_230035.jsonl,246,3417.845,6.0,measure,13,1900.0,0.0,no_signal
4,r04_20260912_230035.jsonl,247,3423.845,6.0,measure,15,1900.0,0.0,no_signal
4,r04_20260912_230035.jsonl,248,3429.845,6.0,measure,16,1900.0,0.0,no_signal
4,r04_20260912_230035.jsonl,249,3435.845,6.0,measure,17,1900.0,0.0,no_signal
4,r04_20260912_230035.jsonl,250,3441.845,6.0,measure,18,1900.0,0.0,no_signal
4,r04_20260912_230035.jsonl,251,3447.845,6.0,measure,19,1900.0,0.0,no_signal
4,r04_20260912_230035.jsonl,252,3649.547,201.702,measure,19,1645.448,950.0,no_signal
4,r04_20260912_230035.jsonl,253,3655.547,6.0,measure,18,1645.448,950.0,no_signal
4,r04_20260912_230035.jsonl,254,3661.547,6.0,measure,17,1645.448,950.0,no_signal
4,r04_20260912_230035.jsonl,255,3667.547,6.0,measure,16,1645.448,950.0,no_signal
4,r04_20260912_230035.jsonl,256,3673.547,6.0,measure,15,1645.448,950.0,no_signal
4,r04_20260912_230035.jsonl,257,3679.547,6.0,measure,13,1645.448,950.0,no_signal
4,r04_20260912_230035.jsonl,258,3685.547,6.0,measure,12,1645.448,950.0,no_signal
4,r04_20260912_230035.jsonl,259,3691.547,6.0,measure,11,1645.448,950.0,no_signal
4,r04_20260912_230035.jsonl,260,3697.547,6.0,measure,10,1645.448,950.0,direction
4,r04_20260912_230035.jsonl,261,3703.547,6.0,measure,9,1645.448,950.0,no_signal
4,r04_20260912_230035.jsonl,262,3709.547,6.0,measure,7,1645.448,950.0,no_signal
4,r04_20260912_230035.jsonl,263,3715.547,6.0,measure,6,1645.448,950.0,no_signal
4,r04_20260912_230035.jsonl,264,3721.547,6.0,measure,5,1645.448,950.0,no_signal
4,r04_20260912_230035.jsonl,265,3727.547,6.0,measure,3,1645.448,950.0,no_signal
4,r04_20260912_230035.jsonl,266,3733.547,6.0,measure,1,1645.448,950.0,direction
4,r04_20260912_230035.jsonl,267,3739.547,6.0,measure,10,1645.448,950.0,direction
4,r04_20260912_230035.jsonl,268,3745.547,6.0,measure,1,1645.448,950.0,direction
4,r04_20260912_230035.jsonl,269,3896.919,151.372,measure,3,919.239,919.239,no_signal
4,r04_20260912_230035.jsonl,270,3902.919,6.0,measure,5,919.239,919.239,no_signal
4,r04_20260912_230035.jsonl,271,3908.919,6.0,measure,6,919.239,919.239,no_signal
4,r04_20260912_230035.jsonl,272,3914.919,6.0,measure,7,919.239,919.239,no_signal
4,r04_20260912_230035.jsonl,273,3920.919,6.0,measure,9,919.239,919.239,no_signal
4,r04_20260912_230035.jsonl,274,3926.919,6.0,measure,11,919.239,919.239,no_signal
4,r04_20260912_230035.jsonl,275,3932.919,6.0,measure,12,919.239,919.239,no_signal
4,r04_20260912_230035.jsonl,276,3938.919,6.0,measure,13,919.239,919.239,no_signal
4,r04_20260912_230035.jsonl,277,3944.919,6.0,measure,15,919.239,919.239,no_signal
4,r04_20260912_230035.jsonl,278,3950.919,6.0,measure,16,919.239,919.239,no_signal
4,r04_20260912_230035.jsonl,279,3956.919,6.0,measure,17,919.239,919.239,no_signal
4,r04_20260912_230035.jsonl,280,3962.919,6.0,measure,18,919.239,919.239,no_signal
4,r04_20260912_230035.jsonl,281,3968.919,6.0,measure,19,919.239,919.239,no_signal
4,r04_20260912_230035.jsonl,282,3974.919,6.0,measure,10,919.239,919.239,direction
4,r04_20260912_230035.jsonl,283,4122.496,147.576,clear,10,1447.588,440.649,success
4,r04_20260912_230035.jsonl,284,4271.072,148.576,measure,1,919.239,919.239,direction
4,r04_20260912_230035.jsonl,285,4422.444,151.372,measure,3,950.0,1645.448,no_signal
4,r04_20260912_230035.jsonl,286,4428.444,6.0,measure,5,950.0,1645.448,no_signal
4,r04_20260912_230035.jsonl,287,4434.444,6.0,measure,6,950.0,1645.448,direction
4,r04_20260912_230035.jsonl,288,4440.444,6.0,measure,7,950.0,1645.448,no_signal
4,r04_20260912_230035.jsonl,289,4446.444,6.0,measure,9,950.0,1645.448,no_signal
4,r04_20260912_230035.jsonl,290,4452.444,6.0,measure,11,950.0,1645.448,no_signal
4,r04_20260912_230035.jsonl,291,4458.444,6.0,measure,12,950.0,1645.448,no_signal
4,r04_20260912_230035.jsonl,292,4464.444,6.0,measure,13,950.0,1645.448,no_signal
4,r04_20260912_230035.jsonl,293,4470.444,6.0,measure,15,950.0,1645.448,no_signal
4,r04_20260912_230035.jsonl,294,4476.444,6.0,measure,16,950.0,1645.448,no_signal
4,r04_20260912_230035.jsonl,295,4482.444,6.0,measure,17,950.0,1645.448,no_signal
4,r04_20260912_230035.jsonl,296,4488.444,6.0,measure,18,950.0,1645.448,no_signal
4,r04_20260912_230035.jsonl,297,4494.444,6.0,measure,19,950.0,1645.448,no_signal
4,r04_20260912_230035.jsonl,298,4500.444,6.0,measure,6,950.0,1645.448,direction
4,r04_20260912_230035.jsonl,299,4708.616,208.172,measure,5,0.0,1300.0,no_signal
4,r04_20260912_230035.jsonl,300,4714.616,6.0,measure,7,0.0,1300.0,no_signal
4,r04_20260912_230035.jsonl,301,4720.616,6.0,measure,3,0.0,1300.0,no_signal
4,r04_20260912_230035.jsonl,302,4726.616,6.0,measure,9,0.0,1300.0,no_signal
4,r04_20260912_230035.jsonl,303,4732.616,6.0,measure,11,0.0,1300.0,no_signal
4,r04_20260912_230035.jsonl,304,4738.616,6.0,measure,12,0.0,1300.0,no_signal
4,r04_20260912_230035.jsonl,305,4744.616,6.0,measure,13,0.0,1300.0,no_signal
4,r04_20260912_230035.jsonl,306,4750.616,6.0,measure,15,0.0,1300.0,no_signal
4,r04_20260912_230035.jsonl,307,4756.616,6.0,measure,16,0.0,1300.0,no_signal
4,r04_20260912_230035.jsonl,308,4762.616,6.0,measure,17,0.0,1300.0,no_signal
4,r04_20260912_230035.jsonl,309,4768.616,6.0,measure,18,0.0,1300.0,no_signal
4,r04_20260912_230035.jsonl,310,4774.616,6.0,measure,19,0.0,1300.0,no_signal
4,r04_20260912_230035.jsonl,311,4780.616,6.0,measure,6,0.0,1300.0,no_signal
4,r04_20260912_230035.jsonl,312,4906.616,126.0,measure,5,0.0,1900.0,no_signal
4,r04_20260912_230035.jsonl,313,4912.616,6.0,measure,7,0.0,1900.0,no_signal
4,r04_20260912_230035.jsonl,314,4918.616,6.0,measure,3,0.0,1900.0,direction
4,r04_20260912_230035.jsonl,315,4924.616,6.0,measure,9,0.0,1900.0,no_signal
4,r04_20260912_230035.jsonl,316,4930.616,6.0,measure,11,0.0,1900.0,no_signal
4,r04_20260912_230035.jsonl,317,4936.616,6.0,measure,12,0.0,1900.0,no_signal
4,r04_20260912_230035.jsonl,318,4942.616,6.0,measure,13,0.0,1900.0,no_signal
4,r04_20260912_230035.jsonl,319,4948.616,6.0,measure,15,0.0,1900.0,no_signal
4,r04_20260912_230035.jsonl,320,4954.616,6.0,measure,16,0.0,1900.0,no_signal
4,r04_20260912_230035.jsonl,321,4960.616,6.0,measure,17,0.0,1900.0,no_signal
4,r04_20260912_230035.jsonl,322,4966.616,6.0,measure,18,0.0,1900.0,no_signal
4,r04_20260912_230035.jsonl,323,4972.616,6.0,measure,19,0.0,1900.0,no_signal
4,r04_20260912_230035.jsonl,324,4978.616,6.0,measure,3,0.0,1900.0,direction
4,r04_20260912_230035.jsonl,325,4984.616,6.0,measure,6,0.0,1900.0,direction
4,r04_20260912_230035.jsonl,326,5151.534,166.918,clear,6,684.204,1467.217,success
4,r04_20260912_230035.jsonl,327,5439.004,287.47,measure,1,1637.641,432.041,no_signal
4,r04_20260912_230035.jsonl,328,5462.004,23.0,measure,1,1682.641,509.984,direction
4,r04_20260912_230035.jsonl,329,5484.599,22.595,clear,1,1634.167,436.569,success
4,r04_20260912_230035.jsonl,330,6061.188,576.589,measure,5,-950.0,1645.448,no_signal
4,r04_20260912_230035.jsonl,331,6067.188,6.0,measure,7,-950.0,1645.448,no_signal
4,r04_20260912_230035.jsonl,332,6073.188,6.0,measure,9,-950.0,1645.448,no_signal
4,r04_20260912_230035.jsonl,333,6079.188,6.0,measure,11,-950.0,1645.448,no_signal
4,r04_20260912_230035.jsonl,334,6085.188,6.0,measure,12,-950.0,1645.448,no_signal
4,r04_20260912_230035.jsonl,335,6091.188,6.0,measure,13,-950.0,1645.448,direction
4,r04_20260912_230035.jsonl,336,6097.188,6.0,measure,15,-950.0,1645.448,no_signal
4,r04_20260912_230035.jsonl,337,6103.188,6.0,measure,16,-950.0,1645.448,no_signal
4,r04_20260912_230035.jsonl,338,6109.188,6.0,measure,17,-950.0,1645.448,no_signal
4,r04_20260912_230035.jsonl,339,6115.188,6.0,measure,18,-950.0,1645.448,no_signal
4,r04_20260912_230035.jsonl,340,6121.188,6.0,measure,19,-950.0,1645.448,no_signal
4,r04_20260912_230035.jsonl,341,6127.188,6.0,measure,3,-950.0,1645.448,direction
4,r04_20260912_230035.jsonl,342,6316.594,189.406,clear,3,-30.639,1575.356,success
4,r04_20260912_230035.jsonl,343,6507.0,190.406,measure,13,-950.0,1645.448,direction
4,r04_20260912_230035.jsonl,344,6658.372,151.372,measure,12,-919.239,919.239,no_signal
4,r04_20260912_230035.jsonl,345,6664.372,6.0,measure,11,-919.239,919.239,no_signal
4,r04_20260912_230035.jsonl,346,6670.372,6.0,measure,15,-919.239,919.239,no_signal
4,r04_20260912_230035.jsonl,347,6676.372,6.0,measure,16,-919.239,919.239,no_signal
4,r04_20260912_230035.jsonl,348,6682.372,6.0,measure,9,-919.239,919.239,no_signal
4,r04_20260912_230035.jsonl,349,6688.372,6.0,measure,17,-919.239,919.239,no_signal
4,r04_20260912_230035.jsonl,350,6694.372,6.0,measure,18,-919.239,919.239,no_signal
4,r04_20260912_230035.jsonl,351,6700.372,6.0,measure,7,-919.239,919.239,no_signal
4,r04_20260912_230035.jsonl,352,6706.372,6.0,measure,19,-919.239,919.239,no_signal
4,r04_20260912_230035.jsonl,353,6712.372,6.0,measure,5,-919.239,919.239,no_signal
4,r04_20260912_230035.jsonl,354,6718.372,6.0,measure,13,-919.239,919.239,direction
4,r04_20260912_230035.jsonl,355,6733.249,14.877,clear,13,-878.895,947.723,success
4,r04_20260912_230035.jsonl,356,6749.126,15.877,measure,20,-919.239,919.239,direction
4,r04_20260912_230035.jsonl,357,6934.074,184.947,clear,20,-756.823,34.283,success
4,r04_20260912_230035.jsonl,358,7048.925,114.852,measure,19,-1300.0,0.0,no_signal
4,r04_20260912_230035.jsonl,359,7054.925,6.0,measure,18,-1300.0,0.0,no_signal
4,r04_20260912_230035.jsonl,360,7060.925,6.0,measure,17,-1300.0,0.0,no_signal
4,r04_20260912_230035.jsonl,361,7066.925,6.0,measure,16,-1300.0,0.0,no_signal
4,r04_20260912_230035.jsonl,362,7072.925,6.0,measure,15,-1300.0,0.0,no_signal
4,r04_20260912_230035.jsonl,363,7078.925,6.0,measure,12,-1300.0,0.0,no_signal
4,r04_20260912_230035.jsonl,364,7084.925,6.0,measure,11,-1300.0,0.0,no_signal
4,r04_20260912_230035.jsonl,365,7090.925,6.0,measure,9,-1300.0,0.0,no_signal
4,r04_20260912_230035.jsonl,366,7096.925,6.0,measure,7,-1300.0,0.0,no_signal
4,r04_20260912_230035.jsonl,367,7102.925,6.0,measure,5,-1300.0,0.0,no_signal
4,r04_20260912_230035.jsonl,368,7108.925,6.0,measure,4,-1300.0,0.0,direction
4,r04_20260912_230035.jsonl,369,7317.097,208.172,measure,5,-1645.448,950.0,no_signal
4,r04_20260912_230035.jsonl,370,7323.097,6.0,measure,7,-1645.448,950.0,no_signal
4,r04_20260912_230035.jsonl,371,7329.097,6.0,measure,9,-1645.448,950.0,no_signal
4,r04_20260912_230035.jsonl,372,7335.097,6.0,measure,11,-1645.448,950.0,no_signal
4,r04_20260912_230035.jsonl,373,7341.097,6.0,measure,12,-1645.448,950.0,no_signal
4,r04_20260912_230035.jsonl,374,7347.097,6.0,measure,15,-1645.448,950.0,no_signal
4,r04_20260912_230035.jsonl,375,7353.097,6.0,measure,16,-1645.448,950.0,no_signal
4,r04_20260912_230035.jsonl,376,7359.097,6.0,measure,17,-1645.448,950.0,no_signal
4,r04_20260912_230035.jsonl,377,7365.097,6.0,measure,18,-1645.448,950.0,no_signal
4,r04_20260912_230035.jsonl,378,7371.097,6.0,measure,19,-1645.448,950.0,no_signal
4,r04_20260912_230035.jsonl,379,7572.799,201.702,measure,19,-1900.0,0.0,no_signal
4,r04_20260912_230035.jsonl,380,7578.799,6.0,measure,18,-1900.0,0.0,no_signal
4,r04_20260912_230035.jsonl,381,7584.799,6.0,measure,17,-1900.0,0.0,no_signal
4,r04_20260912_230035.jsonl,382,7590.799,6.0,measure,16,-1900.0,0.0,no_signal
4,r04_20260912_230035.jsonl,383,7596.799,6.0,measure,15,-1900.0,0.0,no_signal
4,r04_20260912_230035.jsonl,384,7602.799,6.0,measure,12,-1900.0,0.0,no_signal
4,r04_20260912_230035.jsonl,385,7608.799,6.0,measure,11,-1900.0,0.0,no_signal
4,r04_20260912_230035.jsonl,386,7614.799,6.0,measure,9,-1900.0,0.0,no_signal
4,r04_20260912_230035.jsonl,387,7620.799,6.0,measure,7,-1900.0,0.0,no_signal
4,r04_20260912_230035.jsonl,388,7626.799,6.0,measure,5,-1900.0,0.0,no_signal
4,r04_20260912_230035.jsonl,389,7632.799,6.0,measure,4,-1900.0,0.0,direction
4,r04_20260912_230035.jsonl,390,7791.09,158.291,measure,4,-1571.577,-692.525,direction
4,r04_20260912_230035.jsonl,391,7798.029,6.939,clear,4,-1562.489,-695.897,success
4,r04_20260912_230035.jsonl,392,7857.489,59.46,measure,5,-1645.448,-950.0,no_signal
4,r04_20260912_230035.jsonl,393,7863.489,6.0,measure,7,-1645.448,-950.0,no_signal
4,r04_20260912_230035.jsonl,394,7869.489,6.0,measure,9,-1645.448,-950.0,no_signal
4,r04_20260912_230035.jsonl,395,7875.489,6.0,measure,11,-1645.448,-950.0,no_signal
4,r04_20260912_230035.jsonl,396,7881.489,6.0,measure,12,-1645.448,-950.0,no_signal
4,r04_20260912_230035.jsonl,397,7887.489,6.0,measure,15,-1645.448,-950.0,no_signal
4,r04_20260912_230035.jsonl,398,7893.489,6.0,measure,16,-1645.448,-950.0,no_signal
4,r04_20260912_230035.jsonl,399,7899.489,6.0,measure,17,-1645.448,-950.0,no_signal
4,r04_20260912_230035.jsonl,400,7905.489,6.0,measure,18,-1645.448,-950.0,no_signal
4,r04_20260912_230035.jsonl,401,7911.489,6.0,measure,19,-1645.448,-950.0,no_signal
4,r04_20260912_230035.jsonl,402,8061.861,150.372,measure,19,-919.239,-919.239,no_signal
4,r04_20260912_230035.jsonl,403,8067.861,6.0,measure,18,-919.239,-919.239,no_signal
4,r04_20260912_230035.jsonl,404,8073.861,6.0,measure,17,-919.239,-919.239,no_signal
4,r04_20260912_230035.jsonl,405,8079.861,6.0,measure,16,-919.239,-919.239,no_signal
4,r04_20260912_230035.jsonl,406,8085.861,6.0,measure,15,-919.239,-919.239,no_signal
4,r04_20260912_230035.jsonl,407,8091.861,6.0,measure,12,-919.239,-919.239,no_signal
4,r04_20260912_230035.jsonl,408,8097.861,6.0,measure,11,-919.239,-919.239,no_signal
4,r04_20260912_230035.jsonl,409,8103.861,6.0,measure,9,-919.239,-919.239,no_signal
4,r04_20260912_230035.jsonl,410,8109.861,6.0,measure,7,-919.239,-919.239,no_signal
4,r04_20260912_230035.jsonl,411,8115.861,6.0,measure,5,-919.239,-919.239,no_signal
4,r04_20260912_230035.jsonl,412,8266.233,150.372,measure,5,-950.0,-1645.448,no_signal
4,r04_20260912_230035.jsonl,413,8272.233,6.0,measure,7,-950.0,-1645.448,no_signal
4,r04_20260912_230035.jsonl,414,8278.233,6.0,measure,9,-950.0,-1645.448,no_signal
4,r04_20260912_230035.jsonl,415,8284.233,6.0,measure,11,-950.0,-1645.448,no_signal
4,r04_20260912_230035.jsonl,416,8290.233,6.0,measure,12,-950.0,-1645.448,no_signal
4,r04_20260912_230035.jsonl,417,8296.233,6.0,measure,15,-950.0,-1645.448,no_signal
4,r04_20260912_230035.jsonl,418,8302.233,6.0,measure,16,-950.0,-1645.448,no_signal
4,r04_20260912_230035.jsonl,419,8308.233,6.0,measure,17,-950.0,-1645.448,no_signal
4,r04_20260912_230035.jsonl,420,8314.233,6.0,measure,18,-950.0,-1645.448,no_signal
4,r04_20260912_230035.jsonl,421,8320.233,6.0,measure,19,-950.0,-1645.448,no_signal
4,r04_20260912_230035.jsonl,422,8320.233,0.0,exit,,,,
5,r05_20260912_230050.jsonl,0,0.0,0.0,enter,,,,
5,r05_20260912_230050.jsonl,1,5.0,5.0,measure,1,0.0,0.0,direction
5,r05_20260912_230050.jsonl,2,11.0,6.0,measure,2,0.0,0.0,no_signal
5,r05_20260912_230050.jsonl,3,17.0,6.0,measure,3,0.0,0.0,no_signal
5,r05_20260912_230050.jsonl,4,23.0,6.0,measure,4,0.0,0.0,no_signal
5,r05_20260912_230050.jsonl,5,29.0,6.0,measure,5,0.0,0.0,no_signal
5,r05_20260912_230050.jsonl,6,35.0,6.0,measure,6,0.0,0.0,direction
5,r05_20260912_230050.jsonl,7,41.0,6.0,measure,7,0.0,0.0,direction
5,r05_20260912_230050.jsonl,8,47.0,6.0,measure,8,0.0,0.0,no_signal
5,r05_20260912_230050.jsonl,9,53.0,6.0,measure,9,0.0,0.0,direction
5,r05_20260912_230050.jsonl,10,59.0,6.0,measure,10,0.0,0.0,direction
5,r05_20260912_230050.jsonl,11,65.0,6.0,measure,11,0.0,0.0,no_signal
5,r05_20260912_230050.jsonl,12,71.0,6.0,measure,12,0.0,0.0,no_signal
5,r05_20260912_230050.jsonl,13,77.0,6.0,measure,13,0.0,0.0,direction
5,r05_20260912_230050.jsonl,14,83.0,6.0,measure,14,0.0,0.0,direction
5,r05_20260912_230050.jsonl,15,89.0,6.0,measure,15,0.0,0.0,no_signal
5,r05_20260912_230050.jsonl,16,95.0,6.0,measure,16,0.0,0.0,direction
5,r05_20260912_230050.jsonl,17,101.0,6.0,measure,17,0.0,0.0,no_signal
5,r05_20260912_230050.jsonl,18,107.0,6.0,measure,18,0.0,0.0,no_signal
5,r05_20260912_230050.jsonl,19,113.0,6.0,measure,19,0.0,0.0,no_signal
5,r05_20260912_230050.jsonl,20,119.0,6.0,measure,20,0.0,0.0,direction
5,r05_20260912_230050.jsonl,21,205.0,86.0,measure,19,400.0,0.0,no_signal
5,r05_20260912_230050.jsonl,22,211.0,6.0,measure,18,400.0,0.0,direction
5,r05_20260912_230050.jsonl,23,217.0,6.0,measure,17,400.0,0.0,no_signal
5,r05_20260912_230050.jsonl,24,223.0,6.0,measure,15,400.0,0.0,no_signal
5,r05_20260912_230050.jsonl,25,229.0,6.0,measure,12,400.0,0.0,direction
5,r05_20260912_230050.jsonl,26,235.0,6.0,measure,11,400.0,0.0,no_signal
5,r05_20260912_230050.jsonl,27,241.0,6.0,measure,8,400.0,0.0,no_signal
5,r05_20260912_230050.jsonl,28,247.0,6.0,measure,5,400.0,0.0,no_signal
5,r05_20260912_230050.jsonl,29,253.0,6.0,measure,4,400.0,0.0,no_signal
5,r05_20260912_230050.jsonl,30,259.0,6.0,measure,3,400.0,0.0,no_signal
5,r05_20260912_230050.jsonl,31,265.0,6.0,measure,2,400.0,0.0,no_signal
5,r05_20260912_230050.jsonl,32,271.0,6.0,measure,16,400.0,0.0,direction
5,r05_20260912_230050.jsonl,33,277.0,6.0,measure,9,400.0,0.0,direction
5,r05_20260912_230050.jsonl,34,363.0,86.0,measure,8,200.0,-346.41,no_signal
5,r05_20260912_230050.jsonl,35,369.0,6.0,measure,11,200.0,-346.41,no_signal
5,r05_20260912_230050.jsonl,36,375.0,6.0,measure,5,200.0,-346.41,no_signal
5,r05_20260912_230050.jsonl,37,381.0,6.0,measure,4,200.0,-346.41,no_signal
5,r05_20260912_230050.jsonl,38,387.0,6.0,measure,3,200.0,-346.41,no_signal
5,r05_20260912_230050.jsonl,39,393.0,6.0,measure,15,200.0,-346.41,no_signal
5,r05_20260912_230050.jsonl,40,399.0,6.0,measure,2,200.0,-346.41,no_signal
5,r05_20260912_230050.jsonl,41,405.0,6.0,measure,17,200.0,-346.41,no_signal
5,r05_20260912_230050.jsonl,42,411.0,6.0,measure,19,200.0,-346.41,no_signal
5,r05_20260912_230050.jsonl,43,417.0,6.0,measure,14,200.0,-346.41,direction
5,r05_20260912_230050.jsonl,44,423.0,6.0,measure,10,200.0,-346.41,direction
5,r05_20260912_230050.jsonl,45,509.0,86.0,measure,11,-200.0,-346.41,no_signal
5,r05_20260912_230050.jsonl,46,515.0,6.0,measure,8,-200.0,-346.41,direction
5,r05_20260912_230050.jsonl,47,521.0,6.0,measure,5,-200.0,-346.41,no_signal
5,r05_20260912_230050.jsonl,48,527.0,6.0,measure,15,-200.0,-346.41,no_signal
5,r05_20260912_230050.jsonl,49,533.0,6.0,measure,4,-200.0,-346.41,no_signal
5,r05_20260912_230050.jsonl,50,539.0,6.0,measure,3,-200.0,-346.41,no_signal
5,r05_20260912_230050.jsonl,51,545.0,6.0,measure,17,-200.0,-346.41,no_signal
5,r05_20260912_230050.jsonl,52,551.0,6.0,measure,2,-200.0,-346.41,no_signal
5,r05_20260912_230050.jsonl,53,557.0,6.0,measure,19,-200.0,-346.41,no_signal
5,r05_20260912_230050.jsonl,54,563.0,6.0,measure,8,-200.0,-346.41,direction
5,r05_20260912_230050.jsonl,55,569.0,6.0,measure,7,-200.0,-346.41,direction
5,r05_20260912_230050.jsonl,56,655.0,86.0,measure,5,-400.0,0.0,no_signal
5,r05_20260912_230050.jsonl,57,661.0,6.0,measure,4,-400.0,0.0,no_signal
5,r05_20260912_230050.jsonl,58,667.0,6.0,measure,3,-400.0,0.0,no_signal
5,r05_20260912_230050.jsonl,59,673.0,6.0,measure,11,-400.0,0.0,no_signal
5,r05_20260912_230050.jsonl,60,679.0,6.0,measure,2,-400.0,0.0,no_signal
5,r05_20260912_230050.jsonl,61,685.0,6.0,measure,15,-400.0,0.0,no_signal
5,r05_20260912_230050.jsonl,62,691.0,6.0,measure,17,-400.0,0.0,no_signal
5,r05_20260912_230050.jsonl,63,697.0,6.0,measure,19,-400.0,0.0,no_signal
5,r05_20260912_230050.jsonl,64,703.0,6.0,measure,20,-400.0,0.0,direction
5,r05_20260912_230050.jsonl,65,774.763,71.763,clear,20,-138.225,207.142,success
5,r05_20260912_230050.jsonl,66,847.527,72.763,measure,8,-400.0,0.0,direction
5,r05_20260912_230050.jsonl,67,933.527,86.0,measure,5,-200.0,346.41,no_signal
5,r05_20260912_230050.jsonl,68,939.527,6.0,measure,11,-200.0,346.41,no_signal
5,r05_20260912_230050.jsonl,69,945.527,6.0,measure,4,-200.0,346.41,no_signal
5,r05_20260912_230050.jsonl,70,951.527,6.0,measure,3,-200.0,346.41,no_signal
5,r05_20260912_230050.jsonl,71,957.527,6.0,measure,2,-200.0,346.41,no_signal
5,r05_20260912_230050.jsonl,72,963.527,6.0,measure,15,-200.0,346.41,no_signal
5,r05_20260912_230050.jsonl,73,969.527,6.0,measure,17,-200.0,346.41,no_signal
5,r05_20260912_230050.jsonl,74,975.527,6.0,measure,19,-200.0,346.41,no_signal
5,r05_20260912_230050.jsonl,75,981.527,6.0,measure,18,-200.0,346.41,no_signal
5,r05_20260912_230050.jsonl,76,987.527,6.0,measure,1,-200.0,346.41,direction
5,r05_20260912_230050.jsonl,77,1073.527,86.0,measure,2,200.0,346.41,direction
5,r05_20260912_230050.jsonl,78,1079.527,6.0,measure,3,200.0,346.41,no_signal
5,r05_20260912_230050.jsonl,79,1085.527,6.0,measure,4,200.0,346.41,no_signal
5,r05_20260912_230050.jsonl,80,1091.527,6.0,measure,5,200.0,346.41,no_signal
5,r05_20260912_230050.jsonl,81,1097.527,6.0,measure,11,200.0,346.41,no_signal
5,r05_20260912_230050.jsonl,82,1103.527,6.0,measure,15,200.0,346.41,no_signal
5,r05_20260912_230050.jsonl,83,1109.527,6.0,measure,17,200.0,346.41,no_signal
5,r05_20260912_230050.jsonl,84,1115.527,6.0,measure,19,200.0,346.41,no_signal
5,r05_20260912_230050.jsonl,85,1121.527,6.0,measure,18,200.0,346.41,direction
5,r05_20260912_230050.jsonl,86,1127.527,6.0,measure,13,200.0,346.41,direction
5,r05_20260912_230050.jsonl,87,1216.858,89.331,clear,13,404.943,-22.09,success
5,r05_20260912_230050.jsonl,88,1401.924,185.066,measure,11,1300.0,0.0,no_signal
5,r05_20260912_230050.jsonl,89,1407.924,6.0,measure,15,1300.0,0.0,no_signal
5,r05_20260912_230050.jsonl,90,1413.924,6.0,measure,17,1300.0,0.0,direction
5,r05_20260912_230050.jsonl,91,1419.924,6.0,measure,19,1300.0,0.0,no_signal
5,r05_20260912_230050.jsonl,92,1425.924,6.0,measure,5,1300.0,0.0,no_signal
5,r05_20260912_230050.jsonl,93,1431.924,6.0,measure,4,1300.0,0.0,no_signal
5,r05_20260912_230050.jsonl,94,1437.924,6.0,measure,3,1300.0,0.0,no_signal
5,r05_20260912_230050.jsonl,95,1443.924,6.0,measure,2,1300.0,0.0,direction
5,r05_20260912_230050.jsonl,96,1449.924,6.0,measure,12,1300.0,0.0,direction
5,r05_20260912_230050.jsonl,97,1524.564,74.64,measure,12,1336.0,-346.336,near
5,r05_20260912_230050.jsonl,98,1529.564,5.0,clear,12,1336.0,-346.336,success
5,r05_20260912_230050.jsonl,99,1532.564,3.0,clear,12,1336.0,-346.336,no_target_in_range
5,r05_20260912_230050.jsonl,100,1670.934,138.37,measure,11,1900.0,0.0,no_signal
5,r05_20260912_230050.jsonl,101,1676.934,6.0,measure,15,1900.0,0.0,no_signal
5,r05_20260912_230050.jsonl,102,1682.934,6.0,measure,5,1900.0,0.0,no_signal
5,r05_20260912_230050.jsonl,103,1688.934,6.0,measure,19,1900.0,0.0,no_signal
5,r05_20260912_230050.jsonl,104,1694.934,6.0,measure,4,1900.0,0.0,no_signal
5,r05_20260912_230050.jsonl,105,1700.934,6.0,measure,3,1900.0,0.0,no_signal
5,r05_20260912_230050.jsonl,106,1706.934,6.0,measure,16,1900.0,0.0,no_signal
5,r05_20260912_230050.jsonl,107,1712.934,6.0,measure,17,1900.0,0.0,direction
5,r05_20260912_230050.jsonl,108,1861.185,148.25,measure,17,1490.939,587.95,direction
5,r05_20260912_230050.jsonl,109,1867.741,6.556,clear,17,1488.26,580.645,success
5,r05_20260912_230050.jsonl,110,1954.023,86.282,measure,15,1645.448,950.0,no_signal
5,r05_20260912_230050.jsonl,111,1960.023,6.0,measure,19,1645.448,950.0,no_signal
5,r05_20260912_230050.jsonl,112,1966.023,6.0,measure,11,1645.448,950.0,no_signal
5,r05_20260912_230050.jsonl,113,1972.023,6.0,measure,5,1645.448,950.0,no_signal
5,r05_20260912_230050.jsonl,114,1978.023,6.0,measure,4,1645.448,950.0,no_signal
5,r05_20260912_230050.jsonl,115,1984.023,6.0,measure,3,1645.448,950.0,no_signal
5,r05_20260912_230050.jsonl,116,1990.023,6.0,measure,16,1645.448,950.0,no_signal
5,r05_20260912_230050.jsonl,117,1996.023,6.0,measure,18,1645.448,950.0,direction
5,r05_20260912_230050.jsonl,118,2132.538,136.515,measure,2,993.21,970.95,direction
5,r05_20260912_230050.jsonl,119,2139.614,7.076,clear,2,982.989,972.774,success
5,r05_20260912_230050.jsonl,120,2162.264,22.649,measure,3,919.239,919.239,no_signal
5,r05_20260912_230050.jsonl,121,2168.264,6.0,measure,4,919.239,919.239,no_signal
5,r05_20260912_230050.jsonl,122,2174.264,6.0,measure,5,919.239,919.239,no_signal
5,r05_20260912_230050.jsonl,123,2180.264,6.0,measure,11,919.239,919.239,no_signal
5,r05_20260912_230050.jsonl,124,2186.264,6.0,measure,15,919.239,919.239,no_signal
5,r05_20260912_230050.jsonl,125,2192.264,6.0,measure,19,919.239,919.239,no_signal
5,r05_20260912_230050.jsonl,126,2198.264,6.0,measure,16,919.239,919.239,direction
5,r05_20260912_230050.jsonl,127,2391.198,192.934,clear,16,797.089,-12.457,success
5,r05_20260912_230050.jsonl,128,2585.131,193.934,measure,18,919.239,919.239,direction
5,r05_20260912_230050.jsonl,129,2649.101,63.97,clear,18,680.924,1092.853,success
5,r05_20260912_230050.jsonl,130,2778.026,128.925,measure,19,950.0,1645.448,no_signal
5,r05_20260912_230050.jsonl,131,2784.026,6.0,measure,15,950.0,1645.448,no_signal
5,r05_20260912_230050.jsonl,132,2790.026,6.0,measure,11,950.0,1645.448,no_signal
5,r05_20260912_230050.jsonl,133,2796.026,6.0,measure,5,950.0,1645.448,no_signal
5,r05_20260912_230050.jsonl,134,2802.026,6.0,measure,4,950.0,1645.448,no_signal
5,r05_20260912_230050.jsonl,135,2808.026,6.0,measure,3,950.0,1645.448,no_signal
5,r05_20260912_230050.jsonl,136,3015.198,207.172,measure,3,0.0,1300.0,no_signal
5,r05_20260912_230050.jsonl,137,3021.198,6.0,measure,4,0.0,1300.0,no_signal
5,r05_20260912_230050.jsonl,138,3027.198,6.0,measure,5,0.0,1300.0,no_signal
5,r05_20260912_230050.jsonl,139,3033.198,6.0,measure,11,0.0,1300.0,no_signal
5,r05_20260912_230050.jsonl,140,3039.198,6.0,measure,15,0.0,1300.0,no_signal
5,r05_20260912_230050.jsonl,141,3045.198,6.0,measure,19,0.0,1300.0,no_signal
5,r05_20260912_230050.jsonl,142,3170.198,125.0,measure,19,0.0,1900.0,no_signal
5,r05_20260912_230050.jsonl,143,3176.198,6.0,measure,15,0.0,1900.0,no_signal
5,r05_20260912_230050.jsonl,144,3182.198,6.0,measure,11,0.0,1900.0,no_signal
5,r05_20260912_230050.jsonl,145,3188.198,6.0,measure,5,0.0,1900.0,no_signal
5,r05_20260912_230050.jsonl,146,3194.198,6.0,measure,4,0.0,1900.0,no_signal
5,r05_20260912_230050.jsonl,147,3200.198,6.0,measure,3,0.0,1900.0,no_signal
5,r05_20260912_230050.jsonl,148,3401.9,201.702,measure,3,-950.0,1645.448,no_signal
5,r05_20260912_230050.jsonl,149,3407.9,6.0,measure,4,-950.0,1645.448,no_signal
5,r05_20260912_230050.jsonl,150,3413.9,6.0,measure,5,-950.0,1645.448,no_signal
5,r05_20260912_230050.jsonl,151,3419.9,6.0,measure,11,-950.0,1645.448,no_signal
5,r05_20260912_230050.jsonl,152,3425.9,6.0,measure,15,-950.0,1645.448,no_signal
5,r05_20260912_230050.jsonl,153,3431.9,6.0,measure,19,-950.0,1645.448,no_signal
5,r05_20260912_230050.jsonl,154,3582.272,150.372,measure,19,-919.239,919.239,no_signal
5,r05_20260912_230050.jsonl,155,3588.272,6.0,measure,15,-919.239,919.239,no_signal
5,r05_20260912_230050.jsonl,156,3594.272,6.0,measure,11,-919.239,919.239,no_signal
5,r05_20260912_230050.jsonl,157,3600.272,6.0,measure,5,-919.239,919.239,no_signal
5,r05_20260912_230050.jsonl,158,3606.272,6.0,measure,4,-919.239,919.239,no_signal
5,r05_20260912_230050.jsonl,159,3612.272,6.0,measure,3,-919.239,919.239,no_signal
5,r05_20260912_230050.jsonl,160,3618.272,6.0,measure,6,-919.239,919.239,direction
5,r05_20260912_230050.jsonl,161,3624.272,6.0,measure,8,-919.239,919.239,direction
5,r05_20260912_230050.jsonl,162,3775.644,151.372,measure,5,-1645.448,950.0,no_signal
5,r05_20260912_230050.jsonl,163,3781.644,6.0,measure,11,-1645.448,950.0,no_signal
5,r05_20260912_230050.jsonl,164,3787.644,6.0,measure,4,-1645.448,950.0,no_signal
5,r05_20260912_230050.jsonl,165,3793.644,6.0,measure,3,-1645.448,950.0,no_signal
5,r05_20260912_230050.jsonl,166,3799.644,6.0,measure,15,-1645.448,950.0,no_signal
5,r05_20260912_230050.jsonl,167,3805.644,6.0,measure,19,-1645.448,950.0,no_signal
5,r05_20260912_230050.jsonl,168,3811.644,6.0,measure,7,-1645.448,950.0,direction
5,r05_20260912_230050.jsonl,169,3817.644,6.0,measure,6,-1645.448,950.0,direction
5,r05_20260912_230050.jsonl,170,3986.196,168.552,measure,6,-1314.151,202.357,near
5,r05_20260912_230050.jsonl,171,3991.196,5.0,clear,6,-1314.151,202.357,success
5,r05_20260912_230050.jsonl,172,3994.196,3.0,clear,6,-1314.151,202.357,no_target_in_range
5,r05_20260912_230050.jsonl,173,4077.082,82.886,measure,7,-940.0,114.057,direction
5,r05_20260912_230050.jsonl,174,4083.787,6.706,clear,7,-946.138,108.135,success
5,r05_20260912_230050.jsonl,175,4160.186,76.399,measure,8,-1296.829,77.888,direction
5,r05_20260912_230050.jsonl,176,4166.845,6.659,clear,8,-1305.063,78.905,success
5,r05_20260912_230050.jsonl,177,4292.875,126.029,measure,5,-1900.0,0.0,no_signal
5,r05_20260912_230050.jsonl,178,4298.875,6.0,measure,11,-1900.0,0.0,no_signal
5,r05_20260912_230050.jsonl,179,4304.875,6.0,measure,4,-1900.0,0.0,no_signal
5,r05_20260912_230050.jsonl,180,4310.875,6.0,measure,3,-1900.0,0.0,no_signal
5,r05_20260912_230050.jsonl,181,4316.875,6.0,measure,15,-1900.0,0.0,no_signal
5,r05_20260912_230050.jsonl,182,4322.875,6.0,measure,19,-1900.0,0.0,no_signal
5,r05_20260912_230050.jsonl,183,4447.875,125.0,measure,19,-1300.0,0.0,no_signal
5,r05_20260912_230050.jsonl,184,4453.875,6.0,measure,15,-1300.0,0.0,no_signal
5,r05_20260912_230050.jsonl,185,4459.875,6.0,measure,11,-1300.0,0.0,no_signal
5,r05_20260912_230050.jsonl,186,4465.875,6.0,measure,5,-1300.0,0.0,no_signal
5,r05_20260912_230050.jsonl,187,4471.875,6.0,measure,4,-1300.0,0.0,no_signal
5,r05_20260912_230050.jsonl,188,4477.875,6.0,measure,3,-1300.0,0.0,no_signal
5,r05_20260912_230050.jsonl,189,4483.875,6.0,measure,1,-1300.0,0.0,direction
5,r05_20260912_230050.jsonl,190,4633.665,149.791,measure,1,-651.705,-322.213,near
5,r05_20260912_230050.jsonl,191,4638.665,5.0,clear,1,-651.705,-322.213,success
5,r05_20260912_230050.jsonl,192,4641.665,3.0,clear,1,-651.705,-322.213,no_target_in_range
5,r05_20260912_230050.jsonl,193,4778.511,136.846,measure,3,-919.239,-919.239,no_signal
5,r05_20260912_230050.jsonl,194,4784.511,6.0,measure,4,-919.239,-919.239,no_signal
5,r05_20260912_230050.jsonl,195,4790.511,6.0,measure,5,-919.239,-919.239,no_signal
5,r05_20260912_230050.jsonl,196,4796.511,6.0,measure,11,-919.239,-919.239,no_signal
5,r05_20260912_230050.jsonl,197,4802.511,6.0,measure,15,-919.239,-919.239,no_signal
5,r05_20260912_230050.jsonl,198,4808.511,6.0,measure,19,-919.239,-919.239,no_signal
5,r05_20260912_230050.jsonl,199,4814.511,6.0,measure,10,-919.239,-919.239,direction
5,r05_20260912_230050.jsonl,200,4931.331,116.82,clear,10,-377.436,-1057.229,success
5,r05_20260912_230050.jsonl,201,5049.151,117.82,measure,9,-919.239,-919.239,direction
5,r05_20260912_230050.jsonl,202,5200.523,151.372,measure,11,-1645.448,-950.0,no_signal
5,r05_20260912_230050.jsonl,203,5206.523,6.0,measure,5,-1645.448,-950.0,no_signal
5,r05_20260912_230050.jsonl,204,5212.523,6.0,measure,4,-1645.448,-950.0,no_signal
5,r05_20260912_230050.jsonl,205,5218.523,6.0,measure,3,-1645.448,-950.0,no_signal
5,r05_20260912_230050.jsonl,206,5224.523,6.0,measure,15,-1645.448,-950.0,no_signal
5,r05_20260912_230050.jsonl,207,5230.523,6.0,measure,19,-1645.448,-950.0,no_signal
5,r05_20260912_230050.jsonl,208,5432.225,201.702,measure,19,-950.0,-1645.448,no_signal
5,r05_20260912_230050.jsonl,209,5438.225,6.0,measure,15,-950.0,-1645.448,no_signal
5,r05_20260912_230050.jsonl,210,5444.225,6.0,measure,11,-950.0,-1645.448,direction
5,r05_20260912_230050.jsonl,211,5450.225,6.0,measure,5,-950.0,-1645.448,no_signal
5,r05_20260912_230050.jsonl,212,5456.225,6.0,measure,4,-950.0,-1645.448,no_signal
5,r05_20260912_230050.jsonl,213,5462.225,6.0,measure,3,-950.0,-1645.448,no_signal
5,r05_20260912_230050.jsonl,214,5468.225,6.0,measure,11,-950.0,-1645.448,direction
5,r05_20260912_230050.jsonl,215,5670.927,202.702,measure,15,-0.0,-1900.0,no_signal
5,r05_20260912_230050.jsonl,216,5676.927,6.0,measure,5,-0.0,-1900.0,no_signal
5,r05_20260912_230050.jsonl,217,5682.927,6.0,measure,4,-0.0,-1900.0,no_signal
5,r05_20260912_230050.jsonl,218,5688.927,6.0,measure,3,-0.0,-1900.0,no_signal
5,r05_20260912_230050.jsonl,219,5694.927,6.0,measure,19,-0.0,-1900.0,no_signal
5,r05_20260912_230050.jsonl,220,5700.927,6.0,measure,11,-0.0,-1900.0,direction
5,r05_20260912_230050.jsonl,221,5766.016,65.089,clear,11,23.15,-1600.448,success
5,r05_20260912_230050.jsonl,222,5832.106,66.089,measure,14,-0.0,-1900.0,no_signal
5,r05_20260912_230050.jsonl,223,5958.106,126.0,measure,15,-0.0,-1300.0,no_signal
5,r05_20260912_230050.jsonl,224,5964.106,6.0,measure,19,-0.0,-1300.0,no_signal
5,r05_20260912_230050.jsonl,225,5970.106,6.0,measure,5,-0.0,-1300.0,no_signal
5,r05_20260912_230050.jsonl,226,5976.106,6.0,measure,4,-0.0,-1300.0,no_signal
5,r05_20260912_230050.jsonl,227,5982.106,6.0,measure,3,-0.0,-1300.0,no_signal
5,r05_20260912_230050.jsonl,228,5988.106,6.0,measure,14,-0.0,-1300.0,direction
5,r05_20260912_230050.jsonl,229,6143.124,155.018,clear,14,370.276,-647.672,success
5,r05_20260912_230050.jsonl,230,6299.142,156.018,measure,9,-0.0,-1300.0,direction
5,r05_20260912_230050.jsonl,231,6419.394,120.252,measure,9,168.465,-748.912,direction
5,r05_20260912_230050.jsonl,232,6425.672,6.278,clear,9,174.852,-749.032,success
5,r05_20260912_230050.jsonl,233,6584.392,158.72,measure,5,919.239,-919.239,no_signal
5,r05_20260912_230050.jsonl,234,6590.392,6.0,measure,4,919.239,-919.239,no_signal
5,r05_20260912_230050.jsonl,235,6596.392,6.0,measure,3,919.239,-919.239,no_signal
5,r05_20260912_230050.jsonl,236,6602.392,6.0,measure,15,919.239,-919.239,no_signal
5,r05_20260912_230050.jsonl,237,6608.392,6.0,measure,19,919.239,-919.239,no_signal
5,r05_20260912_230050.jsonl,238,6758.764,150.372,measure,19,1645.448,-950.0,no_signal
5,r05_20260912_230050.jsonl,239,6764.764,6.0,measure,15,1645.448,-950.0,no_signal
5,r05_20260912_230050.jsonl,240,6770.764,6.0,measure,5,1645.448,-950.0,no_signal
5,r05_20260912_230050.jsonl,241,6776.764,6.0,measure,4,1645.448,-950.0,no_signal
5,r05_20260912_230050.jsonl,242,6782.764,6.0,measure,3,1645.448,-950.0,no_signal
5,r05_20260912_230050.jsonl,243,6984.466,201.702,measure,3,950.0,-1645.448,no_signal
5,r05_20260912_230050.jsonl,244,6990.466,6.0,measure,4,950.0,-1645.448,no_signal
5,r05_20260912_230050.jsonl,245,6996.466,6.0,measure,5,950.0,-1645.448,no_signal
5,r05_20260912_230050.jsonl,246,7002.466,6.0,measure,15,950.0,-1645.448,no_signal
5,r05_20260912_230050.jsonl,247,7008.466,6.0,measure,19,950.0,-1645.448,no_signal
5,r05_20260912_230050.jsonl,248,7008.466,0.0,exit,,,,
6,r06_20260912_230104.jsonl,0,0.0,0.0,enter,,,,
6,r06_20260912_230104.jsonl,1,5.0,5.0,measure,1,0.0,0.0,no_signal
6,r06_20260912_230104.jsonl,2,11.0,6.0,measure,2,0.0,0.0,no_signal
6,r06_20260912_230104.jsonl,3,17.0,6.0,measure,3,0.0,0.0,no_signal
6,r06_20260912_230104.jsonl,4,23.0,6.0,measure,4,0.0,0.0,no_signal
6,r06_20260912_230104.jsonl,5,29.0,6.0,measure,5,0.0,0.0,no_signal
6,r06_20260912_230104.jsonl,6,35.0,6.0,measure,6,0.0,0.0,direction
6,r06_20260912_230104.jsonl,7,41.0,6.0,measure,7,0.0,0.0,no_signal
6,r06_20260912_230104.jsonl,8,47.0,6.0,measure,8,0.0,0.0,no_signal
6,r06_20260912_230104.jsonl,9,53.0,6.0,measure,9,0.0,0.0,no_signal
6,r06_20260912_230104.jsonl,10,59.0,6.0,measure,10,0.0,0.0,direction
6,r06_20260912_230104.jsonl,11,65.0,6.0,measure,11,0.0,0.0,direction
6,r06_20260912_230104.jsonl,12,71.0,6.0,measure,12,0.0,0.0,no_signal
6,r06_20260912_230104.jsonl,13,77.0,6.0,measure,13,0.0,0.0,no_signal
6,r06_20260912_230104.jsonl,14,83.0,6.0,measure,14,0.0,0.0,no_signal
6,r06_20260912_230104.jsonl,15,89.0,6.0,measure,15,0.0,0.0,no_signal
6,r06_20260912_230104.jsonl,16,95.0,6.0,measure,16,0.0,0.0,direction
6,r06_20260912_230104.jsonl,17,101.0,6.0,measure,17,0.0,0.0,no_signal
6,r06_20260912_230104.jsonl,18,107.0,6.0,measure,18,0.0,0.0,no_signal
6,r06_20260912_230104.jsonl,19,113.0,6.0,measure,19,0.0,0.0,no_signal
6,r06_20260912_230104.jsonl,20,119.0,6.0,measure,20,0.0,0.0,no_signal
6,r06_20260912_230104.jsonl,21,204.0,85.0,measure,20,400.0,0.0,no_signal
6,r06_20260912_230104.jsonl,22,210.0,6.0,measure,19,400.0,0.0,no_signal
6,r06_20260912_230104.jsonl,23,216.0,6.0,measure,18,400.0,0.0,no_signal
6,r06_20260912_230104.jsonl,24,222.0,6.0,measure,17,400.0,0.0,no_signal
6,r06_20260912_230104.jsonl,25,228.0,6.0,measure,15,400.0,0.0,no_signal
6,r06_20260912_230104.jsonl,26,234.0,6.0,measure,14,400.0,0.0,no_signal
6,r06_20260912_230104.jsonl,27,240.0,6.0,measure,13,400.0,0.0,no_signal
6,r06_20260912_230104.jsonl,28,246.0,6.0,measure,12,400.0,0.0,no_signal
6,r06_20260912_230104.jsonl,29,252.0,6.0,measure,9,400.0,0.0,no_signal
6,r06_20260912_230104.jsonl,30,258.0,6.0,measure,8,400.0,0.0,no_signal
6,r06_20260912_230104.jsonl,31,264.0,6.0,measure,7,400.0,0.0,no_signal
6,r06_20260912_230104.jsonl,32,270.0,6.0,measure,5,400.0,0.0,no_signal
6,r06_20260912_230104.jsonl,33,276.0,6.0,measure,4,400.0,0.0,no_signal
6,r06_20260912_230104.jsonl,34,282.0,6.0,measure,3,400.0,0.0,direction
6,r06_20260912_230104.jsonl,35,288.0,6.0,measure,2,400.0,0.0,no_signal
6,r06_20260912_230104.jsonl,36,294.0,6.0,measure,1,400.0,0.0,no_signal
6,r06_20260912_230104.jsonl,37,300.0,6.0,measure,10,400.0,0.0,direction
6,r06_20260912_230104.jsonl,38,306.0,6.0,measure,3,400.0,0.0,direction
6,r06_20260912_230104.jsonl,39,392.0,86.0,measure,2,200.0,346.41,no_signal
6,r06_20260912_230104.jsonl,40,398.0,6.0,measure,4,200.0,346.41,no_signal
6,r06_20260912_230104.jsonl,41,404.0,6.0,measure,1,200.0,346.41,no_signal
6,r06_20260912_230104.jsonl,42,410.0,6.0,measure,5,200.0,346.41,no_signal
6,r06_20260912_230104.jsonl,43,416.0,6.0,measure,7,200.0,346.41,no_signal
6,r06_20260912_230104.jsonl,44,422.0,6.0,measure,8,200.0,346.41,no_signal
6,r06_20260912_230104.jsonl,45,428.0,6.0,measure,9,200.0,346.41,no_signal
6,r06_20260912_230104.jsonl,46,434.0,6.0,measure,12,200.0,346.41,no_signal
6,r06_20260912_230104.jsonl,47,440.0,6.0,measure,13,200.0,346.41,no_signal
6,r06_20260912_230104.jsonl,48,446.0,6.0,measure,14,200.0,346.41,no_signal
6,r06_20260912_230104.jsonl,49,452.0,6.0,measure,15,200.0,346.41,no_signal
6,r06_20260912_230104.jsonl,50,458.0,6.0,measure,17,200.0,346.41,direction
6,r06_20260912_230104.jsonl,51,464.0,6.0,measure,18,200.0,346.41,no_signal
6,r06_20260912_230104.jsonl,52,470.0,6.0,measure,19,200.0,346.41,no_signal
6,r06_20260912_230104.jsonl,53,476.0,6.0,measure,20,200.0,346.41,direction
6,r06_20260912_230104.jsonl,54,482.0,6.0,measure,17,200.0,346.41,direction
6,r06_20260912_230104.jsonl,55,488.0,6.0,measure,20,200.0,346.41,direction
6,r06_20260912_230104.jsonl,56,574.0,86.0,measure,19,-200.0,346.41,no_signal
6,r06_20260912_230104.jsonl,57,580.0,6.0,measure,18,-200.0,346.41,no_signal
6,r06_20260912_230104.jsonl,58,586.0,6.0,measure,15,-200.0,346.41,no_signal
6,r06_20260912_230104.jsonl,59,592.0,6.0,measure,14,-200.0,346.41,no_signal
6,r06_20260912_230104.jsonl,60,598.0,6.0,measure,13,-200.0,346.41,direction
6,r06_20260912_230104.jsonl,61,604.0,6.0,measure,12,-200.0,346.41,no_signal
6,r06_20260912_230104.jsonl,62,610.0,6.0,measure,9,-200.0,346.41,no_signal
6,r06_20260912_230104.jsonl,63,616.0,6.0,measure,8,-200.0,346.41,no_signal
6,r06_20260912_230104.jsonl,64,622.0,6.0,measure,7,-200.0,346.41,no_signal
6,r06_20260912_230104.jsonl,65,628.0,6.0,measure,5,-200.0,346.41,no_signal
6,r06_20260912_230104.jsonl,66,634.0,6.0,measure,4,-200.0,346.41,no_signal
6,r06_20260912_230104.jsonl,67,640.0,6.0,measure,2,-200.0,346.41,no_signal
6,r06_20260912_230104.jsonl,68,646.0,6.0,measure,1,-200.0,346.41,no_signal
6,r06_20260912_230104.jsonl,69,652.0,6.0,measure,11,-200.0,346.41,direction
6,r06_20260912_230104.jsonl,70,658.0,6.0,measure,13,-200.0,346.41,direction
6,r06_20260912_230104.jsonl,71,754.324,96.324,measure,11,-583.092,107.241,direction
6,r06_20260912_230104.jsonl,72,760.26,5.936,clear,11,-582.645,102.582,success
6,r06_20260912_230104.jsonl,73,808.156,47.896,measure,12,-400.0,0.0,no_signal
6,r06_20260912_230104.jsonl,74,814.156,6.0,measure,9,-400.0,0.0,no_signal
6,r06_20260912_230104.jsonl,75,820.156,6.0,measure,8,-400.0,0.0,no_signal
6,r06_20260912_230104.jsonl,76,826.156,6.0,measure,14,-400.0,0.0,no_signal
6,r06_20260912_230104.jsonl,77,832.156,6.0,measure,7,-400.0,0.0,no_signal
6,r06_20260912_230104.jsonl,78,838.156,6.0,measure,15,-400.0,0.0,no_signal
6,r06_20260912_230104.jsonl,79,844.156,6.0,measure,5,-400.0,0.0,no_signal
6,r06_20260912_230104.jsonl,80,850.156,6.0,measure,4,-400.0,0.0,no_signal
6,r06_20260912_230104.jsonl,81,856.156,6.0,measure,18,-400.0,0.0,no_signal
6,r06_20260912_230104.jsonl,82,862.156,6.0,measure,19,-400.0,0.0,no_signal
6,r06_20260912_230104.jsonl,83,868.156,6.0,measure,2,-400.0,0.0,direction
6,r06_20260912_230104.jsonl,84,874.156,6.0,measure,1,-400.0,0.0,no_signal
6,r06_20260912_230104.jsonl,85,880.156,6.0,measure,13,-400.0,0.0,direction
6,r06_20260912_230104.jsonl,86,932.828,52.671,clear,13,-162.896,24.402,success
6,r06_20260912_230104.jsonl,87,986.499,53.671,measure,20,-400.0,0.0,direction
6,r06_20260912_230104.jsonl,88,1072.499,86.0,measure,19,-200.0,-346.41,no_signal
6,r06_20260912_230104.jsonl,89,1078.499,6.0,measure,18,-200.0,-346.41,no_signal
6,r06_20260912_230104.jsonl,90,1084.499,6.0,measure,15,-200.0,-346.41,no_signal
6,r06_20260912_230104.jsonl,91,1090.499,6.0,measure,14,-200.0,-346.41,no_signal
6,r06_20260912_230104.jsonl,92,1096.499,6.0,measure,12,-200.0,-346.41,no_signal
6,r06_20260912_230104.jsonl,93,1102.499,6.0,measure,9,-200.0,-346.41,no_signal
6,r06_20260912_230104.jsonl,94,1108.499,6.0,measure,8,-200.0,-346.41,no_signal
6,r06_20260912_230104.jsonl,95,1114.499,6.0,measure,7,-200.0,-346.41,no_signal
6,r06_20260912_230104.jsonl,96,1120.499,6.0,measure,5,-200.0,-346.41,no_signal
6,r06_20260912_230104.jsonl,97,1126.499,6.0,measure,4,-200.0,-346.41,no_signal
6,r06_20260912_230104.jsonl,98,1132.499,6.0,measure,1,-200.0,-346.41,no_signal
6,r06_20260912_230104.jsonl,99,1138.499,6.0,measure,6,-200.0,-346.41,direction
6,r06_20260912_230104.jsonl,100,1144.499,6.0,measure,2,-200.0,-346.41,no_signal
6,r06_20260912_230104.jsonl,101,1230.499,86.0,measure,1,200.0,-346.41,no_signal
6,r06_20260912_230104.jsonl,102,1236.499,6.0,measure,4,200.0,-346.41,no_signal
6,r06_20260912_230104.jsonl,103,1242.499,6.0,measure,5,200.0,-346.41,no_signal
6,r06_20260912_230104.jsonl,104,1248.499,6.0,measure,7,200.0,-346.41,no_signal
6,r06_20260912_230104.jsonl,105,1254.499,6.0,measure,8,200.0,-346.41,no_signal
6,r06_20260912_230104.jsonl,106,1260.499,6.0,measure,9,200.0,-346.41,no_signal
6,r06_20260912_230104.jsonl,107,1266.499,6.0,measure,12,200.0,-346.41,no_signal
6,r06_20260912_230104.jsonl,108,1272.499,6.0,measure,14,200.0,-346.41,no_signal
6,r06_20260912_230104.jsonl,109,1278.499,6.0,measure,15,200.0,-346.41,no_signal
6,r06_20260912_230104.jsonl,110,1284.499,6.0,measure,18,200.0,-346.41,no_signal
6,r06_20260912_230104.jsonl,111,1290.499,6.0,measure,19,200.0,-346.41,no_signal
6,r06_20260912_230104.jsonl,112,1296.499,6.0,measure,3,200.0,-346.41,direction
6,r06_20260912_230104.jsonl,113,1302.499,6.0,measure,6,200.0,-346.41,direction
6,r06_20260912_230104.jsonl,114,1448.79,146.291,measure,6,-127.7,-972.262,direction
6,r06_20260912_230104.jsonl,115,1457.074,8.284,clear,6,-131.307,-988.28,success
6,r06_20260912_230104.jsonl,116,1530.723,73.649,measure,5,-0.0,-1300.0,no_signal
6,r06_20260912_230104.jsonl,117,1536.723,6.0,measure,7,-0.0,-1300.0,no_signal
6,r06_20260912_230104.jsonl,118,1542.723,6.0,measure,4,-0.0,-1300.0,no_signal
6,r06_20260912_230104.jsonl,119,1548.723,6.0,measure,8,-0.0,-1300.0,no_signal
6,r06_20260912_230104.jsonl,120,1554.723,6.0,measure,9,-0.0,-1300.0,no_signal
6,r06_20260912_230104.jsonl,121,1560.723,6.0,measure,1,-0.0,-1300.0,no_signal
6,r06_20260912_230104.jsonl,122,1566.723,6.0,measure,12,-0.0,-1300.0,no_signal
6,r06_20260912_230104.jsonl,123,1572.723,6.0,measure,14,-0.0,-1300.0,no_signal
6,r06_20260912_230104.jsonl,124,1578.723,6.0,measure,15,-0.0,-1300.0,no_signal
6,r06_20260912_230104.jsonl,125,1584.723,6.0,measure,18,-0.0,-1300.0,no_signal
6,r06_20260912_230104.jsonl,126,1590.723,6.0,measure,19,-0.0,-1300.0,no_signal
6,r06_20260912_230104.jsonl,127,1596.723,6.0,measure,3,-0.0,-1300.0,no_signal
6,r06_20260912_230104.jsonl,128,1722.723,126.0,measure,4,-0.0,-1900.0,no_signal
6,r06_20260912_230104.jsonl,129,1728.723,6.0,measure,1,-0.0,-1900.0,no_signal
6,r06_20260912_230104.jsonl,130,1734.723,6.0,measure,5,-0.0,-1900.0,no_signal
6,r06_20260912_230104.jsonl,131,1740.723,6.0,measure,7,-0.0,-1900.0,no_signal
6,r06_20260912_230104.jsonl,132,1746.723,6.0,measure,8,-0.0,-1900.0,no_signal
6,r06_20260912_230104.jsonl,133,1752.723,6.0,measure,9,-0.0,-1900.0,no_signal
6,r06_20260912_230104.jsonl,134,1758.723,6.0,measure,12,-0.0,-1900.0,no_signal
6,r06_20260912_230104.jsonl,135,1764.723,6.0,measure,14,-0.0,-1900.0,no_signal
6,r06_20260912_230104.jsonl,136,1770.723,6.0,measure,15,-0.0,-1900.0,no_signal
6,r06_20260912_230104.jsonl,137,1776.723,6.0,measure,18,-0.0,-1900.0,no_signal
6,r06_20260912_230104.jsonl,138,1782.723,6.0,measure,19,-0.0,-1900.0,no_signal
6,r06_20260912_230104.jsonl,139,1984.425,201.702,measure,19,-950.0,-1645.448,no_signal
6,r06_20260912_230104.jsonl,140,1990.425,6.0,measure,18,-950.0,-1645.448,no_signal
6,r06_20260912_230104.jsonl,141,1996.425,6.0,measure,15,-950.0,-1645.448,no_signal
6,r06_20260912_230104.jsonl,142,2002.425,6.0,measure,14,-950.0,-1645.448,no_signal
6,r06_20260912_230104.jsonl,143,2008.425,6.0,measure,12,-950.0,-1645.448,no_signal
6,r06_20260912_230104.jsonl,144,2014.425,6.0,measure,9,-950.0,-1645.448,no_signal
6,r06_20260912_230104.jsonl,145,2020.425,6.0,measure,8,-950.0,-1645.448,no_signal
6,r06_20260912_230104.jsonl,146,2026.425,6.0,measure,7,-950.0,-1645.448,no_signal
6,r06_20260912_230104.jsonl,147,2032.425,6.0,measure,5,-950.0,-1645.448,no_signal
6,r06_20260912_230104.jsonl,148,2038.425,6.0,measure,4,-950.0,-1645.448,no_signal
6,r06_20260912_230104.jsonl,149,2044.425,6.0,measure,1,-950.0,-1645.448,no_signal
6,r06_20260912_230104.jsonl,150,2194.798,150.372,measure,1,-919.239,-919.239,no_signal
6,r06_20260912_230104.jsonl,151,2200.798,6.0,measure,4,-919.239,-919.239,no_signal
6,r06_20260912_230104.jsonl,152,2206.798,6.0,measure,5,-919.239,-919.239,no_signal
6,r06_20260912_230104.jsonl,153,2212.798,6.0,measure,7,-919.239,-919.239,no_signal
6,r06_20260912_230104.jsonl,154,2218.798,6.0,measure,8,-919.239,-919.239,no_signal
6,r06_20260912_230104.jsonl,155,2224.798,6.0,measure,9,-919.239,-919.239,no_signal
6,r06_20260912_230104.jsonl,156,2230.798,6.0,measure,12,-919.239,-919.239,no_signal
6,r06_20260912_230104.jsonl,157,2236.798,6.0,measure,14,-919.239,-919.239,no_signal
6,r06_20260912_230104.jsonl,158,2242.798,6.0,measure,15,-919.239,-919.239,no_signal
6,r06_20260912_230104.jsonl,159,2248.798,6.0,measure,18,-919.239,-919.239,no_signal
6,r06_20260912_230104.jsonl,160,2254.798,6.0,measure,19,-919.239,-919.239,no_signal
6,r06_20260912_230104.jsonl,161,2260.798,6.0,measure,2,-919.239,-919.239,direction
6,r06_20260912_230104.jsonl,162,2412.17,151.372,measure,1,-1645.448,-950.0,no_signal
6,r06_20260912_230104.jsonl,163,2418.17,6.0,measure,4,-1645.448,-950.0,no_signal
6,r06_20260912_230104.jsonl,164,2424.17,6.0,measure,5,-1645.448,-950.0,no_signal
6,r06_20260912_230104.jsonl,165,2430.17,6.0,measure,7,-1645.448,-950.0,no_signal
6,r06_20260912_230104.jsonl,166,2436.17,6.0,measure,8,-1645.448,-950.0,no_signal
6,r06_20260912_230104.jsonl,167,2442.17,6.0,measure,9,-1645.448,-950.0,no_signal
6,r06_20260912_230104.jsonl,168,2448.17,6.0,measure,12,-1645.448,-950.0,no_signal
6,r06_20260912_230104.jsonl,169,2454.17,6.0,measure,14,-1645.448,-950.0,no_signal
6,r06_20260912_230104.jsonl,170,2460.17,6.0,measure,15,-1645.448,-950.0,no_signal
6,r06_20260912_230104.jsonl,171,2466.17,6.0,measure,18,-1645.448,-950.0,no_signal
6,r06_20260912_230104.jsonl,172,2472.17,6.0,measure,19,-1645.448,-950.0,no_signal
6,r06_20260912_230104.jsonl,173,2478.17,6.0,measure,2,-1645.448,-950.0,no_signal
6,r06_20260912_230104.jsonl,174,2686.341,208.172,measure,1,-1300.0,0.0,no_signal
6,r06_20260912_230104.jsonl,175,2692.341,6.0,measure,4,-1300.0,0.0,no_signal
6,r06_20260912_230104.jsonl,176,2698.341,6.0,measure,5,-1300.0,0.0,no_signal
6,r06_20260912_230104.jsonl,177,2704.341,6.0,measure,7,-1300.0,0.0,no_signal
6,r06_20260912_230104.jsonl,178,2710.341,6.0,measure,8,-1300.0,0.0,no_signal
6,r06_20260912_230104.jsonl,179,2716.341,6.0,measure,9,-1300.0,0.0,no_signal
6,r06_20260912_230104.jsonl,180,2722.341,6.0,measure,12,-1300.0,0.0,no_signal
6,r06_20260912_230104.jsonl,181,2728.341,6.0,measure,14,-1300.0,0.0,no_signal
6,r06_20260912_230104.jsonl,182,2734.341,6.0,measure,15,-1300.0,0.0,no_signal
6,r06_20260912_230104.jsonl,183,2740.341,6.0,measure,18,-1300.0,0.0,no_signal
6,r06_20260912_230104.jsonl,184,2746.341,6.0,measure,19,-1300.0,0.0,no_signal
6,r06_20260912_230104.jsonl,185,2752.341,6.0,measure,2,-1300.0,0.0,direction
6,r06_20260912_230104.jsonl,186,2774.921,22.58,measure,2,-1387.16,11.383,direction
6,r06_20260912_230104.jsonl,187,2782.111,7.19,clear,2,-1398.019,12.78,success
6,r06_20260912_230104.jsonl,188,2888.54,106.429,measure,1,-1900.0,0.0,no_signal
6,r06_20260912_230104.jsonl,189,2894.54,6.0,measure,4,-1900.0,0.0,no_signal
6,r06_20260912_230104.jsonl,190,2900.54,6.0,measure,5,-1900.0,0.0,direction
6,r06_20260912_230104.jsonl,191,2906.54,6.0,measure,7,-1900.0,0.0,no_signal
6,r06_20260912_230104.jsonl,192,2912.54,6.0,measure,8,-1900.0,0.0,no_signal
6,r06_20260912_230104.jsonl,193,2918.54,6.0,measure,9,-1900.0,0.0,no_signal
6,r06_20260912_230104.jsonl,194,2924.54,6.0,measure,12,-1900.0,0.0,no_signal
6,r06_20260912_230104.jsonl,195,2930.54,6.0,measure,14,-1900.0,0.0,no_signal
6,r06_20260912_230104.jsonl,196,2936.54,6.0,measure,15,-1900.0,0.0,no_signal
6,r06_20260912_230104.jsonl,197,2942.54,6.0,measure,18,-1900.0,0.0,no_signal
6,r06_20260912_230104.jsonl,198,2948.54,6.0,measure,19,-1900.0,0.0,no_signal
6,r06_20260912_230104.jsonl,199,2954.54,6.0,measure,5,-1900.0,0.0,direction
6,r06_20260912_230104.jsonl,200,3157.242,202.702,measure,4,-1645.448,950.0,no_signal
6,r06_20260912_230104.jsonl,201,3163.242,6.0,measure,7,-1645.448,950.0,no_signal
6,r06_20260912_230104.jsonl,202,3169.242,6.0,measure,8,-1645.448,950.0,no_signal
6,r06_20260912_230104.jsonl,203,3175.242,6.0,measure,1,-1645.448,950.0,no_signal
6,r06_20260912_230104.jsonl,204,3181.242,6.0,measure,9,-1645.448,950.0,no_signal
6,r06_20260912_230104.jsonl,205,3187.242,6.0,measure,12,-1645.448,950.0,no_signal
6,r06_20260912_230104.jsonl,206,3193.242,6.0,measure,14,-1645.448,950.0,no_signal
6,r06_20260912_230104.jsonl,207,3199.242,6.0,measure,15,-1645.448,950.0,no_signal
6,r06_20260912_230104.jsonl,208,3205.242,6.0,measure,18,-1645.448,950.0,no_signal
6,r06_20260912_230104.jsonl,209,3211.242,6.0,measure,19,-1645.448,950.0,no_signal
6,r06_20260912_230104.jsonl,210,3217.242,6.0,measure,5,-1645.448,950.0,direction
6,r06_20260912_230104.jsonl,211,3223.242,6.0,measure,20,-1645.448,950.0,no_signal
6,r06_20260912_230104.jsonl,212,3279.145,55.902,measure,5,-1399.415,991.521,direction
6,r06_20260912_230104.jsonl,213,3286.678,7.533,clear,5,-1387.46,995.703,success
6,r06_20260912_230104.jsonl,214,3387.562,100.885,measure,4,-919.239,919.239,no_signal
6,r06_20260912_230104.jsonl,215,3393.562,6.0,measure,7,-919.239,919.239,no_signal
6,r06_20260912_230104.jsonl,216,3399.562,6.0,measure,8,-919.239,919.239,no_signal
6,r06_20260912_230104.jsonl,217,3405.562,6.0,measure,1,-919.239,919.239,no_signal
6,r06_20260912_230104.jsonl,218,3411.562,6.0,measure,9,-919.239,919.239,no_signal
6,r06_20260912_230104.jsonl,219,3417.562,6.0,measure,12,-919.239,919.239,no_signal
6,r06_20260912_230104.jsonl,220,3423.562,6.0,measure,14,-919.239,919.239,no_signal
6,r06_20260912_230104.jsonl,221,3429.562,6.0,measure,15,-919.239,919.239,no_signal
6,r06_20260912_230104.jsonl,222,3435.562,6.0,measure,18,-919.239,919.239,no_signal
6,r06_20260912_230104.jsonl,223,3441.562,6.0,measure,19,-919.239,919.239,no_signal
6,r06_20260912_230104.jsonl,224,3447.562,6.0,measure,16,-919.239,919.239,no_signal
6,r06_20260912_230104.jsonl,225,3453.562,6.0,measure,20,-919.239,919.239,no_signal
6,r06_20260912_230104.jsonl,226,3604.934,151.372,measure,19,-950.0,1645.448,no_signal
6,r06_20260912_230104.jsonl,227,3610.934,6.0,measure,18,-950.0,1645.448,direction
6,r06_20260912_230104.jsonl,228,3616.934,6.0,measure,15,-950.0,1645.448,no_signal
6,r06_20260912_230104.jsonl,229,3622.934,6.0,measure,14,-950.0,1645.448,no_signal
6,r06_20260912_230104.jsonl,230,3628.934,6.0,measure,12,-950.0,1645.448,no_signal
6,r06_20260912_230104.jsonl,231,3634.934,6.0,measure,9,-950.0,1645.448,no_signal
6,r06_20260912_230104.jsonl,232,3640.934,6.0,measure,8,-950.0,1645.448,no_signal
6,r06_20260912_230104.jsonl,233,3646.934,6.0,measure,7,-950.0,1645.448,no_signal
6,r06_20260912_230104.jsonl,234,3652.934,6.0,measure,4,-950.0,1645.448,no_signal
6,r06_20260912_230104.jsonl,235,3658.934,6.0,measure,1,-950.0,1645.448,no_signal
6,r06_20260912_230104.jsonl,236,3664.934,6.0,measure,16,-950.0,1645.448,no_signal
6,r06_20260912_230104.jsonl,237,3670.934,6.0,measure,18,-950.0,1645.448,direction
6,r06_20260912_230104.jsonl,238,3873.637,202.702,measure,19,0.0,1900.0,no_signal
6,r06_20260912_230104.jsonl,239,3879.637,6.0,measure,15,0.0,1900.0,no_signal
6,r06_20260912_230104.jsonl,240,3885.637,6.0,measure,14,0.0,1900.0,no_signal
6,r06_20260912_230104.jsonl,241,3891.637,6.0,measure,12,0.0,1900.0,no_signal
6,r06_20260912_230104.jsonl,242,3897.637,6.0,measure,9,0.0,1900.0,no_signal
6,r06_20260912_230104.jsonl,243,3903.637,6.0,measure,8,0.0,1900.0,no_signal
6,r06_20260912_230104.jsonl,244,3909.637,6.0,measure,7,0.0,1900.0,no_signal
6,r06_20260912_230104.jsonl,245,3915.637,6.0,measure,4,0.0,1900.0,no_signal
6,r06_20260912_230104.jsonl,246,3921.637,6.0,measure,1,0.0,1900.0,no_signal
6,r06_20260912_230104.jsonl,247,3927.637,6.0,measure,16,0.0,1900.0,no_signal
6,r06_20260912_230104.jsonl,248,3933.637,6.0,measure,18,0.0,1900.0,direction
6,r06_20260912_230104.jsonl,249,4040.843,107.207,measure,18,-358.102,1535.421,no_signal
6,r06_20260912_230104.jsonl,250,4063.843,23.0,measure,18,-448.102,1535.421,no_signal
6,r06_20260912_230104.jsonl,251,4086.844,23.0,measure,18,-403.102,1613.364,direction
6,r06_20260912_230104.jsonl,252,4109.751,22.908,clear,18,-353.656,1538.716,success
6,r06_20260912_230104.jsonl,253,4201.088,91.336,measure,19,0.0,1300.0,no_signal
6,r06_20260912_230104.jsonl,254,4207.088,6.0,measure,15,0.0,1300.0,no_signal
6,r06_20260912_230104.jsonl,255,4213.088,6.0,measure,14,0.0,1300.0,no_signal
6,r06_20260912_230104.jsonl,256,4219.088,6.0,measure,12,0.0,1300.0,no_signal
6,r06_20260912_230104.jsonl,257,4225.088,6.0,measure,9,0.0,1300.0,no_signal
6,r06_20260912_230104.jsonl,258,4231.088,6.0,measure,8,0.0,1300.0,no_signal
6,r06_20260912_230104.jsonl,259,4237.088,6.0,measure,7,0.0,1300.0,no_signal
6,r06_20260912_230104.jsonl,260,4243.088,6.0,measure,4,0.0,1300.0,no_signal
6,r06_20260912_230104.jsonl,261,4249.088,6.0,measure,1,0.0,1300.0,no_signal
6,r06_20260912_230104.jsonl,262,4255.088,6.0,measure,16,0.0,1300.0,no_signal
6,r06_20260912_230104.jsonl,263,4261.088,6.0,measure,20,0.0,1300.0,direction
6,r06_20260912_230104.jsonl,264,4397.819,136.731,measure,20,-653.124,1385.187,direction
6,r06_20260912_230104.jsonl,265,4404.413,6.594,clear,20,-661.067,1384.56,success
6,r06_20260912_230104.jsonl,266,4657.344,252.931,measure,10,389.123,735.348,direction
6,r06_20260912_230104.jsonl,267,4665.492,8.148,clear,10,395.095,749.91,success
6,r06_20260912_230104.jsonl,268,4781.655,116.163,measure,9,919.239,919.239,no_signal
6,r06_20260912_230104.jsonl,269,4787.655,6.0,measure,8,919.239,919.239,no_signal
6,r06_20260912_230104.jsonl,270,4793.655,6.0,measure,12,919.239,919.239,no_signal
6,r06_20260912_230104.jsonl,271,4799.655,6.0,measure,7,919.239,919.239,no_signal
6,r06_20260912_230104.jsonl,272,4805.655,6.0,measure,14,919.239,919.239,no_signal
6,r06_20260912_230104.jsonl,273,4811.655,6.0,measure,15,919.239,919.239,no_signal
6,r06_20260912_230104.jsonl,274,4817.655,6.0,measure,4,919.239,919.239,no_signal
6,r06_20260912_230104.jsonl,275,4823.655,6.0,measure,1,919.239,919.239,no_signal
6,r06_20260912_230104.jsonl,276,4829.655,6.0,measure,19,919.239,919.239,no_signal
6,r06_20260912_230104.jsonl,277,4835.655,6.0,measure,17,919.239,919.239,direction
6,r06_20260912_230104.jsonl,278,4955.668,120.013,clear,17,948.47,344.916,success
6,r06_20260912_230104.jsonl,279,5076.682,121.013,measure,16,919.239,919.239,direction
6,r06_20260912_230104.jsonl,280,5313.345,236.664,measure,16,-235.28,1012.981,direction
6,r06_20260912_230104.jsonl,281,5320.528,7.183,clear,16,-229.706,1022.366,success
6,r06_20260912_230104.jsonl,282,5593.357,272.829,measure,15,950.0,1645.448,no_signal
6,r06_20260912_230104.jsonl,283,5599.357,6.0,measure,14,950.0,1645.448,no_signal
6,r06_20260912_230104.jsonl,284,5605.357,6.0,measure,19,950.0,1645.448,no_signal
6,r06_20260912_230104.jsonl,285,5611.357,6.0,measure,12,950.0,1645.448,no_signal
6,r06_20260912_230104.jsonl,286,5617.357,6.0,measure,9,950.0,1645.448,no_signal
6,r06_20260912_230104.jsonl,287,5623.357,6.0,measure,8,950.0,1645.448,no_signal
6,r06_20260912_230104.jsonl,288,5629.357,6.0,measure,7,950.0,1645.448,no_signal
6,r06_20260912_230104.jsonl,289,5635.357,6.0,measure,4,950.0,1645.448,no_signal
6,r06_20260912_230104.jsonl,290,5641.357,6.0,measure,1,950.0,1645.448,no_signal
6,r06_20260912_230104.jsonl,291,5843.059,201.702,measure,1,1645.448,950.0,no_signal
6,r06_20260912_230104.jsonl,292,5849.059,6.0,measure,4,1645.448,950.0,no_signal
6,r06_20260912_230104.jsonl,293,5855.059,6.0,measure,7,1645.448,950.0,no_signal
6,r06_20260912_230104.jsonl,294,5861.059,6.0,measure,8,1645.448,950.0,no_signal
6,r06_20260912_230104.jsonl,295,5867.059,6.0,measure,9,1645.448,950.0,no_signal
6,r06_20260912_230104.jsonl,296,5873.059,6.0,measure,12,1645.448,950.0,no_signal
6,r06_20260912_230104.jsonl,297,5879.059,6.0,measure,14,1645.448,950.0,no_signal
6,r06_20260912_230104.jsonl,298,5885.059,6.0,measure,15,1645.448,950.0,no_signal
6,r06_20260912_230104.jsonl,299,5891.059,6.0,measure,19,1645.448,950.0,no_signal
6,r06_20260912_230104.jsonl,300,6092.762,201.702,measure,19,1900.0,0.0,no_signal
6,r06_20260912_230104.jsonl,301,6098.762,6.0,measure,15,1900.0,0.0,no_signal
6,r06_20260912_230104.jsonl,302,6104.762,6.0,measure,14,1900.0,0.0,no_signal
6,r06_20260912_230104.jsonl,303,6110.762,6.0,measure,12,1900.0,0.0,no_signal
6,r06_20260912_230104.jsonl,304,6116.762,6.0,measure,9,1900.0,0.0,no_signal
6,r06_20260912_230104.jsonl,305,6122.762,6.0,measure,8,1900.0,0.0,no_signal
6,r06_20260912_230104.jsonl,306,6128.762,6.0,measure,7,1900.0,0.0,no_signal
6,r06_20260912_230104.jsonl,307,6134.762,6.0,measure,4,1900.0,0.0,no_signal
6,r06_20260912_230104.jsonl,308,6140.762,6.0,measure,1,1900.0,0.0,no_signal
6,r06_20260912_230104.jsonl,309,6265.762,125.0,measure,1,1300.0,0.0,no_signal
6,r06_20260912_230104.jsonl,310,6271.762,6.0,measure,4,1300.0,0.0,no_signal
6,r06_20260912_230104.jsonl,311,6277.762,6.0,measure,7,1300.0,0.0,no_signal
6,r06_20260912_230104.jsonl,312,6283.762,6.0,measure,8,1300.0,0.0,no_signal
6,r06_20260912_230104.jsonl,313,6289.762,6.0,measure,9,1300.0,0.0,no_signal
6,r06_20260912_230104.jsonl,314,6295.762,6.0,measure,12,1300.0,0.0,no_signal
6,r06_20260912_230104.jsonl,315,6301.762,6.0,measure,14,1300.0,0.0,no_signal
6,r06_20260912_230104.jsonl,316,6307.762,6.0,measure,15,1300.0,0.0,no_signal
6,r06_20260912_230104.jsonl,317,6313.762,6.0,measure,19,1300.0,0.0,no_signal
6,r06_20260912_230104.jsonl,318,6319.762,6.0,measure,3,1300.0,0.0,direction
6,r06_20260912_230104.jsonl,319,6485.051,165.29,clear,3,831.696,-650.392,success
6,r06_20260912_230104.jsonl,320,6547.6,62.548,measure,4,919.239,-919.239,no_signal
6,r06_20260912_230104.jsonl,321,6553.6,6.0,measure,1,919.239,-919.239,no_signal
6,r06_20260912_230104.jsonl,322,6559.6,6.0,measure,7,919.239,-919.239,no_signal
6,r06_20260912_230104.jsonl,323,6565.6,6.0,measure,8,919.239,-919.239,no_signal
6,r06_20260912_230104.jsonl,324,6571.6,6.0,measure,9,919.239,-919.239,no_signal
6,r06_20260912_230104.jsonl,325,6577.6,6.0,measure,12,919.239,-919.239,no_signal
6,r06_20260912_230104.jsonl,326,6583.6,6.0,measure,14,919.239,-919.239,no_signal
6,r06_20260912_230104.jsonl,327,6589.6,6.0,measure,15,919.239,-919.239,no_signal
6,r06_20260912_230104.jsonl,328,6595.6,6.0,measure,19,919.239,-919.239,no_signal
6,r06_20260912_230104.jsonl,329,6745.972,150.372,measure,19,1645.448,-950.0,no_signal
6,r06_20260912_230104.jsonl,330,6751.972,6.0,measure,15,1645.448,-950.0,no_signal
6,r06_20260912_230104.jsonl,331,6757.972,6.0,measure,14,1645.448,-950.0,no_signal
6,r06_20260912_230104.jsonl,332,6763.972,6.0,measure,12,1645.448,-950.0,no_signal
6,r06_20260912_230104.jsonl,333,6769.972,6.0,measure,9,1645.448,-950.0,no_signal
6,r06_20260912_230104.jsonl,334,6775.972,6.0,measure,8,1645.448,-950.0,no_signal
6,r06_20260912_230104.jsonl,335,6781.972,6.0,measure,7,1645.448,-950.0,no_signal
6,r06_20260912_230104.jsonl,336,6787.972,6.0,measure,4,1645.448,-950.0,no_signal
6,r06_20260912_230104.jsonl,337,6793.972,6.0,measure,1,1645.448,-950.0,no_signal
6,r06_20260912_230104.jsonl,338,6995.674,201.702,measure,1,950.0,-1645.448,no_signal
6,r06_20260912_230104.jsonl,339,7001.674,6.0,measure,4,950.0,-1645.448,no_signal
6,r06_20260912_230104.jsonl,340,7007.674,6.0,measure,7,950.0,-1645.448,no_signal
6,r06_20260912_230104.jsonl,341,7013.674,6.0,measure,8,950.0,-1645.448,no_signal
6,r06_20260912_230104.jsonl,342,7019.674,6.0,measure,9,950.0,-1645.448,no_signal
6,r06_20260912_230104.jsonl,343,7025.674,6.0,measure,12,950.0,-1645.448,no_signal
6,r06_20260912_230104.jsonl,344,7031.674,6.0,measure,14,950.0,-1645.448,no_signal
6,r06_20260912_230104.jsonl,345,7037.674,6.0,measure,15,950.0,-1645.448,no_signal
6,r06_20260912_230104.jsonl,346,7043.674,6.0,measure,19,950.0,-1645.448,no_signal
6,r06_20260912_230104.jsonl,347,7043.674,0.0,exit,,,,
7,r07_20260912_230119.jsonl,0,0.0,0.0,enter,,,,
7,r07_20260912_230119.jsonl,1,5.0,5.0,measure,1,0.0,0.0,direction
7,r07_20260912_230119.jsonl,2,11.0,6.0,measure,2,0.0,0.0,no_signal
7,r07_20260912_230119.jsonl,3,17.0,6.0,measure,3,0.0,0.0,no_signal
7,r07_20260912_230119.jsonl,4,23.0,6.0,measure,4,0.0,0.0,no_signal
7,r07_20260912_230119.jsonl,5,29.0,6.0,measure,5,0.0,0.0,direction
7,r07_20260912_230119.jsonl,6,35.0,6.0,measure,6,0.0,0.0,no_signal
7,r07_20260912_230119.jsonl,7,41.0,6.0,measure,7,0.0,0.0,no_signal
7,r07_20260912_230119.jsonl,8,47.0,6.0,measure,8,0.0,0.0,no_signal
7,r07_20260912_230119.jsonl,9,53.0,6.0,measure,9,0.0,0.0,no_signal
7,r07_20260912_230119.jsonl,10,59.0,6.0,measure,10,0.0,0.0,no_signal
7,r07_20260912_230119.jsonl,11,65.0,6.0,measure,11,0.0,0.0,no_signal
7,r07_20260912_230119.jsonl,12,71.0,6.0,measure,12,0.0,0.0,no_signal
7,r07_20260912_230119.jsonl,13,77.0,6.0,measure,13,0.0,0.0,no_signal
7,r07_20260912_230119.jsonl,14,83.0,6.0,measure,14,0.0,0.0,no_signal
7,r07_20260912_230119.jsonl,15,89.0,6.0,measure,15,0.0,0.0,no_signal
7,r07_20260912_230119.jsonl,16,95.0,6.0,measure,16,0.0,0.0,no_signal
7,r07_20260912_230119.jsonl,17,101.0,6.0,measure,17,0.0,0.0,no_signal
7,r07_20260912_230119.jsonl,18,107.0,6.0,measure,18,0.0,0.0,no_signal
7,r07_20260912_230119.jsonl,19,113.0,6.0,measure,19,0.0,0.0,no_signal
7,r07_20260912_230119.jsonl,20,119.0,6.0,measure,20,0.0,0.0,no_signal
7,r07_20260912_230119.jsonl,21,204.0,85.0,measure,20,400.0,0.0,no_signal
7,r07_20260912_230119.jsonl,22,210.0,6.0,measure,19,400.0,0.0,direction
7,r07_20260912_230119.jsonl,23,216.0,6.0,measure,18,400.0,0.0,no_signal
7,r07_20260912_230119.jsonl,24,222.0,6.0,measure,17,400.0,0.0,no_signal
7,r07_20260912_230119.jsonl,25,228.0,6.0,measure,16,400.0,0.0,direction
7,r07_20260912_230119.jsonl,26,234.0,6.0,measure,15,400.0,0.0,no_signal
7,r07_20260912_230119.jsonl,27,240.0,6.0,measure,14,400.0,0.0,no_signal
7,r07_20260912_230119.jsonl,28,246.0,6.0,measure,13,400.0,0.0,no_signal
7,r07_20260912_230119.jsonl,29,252.0,6.0,measure,12,400.0,0.0,no_signal
7,r07_20260912_230119.jsonl,30,258.0,6.0,measure,11,400.0,0.0,no_signal
7,r07_20260912_230119.jsonl,31,264.0,6.0,measure,10,400.0,0.0,no_signal
7,r07_20260912_230119.jsonl,32,270.0,6.0,measure,9,400.0,0.0,no_signal
7,r07_20260912_230119.jsonl,33,276.0,6.0,measure,8,400.0,0.0,no_signal
7,r07_20260912_230119.jsonl,34,282.0,6.0,measure,7,400.0,0.0,no_signal
7,r07_20260912_230119.jsonl,35,288.0,6.0,measure,6,400.0,0.0,no_signal
7,r07_20260912_230119.jsonl,36,294.0,6.0,measure,4,400.0,0.0,no_signal
7,r07_20260912_230119.jsonl,37,300.0,6.0,measure,3,400.0,0.0,no_signal
7,r07_20260912_230119.jsonl,38,306.0,6.0,measure,2,400.0,0.0,no_signal
7,r07_20260912_230119.jsonl,39,312.0,6.0,measure,16,400.0,0.0,direction
7,r07_20260912_230119.jsonl,40,318.0,6.0,measure,19,400.0,0.0,direction
7,r07_20260912_230119.jsonl,41,404.0,86.0,measure,18,200.0,346.41,no_signal
7,r07_20260912_230119.jsonl,42,410.0,6.0,measure,20,200.0,346.41,no_signal
7,r07_20260912_230119.jsonl,43,416.0,6.0,measure,17,200.0,346.41,direction
7,r07_20260912_230119.jsonl,44,422.0,6.0,measure,15,200.0,346.41,no_signal
7,r07_20260912_230119.jsonl,45,428.0,6.0,measure,14,200.0,346.41,no_signal
7,r07_20260912_230119.jsonl,46,434.0,6.0,measure,13,200.0,346.41,no_signal
7,r07_20260912_230119.jsonl,47,440.0,6.0,measure,12,200.0,346.41,no_signal
7,r07_20260912_230119.jsonl,48,446.0,6.0,measure,11,200.0,346.41,no_signal
7,r07_20260912_230119.jsonl,49,452.0,6.0,measure,10,200.0,346.41,direction
7,r07_20260912_230119.jsonl,50,458.0,6.0,measure,9,200.0,346.41,no_signal
7,r07_20260912_230119.jsonl,51,464.0,6.0,measure,8,200.0,346.41,no_signal
7,r07_20260912_230119.jsonl,52,470.0,6.0,measure,7,200.0,346.41,no_signal
7,r07_20260912_230119.jsonl,53,476.0,6.0,measure,6,200.0,346.41,no_signal
7,r07_20260912_230119.jsonl,54,482.0,6.0,measure,4,200.0,346.41,no_signal
7,r07_20260912_230119.jsonl,55,488.0,6.0,measure,3,200.0,346.41,no_signal
7,r07_20260912_230119.jsonl,56,494.0,6.0,measure,2,200.0,346.41,no_signal
7,r07_20260912_230119.jsonl,57,500.0,6.0,measure,17,200.0,346.41,direction
7,r07_20260912_230119.jsonl,58,506.0,6.0,measure,1,200.0,346.41,direction
7,r07_20260912_230119.jsonl,59,592.0,86.0,measure,2,-200.0,346.41,no_signal
7,r07_20260912_230119.jsonl,60,598.0,6.0,measure,3,-200.0,346.41,direction
7,r07_20260912_230119.jsonl,61,604.0,6.0,measure,4,-200.0,346.41,no_signal
7,r07_20260912_230119.jsonl,62,610.0,6.0,measure,6,-200.0,346.41,no_signal
7,r07_20260912_230119.jsonl,63,616.0,6.0,measure,7,-200.0,346.41,no_signal
7,r07_20260912_230119.jsonl,64,622.0,6.0,measure,8,-200.0,346.41,no_signal
7,r07_20260912_230119.jsonl,65,628.0,6.0,measure,9,-200.0,346.41,no_signal
7,r07_20260912_230119.jsonl,66,634.0,6.0,measure,11,-200.0,346.41,no_signal
7,r07_20260912_230119.jsonl,67,640.0,6.0,measure,12,-200.0,346.41,no_signal
7,r07_20260912_230119.jsonl,68,646.0,6.0,measure,13,-200.0,346.41,no_signal
7,r07_20260912_230119.jsonl,69,652.0,6.0,measure,14,-200.0,346.41,no_signal
7,r07_20260912_230119.jsonl,70,658.0,6.0,measure,15,-200.0,346.41,no_signal
7,r07_20260912_230119.jsonl,71,664.0,6.0,measure,18,-200.0,346.41,no_signal
7,r07_20260912_230119.jsonl,72,670.0,6.0,measure,20,-200.0,346.41,no_signal
7,r07_20260912_230119.jsonl,73,676.0,6.0,measure,17,-200.0,346.41,direction
7,r07_20260912_230119.jsonl,74,682.0,6.0,measure,5,-200.0,346.41,direction
7,r07_20260912_230119.jsonl,75,768.0,86.0,measure,4,-400.0,0.0,no_signal
7,r07_20260912_230119.jsonl,76,774.0,6.0,measure,6,-400.0,0.0,no_signal
7,r07_20260912_230119.jsonl,77,780.0,6.0,measure,7,-400.0,0.0,no_signal
7,r07_20260912_230119.jsonl,78,786.0,6.0,measure,2,-400.0,0.0,no_signal
7,r07_20260912_230119.jsonl,79,792.0,6.0,measure,8,-400.0,0.0,no_signal
7,r07_20260912_230119.jsonl,80,798.0,6.0,measure,9,-400.0,0.0,no_signal
7,r07_20260912_230119.jsonl,81,804.0,6.0,measure,11,-400.0,0.0,no_signal
7,r07_20260912_230119.jsonl,82,810.0,6.0,measure,12,-400.0,0.0,no_signal
7,r07_20260912_230119.jsonl,83,816.0,6.0,measure,13,-400.0,0.0,no_signal
7,r07_20260912_230119.jsonl,84,822.0,6.0,measure,14,-400.0,0.0,no_signal
7,r07_20260912_230119.jsonl,85,828.0,6.0,measure,15,-400.0,0.0,no_signal
7,r07_20260912_230119.jsonl,86,834.0,6.0,measure,18,-400.0,0.0,no_signal
7,r07_20260912_230119.jsonl,87,840.0,6.0,measure,20,-400.0,0.0,no_signal
7,r07_20260912_230119.jsonl,88,846.0,6.0,measure,3,-400.0,0.0,direction
7,r07_20260912_230119.jsonl,89,852.0,6.0,measure,1,-400.0,0.0,direction
7,r07_20260912_230119.jsonl,90,938.0,86.0,measure,2,-200.0,-346.41,direction
7,r07_20260912_230119.jsonl,91,944.0,6.0,measure,4,-200.0,-346.41,no_signal
7,r07_20260912_230119.jsonl,92,950.0,6.0,measure,6,-200.0,-346.41,no_signal
7,r07_20260912_230119.jsonl,93,956.0,6.0,measure,7,-200.0,-346.41,no_signal
7,r07_20260912_230119.jsonl,94,962.0,6.0,measure,8,-200.0,-346.41,no_signal
7,r07_20260912_230119.jsonl,95,968.0,6.0,measure,9,-200.0,-346.41,no_signal
7,r07_20260912_230119.jsonl,96,974.0,6.0,measure,11,-200.0,-346.41,no_signal
7,r07_20260912_230119.jsonl,97,980.0,6.0,measure,12,-200.0,-346.41,no_signal
7,r07_20260912_230119.jsonl,98,986.0,6.0,measure,13,-200.0,-346.41,direction
7,r07_20260912_230119.jsonl,99,992.0,6.0,measure,14,-200.0,-346.41,no_signal
7,r07_20260912_230119.jsonl,100,998.0,6.0,measure,15,-200.0,-346.41,no_signal
7,r07_20260912_230119.jsonl,101,1004.0,6.0,measure,18,-200.0,-346.41,no_signal
7,r07_20260912_230119.jsonl,102,1010.0,6.0,measure,20,-200.0,-346.41,no_signal
7,r07_20260912_230119.jsonl,103,1016.0,6.0,measure,16,-200.0,-346.41,no_signal
7,r07_20260912_230119.jsonl,104,1022.0,6.0,measure,2,-200.0,-346.41,direction
7,r07_20260912_230119.jsonl,105,1108.0,86.0,measure,4,200.0,-346.41,no_signal
7,r07_20260912_230119.jsonl,106,1114.0,6.0,measure,6,200.0,-346.41,no_signal
7,r07_20260912_230119.jsonl,107,1120.0,6.0,measure,7,200.0,-346.41,no_signal
7,r07_20260912_230119.jsonl,108,1126.0,6.0,measure,8,200.0,-346.41,no_signal
7,r07_20260912_230119.jsonl,109,1132.0,6.0,measure,9,200.0,-346.41,no_signal
7,r07_20260912_230119.jsonl,110,1138.0,6.0,measure,11,200.0,-346.41,no_signal
7,r07_20260912_230119.jsonl,111,1144.0,6.0,measure,12,200.0,-346.41,no_signal
7,r07_20260912_230119.jsonl,112,1150.0,6.0,measure,14,200.0,-346.41,no_signal
7,r07_20260912_230119.jsonl,113,1156.0,6.0,measure,15,200.0,-346.41,no_signal
7,r07_20260912_230119.jsonl,114,1162.0,6.0,measure,18,200.0,-346.41,no_signal
7,r07_20260912_230119.jsonl,115,1168.0,6.0,measure,20,200.0,-346.41,no_signal
7,r07_20260912_230119.jsonl,116,1174.0,6.0,measure,16,200.0,-346.41,direction
7,r07_20260912_230119.jsonl,117,1180.0,6.0,measure,2,200.0,-346.41,direction
7,r07_20260912_230119.jsonl,118,1369.895,189.895,measure,4,919.239,-919.239,no_signal
7,r07_20260912_230119.jsonl,119,1375.895,6.0,measure,6,919.239,-919.239,no_signal
7,r07_20260912_230119.jsonl,120,1381.895,6.0,measure,7,919.239,-919.239,no_signal
7,r07_20260912_230119.jsonl,121,1387.895,6.0,measure,8,919.239,-919.239,no_signal
7,r07_20260912_230119.jsonl,122,1393.895,6.0,measure,9,919.239,-919.239,no_signal
7,r07_20260912_230119.jsonl,123,1399.895,6.0,measure,11,919.239,-919.239,no_signal
7,r07_20260912_230119.jsonl,124,1405.895,6.0,measure,12,919.239,-919.239,no_signal
7,r07_20260912_230119.jsonl,125,1411.895,6.0,measure,14,919.239,-919.239,no_signal
7,r07_20260912_230119.jsonl,126,1417.895,6.0,measure,15,919.239,-919.239,no_signal
7,r07_20260912_230119.jsonl,127,1423.895,6.0,measure,18,919.239,-919.239,no_signal
7,r07_20260912_230119.jsonl,128,1429.895,6.0,measure,20,919.239,-919.239,no_signal
7,r07_20260912_230119.jsonl,129,1435.895,6.0,measure,16,919.239,-919.239,direction
7,r07_20260912_230119.jsonl,130,1496.174,60.279,measure,16,931.034,-1195.383,direction
7,r07_20260912_230119.jsonl,131,1503.484,7.31,clear,16,928.039,-1184.228,success
7,r07_20260912_230119.jsonl,132,1601.833,98.349,measure,15,950.0,-1645.448,no_signal
7,r07_20260912_230119.jsonl,133,1607.833,6.0,measure,14,950.0,-1645.448,no_signal
7,r07_20260912_230119.jsonl,134,1613.833,6.0,measure,18,950.0,-1645.448,no_signal
7,r07_20260912_230119.jsonl,135,1619.833,6.0,measure,12,950.0,-1645.448,no_signal
7,r07_20260912_230119.jsonl,136,1625.833,6.0,measure,20,950.0,-1645.448,no_signal
7,r07_20260912_230119.jsonl,137,1631.833,6.0,measure,11,950.0,-1645.448,no_signal
7,r07_20260912_230119.jsonl,138,1637.833,6.0,measure,9,950.0,-1645.448,no_signal
7,r07_20260912_230119.jsonl,139,1643.833,6.0,measure,8,950.0,-1645.448,no_signal
7,r07_20260912_230119.jsonl,140,1649.833,6.0,measure,7,950.0,-1645.448,no_signal
7,r07_20260912_230119.jsonl,141,1655.833,6.0,measure,6,950.0,-1645.448,no_signal
7,r07_20260912_230119.jsonl,142,1661.833,6.0,measure,4,950.0,-1645.448,no_signal
7,r07_20260912_230119.jsonl,143,1863.535,201.702,measure,4,1645.448,-950.0,no_signal
7,r07_20260912_230119.jsonl,144,1869.535,6.0,measure,6,1645.448,-950.0,no_signal
7,r07_20260912_230119.jsonl,145,1875.535,6.0,measure,7,1645.448,-950.0,no_signal
7,r07_20260912_230119.jsonl,146,1881.535,6.0,measure,8,1645.448,-950.0,no_signal
7,r07_20260912_230119.jsonl,147,1887.535,6.0,measure,9,1645.448,-950.0,no_signal
7,r07_20260912_230119.jsonl,148,1893.535,6.0,measure,11,1645.448,-950.0,no_signal
7,r07_20260912_230119.jsonl,149,1899.535,6.0,measure,12,1645.448,-950.0,no_signal
7,r07_20260912_230119.jsonl,150,1905.535,6.0,measure,14,1645.448,-950.0,no_signal
7,r07_20260912_230119.jsonl,151,1911.535,6.0,measure,15,1645.448,-950.0,no_signal
7,r07_20260912_230119.jsonl,152,1917.535,6.0,measure,18,1645.448,-950.0,no_signal
7,r07_20260912_230119.jsonl,153,1923.535,6.0,measure,20,1645.448,-950.0,no_signal
7,r07_20260912_230119.jsonl,154,2130.707,207.172,measure,20,1300.0,0.0,no_signal
7,r07_20260912_230119.jsonl,155,2136.707,6.0,measure,18,1300.0,0.0,no_signal
7,r07_20260912_230119.jsonl,156,2142.707,6.0,measure,15,1300.0,0.0,no_signal
7,r07_20260912_230119.jsonl,157,2148.707,6.0,measure,14,1300.0,0.0,no_signal
7,r07_20260912_230119.jsonl,158,2154.707,6.0,measure,12,1300.0,0.0,no_signal
7,r07_20260912_230119.jsonl,159,2160.707,6.0,measure,11,1300.0,0.0,no_signal
7,r07_20260912_230119.jsonl,160,2166.707,6.0,measure,9,1300.0,0.0,no_signal
7,r07_20260912_230119.jsonl,161,2172.707,6.0,measure,8,1300.0,0.0,no_signal
7,r07_20260912_230119.jsonl,162,2178.707,6.0,measure,7,1300.0,0.0,no_signal
7,r07_20260912_230119.jsonl,163,2184.707,6.0,measure,6,1300.0,0.0,no_signal
7,r07_20260912_230119.jsonl,164,2190.707,6.0,measure,4,1300.0,0.0,no_signal
7,r07_20260912_230119.jsonl,165,2196.707,6.0,measure,19,1300.0,0.0,direction
7,r07_20260912_230119.jsonl,166,2282.215,85.508,clear,19,1077.208,335.262,success
7,r07_20260912_230119.jsonl,167,2465.91,183.695,measure,18,1900.0,0.0,no_signal
7,r07_20260912_230119.jsonl,168,2471.91,6.0,measure,20,1900.0,0.0,no_signal
7,r07_20260912_230119.jsonl,169,2477.91,6.0,measure,15,1900.0,0.0,no_signal
7,r07_20260912_230119.jsonl,170,2483.91,6.0,measure,14,1900.0,0.0,no_signal
7,r07_20260912_230119.jsonl,171,2489.91,6.0,measure,12,1900.0,0.0,no_signal
7,r07_20260912_230119.jsonl,172,2495.91,6.0,measure,11,1900.0,0.0,no_signal
7,r07_20260912_230119.jsonl,173,2501.91,6.0,measure,9,1900.0,0.0,no_signal
7,r07_20260912_230119.jsonl,174,2507.91,6.0,measure,8,1900.0,0.0,no_signal
7,r07_20260912_230119.jsonl,175,2513.91,6.0,measure,7,1900.0,0.0,no_signal
7,r07_20260912_230119.jsonl,176,2519.91,6.0,measure,6,1900.0,0.0,no_signal
7,r07_20260912_230119.jsonl,177,2525.91,6.0,measure,4,1900.0,0.0,no_signal
7,r07_20260912_230119.jsonl,178,2727.612,201.702,measure,4,1645.448,950.0,no_signal
7,r07_20260912_230119.jsonl,179,2733.612,6.0,measure,6,1645.448,950.0,no_signal
7,r07_20260912_230119.jsonl,180,2739.612,6.0,measure,7,1645.448,950.0,no_signal
7,r07_20260912_230119.jsonl,181,2745.612,6.0,measure,8,1645.448,950.0,no_signal
7,r07_20260912_230119.jsonl,182,2751.612,6.0,measure,9,1645.448,950.0,no_signal
7,r07_20260912_230119.jsonl,183,2757.612,6.0,measure,11,1645.448,950.0,no_signal
7,r07_20260912_230119.jsonl,184,2763.612,6.0,measure,12,1645.448,950.0,no_signal
7,r07_20260912_230119.jsonl,185,2769.612,6.0,measure,14,1645.448,950.0,no_signal
7,r07_20260912_230119.jsonl,186,2775.612,6.0,measure,15,1645.448,950.0,no_signal
7,r07_20260912_230119.jsonl,187,2781.612,6.0,measure,18,1645.448,950.0,no_signal
7,r07_20260912_230119.jsonl,188,2787.612,6.0,measure,20,1645.448,950.0,no_signal
7,r07_20260912_230119.jsonl,189,2793.612,6.0,measure,10,1645.448,950.0,direction
7,r07_20260912_230119.jsonl,190,2944.984,151.372,measure,9,919.239,919.239,no_signal
7,r07_20260912_230119.jsonl,191,2950.984,6.0,measure,11,919.239,919.239,no_signal
7,r07_20260912_230119.jsonl,192,2956.984,6.0,measure,8,919.239,919.239,no_signal
7,r07_20260912_230119.jsonl,193,2962.984,6.0,measure,12,919.239,919.239,no_signal
7,r07_20260912_230119.jsonl,194,2968.984,6.0,measure,7,919.239,919.239,no_signal
7,r07_20260912_230119.jsonl,195,2974.984,6.0,measure,6,919.239,919.239,no_signal
7,r07_20260912_230119.jsonl,196,2980.984,6.0,measure,14,919.239,919.239,no_signal
7,r07_20260912_230119.jsonl,197,2986.984,6.0,measure,15,919.239,919.239,no_signal
7,r07_20260912_230119.jsonl,198,2992.984,6.0,measure,4,919.239,919.239,no_signal
7,r07_20260912_230119.jsonl,199,2998.984,6.0,measure,18,919.239,919.239,no_signal
7,r07_20260912_230119.jsonl,200,3004.984,6.0,measure,20,919.239,919.239,no_signal
7,r07_20260912_230119.jsonl,201,3010.984,6.0,measure,10,919.239,919.239,direction
7,r07_20260912_230119.jsonl,202,3162.356,151.372,measure,9,950.0,1645.448,no_signal
7,r07_20260912_230119.jsonl,203,3168.356,6.0,measure,11,950.0,1645.448,no_signal
7,r07_20260912_230119.jsonl,204,3174.356,6.0,measure,8,950.0,1645.448,no_signal
7,r07_20260912_230119.jsonl,205,3180.356,6.0,measure,12,950.0,1645.448,no_signal
7,r07_20260912_230119.jsonl,206,3186.356,6.0,measure,7,950.0,1645.448,no_signal
7,r07_20260912_230119.jsonl,207,3192.356,6.0,measure,6,950.0,1645.448,no_signal
7,r07_20260912_230119.jsonl,208,3198.356,6.0,measure,14,950.0,1645.448,no_signal
7,r07_20260912_230119.jsonl,209,3204.356,6.0,measure,15,950.0,1645.448,no_signal
7,r07_20260912_230119.jsonl,210,3210.356,6.0,measure,4,950.0,1645.448,no_signal
7,r07_20260912_230119.jsonl,211,3216.356,6.0,measure,18,950.0,1645.448,no_signal
7,r07_20260912_230119.jsonl,212,3222.356,6.0,measure,20,950.0,1645.448,no_signal
7,r07_20260912_230119.jsonl,213,3228.356,6.0,measure,10,950.0,1645.448,direction
7,r07_20260912_230119.jsonl,214,3312.151,83.795,clear,10,614.499,1438.918,success
7,r07_20260912_230119.jsonl,215,3444.152,132.001,measure,9,0.0,1300.0,no_signal
7,r07_20260912_230119.jsonl,216,3450.152,6.0,measure,11,0.0,1300.0,no_signal
7,r07_20260912_230119.jsonl,217,3456.152,6.0,measure,8,0.0,1300.0,no_signal
7,r07_20260912_230119.jsonl,218,3462.152,6.0,measure,12,0.0,1300.0,no_signal
7,r07_20260912_230119.jsonl,219,3468.152,6.0,measure,7,0.0,1300.0,no_signal
7,r07_20260912_230119.jsonl,220,3474.152,6.0,measure,6,0.0,1300.0,no_signal
7,r07_20260912_230119.jsonl,221,3480.152,6.0,measure,14,0.0,1300.0,no_signal
7,r07_20260912_230119.jsonl,222,3486.152,6.0,measure,15,0.0,1300.0,no_signal
7,r07_20260912_230119.jsonl,223,3492.152,6.0,measure,4,0.0,1300.0,no_signal
7,r07_20260912_230119.jsonl,224,3498.152,6.0,measure,18,0.0,1300.0,no_signal
7,r07_20260912_230119.jsonl,225,3504.152,6.0,measure,20,0.0,1300.0,no_signal
7,r07_20260912_230119.jsonl,226,3510.152,6.0,measure,17,0.0,1300.0,direction
7,r07_20260912_230119.jsonl,227,3516.152,6.0,measure,1,0.0,1300.0,direction
7,r07_20260912_230119.jsonl,228,3642.152,126.0,measure,4,0.0,1900.0,no_signal
7,r07_20260912_230119.jsonl,229,3648.152,6.0,measure,6,0.0,1900.0,no_signal
7,r07_20260912_230119.jsonl,230,3654.152,6.0,measure,7,0.0,1900.0,no_signal
7,r07_20260912_230119.jsonl,231,3660.152,6.0,measure,8,0.0,1900.0,no_signal
7,r07_20260912_230119.jsonl,232,3666.152,6.0,measure,9,0.0,1900.0,no_signal
7,r07_20260912_230119.jsonl,233,3672.152,6.0,measure,11,0.0,1900.0,no_signal
7,r07_20260912_230119.jsonl,234,3678.152,6.0,measure,12,0.0,1900.0,no_signal
7,r07_20260912_230119.jsonl,235,3684.152,6.0,measure,14,0.0,1900.0,no_signal
7,r07_20260912_230119.jsonl,236,3690.152,6.0,measure,15,0.0,1900.0,no_signal
7,r07_20260912_230119.jsonl,237,3696.152,6.0,measure,18,0.0,1900.0,no_signal
7,r07_20260912_230119.jsonl,238,3702.152,6.0,measure,20,0.0,1900.0,no_signal
7,r07_20260912_230119.jsonl,239,3708.152,6.0,measure,17,0.0,1900.0,direction
7,r07_20260912_230119.jsonl,240,3904.686,196.533,clear,17,-665.927,1211.765,success
7,r07_20260912_230119.jsonl,241,4014.373,109.688,measure,18,-950.0,1645.448,no_signal
7,r07_20260912_230119.jsonl,242,4020.373,6.0,measure,15,-950.0,1645.448,no_signal
7,r07_20260912_230119.jsonl,243,4026.373,6.0,measure,14,-950.0,1645.448,no_signal
7,r07_20260912_230119.jsonl,244,4032.373,6.0,measure,20,-950.0,1645.448,no_signal
7,r07_20260912_230119.jsonl,245,4038.373,6.0,measure,12,-950.0,1645.448,no_signal
7,r07_20260912_230119.jsonl,246,4044.373,6.0,measure,11,-950.0,1645.448,no_signal
7,r07_20260912_230119.jsonl,247,4050.373,6.0,measure,9,-950.0,1645.448,no_signal
7,r07_20260912_230119.jsonl,248,4056.373,6.0,measure,8,-950.0,1645.448,no_signal
7,r07_20260912_230119.jsonl,249,4062.373,6.0,measure,7,-950.0,1645.448,direction
7,r07_20260912_230119.jsonl,250,4068.373,6.0,measure,6,-950.0,1645.448,no_signal
7,r07_20260912_230119.jsonl,251,4074.373,6.0,measure,4,-950.0,1645.448,no_signal
7,r07_20260912_230119.jsonl,252,4080.373,6.0,measure,7,-950.0,1645.448,direction
7,r07_20260912_230119.jsonl,253,4086.373,6.0,measure,1,-950.0,1645.448,direction
7,r07_20260912_230119.jsonl,254,4239.732,153.359,clear,1,-848.109,910.684,success
7,r07_20260912_230119.jsonl,255,4260.061,20.329,measure,4,-919.239,919.239,no_signal
7,r07_20260912_230119.jsonl,256,4266.061,6.0,measure,6,-919.239,919.239,no_signal
7,r07_20260912_230119.jsonl,257,4272.061,6.0,measure,8,-919.239,919.239,no_signal
7,r07_20260912_230119.jsonl,258,4278.061,6.0,measure,9,-919.239,919.239,no_signal
7,r07_20260912_230119.jsonl,259,4284.061,6.0,measure,11,-919.239,919.239,no_signal
7,r07_20260912_230119.jsonl,260,4290.061,6.0,measure,12,-919.239,919.239,no_signal
7,r07_20260912_230119.jsonl,261,4296.061,6.0,measure,14,-919.239,919.239,no_signal
7,r07_20260912_230119.jsonl,262,4302.061,6.0,measure,15,-919.239,919.239,no_signal
7,r07_20260912_230119.jsonl,263,4308.061,6.0,measure,18,-919.239,919.239,no_signal
7,r07_20260912_230119.jsonl,264,4314.061,6.0,measure,20,-919.239,919.239,no_signal
7,r07_20260912_230119.jsonl,265,4320.061,6.0,measure,7,-919.239,919.239,direction
7,r07_20260912_230119.jsonl,266,4326.061,6.0,measure,3,-919.239,919.239,direction
7,r07_20260912_230119.jsonl,267,4425.796,99.735,measure,7,-1377.86,822.685,direction
7,r07_20260912_230119.jsonl,268,4432.954,7.158,clear,7,-1368.965,828.796,success
7,r07_20260912_230119.jsonl,269,4499.331,66.377,measure,6,-1645.448,950.0,no_signal
7,r07_20260912_230119.jsonl,270,4505.331,6.0,measure,8,-1645.448,950.0,no_signal
7,r07_20260912_230119.jsonl,271,4511.331,6.0,measure,9,-1645.448,950.0,no_signal
7,r07_20260912_230119.jsonl,272,4517.331,6.0,measure,4,-1645.448,950.0,no_signal
7,r07_20260912_230119.jsonl,273,4523.331,6.0,measure,11,-1645.448,950.0,no_signal
7,r07_20260912_230119.jsonl,274,4529.331,6.0,measure,12,-1645.448,950.0,no_signal
7,r07_20260912_230119.jsonl,275,4535.331,6.0,measure,14,-1645.448,950.0,no_signal
7,r07_20260912_230119.jsonl,276,4541.331,6.0,measure,15,-1645.448,950.0,no_signal
7,r07_20260912_230119.jsonl,277,4547.331,6.0,measure,18,-1645.448,950.0,no_signal
7,r07_20260912_230119.jsonl,278,4553.331,6.0,measure,20,-1645.448,950.0,no_signal
7,r07_20260912_230119.jsonl,279,4559.331,6.0,measure,3,-1645.448,950.0,direction
7,r07_20260912_230119.jsonl,280,4705.68,146.349,clear,3,-1367.815,300.071,success
7,r07_20260912_230119.jsonl,281,4773.207,67.528,measure,4,-1300.0,0.0,no_signal
7,r07_20260912_230119.jsonl,282,4779.207,6.0,measure,6,-1300.0,0.0,no_signal
7,r07_20260912_230119.jsonl,283,4785.207,6.0,measure,8,-1300.0,0.0,no_signal
7,r07_20260912_230119.jsonl,284,4791.207,6.0,measure,9,-1300.0,0.0,no_signal
7,r07_20260912_230119.jsonl,285,4797.207,6.0,measure,11,-1300.0,0.0,no_signal
7,r07_20260912_230119.jsonl,286,4803.207,6.0,measure,12,-1300.0,0.0,no_signal
7,r07_20260912_230119.jsonl,287,4809.207,6.0,measure,14,-1300.0,0.0,no_signal
7,r07_20260912_230119.jsonl,288,4815.207,6.0,measure,15,-1300.0,0.0,no_signal
7,r07_20260912_230119.jsonl,289,4821.207,6.0,measure,18,-1300.0,0.0,no_signal
7,r07_20260912_230119.jsonl,290,4827.207,6.0,measure,20,-1300.0,0.0,no_signal
7,r07_20260912_230119.jsonl,291,4833.207,6.0,measure,5,-1300.0,0.0,direction
7,r07_20260912_230119.jsonl,292,5004.141,170.934,clear,5,-648.435,-513.63,success
7,r07_20260912_230119.jsonl,293,5213.989,209.848,measure,4,-0.0,-1300.0,no_signal
7,r07_20260912_230119.jsonl,294,5219.989,6.0,measure,6,-0.0,-1300.0,no_signal
7,r07_20260912_230119.jsonl,295,5225.989,6.0,measure,8,-0.0,-1300.0,no_signal
7,r07_20260912_230119.jsonl,296,5231.989,6.0,measure,9,-0.0,-1300.0,no_signal
7,r07_20260912_230119.jsonl,297,5237.989,6.0,measure,11,-0.0,-1300.0,no_signal
7,r07_20260912_230119.jsonl,298,5243.989,6.0,measure,12,-0.0,-1300.0,no_signal
7,r07_20260912_230119.jsonl,299,5249.989,6.0,measure,14,-0.0,-1300.0,no_signal
7,r07_20260912_230119.jsonl,300,5255.989,6.0,measure,15,-0.0,-1300.0,no_signal
7,r07_20260912_230119.jsonl,301,5261.989,6.0,measure,18,-0.0,-1300.0,no_signal
7,r07_20260912_230119.jsonl,302,5267.989,6.0,measure,20,-0.0,-1300.0,no_signal
7,r07_20260912_230119.jsonl,303,5273.989,6.0,measure,13,-0.0,-1300.0,direction
7,r07_20260912_230119.jsonl,304,5279.989,6.0,measure,2,-0.0,-1300.0,direction
7,r07_20260912_230119.jsonl,305,5405.989,126.0,measure,4,-0.0,-1900.0,no_signal
7,r07_20260912_230119.jsonl,306,5411.989,6.0,measure,6,-0.0,-1900.0,no_signal
7,r07_20260912_230119.jsonl,307,5417.989,6.0,measure,8,-0.0,-1900.0,no_signal
7,r07_20260912_230119.jsonl,308,5423.989,6.0,measure,9,-0.0,-1900.0,no_signal
7,r07_20260912_230119.jsonl,309,5429.989,6.0,measure,11,-0.0,-1900.0,no_signal
7,r07_20260912_230119.jsonl,310,5435.989,6.0,measure,12,-0.0,-1900.0,no_signal
7,r07_20260912_230119.jsonl,311,5441.989,6.0,measure,14,-0.0,-1900.0,no_signal
7,r07_20260912_230119.jsonl,312,5447.989,6.0,measure,15,-0.0,-1900.0,no_signal
7,r07_20260912_230119.jsonl,313,5453.989,6.0,measure,18,-0.0,-1900.0,no_signal
7,r07_20260912_230119.jsonl,314,5459.989,6.0,measure,20,-0.0,-1900.0,no_signal
7,r07_20260912_230119.jsonl,315,5465.989,6.0,measure,2,-0.0,-1900.0,direction
7,r07_20260912_230119.jsonl,316,5587.493,121.504,clear,2,-430.43,-1507.493,success
7,r07_20260912_230119.jsonl,317,5709.998,122.504,measure,13,-0.0,-1900.0,direction
7,r07_20260912_230119.jsonl,318,5912.7,202.702,measure,12,-950.0,-1645.448,no_signal
7,r07_20260912_230119.jsonl,319,5918.7,6.0,measure,14,-950.0,-1645.448,no_signal
7,r07_20260912_230119.jsonl,320,5924.7,6.0,measure,11,-950.0,-1645.448,no_signal
7,r07_20260912_230119.jsonl,321,5930.7,6.0,measure,15,-950.0,-1645.448,no_signal
7,r07_20260912_230119.jsonl,322,5936.7,6.0,measure,9,-950.0,-1645.448,no_signal
7,r07_20260912_230119.jsonl,323,5942.7,6.0,measure,8,-950.0,-1645.448,no_signal
7,r07_20260912_230119.jsonl,324,5948.7,6.0,measure,18,-950.0,-1645.448,no_signal
7,r07_20260912_230119.jsonl,325,5954.7,6.0,measure,6,-950.0,-1645.448,no_signal
7,r07_20260912_230119.jsonl,326,5960.7,6.0,measure,20,-950.0,-1645.448,no_signal
7,r07_20260912_230119.jsonl,327,5966.7,6.0,measure,4,-950.0,-1645.448,no_signal
7,r07_20260912_230119.jsonl,328,5972.7,6.0,measure,13,-950.0,-1645.448,direction
7,r07_20260912_230119.jsonl,329,6090.286,117.586,clear,13,-643.379,-1173.355,success
7,r07_20260912_230119.jsonl,330,6171.299,81.013,measure,12,-919.239,-919.239,no_signal
7,r07_20260912_230119.jsonl,331,6177.299,6.0,measure,14,-919.239,-919.239,no_signal
7,r07_20260912_230119.jsonl,332,6183.299,6.0,measure,11,-919.239,-919.239,no_signal
7,r07_20260912_230119.jsonl,333,6189.299,6.0,measure,15,-919.239,-919.239,no_signal
7,r07_20260912_230119.jsonl,334,6195.299,6.0,measure,9,-919.239,-919.239,no_signal
7,r07_20260912_230119.jsonl,335,6201.299,6.0,measure,8,-919.239,-919.239,no_signal
7,r07_20260912_230119.jsonl,336,6207.299,6.0,measure,18,-919.239,-919.239,no_signal
7,r07_20260912_230119.jsonl,337,6213.299,6.0,measure,6,-919.239,-919.239,no_signal
7,r07_20260912_230119.jsonl,338,6219.299,6.0,measure,20,-919.239,-919.239,no_signal
7,r07_20260912_230119.jsonl,339,6225.299,6.0,measure,4,-919.239,-919.239,no_signal
7,r07_20260912_230119.jsonl,340,6375.671,150.372,measure,4,-1645.448,-950.0,no_signal
7,r07_20260912_230119.jsonl,341,6381.671,6.0,measure,6,-1645.448,-950.0,no_signal
7,r07_20260912_230119.jsonl,342,6387.671,6.0,measure,8,-1645.448,-950.0,no_signal
7,r07_20260912_230119.jsonl,343,6393.671,6.0,measure,9,-1645.448,-950.0,no_signal
7,r07_20260912_230119.jsonl,344,6399.671,6.0,measure,11,-1645.448,-950.0,direction
7,r07_20260912_230119.jsonl,345,6405.671,6.0,measure,12,-1645.448,-950.0,no_signal
7,r07_20260912_230119.jsonl,346,6411.671,6.0,measure,14,-1645.448,-950.0,no_signal
7,r07_20260912_230119.jsonl,347,6417.671,6.0,measure,15,-1645.448,-950.0,no_signal
7,r07_20260912_230119.jsonl,348,6423.671,6.0,measure,18,-1645.448,-950.0,no_signal
7,r07_20260912_230119.jsonl,349,6429.671,6.0,measure,20,-1645.448,-950.0,no_signal
7,r07_20260912_230119.jsonl,350,6435.671,6.0,measure,11,-1645.448,-950.0,direction
7,r07_20260912_230119.jsonl,351,6638.373,202.702,measure,12,-1900.0,0.0,no_signal
7,r07_20260912_230119.jsonl,352,6644.373,6.0,measure,9,-1900.0,0.0,no_signal
7,r07_20260912_230119.jsonl,353,6650.373,6.0,measure,8,-1900.0,0.0,no_signal
7,r07_20260912_230119.jsonl,354,6656.373,6.0,measure,14,-1900.0,0.0,no_signal
7,r07_20260912_230119.jsonl,355,6662.373,6.0,measure,15,-1900.0,0.0,no_signal
7,r07_20260912_230119.jsonl,356,6668.373,6.0,measure,6,-1900.0,0.0,no_signal
7,r07_20260912_230119.jsonl,357,6674.373,6.0,measure,4,-1900.0,0.0,no_signal
7,r07_20260912_230119.jsonl,358,6680.373,6.0,measure,18,-1900.0,0.0,no_signal
7,r07_20260912_230119.jsonl,359,6686.373,6.0,measure,20,-1900.0,0.0,no_signal
7,r07_20260912_230119.jsonl,360,6692.373,6.0,measure,11,-1900.0,0.0,direction
7,r07_20260912_230119.jsonl,361,6769.478,77.105,clear,11,-1570.892,-147.197,success
7,r07_20260912_230119.jsonl,362,6769.478,0.0,exit,,,,
8,r08_20260912_230136.jsonl,0,0.0,0.0,enter,,,,
8,r08_20260912_230136.jsonl,1,5.0,5.0,measure,1,0.0,0.0,no_signal
8,r08_20260912_230136.jsonl,2,11.0,6.0,measure,2,0.0,0.0,no_signal
8,r08_20260912_230136.jsonl,3,17.0,6.0,measure,3,0.0,0.0,direction
8,r08_20260912_230136.jsonl,4,23.0,6.0,measure,4,0.0,0.0,direction
8,r08_20260912_230136.jsonl,5,29.0,6.0,measure,5,0.0,0.0,no_signal
8,r08_20260912_230136.jsonl,6,35.0,6.0,measure,6,0.0,0.0,no_signal
8,r08_20260912_230136.jsonl,7,41.0,6.0,measure,7,0.0,0.0,direction
8,r08_20260912_230136.jsonl,8,47.0,6.0,measure,8,0.0,0.0,no_signal
8,r08_20260912_230136.jsonl,9,53.0,6.0,measure,9,0.0,0.0,no_signal
8,r08_20260912_230136.jsonl,10,59.0,6.0,measure,10,0.0,0.0,no_signal
8,r08_20260912_230136.jsonl,11,65.0,6.0,measure,11,0.0,0.0,no_signal
8,r08_20260912_230136.jsonl,12,71.0,6.0,measure,12,0.0,0.0,no_signal
8,r08_20260912_230136.jsonl,13,77.0,6.0,measure,13,0.0,0.0,no_signal
8,r08_20260912_230136.jsonl,14,83.0,6.0,measure,14,0.0,0.0,no_signal
8,r08_20260912_230136.jsonl,15,89.0,6.0,measure,15,0.0,0.0,no_signal
8,r08_20260912_230136.jsonl,16,95.0,6.0,measure,16,0.0,0.0,no_signal
8,r08_20260912_230136.jsonl,17,101.0,6.0,measure,17,0.0,0.0,direction
8,r08_20260912_230136.jsonl,18,107.0,6.0,measure,18,0.0,0.0,direction
8,r08_20260912_230136.jsonl,19,113.0,6.0,measure,19,0.0,0.0,no_signal
8,r08_20260912_230136.jsonl,20,119.0,6.0,measure,20,0.0,0.0,direction
8,r08_20260912_230136.jsonl,21,205.0,86.0,measure,19,400.0,0.0,no_signal
8,r08_20260912_230136.jsonl,22,211.0,6.0,measure,16,400.0,0.0,direction
8,r08_20260912_230136.jsonl,23,217.0,6.0,measure,15,400.0,0.0,no_signal
8,r08_20260912_230136.jsonl,24,223.0,6.0,measure,14,400.0,0.0,no_signal
8,r08_20260912_230136.jsonl,25,229.0,6.0,measure,13,400.0,0.0,no_signal
8,r08_20260912_230136.jsonl,26,235.0,6.0,measure,12,400.0,0.0,no_signal
8,r08_20260912_230136.jsonl,27,241.0,6.0,measure,11,400.0,0.0,no_signal
8,r08_20260912_230136.jsonl,28,247.0,6.0,measure,10,400.0,0.0,direction
8,r08_20260912_230136.jsonl,29,253.0,6.0,measure,9,400.0,0.0,no_signal
8,r08_20260912_230136.jsonl,30,259.0,6.0,measure,8,400.0,0.0,no_signal
8,r08_20260912_230136.jsonl,31,265.0,6.0,measure,6,400.0,0.0,direction
8,r08_20260912_230136.jsonl,32,271.0,6.0,measure,5,400.0,0.0,no_signal
8,r08_20260912_230136.jsonl,33,277.0,6.0,measure,2,400.0,0.0,no_signal
8,r08_20260912_230136.jsonl,34,283.0,6.0,measure,1,400.0,0.0,no_signal
8,r08_20260912_230136.jsonl,35,289.0,6.0,measure,3,400.0,0.0,direction
8,r08_20260912_230136.jsonl,36,295.0,6.0,measure,4,400.0,0.0,direction
8,r08_20260912_230136.jsonl,37,381.0,86.0,measure,5,200.0,346.41,no_signal
8,r08_20260912_230136.jsonl,38,387.0,6.0,measure,2,200.0,346.41,direction
8,r08_20260912_230136.jsonl,39,393.0,6.0,measure,1,200.0,346.41,no_signal
8,r08_20260912_230136.jsonl,40,399.0,6.0,measure,8,200.0,346.41,no_signal
8,r08_20260912_230136.jsonl,41,405.0,6.0,measure,9,200.0,346.41,no_signal
8,r08_20260912_230136.jsonl,42,411.0,6.0,measure,11,200.0,346.41,no_signal
8,r08_20260912_230136.jsonl,43,417.0,6.0,measure,12,200.0,346.41,no_signal
8,r08_20260912_230136.jsonl,44,423.0,6.0,measure,13,200.0,346.41,no_signal
8,r08_20260912_230136.jsonl,45,429.0,6.0,measure,14,200.0,346.41,no_signal
8,r08_20260912_230136.jsonl,46,435.0,6.0,measure,15,200.0,346.41,no_signal
8,r08_20260912_230136.jsonl,47,441.0,6.0,measure,19,200.0,346.41,no_signal
8,r08_20260912_230136.jsonl,48,447.0,6.0,measure,10,200.0,346.41,direction
8,r08_20260912_230136.jsonl,49,453.0,6.0,measure,17,200.0,346.41,direction
8,r08_20260912_230136.jsonl,50,539.0,86.0,measure,15,-200.0,346.41,no_signal
8,r08_20260912_230136.jsonl,51,545.0,6.0,measure,19,-200.0,346.41,no_signal
8,r08_20260912_230136.jsonl,52,551.0,6.0,measure,14,-200.0,346.41,no_signal
8,r08_20260912_230136.jsonl,53,557.0,6.0,measure,13,-200.0,346.41,no_signal
8,r08_20260912_230136.jsonl,54,563.0,6.0,measure,12,-200.0,346.41,no_signal
8,r08_20260912_230136.jsonl,55,569.0,6.0,measure,11,-200.0,346.41,no_signal
8,r08_20260912_230136.jsonl,56,575.0,6.0,measure,9,-200.0,346.41,no_signal
8,r08_20260912_230136.jsonl,57,581.0,6.0,measure,8,-200.0,346.41,no_signal
8,r08_20260912_230136.jsonl,58,587.0,6.0,measure,5,-200.0,346.41,direction
8,r08_20260912_230136.jsonl,59,593.0,6.0,measure,1,-200.0,346.41,no_signal
8,r08_20260912_230136.jsonl,60,599.0,6.0,measure,20,-200.0,346.41,direction
8,r08_20260912_230136.jsonl,61,605.0,6.0,measure,18,-200.0,346.41,direction
8,r08_20260912_230136.jsonl,62,670.986,65.986,clear,18,81.873,230.087,success
8,r08_20260912_230136.jsonl,63,783.784,112.797,measure,19,-400.0,0.0,no_signal
8,r08_20260912_230136.jsonl,64,789.784,6.0,measure,15,-400.0,0.0,no_signal
8,r08_20260912_230136.jsonl,65,795.784,6.0,measure,14,-400.0,0.0,no_signal
8,r08_20260912_230136.jsonl,66,801.784,6.0,measure,13,-400.0,0.0,no_signal
8,r08_20260912_230136.jsonl,67,807.784,6.0,measure,12,-400.0,0.0,no_signal
8,r08_20260912_230136.jsonl,68,813.784,6.0,measure,11,-400.0,0.0,no_signal
8,r08_20260912_230136.jsonl,69,819.784,6.0,measure,9,-400.0,0.0,no_signal
8,r08_20260912_230136.jsonl,70,825.784,6.0,measure,8,-400.0,0.0,no_signal
8,r08_20260912_230136.jsonl,71,831.784,6.0,measure,1,-400.0,0.0,no_signal
8,r08_20260912_230136.jsonl,72,837.784,6.0,measure,7,-400.0,0.0,no_signal
8,r08_20260912_230136.jsonl,73,843.784,6.0,measure,5,-400.0,0.0,no_signal
8,r08_20260912_230136.jsonl,74,929.784,86.0,measure,8,-200.0,-346.41,no_signal
8,r08_20260912_230136.jsonl,75,935.784,6.0,measure,1,-200.0,-346.41,no_signal
8,r08_20260912_230136.jsonl,76,941.784,6.0,measure,9,-200.0,-346.41,no_signal
8,r08_20260912_230136.jsonl,77,947.784,6.0,measure,11,-200.0,-346.41,no_signal
8,r08_20260912_230136.jsonl,78,953.784,6.0,measure,12,-200.0,-346.41,no_signal
8,r08_20260912_230136.jsonl,79,959.784,6.0,measure,13,-200.0,-346.41,no_signal
8,r08_20260912_230136.jsonl,80,965.784,6.0,measure,14,-200.0,-346.41,no_signal
8,r08_20260912_230136.jsonl,81,971.784,6.0,measure,15,-200.0,-346.41,no_signal
8,r08_20260912_230136.jsonl,82,977.784,6.0,measure,19,-200.0,-346.41,no_signal
8,r08_20260912_230136.jsonl,83,983.784,6.0,measure,7,-200.0,-346.41,direction
8,r08_20260912_230136.jsonl,84,989.784,6.0,measure,4,-200.0,-346.41,direction
8,r08_20260912_230136.jsonl,85,1075.784,86.0,measure,1,200.0,-346.41,no_signal
8,r08_20260912_230136.jsonl,86,1081.784,6.0,measure,8,200.0,-346.41,no_signal
8,r08_20260912_230136.jsonl,87,1087.784,6.0,measure,9,200.0,-346.41,no_signal
8,r08_20260912_230136.jsonl,88,1093.784,6.0,measure,11,200.0,-346.41,no_signal
8,r08_20260912_230136.jsonl,89,1099.784,6.0,measure,12,200.0,-346.41,no_signal
8,r08_20260912_230136.jsonl,90,1105.784,6.0,measure,13,200.0,-346.41,no_signal
8,r08_20260912_230136.jsonl,91,1111.784,6.0,measure,14,200.0,-346.41,no_signal
8,r08_20260912_230136.jsonl,92,1117.784,6.0,measure,15,200.0,-346.41,no_signal
8,r08_20260912_230136.jsonl,93,1123.784,6.0,measure,19,200.0,-346.41,no_signal
8,r08_20260912_230136.jsonl,94,1129.784,6.0,measure,16,200.0,-346.41,direction
8,r08_20260912_230136.jsonl,95,1135.784,6.0,measure,6,200.0,-346.41,no_signal
8,r08_20260912_230136.jsonl,96,1300.355,164.572,measure,4,570.189,-1047.54,direction
8,r08_20260912_230136.jsonl,97,1307.132,6.776,clear,4,578.02,-1043.348,success
8,r08_20260912_230136.jsonl,98,1385.749,78.618,measure,1,919.239,-919.239,no_signal
8,r08_20260912_230136.jsonl,99,1391.749,6.0,measure,8,919.239,-919.239,no_signal
8,r08_20260912_230136.jsonl,100,1397.749,6.0,measure,9,919.239,-919.239,no_signal
8,r08_20260912_230136.jsonl,101,1403.749,6.0,measure,11,919.239,-919.239,no_signal
8,r08_20260912_230136.jsonl,102,1409.749,6.0,measure,12,919.239,-919.239,no_signal
8,r08_20260912_230136.jsonl,103,1415.749,6.0,measure,13,919.239,-919.239,no_signal
8,r08_20260912_230136.jsonl,104,1421.749,6.0,measure,14,919.239,-919.239,direction
8,r08_20260912_230136.jsonl,105,1427.749,6.0,measure,15,919.239,-919.239,no_signal
8,r08_20260912_230136.jsonl,106,1433.749,6.0,measure,19,919.239,-919.239,direction
8,r08_20260912_230136.jsonl,107,1438.749,5.0,measure,19,919.239,-919.239,direction
8,r08_20260912_230136.jsonl,108,1444.749,6.0,measure,6,919.239,-919.239,direction
8,r08_20260912_230136.jsonl,109,1596.121,151.372,measure,8,1645.448,-950.0,no_signal
8,r08_20260912_230136.jsonl,110,1602.121,6.0,measure,9,1645.448,-950.0,no_signal
8,r08_20260912_230136.jsonl,111,1608.121,6.0,measure,1,1645.448,-950.0,no_signal
8,r08_20260912_230136.jsonl,112,1614.121,6.0,measure,11,1645.448,-950.0,no_signal
8,r08_20260912_230136.jsonl,113,1620.121,6.0,measure,12,1645.448,-950.0,no_signal
8,r08_20260912_230136.jsonl,114,1626.121,6.0,measure,13,1645.448,-950.0,no_signal
8,r08_20260912_230136.jsonl,115,1632.121,6.0,measure,15,1645.448,-950.0,no_signal
8,r08_20260912_230136.jsonl,116,1638.121,6.0,measure,19,1645.448,-950.0,direction
8,r08_20260912_230136.jsonl,117,1644.121,6.0,measure,14,1645.448,-950.0,direction
8,r08_20260912_230136.jsonl,118,1684.259,40.137,clear,14,1499.285,-852.521,success
8,r08_20260912_230136.jsonl,119,1818.916,134.657,measure,19,1141.16,-318.139,direction
8,r08_20260912_230136.jsonl,120,1825.291,6.375,clear,19,1146.822,-314.237,success
8,r08_20260912_230136.jsonl,121,1901.208,75.917,measure,15,1300.0,0.0,no_signal
8,r08_20260912_230136.jsonl,122,1907.208,6.0,measure,13,1300.0,0.0,no_signal
8,r08_20260912_230136.jsonl,123,1913.208,6.0,measure,12,1300.0,0.0,no_signal
8,r08_20260912_230136.jsonl,124,1919.208,6.0,measure,11,1300.0,0.0,direction
8,r08_20260912_230136.jsonl,125,1925.208,6.0,measure,9,1300.0,0.0,no_signal
8,r08_20260912_230136.jsonl,126,1931.208,6.0,measure,8,1300.0,0.0,no_signal
8,r08_20260912_230136.jsonl,127,1937.208,6.0,measure,1,1300.0,0.0,no_signal
8,r08_20260912_230136.jsonl,128,1943.208,6.0,measure,11,1300.0,0.0,direction
8,r08_20260912_230136.jsonl,129,1949.208,6.0,measure,16,1300.0,0.0,direction
8,r08_20260912_230136.jsonl,130,2019.806,70.598,clear,16,1325.651,-326.987,success
8,r08_20260912_230136.jsonl,131,2157.988,138.181,measure,15,1900.0,0.0,no_signal
8,r08_20260912_230136.jsonl,132,2163.988,6.0,measure,13,1900.0,0.0,no_signal
8,r08_20260912_230136.jsonl,133,2169.988,6.0,measure,12,1900.0,0.0,no_signal
8,r08_20260912_230136.jsonl,134,2175.988,6.0,measure,9,1900.0,0.0,no_signal
8,r08_20260912_230136.jsonl,135,2181.988,6.0,measure,8,1900.0,0.0,no_signal
8,r08_20260912_230136.jsonl,136,2187.988,6.0,measure,1,1900.0,0.0,no_signal
8,r08_20260912_230136.jsonl,137,2193.988,6.0,measure,11,1900.0,0.0,direction
8,r08_20260912_230136.jsonl,138,2246.281,52.293,clear,11,1740.416,-174.498,success
8,r08_20260912_230136.jsonl,139,2299.574,53.293,measure,17,1900.0,0.0,direction
8,r08_20260912_230136.jsonl,140,2380.002,80.428,measure,6,1584.206,196.882,direction
8,r08_20260912_230136.jsonl,141,2398.492,18.49,measure,6,1525.94,162.905,direction
8,r08_20260912_230136.jsonl,142,2412.81,14.317,measure,6,1558.882,129.963,direction
8,r08_20260912_230136.jsonl,143,2437.577,24.768,clear,6,1613.182,212.551,success
8,r08_20260912_230136.jsonl,144,2591.208,153.631,measure,8,1645.448,950.0,no_signal
8,r08_20260912_230136.jsonl,145,2597.208,6.0,measure,9,1645.448,950.0,direction
8,r08_20260912_230136.jsonl,146,2603.208,6.0,measure,1,1645.448,950.0,no_signal
8,r08_20260912_230136.jsonl,147,2609.208,6.0,measure,12,1645.448,950.0,no_signal
8,r08_20260912_230136.jsonl,148,2615.208,6.0,measure,13,1645.448,950.0,no_signal
8,r08_20260912_230136.jsonl,149,2621.208,6.0,measure,15,1645.448,950.0,no_signal
8,r08_20260912_230136.jsonl,150,2627.208,6.0,measure,2,1645.448,950.0,direction
8,r08_20260912_230136.jsonl,151,2633.208,6.0,measure,9,1645.448,950.0,direction
8,r08_20260912_230136.jsonl,152,2784.58,151.372,measure,8,919.239,919.239,no_signal
8,r08_20260912_230136.jsonl,153,2790.58,6.0,measure,12,919.239,919.239,no_signal
8,r08_20260912_230136.jsonl,154,2796.58,6.0,measure,13,919.239,919.239,no_signal
8,r08_20260912_230136.jsonl,155,2802.58,6.0,measure,15,919.239,919.239,no_signal
8,r08_20260912_230136.jsonl,156,2808.58,6.0,measure,1,919.239,919.239,no_signal
8,r08_20260912_230136.jsonl,157,2814.58,6.0,measure,9,919.239,919.239,direction
8,r08_20260912_230136.jsonl,158,2820.58,6.0,measure,10,919.239,919.239,no_signal
8,r08_20260912_230136.jsonl,159,2889.571,68.991,measure,2,828.003,1220.688,near
8,r08_20260912_230136.jsonl,160,2894.571,5.0,clear,2,828.003,1220.688,success
8,r08_20260912_230136.jsonl,161,2897.571,3.0,clear,2,828.003,1220.688,no_target_in_range
8,r08_20260912_230136.jsonl,162,2991.958,94.386,measure,1,950.0,1645.448,no_signal
8,r08_20260912_230136.jsonl,163,2997.958,6.0,measure,8,950.0,1645.448,no_signal
8,r08_20260912_230136.jsonl,164,3003.958,6.0,measure,12,950.0,1645.448,no_signal
8,r08_20260912_230136.jsonl,165,3009.958,6.0,measure,13,950.0,1645.448,no_signal
8,r08_20260912_230136.jsonl,166,3015.958,6.0,measure,15,950.0,1645.448,no_signal
8,r08_20260912_230136.jsonl,167,3021.958,6.0,measure,9,950.0,1645.448,direction
8,r08_20260912_230136.jsonl,168,3027.958,6.0,measure,10,950.0,1645.448,no_signal
8,r08_20260912_230136.jsonl,169,3230.66,202.702,measure,8,0.0,1900.0,no_signal
8,r08_20260912_230136.jsonl,170,3236.66,6.0,measure,12,0.0,1900.0,no_signal
8,r08_20260912_230136.jsonl,171,3242.66,6.0,measure,13,0.0,1900.0,no_signal
8,r08_20260912_230136.jsonl,172,3248.66,6.0,measure,15,0.0,1900.0,no_signal
8,r08_20260912_230136.jsonl,173,3254.66,6.0,measure,1,0.0,1900.0,no_signal
8,r08_20260912_230136.jsonl,174,3260.66,6.0,measure,5,0.0,1900.0,direction
8,r08_20260912_230136.jsonl,175,3266.66,6.0,measure,9,0.0,1900.0,direction
8,r08_20260912_230136.jsonl,176,3392.66,126.0,measure,8,0.0,1300.0,no_signal
8,r08_20260912_230136.jsonl,177,3398.66,6.0,measure,12,0.0,1300.0,no_signal
8,r08_20260912_230136.jsonl,178,3404.66,6.0,measure,13,0.0,1300.0,no_signal
8,r08_20260912_230136.jsonl,179,3410.66,6.0,measure,15,0.0,1300.0,no_signal
8,r08_20260912_230136.jsonl,180,3416.66,6.0,measure,1,0.0,1300.0,no_signal
8,r08_20260912_230136.jsonl,181,3422.66,6.0,measure,10,0.0,1300.0,no_signal
8,r08_20260912_230136.jsonl,182,3428.66,6.0,measure,5,0.0,1300.0,direction
8,r08_20260912_230136.jsonl,183,3561.993,133.333,measure,9,418.206,819.95,direction
8,r08_20260912_230136.jsonl,184,3568.06,6.066,clear,9,422.935,817.489,success
8,r08_20260912_230136.jsonl,185,3843.265,275.205,measure,8,-919.239,919.239,no_signal
8,r08_20260912_230136.jsonl,186,3849.265,6.0,measure,12,-919.239,919.239,no_signal
8,r08_20260912_230136.jsonl,187,3855.265,6.0,measure,13,-919.239,919.239,no_signal
8,r08_20260912_230136.jsonl,188,3861.265,6.0,measure,15,-919.239,919.239,no_signal
8,r08_20260912_230136.jsonl,189,3867.265,6.0,measure,1,-919.239,919.239,no_signal
8,r08_20260912_230136.jsonl,190,3873.265,6.0,measure,20,-919.239,919.239,no_signal
8,r08_20260912_230136.jsonl,191,3879.265,6.0,measure,5,-919.239,919.239,direction
8,r08_20260912_230136.jsonl,192,3978.053,98.788,clear,5,-817.811,1377.078,success
8,r08_20260912_230136.jsonl,193,4043.884,65.832,measure,8,-950.0,1645.448,no_signal
8,r08_20260912_230136.jsonl,194,4049.884,6.0,measure,1,-950.0,1645.448,no_signal
8,r08_20260912_230136.jsonl,195,4055.884,6.0,measure,12,-950.0,1645.448,no_signal
8,r08_20260912_230136.jsonl,196,4061.884,6.0,measure,13,-950.0,1645.448,no_signal
8,r08_20260912_230136.jsonl,197,4067.884,6.0,measure,15,-950.0,1645.448,no_signal
8,r08_20260912_230136.jsonl,198,4269.587,201.702,measure,15,-1645.448,950.0,no_signal
8,r08_20260912_230136.jsonl,199,4275.587,6.0,measure,13,-1645.448,950.0,no_signal
8,r08_20260912_230136.jsonl,200,4281.587,6.0,measure,12,-1645.448,950.0,no_signal
8,r08_20260912_230136.jsonl,201,4287.587,6.0,measure,8,-1645.448,950.0,no_signal
8,r08_20260912_230136.jsonl,202,4293.587,6.0,measure,1,-1645.448,950.0,no_signal
8,r08_20260912_230136.jsonl,203,4299.587,6.0,measure,20,-1645.448,950.0,no_signal
8,r08_20260912_230136.jsonl,204,4507.758,208.172,measure,15,-1300.0,0.0,no_signal
8,r08_20260912_230136.jsonl,205,4513.758,6.0,measure,13,-1300.0,0.0,no_signal
8,r08_20260912_230136.jsonl,206,4519.758,6.0,measure,12,-1300.0,0.0,no_signal
8,r08_20260912_230136.jsonl,207,4525.758,6.0,measure,8,-1300.0,0.0,no_signal
8,r08_20260912_230136.jsonl,208,4531.758,6.0,measure,1,-1300.0,0.0,no_signal
8,r08_20260912_230136.jsonl,209,4537.758,6.0,measure,20,-1300.0,0.0,direction
8,r08_20260912_230136.jsonl,210,4592.942,55.183,clear,20,-1369.474,241.106,success
8,r08_20260912_230136.jsonl,211,4715.49,122.549,measure,15,-1900.0,0.0,no_signal
8,r08_20260912_230136.jsonl,212,4721.49,6.0,measure,13,-1900.0,0.0,no_signal
8,r08_20260912_230136.jsonl,213,4727.49,6.0,measure,12,-1900.0,0.0,no_signal
8,r08_20260912_230136.jsonl,214,4733.49,6.0,measure,8,-1900.0,0.0,no_signal
8,r08_20260912_230136.jsonl,215,4739.49,6.0,measure,1,-1900.0,0.0,no_signal
8,r08_20260912_230136.jsonl,216,4941.193,201.702,measure,1,-1645.448,-950.0,no_signal
8,r08_20260912_230136.jsonl,217,4947.193,6.0,measure,8,-1645.448,-950.0,no_signal
8,r08_20260912_230136.jsonl,218,4953.193,6.0,measure,12,-1645.448,-950.0,no_signal
8,r08_20260912_230136.jsonl,219,4959.193,6.0,measure,13,-1645.448,-950.0,no_signal
8,r08_20260912_230136.jsonl,220,4965.193,6.0,measure,15,-1645.448,-950.0,no_signal
8,r08_20260912_230136.jsonl,221,5115.565,150.372,measure,15,-919.239,-919.239,no_signal
8,r08_20260912_230136.jsonl,222,5121.565,6.0,measure,13,-919.239,-919.239,no_signal
8,r08_20260912_230136.jsonl,223,5127.565,6.0,measure,12,-919.239,-919.239,no_signal
8,r08_20260912_230136.jsonl,224,5133.565,6.0,measure,8,-919.239,-919.239,no_signal
8,r08_20260912_230136.jsonl,225,5139.565,6.0,measure,1,-919.239,-919.239,no_signal
8,r08_20260912_230136.jsonl,226,5289.937,150.372,measure,1,-950.0,-1645.448,no_signal
8,r08_20260912_230136.jsonl,227,5295.937,6.0,measure,8,-950.0,-1645.448,no_signal
8,r08_20260912_230136.jsonl,228,5301.937,6.0,measure,12,-950.0,-1645.448,no_signal
8,r08_20260912_230136.jsonl,229,5307.937,6.0,measure,13,-950.0,-1645.448,no_signal
8,r08_20260912_230136.jsonl,230,5313.937,6.0,measure,15,-950.0,-1645.448,no_signal
8,r08_20260912_230136.jsonl,231,5521.109,207.172,measure,15,-0.0,-1300.0,no_signal
8,r08_20260912_230136.jsonl,232,5527.109,6.0,measure,13,-0.0,-1300.0,no_signal
8,r08_20260912_230136.jsonl,233,5533.109,6.0,measure,12,-0.0,-1300.0,no_signal
8,r08_20260912_230136.jsonl,234,5539.109,6.0,measure,8,-0.0,-1300.0,no_signal
8,r08_20260912_230136.jsonl,235,5545.109,6.0,measure,1,-0.0,-1300.0,no_signal
8,r08_20260912_230136.jsonl,236,5551.109,6.0,measure,7,-0.0,-1300.0,direction
8,r08_20260912_230136.jsonl,237,5557.109,6.0,measure,3,-0.0,-1300.0,direction
8,r08_20260912_230136.jsonl,238,5686.754,129.645,clear,3,445.852,-864.54,success
8,r08_20260912_230136.jsonl,239,5770.899,84.146,measure,7,597.019,-1224.842,no_signal
8,r08_20260912_230136.jsonl,240,5793.899,23.0,measure,7,552.019,-1146.9,direction
8,r08_20260912_230136.jsonl,241,5815.849,21.95,clear,7,581.307,-1226.426,success
8,r08_20260912_230136.jsonl,242,5933.476,117.627,measure,8,950.0,-1645.448,no_signal
8,r08_20260912_230136.jsonl,243,5939.476,6.0,measure,12,950.0,-1645.448,no_signal
8,r08_20260912_230136.jsonl,244,5945.476,6.0,measure,1,950.0,-1645.448,no_signal
8,r08_20260912_230136.jsonl,245,5951.476,6.0,measure,13,950.0,-1645.448,no_signal
8,r08_20260912_230136.jsonl,246,5957.476,6.0,measure,15,950.0,-1645.448,no_signal
8,r08_20260912_230136.jsonl,247,6159.178,201.702,measure,15,-0.0,-1900.0,no_signal
8,r08_20260912_230136.jsonl,248,6165.178,6.0,measure,13,-0.0,-1900.0,no_signal
8,r08_20260912_230136.jsonl,249,6171.178,6.0,measure,12,-0.0,-1900.0,no_signal
8,r08_20260912_230136.jsonl,250,6177.178,6.0,measure,8,-0.0,-1900.0,no_signal
8,r08_20260912_230136.jsonl,251,6183.178,6.0,measure,1,-0.0,-1900.0,no_signal
8,r08_20260912_230136.jsonl,252,6635.259,452.081,measure,17,911.641,135.589,direction
8,r08_20260912_230136.jsonl,253,6653.036,17.777,measure,17,847.846,138.964,direction
8,r08_20260912_230136.jsonl,254,6677.977,24.94,clear,17,947.107,129.602,success
8,r08_20260912_230136.jsonl,255,6839.335,161.358,measure,10,971.75,906.002,direction
8,r08_20260912_230136.jsonl,256,6855.889,16.554,measure,10,932.26,863.837,direction
8,r08_20260912_230136.jsonl,257,6874.906,19.018,measure,10,909.087,929.983,no_signal
8,r08_20260912_230136.jsonl,258,6905.362,30.456,measure,10,999.087,839.983,direction
8,r08_20260912_230136.jsonl,259,6927.957,22.595,clear,10,997.388,927.94,success
8,r08_20260912_230136.jsonl,260,6927.957,0.0,exit,,,,
9,r09_20260912_230156.jsonl,0,0.0,0.0,enter,,,,
9,r09_20260912_230156.jsonl,1,5.0,5.0,measure,1,0.0,0.0,direction
9,r09_20260912_230156.jsonl,2,11.0,6.0,measure,2,0.0,0.0,no_signal
9,r09_20260912_230156.jsonl,3,17.0,6.0,measure,3,0.0,0.0,no_signal
9,r09_20260912_230156.jsonl,4,23.0,6.0,measure,4,0.0,0.0,direction
9,r09_20260912_230156.jsonl,5,29.0,6.0,measure,5,0.0,0.0,direction
9,r09_20260912_230156.jsonl,6,35.0,6.0,measure,6,0.0,0.0,no_signal
9,r09_20260912_230156.jsonl,7,41.0,6.0,measure,7,0.0,0.0,no_signal
9,r09_20260912_230156.jsonl,8,47.0,6.0,measure,8,0.0,0.0,no_signal
9,r09_20260912_230156.jsonl,9,53.0,6.0,measure,9,0.0,0.0,no_signal
9,r09_20260912_230156.jsonl,10,59.0,6.0,measure,10,0.0,0.0,no_signal
9,r09_20260912_230156.jsonl,11,65.0,6.0,measure,11,0.0,0.0,no_signal
9,r09_20260912_230156.jsonl,12,71.0,6.0,measure,12,0.0,0.0,no_signal
9,r09_20260912_230156.jsonl,13,77.0,6.0,measure,13,0.0,0.0,direction
9,r09_20260912_230156.jsonl,14,83.0,6.0,measure,14,0.0,0.0,direction
9,r09_20260912_230156.jsonl,15,89.0,6.0,measure,15,0.0,0.0,direction
9,r09_20260912_230156.jsonl,16,95.0,6.0,measure,16,0.0,0.0,direction
9,r09_20260912_230156.jsonl,17,101.0,6.0,measure,17,0.0,0.0,direction
9,r09_20260912_230156.jsonl,18,107.0,6.0,measure,18,0.0,0.0,no_signal
9,r09_20260912_230156.jsonl,19,113.0,6.0,measure,19,0.0,0.0,direction
9,r09_20260912_230156.jsonl,20,119.0,6.0,measure,20,0.0,0.0,no_signal
9,r09_20260912_230156.jsonl,21,204.0,85.0,measure,20,400.0,0.0,no_signal
9,r09_20260912_230156.jsonl,22,210.0,6.0,measure,18,400.0,0.0,no_signal
9,r09_20260912_230156.jsonl,23,216.0,6.0,measure,12,400.0,0.0,no_signal
9,r09_20260912_230156.jsonl,24,222.0,6.0,measure,11,400.0,0.0,no_signal
9,r09_20260912_230156.jsonl,25,228.0,6.0,measure,10,400.0,0.0,no_signal
9,r09_20260912_230156.jsonl,26,234.0,6.0,measure,9,400.0,0.0,no_signal
9,r09_20260912_230156.jsonl,27,240.0,6.0,measure,8,400.0,0.0,no_signal
9,r09_20260912_230156.jsonl,28,246.0,6.0,measure,7,400.0,0.0,no_signal
9,r09_20260912_230156.jsonl,29,252.0,6.0,measure,6,400.0,0.0,no_signal
9,r09_20260912_230156.jsonl,30,258.0,6.0,measure,3,400.0,0.0,no_signal
9,r09_20260912_230156.jsonl,31,264.0,6.0,measure,2,400.0,0.0,no_signal
9,r09_20260912_230156.jsonl,32,270.0,6.0,measure,19,400.0,0.0,direction
9,r09_20260912_230156.jsonl,33,276.0,6.0,measure,17,400.0,0.0,direction
9,r09_20260912_230156.jsonl,34,362.0,86.0,measure,18,200.0,-346.41,no_signal
9,r09_20260912_230156.jsonl,35,368.0,6.0,measure,20,200.0,-346.41,direction
9,r09_20260912_230156.jsonl,36,374.0,6.0,measure,12,200.0,-346.41,no_signal
9,r09_20260912_230156.jsonl,37,380.0,6.0,measure,11,200.0,-346.41,no_signal
9,r09_20260912_230156.jsonl,38,386.0,6.0,measure,10,200.0,-346.41,no_signal
9,r09_20260912_230156.jsonl,39,392.0,6.0,measure,9,200.0,-346.41,no_signal
9,r09_20260912_230156.jsonl,40,398.0,6.0,measure,8,200.0,-346.41,no_signal
9,r09_20260912_230156.jsonl,41,404.0,6.0,measure,7,200.0,-346.41,no_signal
9,r09_20260912_230156.jsonl,42,410.0,6.0,measure,6,200.0,-346.41,no_signal
9,r09_20260912_230156.jsonl,43,416.0,6.0,measure,3,200.0,-346.41,no_signal
9,r09_20260912_230156.jsonl,44,422.0,6.0,measure,2,200.0,-346.41,no_signal
9,r09_20260912_230156.jsonl,45,428.0,6.0,measure,1,200.0,-346.41,direction
9,r09_20260912_230156.jsonl,46,434.0,6.0,measure,16,200.0,-346.41,direction
9,r09_20260912_230156.jsonl,47,472.11,38.11,measure,1,131.765,-201.083,direction
9,r09_20260912_230156.jsonl,48,490.429,18.319,measure,1,97.865,-143.763,direction
9,r09_20260912_230156.jsonl,49,504.746,14.317,measure,1,142.865,-131.705,direction
9,r09_20260912_230156.jsonl,50,527.414,22.668,clear,1,141.802,-220.039,success
9,r09_20260912_230156.jsonl,51,606.297,78.883,measure,2,-200.0,-346.41,no_signal
9,r09_20260912_230156.jsonl,52,612.297,6.0,measure,3,-200.0,-346.41,no_signal
9,r09_20260912_230156.jsonl,53,618.297,6.0,measure,6,-200.0,-346.41,no_signal
9,r09_20260912_230156.jsonl,54,624.297,6.0,measure,7,-200.0,-346.41,no_signal
9,r09_20260912_230156.jsonl,55,630.297,6.0,measure,8,-200.0,-346.41,no_signal
9,r09_20260912_230156.jsonl,56,636.297,6.0,measure,9,-200.0,-346.41,no_signal
9,r09_20260912_230156.jsonl,57,642.297,6.0,measure,10,-200.0,-346.41,no_signal
9,r09_20260912_230156.jsonl,58,648.297,6.0,measure,11,-200.0,-346.41,no_signal
9,r09_20260912_230156.jsonl,59,654.297,6.0,measure,12,-200.0,-346.41,no_signal
9,r09_20260912_230156.jsonl,60,660.297,6.0,measure,18,-200.0,-346.41,no_signal
9,r09_20260912_230156.jsonl,61,666.297,6.0,measure,5,-200.0,-346.41,no_signal
9,r09_20260912_230156.jsonl,62,672.297,6.0,measure,4,-200.0,-346.41,direction
9,r09_20260912_230156.jsonl,63,742.477,70.179,measure,16,-510.457,-265.223,direction
9,r09_20260912_230156.jsonl,64,749.758,7.282,clear,16,-499.049,-265.106,success
9,r09_20260912_230156.jsonl,65,812.359,62.601,measure,18,-400.0,0.0,no_signal
9,r09_20260912_230156.jsonl,66,818.359,6.0,measure,12,-400.0,0.0,no_signal
9,r09_20260912_230156.jsonl,67,824.359,6.0,measure,11,-400.0,0.0,no_signal
9,r09_20260912_230156.jsonl,68,830.359,6.0,measure,10,-400.0,0.0,no_signal
9,r09_20260912_230156.jsonl,69,836.359,6.0,measure,9,-400.0,0.0,no_signal
9,r09_20260912_230156.jsonl,70,842.359,6.0,measure,8,-400.0,0.0,no_signal
9,r09_20260912_230156.jsonl,71,848.359,6.0,measure,7,-400.0,0.0,no_signal
9,r09_20260912_230156.jsonl,72,854.359,6.0,measure,6,-400.0,0.0,no_signal
9,r09_20260912_230156.jsonl,73,860.359,6.0,measure,3,-400.0,0.0,direction
9,r09_20260912_230156.jsonl,74,866.359,6.0,measure,2,-400.0,0.0,no_signal
9,r09_20260912_230156.jsonl,75,872.359,6.0,measure,3,-400.0,0.0,direction
9,r09_20260912_230156.jsonl,76,878.359,6.0,measure,15,-400.0,0.0,no_signal
9,r09_20260912_230156.jsonl,77,964.359,86.0,measure,12,-200.0,346.41,no_signal
9,r09_20260912_230156.jsonl,78,970.359,6.0,measure,18,-200.0,346.41,no_signal
9,r09_20260912_230156.jsonl,79,976.359,6.0,measure,11,-200.0,346.41,no_signal
9,r09_20260912_230156.jsonl,80,982.359,6.0,measure,10,-200.0,346.41,no_signal
9,r09_20260912_230156.jsonl,81,988.359,6.0,measure,9,-200.0,346.41,no_signal
9,r09_20260912_230156.jsonl,82,994.359,6.0,measure,8,-200.0,346.41,no_signal
9,r09_20260912_230156.jsonl,83,1000.359,6.0,measure,7,-200.0,346.41,no_signal
9,r09_20260912_230156.jsonl,84,1006.359,6.0,measure,6,-200.0,346.41,no_signal
9,r09_20260912_230156.jsonl,85,1012.359,6.0,measure,2,-200.0,346.41,no_signal
9,r09_20260912_230156.jsonl,86,1018.359,6.0,measure,14,-200.0,346.41,direction
9,r09_20260912_230156.jsonl,87,1024.359,6.0,measure,13,-200.0,346.41,no_signal
9,r09_20260912_230156.jsonl,88,1110.359,86.0,measure,12,200.0,346.41,no_signal
9,r09_20260912_230156.jsonl,89,1116.359,6.0,measure,11,200.0,346.41,direction
9,r09_20260912_230156.jsonl,90,1122.359,6.0,measure,10,200.0,346.41,no_signal
9,r09_20260912_230156.jsonl,91,1128.359,6.0,measure,9,200.0,346.41,no_signal
9,r09_20260912_230156.jsonl,92,1134.359,6.0,measure,8,200.0,346.41,no_signal
9,r09_20260912_230156.jsonl,93,1140.359,6.0,measure,18,200.0,346.41,no_signal
9,r09_20260912_230156.jsonl,94,1146.359,6.0,measure,7,200.0,346.41,no_signal
9,r09_20260912_230156.jsonl,95,1152.359,6.0,measure,6,200.0,346.41,no_signal
9,r09_20260912_230156.jsonl,96,1158.359,6.0,measure,2,200.0,346.41,no_signal
9,r09_20260912_230156.jsonl,97,1164.359,6.0,measure,5,200.0,346.41,direction
9,r09_20260912_230156.jsonl,98,1170.359,6.0,measure,13,200.0,346.41,direction
9,r09_20260912_230156.jsonl,99,1275.027,104.668,measure,17,690.161,290.506,direction
9,r09_20260912_230156.jsonl,100,1293.882,18.855,measure,17,633.411,250.774,direction
9,r09_20260912_230156.jsonl,101,1318.332,24.45,clear,17,711.265,309.053,success
9,r09_20260912_230156.jsonl,102,1453.263,134.931,measure,18,919.239,919.239,no_signal
9,r09_20260912_230156.jsonl,103,1459.263,6.0,measure,12,919.239,919.239,no_signal
9,r09_20260912_230156.jsonl,104,1465.263,6.0,measure,10,919.239,919.239,no_signal
9,r09_20260912_230156.jsonl,105,1471.263,6.0,measure,9,919.239,919.239,no_signal
9,r09_20260912_230156.jsonl,106,1477.263,6.0,measure,8,919.239,919.239,no_signal
9,r09_20260912_230156.jsonl,107,1483.263,6.0,measure,7,919.239,919.239,no_signal
9,r09_20260912_230156.jsonl,108,1489.263,6.0,measure,6,919.239,919.239,no_signal
9,r09_20260912_230156.jsonl,109,1495.263,6.0,measure,2,919.239,919.239,no_signal
9,r09_20260912_230156.jsonl,110,1501.263,6.0,measure,11,919.239,919.239,direction
9,r09_20260912_230156.jsonl,111,1507.263,6.0,measure,13,919.239,919.239,no_signal
9,r09_20260912_230156.jsonl,112,1592.826,85.562,measure,11,868.666,1313.822,direction
9,r09_20260912_230156.jsonl,113,1598.962,6.136,clear,11,872.311,1309.464,success
9,r09_20260912_230156.jsonl,114,1673.932,74.97,measure,10,950.0,1645.448,no_signal
9,r09_20260912_230156.jsonl,115,1679.932,6.0,measure,12,950.0,1645.448,no_signal
9,r09_20260912_230156.jsonl,116,1685.932,6.0,measure,9,950.0,1645.448,no_signal
9,r09_20260912_230156.jsonl,117,1691.932,6.0,measure,8,950.0,1645.448,no_signal
9,r09_20260912_230156.jsonl,118,1697.932,6.0,measure,7,950.0,1645.448,no_signal
9,r09_20260912_230156.jsonl,119,1703.932,6.0,measure,6,950.0,1645.448,no_signal
9,r09_20260912_230156.jsonl,120,1709.932,6.0,measure,18,950.0,1645.448,no_signal
9,r09_20260912_230156.jsonl,121,1715.932,6.0,measure,2,950.0,1645.448,no_signal
9,r09_20260912_230156.jsonl,122,1721.932,6.0,measure,14,950.0,1645.448,direction
9,r09_20260912_230156.jsonl,123,1924.634,202.702,measure,12,1645.448,950.0,no_signal
9,r09_20260912_230156.jsonl,124,1930.634,6.0,measure,10,1645.448,950.0,no_signal
9,r09_20260912_230156.jsonl,125,1936.634,6.0,measure,18,1645.448,950.0,no_signal
9,r09_20260912_230156.jsonl,126,1942.634,6.0,measure,9,1645.448,950.0,no_signal
9,r09_20260912_230156.jsonl,127,1948.634,6.0,measure,8,1645.448,950.0,direction
9,r09_20260912_230156.jsonl,128,1954.634,6.0,measure,7,1645.448,950.0,no_signal
9,r09_20260912_230156.jsonl,129,1960.634,6.0,measure,6,1645.448,950.0,no_signal
9,r09_20260912_230156.jsonl,130,1966.634,6.0,measure,2,1645.448,950.0,no_signal
9,r09_20260912_230156.jsonl,131,1972.634,6.0,measure,8,1645.448,950.0,direction
9,r09_20260912_230156.jsonl,132,1978.634,6.0,measure,13,1645.448,950.0,no_signal
9,r09_20260912_230156.jsonl,133,2145.648,167.014,measure,14,947.284,549.116,direction
9,r09_20260912_230156.jsonl,134,2152.648,6.999,clear,14,957.091,547.179,success
9,r09_20260912_230156.jsonl,135,2287.797,135.15,measure,12,1300.0,0.0,no_signal
9,r09_20260912_230156.jsonl,136,2293.797,6.0,measure,10,1300.0,0.0,no_signal
9,r09_20260912_230156.jsonl,137,2299.797,6.0,measure,18,1300.0,0.0,no_signal
9,r09_20260912_230156.jsonl,138,2305.797,6.0,measure,9,1300.0,0.0,no_signal
9,r09_20260912_230156.jsonl,139,2311.797,6.0,measure,7,1300.0,0.0,direction
9,r09_20260912_230156.jsonl,140,2317.797,6.0,measure,6,1300.0,0.0,no_signal
9,r09_20260912_230156.jsonl,141,2323.797,6.0,measure,2,1300.0,0.0,no_signal
9,r09_20260912_230156.jsonl,142,2329.797,6.0,measure,7,1300.0,0.0,direction
9,r09_20260912_230156.jsonl,143,2335.797,6.0,measure,8,1300.0,0.0,direction
9,r09_20260912_230156.jsonl,144,2427.077,91.28,clear,8,1731.116,-15.595,success
9,r09_20260912_230156.jsonl,145,2466.998,39.921,measure,9,1900.0,0.0,no_signal
9,r09_20260912_230156.jsonl,146,2472.998,6.0,measure,6,1900.0,0.0,no_signal
9,r09_20260912_230156.jsonl,147,2478.998,6.0,measure,10,1900.0,0.0,no_signal
9,r09_20260912_230156.jsonl,148,2484.998,6.0,measure,12,1900.0,0.0,no_signal
9,r09_20260912_230156.jsonl,149,2490.998,6.0,measure,2,1900.0,0.0,no_signal
9,r09_20260912_230156.jsonl,150,2496.998,6.0,measure,18,1900.0,0.0,no_signal
9,r09_20260912_230156.jsonl,151,2502.998,6.0,measure,13,1900.0,0.0,no_signal
9,r09_20260912_230156.jsonl,152,2508.998,6.0,measure,5,1900.0,0.0,direction
9,r09_20260912_230156.jsonl,153,2665.894,156.896,measure,5,1157.448,-159.468,direction
9,r09_20260912_230156.jsonl,154,2684.668,18.774,measure,5,1088.614,-161.723,direction
9,r09_20260912_230156.jsonl,155,2708.065,23.397,clear,5,1180.596,-162.055,success
9,r09_20260912_230156.jsonl,156,2897.034,188.969,measure,6,1645.448,-950.0,no_signal
9,r09_20260912_230156.jsonl,157,2903.034,6.0,measure,2,1645.448,-950.0,no_signal
9,r09_20260912_230156.jsonl,158,2909.034,6.0,measure,9,1645.448,-950.0,no_signal
9,r09_20260912_230156.jsonl,159,2915.034,6.0,measure,10,1645.448,-950.0,no_signal
9,r09_20260912_230156.jsonl,160,2921.034,6.0,measure,12,1645.448,-950.0,no_signal
9,r09_20260912_230156.jsonl,161,2927.034,6.0,measure,18,1645.448,-950.0,no_signal
9,r09_20260912_230156.jsonl,162,2933.034,6.0,measure,7,1645.448,-950.0,direction
9,r09_20260912_230156.jsonl,163,3084.406,151.372,measure,6,919.239,-919.239,no_signal
9,r09_20260912_230156.jsonl,164,3090.406,6.0,measure,9,919.239,-919.239,no_signal
9,r09_20260912_230156.jsonl,165,3096.406,6.0,measure,10,919.239,-919.239,no_signal
9,r09_20260912_230156.jsonl,166,3102.406,6.0,measure,2,919.239,-919.239,no_signal
9,r09_20260912_230156.jsonl,167,3108.406,6.0,measure,12,919.239,-919.239,no_signal
9,r09_20260912_230156.jsonl,168,3114.406,6.0,measure,18,919.239,-919.239,no_signal
9,r09_20260912_230156.jsonl,169,3120.406,6.0,measure,3,919.239,-919.239,no_signal
9,r09_20260912_230156.jsonl,170,3126.406,6.0,measure,20,919.239,-919.239,direction
9,r09_20260912_230156.jsonl,171,3191.73,65.324,measure,7,893.614,-1214.749,no_signal
9,r09_20260912_230156.jsonl,172,3200.881,9.151,measure,7,909.757,-1201.707,direction
9,r09_20260912_230156.jsonl,173,3218.695,17.814,measure,7,965.598,-1170.293,direction
9,r09_20260912_230156.jsonl,174,3232.985,14.291,measure,7,977.71,-1215.14,direction
9,r09_20260912_230156.jsonl,175,3253.21,20.225,clear,7,902.115,-1206.174,success
9,r09_20260912_230156.jsonl,176,3347.586,94.375,measure,6,950.0,-1645.448,no_signal
9,r09_20260912_230156.jsonl,177,3353.586,6.0,measure,9,950.0,-1645.448,no_signal
9,r09_20260912_230156.jsonl,178,3359.586,6.0,measure,10,950.0,-1645.448,no_signal
9,r09_20260912_230156.jsonl,179,3365.586,6.0,measure,2,950.0,-1645.448,no_signal
9,r09_20260912_230156.jsonl,180,3371.586,6.0,measure,12,950.0,-1645.448,no_signal
9,r09_20260912_230156.jsonl,181,3377.586,6.0,measure,18,950.0,-1645.448,no_signal
9,r09_20260912_230156.jsonl,182,3383.586,6.0,measure,4,950.0,-1645.448,direction
9,r09_20260912_230156.jsonl,183,3389.586,6.0,measure,20,950.0,-1645.448,direction
9,r09_20260912_230156.jsonl,184,3488.07,98.485,clear,20,498.59,-1524.146,success
9,r09_20260912_230156.jsonl,185,3603.402,115.331,measure,18,-0.0,-1300.0,no_signal
9,r09_20260912_230156.jsonl,186,3609.402,6.0,measure,12,-0.0,-1300.0,no_signal
9,r09_20260912_230156.jsonl,187,3615.402,6.0,measure,10,-0.0,-1300.0,no_signal
9,r09_20260912_230156.jsonl,188,3621.402,6.0,measure,9,-0.0,-1300.0,no_signal
9,r09_20260912_230156.jsonl,189,3627.402,6.0,measure,6,-0.0,-1300.0,no_signal
9,r09_20260912_230156.jsonl,190,3633.402,6.0,measure,2,-0.0,-1300.0,no_signal
9,r09_20260912_230156.jsonl,191,3639.402,6.0,measure,3,-0.0,-1300.0,no_signal
9,r09_20260912_230156.jsonl,192,3645.402,6.0,measure,4,-0.0,-1300.0,direction
9,r09_20260912_230156.jsonl,193,3746.782,101.381,clear,4,363.524,-983.644,success
9,r09_20260912_230156.jsonl,194,3949.948,203.166,measure,2,-0.0,-1900.0,no_signal
9,r09_20260912_230156.jsonl,195,3955.948,6.0,measure,6,-0.0,-1900.0,no_signal
9,r09_20260912_230156.jsonl,196,3961.948,6.0,measure,9,-0.0,-1900.0,no_signal
9,r09_20260912_230156.jsonl,197,3967.948,6.0,measure,10,-0.0,-1900.0,no_signal
9,r09_20260912_230156.jsonl,198,3973.948,6.0,measure,12,-0.0,-1900.0,no_signal
9,r09_20260912_230156.jsonl,199,3979.948,6.0,measure,18,-0.0,-1900.0,no_signal
9,r09_20260912_230156.jsonl,200,3985.948,6.0,measure,3,-0.0,-1900.0,no_signal
9,r09_20260912_230156.jsonl,201,3991.948,6.0,measure,19,-0.0,-1900.0,direction
9,r09_20260912_230156.jsonl,202,4194.651,202.702,measure,18,-950.0,-1645.448,no_signal
9,r09_20260912_230156.jsonl,203,4200.651,6.0,measure,12,-950.0,-1645.448,no_signal
9,r09_20260912_230156.jsonl,204,4206.651,6.0,measure,10,-950.0,-1645.448,no_signal
9,r09_20260912_230156.jsonl,205,4212.651,6.0,measure,9,-950.0,-1645.448,no_signal
9,r09_20260912_230156.jsonl,206,4218.651,6.0,measure,6,-950.0,-1645.448,no_signal
9,r09_20260912_230156.jsonl,207,4224.651,6.0,measure,2,-950.0,-1645.448,no_signal
9,r09_20260912_230156.jsonl,208,4230.651,6.0,measure,3,-950.0,-1645.448,no_signal
9,r09_20260912_230156.jsonl,209,4382.023,151.372,measure,2,-919.239,-919.239,no_signal
9,r09_20260912_230156.jsonl,210,4388.023,6.0,measure,6,-919.239,-919.239,no_signal
9,r09_20260912_230156.jsonl,211,4394.023,6.0,measure,9,-919.239,-919.239,no_signal
9,r09_20260912_230156.jsonl,212,4400.023,6.0,measure,10,-919.239,-919.239,no_signal
9,r09_20260912_230156.jsonl,213,4406.023,6.0,measure,12,-919.239,-919.239,no_signal
9,r09_20260912_230156.jsonl,214,4412.023,6.0,measure,18,-919.239,-919.239,no_signal
9,r09_20260912_230156.jsonl,215,4418.023,6.0,measure,3,-919.239,-919.239,direction
9,r09_20260912_230156.jsonl,216,4424.023,6.0,measure,19,-919.239,-919.239,direction
9,r09_20260912_230156.jsonl,217,4575.395,151.372,measure,18,-1645.448,-950.0,no_signal
9,r09_20260912_230156.jsonl,218,4581.395,6.0,measure,12,-1645.448,-950.0,no_signal
9,r09_20260912_230156.jsonl,219,4587.395,6.0,measure,10,-1645.448,-950.0,no_signal
9,r09_20260912_230156.jsonl,220,4593.395,6.0,measure,9,-1645.448,-950.0,no_signal
9,r09_20260912_230156.jsonl,221,4599.395,6.0,measure,6,-1645.448,-950.0,no_signal
9,r09_20260912_230156.jsonl,222,4605.395,6.0,measure,2,-1645.448,-950.0,no_signal
9,r09_20260912_230156.jsonl,223,4812.566,207.172,measure,2,-1300.0,0.0,no_signal
9,r09_20260912_230156.jsonl,224,4818.566,6.0,measure,6,-1300.0,0.0,no_signal
9,r09_20260912_230156.jsonl,225,4824.566,6.0,measure,9,-1300.0,0.0,no_signal
9,r09_20260912_230156.jsonl,226,4830.566,6.0,measure,10,-1300.0,0.0,no_signal
9,r09_20260912_230156.jsonl,227,4836.566,6.0,measure,12,-1300.0,0.0,no_signal
9,r09_20260912_230156.jsonl,228,4842.566,6.0,measure,18,-1300.0,0.0,no_signal
9,r09_20260912_230156.jsonl,229,4848.566,6.0,measure,15,-1300.0,0.0,no_signal
9,r09_20260912_230156.jsonl,230,4854.566,6.0,measure,3,-1300.0,0.0,direction
9,r09_20260912_230156.jsonl,231,5054.221,199.654,clear,3,-346.744,-196.364,success
9,r09_20260912_230156.jsonl,232,5177.759,123.539,measure,19,-81.193,-720.641,direction
9,r09_20260912_230156.jsonl,233,5183.996,6.237,clear,19,-87.375,-720.493,success
9,r09_20260912_230156.jsonl,234,5580.11,396.114,measure,18,-1900.0,0.0,no_signal
9,r09_20260912_230156.jsonl,235,5586.11,6.0,measure,12,-1900.0,0.0,no_signal
9,r09_20260912_230156.jsonl,236,5592.11,6.0,measure,10,-1900.0,0.0,no_signal
9,r09_20260912_230156.jsonl,237,5598.11,6.0,measure,9,-1900.0,0.0,no_signal
9,r09_20260912_230156.jsonl,238,5604.11,6.0,measure,6,-1900.0,0.0,no_signal
9,r09_20260912_230156.jsonl,239,5610.11,6.0,measure,2,-1900.0,0.0,no_signal
9,r09_20260912_230156.jsonl,240,5616.11,6.0,measure,15,-1900.0,0.0,no_signal
9,r09_20260912_230156.jsonl,241,5818.812,202.702,measure,12,-1645.448,950.0,no_signal
9,r09_20260912_230156.jsonl,242,5824.812,6.0,measure,18,-1645.448,950.0,no_signal
9,r09_20260912_230156.jsonl,243,5830.812,6.0,measure,10,-1645.448,950.0,direction
9,r09_20260912_230156.jsonl,244,5836.812,6.0,measure,9,-1645.448,950.0,no_signal
9,r09_20260912_230156.jsonl,245,5842.812,6.0,measure,6,-1645.448,950.0,direction
9,r09_20260912_230156.jsonl,246,5848.812,6.0,measure,2,-1645.448,950.0,no_signal
9,r09_20260912_230156.jsonl,247,5854.812,6.0,measure,15,-1645.448,950.0,no_signal
9,r09_20260912_230156.jsonl,248,5860.812,6.0,measure,6,-1645.448,950.0,direction
9,r09_20260912_230156.jsonl,249,6012.184,151.372,measure,9,-919.239,919.239,no_signal
9,r09_20260912_230156.jsonl,250,6018.184,6.0,measure,2,-919.239,919.239,no_signal
9,r09_20260912_230156.jsonl,251,6024.184,6.0,measure,12,-919.239,919.239,no_signal
9,r09_20260912_230156.jsonl,252,6030.184,6.0,measure,18,-919.239,919.239,no_signal
9,r09_20260912_230156.jsonl,253,6036.184,6.0,measure,15,-919.239,919.239,direction
9,r09_20260912_230156.jsonl,254,6042.184,6.0,measure,6,-919.239,919.239,no_signal
9,r09_20260912_230156.jsonl,255,6128.804,86.62,measure,15,-746.539,555.007,direction
9,r09_20260912_230156.jsonl,256,6147.013,18.208,measure,15,-778.219,612.954,direction
9,r09_20260912_230156.jsonl,257,6161.447,14.434,measure,15,-809.699,577.823,no_signal
9,r09_20260912_230156.jsonl,258,6184.447,23.0,measure,15,-731.756,622.823,direction
9,r09_20260912_230156.jsonl,259,6209.448,25.001,clear,15,-726.044,522.981,success
9,r09_20260912_230156.jsonl,260,6428.136,218.687,measure,12,0.0,1300.0,no_signal
9,r09_20260912_230156.jsonl,261,6434.136,6.0,measure,18,0.0,1300.0,no_signal
9,r09_20260912_230156.jsonl,262,6440.136,6.0,measure,9,0.0,1300.0,no_signal
9,r09_20260912_230156.jsonl,263,6446.136,6.0,measure,2,0.0,1300.0,no_signal
9,r09_20260912_230156.jsonl,264,6452.136,6.0,measure,10,0.0,1300.0,direction
9,r09_20260912_230156.jsonl,265,6578.136,126.0,measure,9,0.0,1900.0,no_signal
9,r09_20260912_230156.jsonl,266,6584.136,6.0,measure,12,0.0,1900.0,no_signal
9,r09_20260912_230156.jsonl,267,6590.136,6.0,measure,2,0.0,1900.0,no_signal
9,r09_20260912_230156.jsonl,268,6596.136,6.0,measure,18,0.0,1900.0,no_signal
9,r09_20260912_230156.jsonl,269,6602.136,6.0,measure,10,0.0,1900.0,direction
9,r09_20260912_230156.jsonl,270,6804.838,202.702,measure,9,-950.0,1645.448,no_signal
9,r09_20260912_230156.jsonl,271,6810.838,6.0,measure,12,-950.0,1645.448,no_signal
9,r09_20260912_230156.jsonl,272,6816.838,6.0,measure,2,-950.0,1645.448,no_signal
9,r09_20260912_230156.jsonl,273,6822.838,6.0,measure,18,-950.0,1645.448,no_signal
9,r09_20260912_230156.jsonl,274,6828.838,6.0,measure,10,-950.0,1645.448,direction
9,r09_20260912_230156.jsonl,275,6921.448,92.609,clear,10,-798.208,1234.541,success
9,r09_20260912_230156.jsonl,276,7132.068,210.621,measure,6,-1182.708,286.437,no_signal
9,r09_20260912_230156.jsonl,277,7206.074,74.006,measure,6,-1378.073,570.826,no_signal
9,r09_20260912_230156.jsonl,278,7226.078,20.004,measure,6,-1422.951,630.941,no_signal
9,r09_20260912_230156.jsonl,279,7238.245,12.167,measure,6,-1392.708,650.167,no_signal
9,r09_20260912_230156.jsonl,280,7277.45,39.205,measure,6,-1514.828,769.898,direction
9,r09_20260912_230156.jsonl,281,7307.982,30.532,measure,6,-1587.016,875.188,direction
9,r09_20260912_230156.jsonl,282,7888.819,580.838,measure,13,1232.904,319.302,no_signal
9,r09_20260912_230156.jsonl,283,7908.049,19.229,measure,13,1162.103,312.307,no_signal
9,r09_20260912_230156.jsonl,284,7941.507,33.458,measure,13,1303.706,326.296,no_signal
9,r09_20260912_230156.jsonl,285,7975.33,33.823,measure,13,1311.936,182.415,no_signal
9,r09_20260912_230156.jsonl,286,8041.401,66.071,measure,13,1232.904,477.365,no_signal
9,r09_20260912_230156.jsonl,287,8078.014,36.613,measure,13,1096.018,398.333,no_signal
9,r09_20260912_230156.jsonl,288,8114.626,36.612,measure,13,1232.904,319.302,no_signal
9,r09_20260912_230156.jsonl,289,8143.816,29.19,measure,13,1112.542,307.411,direction
9,r09_20260912_230156.jsonl,290,8154.294,10.478,measure,13,1086.236,299.784,direction
9,r09_20260912_230156.jsonl,291,8164.637,10.343,measure,13,1070.371,321.28,direction
9,r09_20260912_230156.jsonl,292,8180.521,15.884,clear,13,1123.781,310.84,success
9,r09_20260912_230156.jsonl,293,8642.254,461.733,measure,6,-1153.888,243.446,no_signal
9,r09_20260912_230156.jsonl,294,8711.085,68.83,measure,6,-973.418,-19.78,no_signal
9,r09_20260912_230156.jsonl,295,8787.264,76.179,measure,6,-733.888,243.446,no_signal
9,r09_20260912_230156.jsonl,296,8876.264,89.0,measure,6,-943.888,607.177,no_signal
9,r09_20260912_230156.jsonl,297,8912.037,35.773,measure,6,-1097.734,604.812,no_signal
9,r09_20260912_230156.jsonl,298,8933.274,21.237,measure,6,-1153.888,663.446,no_signal
9,r09_20260912_230156.jsonl,299,8981.756,48.482,measure,6,-1363.888,607.177,no_signal
9,r09_20260912_230156.jsonl,300,9012.356,30.6,measure,6,-1460.687,690.93,no_signal
9,r09_20260912_230156.jsonl,301,9106.718,94.362,measure,6,-1713.345,1059.446,direction
9,r09_20260912_230156.jsonl,302,9296.749,190.031,measure,6,-1190.406,296.264,no_signal
9,r09_20260912_230156.jsonl,303,9359.159,62.409,measure,6,-1028.195,59.446,no_signal
9,r09_20260912_230156.jsonl,304,9434.169,75.011,measure,6,-770.406,296.264,no_signal
9,r09_20260912_230156.jsonl,305,9584.662,150.492,measure,6,-1400.406,-67.467,no_signal
9,r09_20260912_230156.jsonl,306,9673.662,89.0,measure,6,-1610.406,296.264,no_signal
9,r09_20260912_230156.jsonl,307,9720.88,47.219,measure,6,-1636.367,505.755,no_signal
9,r09_20260912_230156.jsonl,308,9742.327,21.446,measure,6,-1554.137,506.264,no_signal
9,r09_20260912_230156.jsonl,309,9834.204,91.877,measure,6,-1224.205,788.814,no_signal
9,r09_20260912_230156.jsonl,310,9855.211,21.007,measure,6,-1190.406,716.264,no_signal
9,r09_20260912_230156.jsonl,311,9944.211,89.0,measure,6,-826.675,506.264,no_signal
9,r09_20260912_230156.jsonl,312,10033.211,89.0,measure,6,-826.675,86.264,no_signal
9,r09_20260912_230156.jsonl,313,10122.211,89.0,measure,6,-1190.406,-123.736,no_signal
9,r09_20260912_230156.jsonl,314,10122.211,0.0,exit,,,,
10,r10_20260912_230210.jsonl,0,0.0,0.0,enter,,,,
10,r10_20260912_230210.jsonl,1,5.0,5.0,measure,1,0.0,0.0,no_signal
10,r10_20260912_230210.jsonl,2,11.0,6.0,measure,2,0.0,0.0,no_signal
10,r10_20260912_230210.jsonl,3,17.0,6.0,measure,3,0.0,0.0,no_signal
10,r10_20260912_230210.jsonl,4,23.0,6.0,measure,4,0.0,0.0,direction
10,r10_20260912_230210.jsonl,5,29.0,6.0,measure,5,0.0,0.0,direction
10,r10_20260912_230210.jsonl,6,35.0,6.0,measure,6,0.0,0.0,no_signal
10,r10_20260912_230210.jsonl,7,41.0,6.0,measure,7,0.0,0.0,no_signal
10,r10_20260912_230210.jsonl,8,47.0,6.0,measure,8,0.0,0.0,no_signal
10,r10_20260912_230210.jsonl,9,53.0,6.0,measure,9,0.0,0.0,no_signal
10,r10_20260912_230210.jsonl,10,59.0,6.0,measure,10,0.0,0.0,no_signal
10,r10_20260912_230210.jsonl,11,65.0,6.0,measure,11,0.0,0.0,no_signal
10,r10_20260912_230210.jsonl,12,71.0,6.0,measure,12,0.0,0.0,no_signal
10,r10_20260912_230210.jsonl,13,77.0,6.0,measure,13,0.0,0.0,no_signal
10,r10_20260912_230210.jsonl,14,83.0,6.0,measure,14,0.0,0.0,direction
10,r10_20260912_230210.jsonl,15,89.0,6.0,measure,15,0.0,0.0,no_signal
10,r10_20260912_230210.jsonl,16,95.0,6.0,measure,16,0.0,0.0,no_signal
10,r10_20260912_230210.jsonl,17,101.0,6.0,measure,17,0.0,0.0,direction
10,r10_20260912_230210.jsonl,18,107.0,6.0,measure,18,0.0,0.0,no_signal
10,r10_20260912_230210.jsonl,19,113.0,6.0,measure,19,0.0,0.0,no_signal
10,r10_20260912_230210.jsonl,20,119.0,6.0,measure,20,0.0,0.0,no_signal
10,r10_20260912_230210.jsonl,21,204.0,85.0,measure,20,400.0,0.0,no_signal
10,r10_20260912_230210.jsonl,22,210.0,6.0,measure,19,400.0,0.0,no_signal
10,r10_20260912_230210.jsonl,23,216.0,6.0,measure,18,400.0,0.0,no_signal
10,r10_20260912_230210.jsonl,24,222.0,6.0,measure,16,400.0,0.0,no_signal
10,r10_20260912_230210.jsonl,25,228.0,6.0,measure,15,400.0,0.0,no_signal
10,r10_20260912_230210.jsonl,26,234.0,6.0,measure,13,400.0,0.0,no_signal
10,r10_20260912_230210.jsonl,27,240.0,6.0,measure,12,400.0,0.0,no_signal
10,r10_20260912_230210.jsonl,28,246.0,6.0,measure,11,400.0,0.0,no_signal
10,r10_20260912_230210.jsonl,29,252.0,6.0,measure,10,400.0,0.0,no_signal
10,r10_20260912_230210.jsonl,30,258.0,6.0,measure,9,400.0,0.0,no_signal
10,r10_20260912_230210.jsonl,31,264.0,6.0,measure,8,400.0,0.0,direction
10,r10_20260912_230210.jsonl,32,270.0,6.0,measure,7,400.0,0.0,no_signal
10,r10_20260912_230210.jsonl,33,276.0,6.0,measure,6,400.0,0.0,no_signal
10,r10_20260912_230210.jsonl,34,282.0,6.0,measure,3,400.0,0.0,no_signal
10,r10_20260912_230210.jsonl,35,288.0,6.0,measure,2,400.0,0.0,no_signal
10,r10_20260912_230210.jsonl,36,294.0,6.0,measure,1,400.0,0.0,no_signal
10,r10_20260912_230210.jsonl,37,300.0,6.0,measure,4,400.0,0.0,direction
10,r10_20260912_230210.jsonl,38,306.0,6.0,measure,5,400.0,0.0,direction
10,r10_20260912_230210.jsonl,39,392.0,86.0,measure,6,200.0,346.41,direction
10,r10_20260912_230210.jsonl,40,398.0,6.0,measure,3,200.0,346.41,no_signal
10,r10_20260912_230210.jsonl,41,404.0,6.0,measure,7,200.0,346.41,no_signal
10,r10_20260912_230210.jsonl,42,410.0,6.0,measure,2,200.0,346.41,no_signal
10,r10_20260912_230210.jsonl,43,416.0,6.0,measure,1,200.0,346.41,no_signal
10,r10_20260912_230210.jsonl,44,422.0,6.0,measure,9,200.0,346.41,direction
10,r10_20260912_230210.jsonl,45,428.0,6.0,measure,10,200.0,346.41,no_signal
10,r10_20260912_230210.jsonl,46,434.0,6.0,measure,11,200.0,346.41,no_signal
10,r10_20260912_230210.jsonl,47,440.0,6.0,measure,12,200.0,346.41,no_signal
10,r10_20260912_230210.jsonl,48,446.0,6.0,measure,13,200.0,346.41,no_signal
10,r10_20260912_230210.jsonl,49,452.0,6.0,measure,15,200.0,346.41,no_signal
10,r10_20260912_230210.jsonl,50,458.0,6.0,measure,16,200.0,346.41,direction
10,r10_20260912_230210.jsonl,51,464.0,6.0,measure,18,200.0,346.41,no_signal
10,r10_20260912_230210.jsonl,52,470.0,6.0,measure,19,200.0,346.41,no_signal
10,r10_20260912_230210.jsonl,53,476.0,6.0,measure,20,200.0,346.41,no_signal
10,r10_20260912_230210.jsonl,54,482.0,6.0,measure,9,200.0,346.41,direction
10,r10_20260912_230210.jsonl,55,488.0,6.0,measure,8,200.0,346.41,direction
10,r10_20260912_230210.jsonl,56,574.0,86.0,measure,7,-200.0,346.41,no_signal
10,r10_20260912_230210.jsonl,57,580.0,6.0,measure,10,-200.0,346.41,no_signal
10,r10_20260912_230210.jsonl,58,586.0,6.0,measure,11,-200.0,346.41,no_signal
10,r10_20260912_230210.jsonl,59,592.0,6.0,measure,12,-200.0,346.41,no_signal
10,r10_20260912_230210.jsonl,60,598.0,6.0,measure,3,-200.0,346.41,no_signal
10,r10_20260912_230210.jsonl,61,604.0,6.0,measure,13,-200.0,346.41,no_signal
10,r10_20260912_230210.jsonl,62,610.0,6.0,measure,2,-200.0,346.41,no_signal
10,r10_20260912_230210.jsonl,63,616.0,6.0,measure,1,-200.0,346.41,no_signal
10,r10_20260912_230210.jsonl,64,622.0,6.0,measure,15,-200.0,346.41,no_signal
10,r10_20260912_230210.jsonl,65,628.0,6.0,measure,18,-200.0,346.41,no_signal
10,r10_20260912_230210.jsonl,66,634.0,6.0,measure,19,-200.0,346.41,no_signal
10,r10_20260912_230210.jsonl,67,640.0,6.0,measure,20,-200.0,346.41,no_signal
10,r10_20260912_230210.jsonl,68,646.0,6.0,measure,14,-200.0,346.41,direction
10,r10_20260912_230210.jsonl,69,652.0,6.0,measure,9,-200.0,346.41,direction
10,r10_20260912_230210.jsonl,70,738.0,86.0,measure,10,-400.0,0.0,no_signal
10,r10_20260912_230210.jsonl,71,744.0,6.0,measure,7,-400.0,0.0,no_signal
10,r10_20260912_230210.jsonl,72,750.0,6.0,measure,11,-400.0,0.0,no_signal
10,r10_20260912_230210.jsonl,73,756.0,6.0,measure,12,-400.0,0.0,no_signal
10,r10_20260912_230210.jsonl,74,762.0,6.0,measure,13,-400.0,0.0,no_signal
10,r10_20260912_230210.jsonl,75,768.0,6.0,measure,3,-400.0,0.0,no_signal
10,r10_20260912_230210.jsonl,76,774.0,6.0,measure,15,-400.0,0.0,no_signal
10,r10_20260912_230210.jsonl,77,780.0,6.0,measure,2,-400.0,0.0,no_signal
10,r10_20260912_230210.jsonl,78,786.0,6.0,measure,1,-400.0,0.0,no_signal
10,r10_20260912_230210.jsonl,79,792.0,6.0,measure,18,-400.0,0.0,no_signal
10,r10_20260912_230210.jsonl,80,798.0,6.0,measure,19,-400.0,0.0,no_signal
10,r10_20260912_230210.jsonl,81,804.0,6.0,measure,20,-400.0,0.0,no_signal
10,r10_20260912_230210.jsonl,82,810.0,6.0,measure,17,-400.0,0.0,direction
10,r10_20260912_230210.jsonl,83,871.865,61.865,clear,17,-168.562,-165.158,success
10,r10_20260912_230210.jsonl,84,934.73,62.865,measure,9,-400.0,0.0,direction
10,r10_20260912_230210.jsonl,85,1020.73,86.0,measure,10,-200.0,-346.41,direction
10,r10_20260912_230210.jsonl,86,1026.73,6.0,measure,7,-200.0,-346.41,no_signal
10,r10_20260912_230210.jsonl,87,1032.73,6.0,measure,11,-200.0,-346.41,no_signal
10,r10_20260912_230210.jsonl,88,1038.73,6.0,measure,12,-200.0,-346.41,no_signal
10,r10_20260912_230210.jsonl,89,1044.73,6.0,measure,13,-200.0,-346.41,no_signal
10,r10_20260912_230210.jsonl,90,1050.73,6.0,measure,3,-200.0,-346.41,no_signal
10,r10_20260912_230210.jsonl,91,1056.73,6.0,measure,15,-200.0,-346.41,no_signal
10,r10_20260912_230210.jsonl,92,1062.73,6.0,measure,2,-200.0,-346.41,direction
10,r10_20260912_230210.jsonl,93,1068.73,6.0,measure,1,-200.0,-346.41,no_signal
10,r10_20260912_230210.jsonl,94,1074.73,6.0,measure,18,-200.0,-346.41,no_signal
10,r10_20260912_230210.jsonl,95,1080.73,6.0,measure,19,-200.0,-346.41,no_signal
10,r10_20260912_230210.jsonl,96,1086.73,6.0,measure,20,-200.0,-346.41,no_signal
10,r10_20260912_230210.jsonl,97,1092.73,6.0,measure,2,-200.0,-346.41,direction
10,r10_20260912_230210.jsonl,98,1098.73,6.0,measure,10,-200.0,-346.41,direction
10,r10_20260912_230210.jsonl,99,1184.73,86.0,measure,11,200.0,-346.41,no_signal
10,r10_20260912_230210.jsonl,100,1190.73,6.0,measure,12,200.0,-346.41,no_signal
10,r10_20260912_230210.jsonl,101,1196.73,6.0,measure,7,200.0,-346.41,no_signal
10,r10_20260912_230210.jsonl,102,1202.73,6.0,measure,13,200.0,-346.41,no_signal
10,r10_20260912_230210.jsonl,103,1208.73,6.0,measure,15,200.0,-346.41,no_signal
10,r10_20260912_230210.jsonl,104,1214.73,6.0,measure,3,200.0,-346.41,no_signal
10,r10_20260912_230210.jsonl,105,1220.73,6.0,measure,18,200.0,-346.41,no_signal
10,r10_20260912_230210.jsonl,106,1226.73,6.0,measure,1,200.0,-346.41,no_signal
10,r10_20260912_230210.jsonl,107,1232.73,6.0,measure,19,200.0,-346.41,no_signal
10,r10_20260912_230210.jsonl,108,1238.73,6.0,measure,20,200.0,-346.41,no_signal
10,r10_20260912_230210.jsonl,109,1244.73,6.0,measure,2,200.0,-346.41,direction
10,r10_20260912_230210.jsonl,110,1250.73,6.0,measure,10,200.0,-346.41,direction
10,r10_20260912_230210.jsonl,111,1440.625,189.895,measure,11,919.239,-919.239,direction
10,r10_20260912_230210.jsonl,112,1446.625,6.0,measure,12,919.239,-919.239,no_signal
10,r10_20260912_230210.jsonl,113,1452.625,6.0,measure,7,919.239,-919.239,no_signal
10,r10_20260912_230210.jsonl,114,1458.625,6.0,measure,13,919.239,-919.239,no_signal
10,r10_20260912_230210.jsonl,115,1464.625,6.0,measure,15,919.239,-919.239,no_signal
10,r10_20260912_230210.jsonl,116,1470.625,6.0,measure,3,919.239,-919.239,no_signal
10,r10_20260912_230210.jsonl,117,1476.625,6.0,measure,18,919.239,-919.239,no_signal
10,r10_20260912_230210.jsonl,118,1482.625,6.0,measure,1,919.239,-919.239,no_signal
10,r10_20260912_230210.jsonl,119,1488.625,6.0,measure,19,919.239,-919.239,no_signal
10,r10_20260912_230210.jsonl,120,1494.625,6.0,measure,20,919.239,-919.239,no_signal
10,r10_20260912_230210.jsonl,121,1500.625,6.0,measure,11,919.239,-919.239,direction
10,r10_20260912_230210.jsonl,122,1506.625,6.0,measure,10,919.239,-919.239,direction
10,r10_20260912_230210.jsonl,123,1657.997,151.372,measure,12,1645.448,-950.0,no_signal
10,r10_20260912_230210.jsonl,124,1663.997,6.0,measure,7,1645.448,-950.0,no_signal
10,r10_20260912_230210.jsonl,125,1669.997,6.0,measure,13,1645.448,-950.0,no_signal
10,r10_20260912_230210.jsonl,126,1675.997,6.0,measure,15,1645.448,-950.0,no_signal
10,r10_20260912_230210.jsonl,127,1681.997,6.0,measure,3,1645.448,-950.0,no_signal
10,r10_20260912_230210.jsonl,128,1687.997,6.0,measure,18,1645.448,-950.0,no_signal
10,r10_20260912_230210.jsonl,129,1693.997,6.0,measure,1,1645.448,-950.0,no_signal
10,r10_20260912_230210.jsonl,130,1699.997,6.0,measure,19,1645.448,-950.0,no_signal
10,r10_20260912_230210.jsonl,131,1705.997,6.0,measure,20,1645.448,-950.0,no_signal
10,r10_20260912_230210.jsonl,132,1711.997,6.0,measure,5,1645.448,-950.0,direction
10,r10_20260912_230210.jsonl,133,1914.7,202.702,measure,3,950.0,-1645.448,no_signal
10,r10_20260912_230210.jsonl,134,1920.7,6.0,measure,7,950.0,-1645.448,no_signal
10,r10_20260912_230210.jsonl,135,1926.7,6.0,measure,1,950.0,-1645.448,no_signal
10,r10_20260912_230210.jsonl,136,1932.7,6.0,measure,12,950.0,-1645.448,no_signal
10,r10_20260912_230210.jsonl,137,1938.7,6.0,measure,13,950.0,-1645.448,no_signal
10,r10_20260912_230210.jsonl,138,1944.7,6.0,measure,15,950.0,-1645.448,no_signal
10,r10_20260912_230210.jsonl,139,1950.7,6.0,measure,18,950.0,-1645.448,no_signal
10,r10_20260912_230210.jsonl,140,1956.7,6.0,measure,19,950.0,-1645.448,no_signal
10,r10_20260912_230210.jsonl,141,1962.7,6.0,measure,20,950.0,-1645.448,no_signal
10,r10_20260912_230210.jsonl,142,1968.7,6.0,measure,10,950.0,-1645.448,no_signal
10,r10_20260912_230210.jsonl,143,2176.871,208.172,measure,12,-0.0,-1300.0,no_signal
10,r10_20260912_230210.jsonl,144,2182.871,6.0,measure,7,-0.0,-1300.0,no_signal
10,r10_20260912_230210.jsonl,145,2188.871,6.0,measure,13,-0.0,-1300.0,no_signal
10,r10_20260912_230210.jsonl,146,2194.871,6.0,measure,15,-0.0,-1300.0,no_signal
10,r10_20260912_230210.jsonl,147,2200.871,6.0,measure,3,-0.0,-1300.0,direction
10,r10_20260912_230210.jsonl,148,2206.871,6.0,measure,18,-0.0,-1300.0,no_signal
10,r10_20260912_230210.jsonl,149,2212.871,6.0,measure,1,-0.0,-1300.0,no_signal
10,r10_20260912_230210.jsonl,150,2218.871,6.0,measure,19,-0.0,-1300.0,no_signal
10,r10_20260912_230210.jsonl,151,2224.871,6.0,measure,20,-0.0,-1300.0,no_signal
10,r10_20260912_230210.jsonl,152,2230.871,6.0,measure,3,-0.0,-1300.0,direction
10,r10_20260912_230210.jsonl,153,2236.871,6.0,measure,10,-0.0,-1300.0,direction
10,r10_20260912_230210.jsonl,154,2321.688,84.816,measure,10,119.393,-1680.804,direction
10,r10_20260912_230210.jsonl,155,2329.272,7.584,clear,10,119.805,-1693.717,success
10,r10_20260912_230210.jsonl,156,2382.982,53.71,measure,12,-0.0,-1900.0,no_signal
10,r10_20260912_230210.jsonl,157,2388.982,6.0,measure,7,-0.0,-1900.0,no_signal
10,r10_20260912_230210.jsonl,158,2394.982,6.0,measure,13,-0.0,-1900.0,no_signal
10,r10_20260912_230210.jsonl,159,2400.982,6.0,measure,15,-0.0,-1900.0,no_signal
10,r10_20260912_230210.jsonl,160,2406.982,6.0,measure,18,-0.0,-1900.0,no_signal
10,r10_20260912_230210.jsonl,161,2412.982,6.0,measure,1,-0.0,-1900.0,no_signal
10,r10_20260912_230210.jsonl,162,2418.982,6.0,measure,19,-0.0,-1900.0,no_signal
10,r10_20260912_230210.jsonl,163,2424.982,6.0,measure,20,-0.0,-1900.0,no_signal
10,r10_20260912_230210.jsonl,164,2626.684,201.702,measure,20,-950.0,-1645.448,no_signal
10,r10_20260912_230210.jsonl,165,2632.684,6.0,measure,19,-950.0,-1645.448,no_signal
10,r10_20260912_230210.jsonl,166,2638.684,6.0,measure,18,-950.0,-1645.448,no_signal
10,r10_20260912_230210.jsonl,167,2644.684,6.0,measure,15,-950.0,-1645.448,no_signal
10,r10_20260912_230210.jsonl,168,2650.684,6.0,measure,13,-950.0,-1645.448,no_signal
10,r10_20260912_230210.jsonl,169,2656.684,6.0,measure,12,-950.0,-1645.448,no_signal
10,r10_20260912_230210.jsonl,170,2662.684,6.0,measure,7,-950.0,-1645.448,no_signal
10,r10_20260912_230210.jsonl,171,2668.684,6.0,measure,1,-950.0,-1645.448,no_signal
10,r10_20260912_230210.jsonl,172,2819.056,150.372,measure,1,-919.239,-919.239,no_signal
10,r10_20260912_230210.jsonl,173,2825.056,6.0,measure,7,-919.239,-919.239,no_signal
10,r10_20260912_230210.jsonl,174,2831.056,6.0,measure,12,-919.239,-919.239,no_signal
10,r10_20260912_230210.jsonl,175,2837.056,6.0,measure,13,-919.239,-919.239,no_signal
10,r10_20260912_230210.jsonl,176,2843.056,6.0,measure,15,-919.239,-919.239,no_signal
10,r10_20260912_230210.jsonl,177,2849.056,6.0,measure,18,-919.239,-919.239,no_signal
10,r10_20260912_230210.jsonl,178,2855.056,6.0,measure,19,-919.239,-919.239,no_signal
10,r10_20260912_230210.jsonl,179,2861.056,6.0,measure,20,-919.239,-919.239,no_signal
10,r10_20260912_230210.jsonl,180,2867.056,6.0,measure,3,-919.239,-919.239,direction
10,r10_20260912_230210.jsonl,181,3028.239,161.183,clear,3,-138.33,-922.047,success
10,r10_20260912_230210.jsonl,182,3190.422,162.183,measure,14,-919.239,-919.239,direction
10,r10_20260912_230210.jsonl,183,3341.794,151.372,measure,13,-1645.448,-950.0,no_signal
10,r10_20260912_230210.jsonl,184,3347.794,6.0,measure,15,-1645.448,-950.0,no_signal
10,r10_20260912_230210.jsonl,185,3353.794,6.0,measure,12,-1645.448,-950.0,no_signal
10,r10_20260912_230210.jsonl,186,3359.794,6.0,measure,18,-1645.448,-950.0,no_signal
10,r10_20260912_230210.jsonl,187,3365.794,6.0,measure,19,-1645.448,-950.0,no_signal
10,r10_20260912_230210.jsonl,188,3371.794,6.0,measure,20,-1645.448,-950.0,no_signal
10,r10_20260912_230210.jsonl,189,3377.794,6.0,measure,7,-1645.448,-950.0,no_signal
10,r10_20260912_230210.jsonl,190,3383.794,6.0,measure,1,-1645.448,-950.0,no_signal
10,r10_20260912_230210.jsonl,191,3389.794,6.0,measure,14,-1645.448,-950.0,direction
10,r10_20260912_230210.jsonl,192,3621.251,231.457,measure,14,-911.401,-87.884,direction
10,r10_20260912_230210.jsonl,193,3627.791,6.541,clear,14,-908.61,-95.064,success
10,r10_20260912_230210.jsonl,194,3714.345,86.554,measure,13,-1300.0,0.0,no_signal
10,r10_20260912_230210.jsonl,195,3720.345,6.0,measure,15,-1300.0,0.0,no_signal
10,r10_20260912_230210.jsonl,196,3726.345,6.0,measure,12,-1300.0,0.0,no_signal
10,r10_20260912_230210.jsonl,197,3732.345,6.0,measure,18,-1300.0,0.0,no_signal
10,r10_20260912_230210.jsonl,198,3738.345,6.0,measure,19,-1300.0,0.0,no_signal
10,r10_20260912_230210.jsonl,199,3744.345,6.0,measure,20,-1300.0,0.0,no_signal
10,r10_20260912_230210.jsonl,200,3750.345,6.0,measure,7,-1300.0,0.0,no_signal
10,r10_20260912_230210.jsonl,201,3756.345,6.0,measure,1,-1300.0,0.0,no_signal
10,r10_20260912_230210.jsonl,202,3762.345,6.0,measure,9,-1300.0,0.0,direction
10,r10_20260912_230210.jsonl,203,3888.345,126.0,measure,7,-1900.0,0.0,no_signal
10,r10_20260912_230210.jsonl,204,3894.345,6.0,measure,12,-1900.0,0.0,no_signal
10,r10_20260912_230210.jsonl,205,3900.345,6.0,measure,13,-1900.0,0.0,no_signal
10,r10_20260912_230210.jsonl,206,3906.345,6.0,measure,15,-1900.0,0.0,no_signal
10,r10_20260912_230210.jsonl,207,3912.345,6.0,measure,1,-1900.0,0.0,direction
10,r10_20260912_230210.jsonl,208,3918.345,6.0,measure,18,-1900.0,0.0,no_signal
10,r10_20260912_230210.jsonl,209,3924.345,6.0,measure,19,-1900.0,0.0,no_signal
10,r10_20260912_230210.jsonl,210,3930.345,6.0,measure,20,-1900.0,0.0,no_signal
10,r10_20260912_230210.jsonl,211,3936.345,6.0,measure,1,-1900.0,0.0,direction
10,r10_20260912_230210.jsonl,212,4139.048,202.702,measure,7,-1645.448,950.0,no_signal
10,r10_20260912_230210.jsonl,213,4145.048,6.0,measure,12,-1645.448,950.0,no_signal
10,r10_20260912_230210.jsonl,214,4151.048,6.0,measure,13,-1645.448,950.0,no_signal
10,r10_20260912_230210.jsonl,215,4157.048,6.0,measure,15,-1645.448,950.0,no_signal
10,r10_20260912_230210.jsonl,216,4163.048,6.0,measure,18,-1645.448,950.0,no_signal
10,r10_20260912_230210.jsonl,217,4169.048,6.0,measure,19,-1645.448,950.0,no_signal
10,r10_20260912_230210.jsonl,218,4175.048,6.0,measure,20,-1645.448,950.0,no_signal
10,r10_20260912_230210.jsonl,219,4181.048,6.0,measure,1,-1645.448,950.0,direction
10,r10_20260912_230210.jsonl,220,4366.254,185.206,clear,1,-1636.93,49.008,success
10,r10_20260912_230210.jsonl,221,4552.461,186.206,measure,4,-1645.448,950.0,direction
10,r10_20260912_230210.jsonl,222,4755.163,202.702,measure,7,-950.0,1645.448,no_signal
10,r10_20260912_230210.jsonl,223,4761.163,6.0,measure,12,-950.0,1645.448,no_signal
10,r10_20260912_230210.jsonl,224,4767.163,6.0,measure,13,-950.0,1645.448,direction
10,r10_20260912_230210.jsonl,225,4773.163,6.0,measure,15,-950.0,1645.448,no_signal
10,r10_20260912_230210.jsonl,226,4779.163,6.0,measure,18,-950.0,1645.448,no_signal
10,r10_20260912_230210.jsonl,227,4785.163,6.0,measure,19,-950.0,1645.448,no_signal
10,r10_20260912_230210.jsonl,228,4791.163,6.0,measure,20,-950.0,1645.448,no_signal
10,r10_20260912_230210.jsonl,229,4797.163,6.0,measure,13,-950.0,1645.448,direction
10,r10_20260912_230210.jsonl,230,4803.163,6.0,measure,4,-950.0,1645.448,no_signal
10,r10_20260912_230210.jsonl,231,4954.535,151.372,measure,7,-919.239,919.239,no_signal
10,r10_20260912_230210.jsonl,232,4960.535,6.0,measure,12,-919.239,919.239,no_signal
10,r10_20260912_230210.jsonl,233,4966.535,6.0,measure,15,-919.239,919.239,no_signal
10,r10_20260912_230210.jsonl,234,4972.535,6.0,measure,18,-919.239,919.239,no_signal
10,r10_20260912_230210.jsonl,235,4978.535,6.0,measure,19,-919.239,919.239,no_signal
10,r10_20260912_230210.jsonl,236,4984.535,6.0,measure,20,-919.239,919.239,no_signal
10,r10_20260912_230210.jsonl,237,4990.535,6.0,measure,13,-919.239,919.239,direction
10,r10_20260912_230210.jsonl,238,4996.535,6.0,measure,4,-919.239,919.239,direction
10,r10_20260912_230210.jsonl,239,5019.277,22.742,measure,9,-835.528,919.289,near
10,r10_20260912_230210.jsonl,240,5024.277,5.0,clear,9,-835.528,919.289,success
10,r10_20260912_230210.jsonl,241,5027.277,3.0,clear,9,-835.528,919.289,no_target_in_range
10,r10_20260912_230210.jsonl,242,5121.411,94.133,measure,4,-426.23,1082.572,direction
10,r10_20260912_230210.jsonl,243,5128.27,6.86,clear,4,-417.135,1084.507,success
10,r10_20260912_230210.jsonl,244,5228.172,99.902,measure,7,0.0,1300.0,no_signal
10,r10_20260912_230210.jsonl,245,5234.172,6.0,measure,12,0.0,1300.0,no_signal
10,r10_20260912_230210.jsonl,246,5240.172,6.0,measure,15,0.0,1300.0,no_signal
10,r10_20260912_230210.jsonl,247,5246.172,6.0,measure,18,0.0,1300.0,no_signal
10,r10_20260912_230210.jsonl,248,5252.172,6.0,measure,19,0.0,1300.0,no_signal
10,r10_20260912_230210.jsonl,249,5258.172,6.0,measure,20,0.0,1300.0,no_signal
10,r10_20260912_230210.jsonl,250,5264.172,6.0,measure,16,0.0,1300.0,direction
10,r10_20260912_230210.jsonl,251,5270.172,6.0,measure,6,0.0,1300.0,direction
10,r10_20260912_230210.jsonl,252,5362.567,92.395,measure,13,-157.197,1702.355,direction
10,r10_20260912_230210.jsonl,253,5369.47,6.904,clear,13,-148.917,1697.659,success
10,r10_20260912_230210.jsonl,254,5425.717,56.247,measure,12,0.0,1900.0,no_signal
10,r10_20260912_230210.jsonl,255,5431.717,6.0,measure,15,0.0,1900.0,no_signal
10,r10_20260912_230210.jsonl,256,5437.717,6.0,measure,18,0.0,1900.0,no_signal
10,r10_20260912_230210.jsonl,257,5443.717,6.0,measure,7,0.0,1900.0,no_signal
10,r10_20260912_230210.jsonl,258,5449.717,6.0,measure,19,0.0,1900.0,no_signal
10,r10_20260912_230210.jsonl,259,5455.717,6.0,measure,20,0.0,1900.0,no_signal
10,r10_20260912_230210.jsonl,260,5461.717,6.0,measure,6,0.0,1900.0,direction
10,r10_20260912_230210.jsonl,261,5467.717,6.0,measure,16,0.0,1900.0,direction
10,r10_20260912_230210.jsonl,262,5590.707,122.99,clear,16,421.008,1486.732,success
10,r10_20260912_230210.jsonl,263,5707.164,116.458,measure,15,950.0,1645.448,no_signal
10,r10_20260912_230210.jsonl,264,5713.164,6.0,measure,18,950.0,1645.448,no_signal
10,r10_20260912_230210.jsonl,265,5719.164,6.0,measure,19,950.0,1645.448,no_signal
10,r10_20260912_230210.jsonl,266,5725.164,6.0,measure,12,950.0,1645.448,no_signal
10,r10_20260912_230210.jsonl,267,5731.164,6.0,measure,20,950.0,1645.448,no_signal
10,r10_20260912_230210.jsonl,268,5737.164,6.0,measure,7,950.0,1645.448,no_signal
10,r10_20260912_230210.jsonl,269,5743.164,6.0,measure,6,950.0,1645.448,no_signal
10,r10_20260912_230210.jsonl,270,5828.843,85.679,measure,6,990.584,1244.102,direction
10,r10_20260912_230210.jsonl,271,5836.654,7.811,clear,6,1004.234,1247.444,success
10,r10_20260912_230210.jsonl,272,5910.46,73.806,measure,7,919.239,919.239,no_signal
10,r10_20260912_230210.jsonl,273,5916.46,6.0,measure,12,919.239,919.239,no_signal
10,r10_20260912_230210.jsonl,274,5922.46,6.0,measure,15,919.239,919.239,no_signal
10,r10_20260912_230210.jsonl,275,5928.46,6.0,measure,18,919.239,919.239,no_signal
10,r10_20260912_230210.jsonl,276,5934.46,6.0,measure,19,919.239,919.239,no_signal
10,r10_20260912_230210.jsonl,277,5940.46,6.0,measure,20,919.239,919.239,no_signal
10,r10_20260912_230210.jsonl,278,5946.46,6.0,measure,11,919.239,919.239,no_signal
10,r10_20260912_230210.jsonl,279,5952.46,6.0,measure,8,919.239,919.239,direction
10,r10_20260912_230210.jsonl,280,6084.95,132.49,measure,8,1280.938,394.341,near
10,r10_20260912_230210.jsonl,281,6089.95,5.0,clear,8,1280.938,394.341,success
10,r10_20260912_230210.jsonl,282,6092.95,3.0,clear,8,1280.938,394.341,no_target_in_range
10,r10_20260912_230210.jsonl,283,6177.91,84.96,measure,7,1300.0,0.0,no_signal
10,r10_20260912_230210.jsonl,284,6183.91,6.0,measure,12,1300.0,0.0,no_signal
10,r10_20260912_230210.jsonl,285,6189.91,6.0,measure,15,1300.0,0.0,no_signal
10,r10_20260912_230210.jsonl,286,6195.91,6.0,measure,18,1300.0,0.0,no_signal
10,r10_20260912_230210.jsonl,287,6201.91,6.0,measure,19,1300.0,0.0,no_signal
10,r10_20260912_230210.jsonl,288,6207.91,6.0,measure,20,1300.0,0.0,no_signal
10,r10_20260912_230210.jsonl,289,6213.91,6.0,measure,11,1300.0,0.0,direction
10,r10_20260912_230210.jsonl,290,6219.91,6.0,measure,2,1300.0,0.0,direction
10,r10_20260912_230210.jsonl,291,6345.91,126.0,measure,7,1900.0,0.0,no_signal
10,r10_20260912_230210.jsonl,292,6351.91,6.0,measure,12,1900.0,0.0,no_signal
10,r10_20260912_230210.jsonl,293,6357.91,6.0,measure,15,1900.0,0.0,no_signal
10,r10_20260912_230210.jsonl,294,6363.91,6.0,measure,18,1900.0,0.0,no_signal
10,r10_20260912_230210.jsonl,295,6369.91,6.0,measure,19,1900.0,0.0,no_signal
10,r10_20260912_230210.jsonl,296,6375.91,6.0,measure,20,1900.0,0.0,no_signal
10,r10_20260912_230210.jsonl,297,6381.91,6.0,measure,5,1900.0,0.0,no_signal
10,r10_20260912_230210.jsonl,298,6387.91,6.0,measure,11,1900.0,0.0,direction
10,r10_20260912_230210.jsonl,299,6590.613,202.702,measure,12,1645.448,950.0,no_signal
10,r10_20260912_230210.jsonl,300,6596.613,6.0,measure,7,1645.448,950.0,no_signal
10,r10_20260912_230210.jsonl,301,6602.613,6.0,measure,15,1645.448,950.0,no_signal
10,r10_20260912_230210.jsonl,302,6608.613,6.0,measure,18,1645.448,950.0,no_signal
10,r10_20260912_230210.jsonl,303,6614.613,6.0,measure,19,1645.448,950.0,no_signal
10,r10_20260912_230210.jsonl,304,6620.613,6.0,measure,20,1645.448,950.0,no_signal
10,r10_20260912_230210.jsonl,305,6626.613,6.0,measure,11,1645.448,950.0,direction
10,r10_20260912_230210.jsonl,306,6859.39,232.777,measure,11,756.622,237.927,direction
10,r10_20260912_230210.jsonl,307,6866.708,7.318,clear,11,745.757,241.958,success
10,r10_20260912_230210.jsonl,308,6922.192,55.484,measure,2,650.944,13.425,no_signal
10,r10_20260912_230210.jsonl,309,6945.192,23.0,measure,2,650.944,-76.575,direction
10,r10_20260912_230210.jsonl,310,6967.821,22.629,clear,2,642.201,11.136,success
10,r10_20260912_230210.jsonl,311,7009.757,41.936,measure,5,756.779,-127.274,no_signal
10,r10_20260912_230210.jsonl,312,7020.785,11.028,measure,5,728.897,-115.833,no_signal
10,r10_20260912_230210.jsonl,313,7037.84,17.055,measure,5,784.661,-138.715,no_signal
10,r10_20260912_230210.jsonl,314,7059.512,21.672,measure,5,756.779,-217.274,direction
10,r10_20260912_230210.jsonl,315,7082.406,22.894,clear,5,756.741,-127.806,success
10,r10_20260912_230210.jsonl,316,7082.406,0.0,exit,,,,
