run,log_file,idx,vt_s,dt_s,action,channel,x,y,result
1,r01_20260912_222346.jsonl,0,0.0,0.0,enter,,,,
1,r01_20260912_222346.jsonl,1,5.0,5.0,measure,1,0.0,0.0,no_signal
1,r01_20260912_222346.jsonl,2,11.0,6.0,measure,2,0.0,0.0,no_signal
1,r01_20260912_222346.jsonl,3,17.0,6.0,measure,3,0.0,0.0,direction
1,r01_20260912_222346.jsonl,4,23.0,6.0,measure,4,0.0,0.0,direction
1,r01_20260912_222346.jsonl,5,29.0,6.0,measure,5,0.0,0.0,no_signal
1,r01_20260912_222346.jsonl,6,35.0,6.0,measure,6,0.0,0.0,direction
1,r01_20260912_222346.jsonl,7,41.0,6.0,measure,7,0.0,0.0,no_signal
1,r01_20260912_222346.jsonl,8,47.0,6.0,measure,8,0.0,0.0,direction
1,r01_20260912_222346.jsonl,9,53.0,6.0,measure,9,0.0,0.0,no_signal
1,r01_20260912_222346.jsonl,10,59.0,6.0,measure,10,0.0,0.0,no_signal
1,r01_20260912_222346.jsonl,11,65.0,6.0,measure,11,0.0,0.0,no_signal
1,r01_20260912_222346.jsonl,12,71.0,6.0,measure,12,0.0,0.0,no_signal
1,r01_20260912_222346.jsonl,13,77.0,6.0,measure,13,0.0,0.0,no_signal
1,r01_20260912_222346.jsonl,14,83.0,6.0,measure,14,0.0,0.0,no_signal
1,r01_20260912_222346.jsonl,15,89.0,6.0,measure,15,0.0,0.0,direction
1,r01_20260912_222346.jsonl,16,95.0,6.0,measure,16,0.0,0.0,no_signal
1,r01_20260912_222346.jsonl,17,101.0,6.0,measure,17,0.0,0.0,no_signal
1,r01_20260912_222346.jsonl,18,107.0,6.0,measure,18,0.0,0.0,direction
1,r01_20260912_222346.jsonl,19,113.0,6.0,measure,19,0.0,0.0,no_signal
1,r01_20260912_222346.jsonl,20,119.0,6.0,measure,20,0.0,0.0,direction
1,r01_20260912_222346.jsonl,21,195.0,76.0,measure,18,152.826,314.872,direction
1,r01_20260912_222346.jsonl,22,201.0,6.0,measure,3,152.826,314.872,direction
1,r01_20260912_222346.jsonl,23,207.0,6.0,measure,4,152.826,314.872,direction
1,r01_20260912_222346.jsonl,24,213.0,6.0,measure,6,152.826,314.872,direction
1,r01_20260912_222346.jsonl,25,219.0,6.0,measure,8,152.826,314.872,direction
1,r01_20260912_222346.jsonl,26,225.0,6.0,measure,15,152.826,314.872,direction
1,r01_20260912_222346.jsonl,27,231.0,6.0,measure,20,152.826,314.872,direction
1,r01_20260912_222346.jsonl,28,261.0,30.0,measure,18,265.263,356.799,direction
1,r01_20260912_222346.jsonl,29,290.0,29.0,measure,18,343.117,448.116,direction
1,r01_20260912_222346.jsonl,30,316.539,26.539,clear,18,438.936,497.278,success
1,r01_20260912_222346.jsonl,31,346.539,30.0,measure,6,327.561,541.95,direction
1,r01_20260912_222346.jsonl,32,407.264,60.725,clear,6,305.499,819.698,success
1,r01_20260912_222346.jsonl,33,560.605,153.342,clear,8,-16.664,151.61,success
1,r01_20260912_222346.jsonl,34,605.044,44.439,measure,15,16.19,340.975,direction
1,r01_20260912_222346.jsonl,35,698.506,93.462,clear,15,446.037,481.746,no_target_in_range
1,r01_20260912_222346.jsonl,36,708.026,9.52,clear,15,468.286,477.78,success
1,r01_20260912_222346.jsonl,37,780.137,72.111,measure,4,137.954,489.884,direction
1,r01_20260912_222346.jsonl,38,830.851,50.714,measure,4,-40.967,632.123,direction
1,r01_20260912_222346.jsonl,39,920.053,89.202,clear,4,-447.088,776.466,no_target_in_range
1,r01_20260912_222346.jsonl,40,927.582,7.529,clear,4,-424.442,776.419,no_target_in_range
1,r01_20260912_222346.jsonl,41,937.653,10.071,clear,4,-449.442,801.419,no_target_in_range
1,r01_20260912_222346.jsonl,42,949.724,12.071,clear,4,-474.442,776.419,success
1,r01_20260912_222346.jsonl,43,1025.724,76.0,measure,20,-188.624,574.409,no_signal
1,r01_20260912_222346.jsonl,44,1100.724,75.0,measure,20,-47.333,254.195,no_signal
1,r01_20260912_222346.jsonl,45,1175.724,75.0,measure,20,220.856,29.307,direction
1,r01_20260912_222346.jsonl,46,1238.734,63.01,measure,20,358.477,-226.015,direction
1,r01_20260912_222346.jsonl,47,1281.857,43.122,measure,20,492.458,-361.596,direction
1,r01_20260912_222346.jsonl,48,1311.257,29.4,measure,20,556.502,-465.436,direction
1,r01_20260912_222346.jsonl,49,1362.746,51.489,measure,20,627.975,-686.622,direction
1,r01_20260912_222346.jsonl,50,1387.575,24.829,clear,20,657.945,-592.115,success
1,r01_20260912_222346.jsonl,51,1417.575,30.0,measure,3,729.359,-688.552,direction
1,r01_20260912_222346.jsonl,52,1435.567,17.992,clear,3,718.348,-762.697,no_target_in_range
1,r01_20260912_222346.jsonl,53,1443.766,8.199,clear,3,744.226,-760.225,no_target_in_range
1,r01_20260912_222346.jsonl,54,1455.837,12.071,clear,3,719.226,-735.225,success
1,r01_20260912_222346.jsonl,55,1521.425,65.588,measure,2,575.0,-995.929,no_signal
1,r01_20260912_222346.jsonl,56,1527.425,6.0,measure,1,575.0,-995.929,no_signal
1,r01_20260912_222346.jsonl,57,1533.425,6.0,measure,5,575.0,-995.929,no_signal
1,r01_20260912_222346.jsonl,58,1539.425,6.0,measure,7,575.0,-995.929,no_signal
1,r01_20260912_222346.jsonl,59,1545.425,6.0,measure,9,575.0,-995.929,no_signal
1,r01_20260912_222346.jsonl,60,1551.425,6.0,measure,10,575.0,-995.929,no_signal
1,r01_20260912_222346.jsonl,61,1557.425,6.0,measure,11,575.0,-995.929,no_signal
1,r01_20260912_222346.jsonl,62,1563.425,6.0,measure,12,575.0,-995.929,no_signal
1,r01_20260912_222346.jsonl,63,1569.425,6.0,measure,13,575.0,-995.929,no_signal
1,r01_20260912_222346.jsonl,64,1575.425,6.0,measure,14,575.0,-995.929,no_signal
1,r01_20260912_222346.jsonl,65,1581.425,6.0,measure,16,575.0,-995.929,no_signal
1,r01_20260912_222346.jsonl,66,1587.425,6.0,measure,17,575.0,-995.929,no_signal
1,r01_20260912_222346.jsonl,67,1593.425,6.0,measure,19,575.0,-995.929,no_signal
1,r01_20260912_222346.jsonl,68,1828.425,235.0,measure,19,1150.0,0.0,no_signal
1,r01_20260912_222346.jsonl,69,1834.425,6.0,measure,17,1150.0,0.0,no_signal
1,r01_20260912_222346.jsonl,70,1840.425,6.0,measure,16,1150.0,0.0,no_signal
1,r01_20260912_222346.jsonl,71,1846.425,6.0,measure,14,1150.0,0.0,no_signal
1,r01_20260912_222346.jsonl,72,1852.425,6.0,measure,13,1150.0,0.0,no_signal
1,r01_20260912_222346.jsonl,73,1858.425,6.0,measure,12,1150.0,0.0,no_signal
1,r01_20260912_222346.jsonl,74,1864.425,6.0,measure,11,1150.0,0.0,no_signal
1,r01_20260912_222346.jsonl,75,1870.425,6.0,measure,10,1150.0,0.0,no_signal
1,r01_20260912_222346.jsonl,76,1876.425,6.0,measure,9,1150.0,0.0,no_signal
1,r01_20260912_222346.jsonl,77,1882.425,6.0,measure,7,1150.0,0.0,no_signal
1,r01_20260912_222346.jsonl,78,1888.425,6.0,measure,5,1150.0,0.0,no_signal
1,r01_20260912_222346.jsonl,79,1894.425,6.0,measure,2,1150.0,0.0,no_signal
1,r01_20260912_222346.jsonl,80,1900.425,6.0,measure,1,1150.0,0.0,no_signal
1,r01_20260912_222346.jsonl,81,2135.425,235.0,measure,1,575.0,995.929,no_signal
1,r01_20260912_222346.jsonl,82,2141.425,6.0,measure,2,575.0,995.929,no_signal
1,r01_20260912_222346.jsonl,83,2147.425,6.0,measure,5,575.0,995.929,no_signal
1,r01_20260912_222346.jsonl,84,2153.425,6.0,measure,7,575.0,995.929,direction
1,r01_20260912_222346.jsonl,85,2159.425,6.0,measure,9,575.0,995.929,no_signal
1,r01_20260912_222346.jsonl,86,2165.425,6.0,measure,10,575.0,995.929,no_signal
1,r01_20260912_222346.jsonl,87,2171.425,6.0,measure,11,575.0,995.929,no_signal
1,r01_20260912_222346.jsonl,88,2177.425,6.0,measure,12,575.0,995.929,no_signal
1,r01_20260912_222346.jsonl,89,2183.425,6.0,measure,13,575.0,995.929,no_signal
1,r01_20260912_222346.jsonl,90,2189.425,6.0,measure,14,575.0,995.929,no_signal
1,r01_20260912_222346.jsonl,91,2195.425,6.0,measure,16,575.0,995.929,no_signal
1,r01_20260912_222346.jsonl,92,2201.425,6.0,measure,17,575.0,995.929,no_signal
1,r01_20260912_222346.jsonl,93,2207.425,6.0,measure,19,575.0,995.929,no_signal
1,r01_20260912_222346.jsonl,94,2213.425,6.0,measure,7,575.0,995.929,direction
1,r01_20260912_222346.jsonl,95,2288.425,75.0,measure,7,653.495,1337.013,direction
1,r01_20260912_222346.jsonl,96,2324.084,35.659,clear,7,791.634,1403.472,success
1,r01_20260912_222346.jsonl,97,2615.305,291.221,measure,5,-575.0,995.929,no_signal
1,r01_20260912_222346.jsonl,98,2621.305,6.0,measure,9,-575.0,995.929,no_signal
1,r01_20260912_222346.jsonl,99,2627.305,6.0,measure,10,-575.0,995.929,no_signal
1,r01_20260912_222346.jsonl,100,2633.305,6.0,measure,11,-575.0,995.929,no_signal
1,r01_20260912_222346.jsonl,101,2639.305,6.0,measure,2,-575.0,995.929,no_signal
1,r01_20260912_222346.jsonl,102,2645.305,6.0,measure,12,-575.0,995.929,no_signal
1,r01_20260912_222346.jsonl,103,2651.305,6.0,measure,1,-575.0,995.929,no_signal
1,r01_20260912_222346.jsonl,104,2657.305,6.0,measure,13,-575.0,995.929,no_signal
1,r01_20260912_222346.jsonl,105,2663.305,6.0,measure,14,-575.0,995.929,no_signal
1,r01_20260912_222346.jsonl,106,2669.305,6.0,measure,16,-575.0,995.929,direction
1,r01_20260912_222346.jsonl,107,2675.305,6.0,measure,17,-575.0,995.929,no_signal
1,r01_20260912_222346.jsonl,108,2681.305,6.0,measure,19,-575.0,995.929,direction
1,r01_20260912_222346.jsonl,109,2687.305,6.0,measure,16,-575.0,995.929,direction
1,r01_20260912_222346.jsonl,110,2693.305,6.0,measure,19,-575.0,995.929,direction
1,r01_20260912_222346.jsonl,111,2768.305,75.0,measure,19,-840.785,1223.654,direction
1,r01_20260912_222346.jsonl,112,2798.316,30.011,clear,19,-717.36,1203.541,success
1,r01_20260912_222346.jsonl,113,2874.316,76.0,measure,16,-1011.36,1393.447,direction
1,r01_20260912_222346.jsonl,114,2908.065,33.749,clear,16,-880.819,1333.266,success
1,r01_20260912_222346.jsonl,115,3186.099,278.034,measure,17,-1150.0,0.0,direction
1,r01_20260912_222346.jsonl,116,3192.099,6.0,measure,14,-1150.0,0.0,no_signal
1,r01_20260912_222346.jsonl,117,3198.099,6.0,measure,13,-1150.0,0.0,no_signal
1,r01_20260912_222346.jsonl,118,3204.099,6.0,measure,12,-1150.0,0.0,no_signal
1,r01_20260912_222346.jsonl,119,3210.099,6.0,measure,11,-1150.0,0.0,no_signal
1,r01_20260912_222346.jsonl,120,3216.099,6.0,measure,10,-1150.0,0.0,no_signal
1,r01_20260912_222346.jsonl,121,3222.099,6.0,measure,9,-1150.0,0.0,no_signal
1,r01_20260912_222346.jsonl,122,3228.099,6.0,measure,5,-1150.0,0.0,no_signal
1,r01_20260912_222346.jsonl,123,3234.099,6.0,measure,2,-1150.0,0.0,no_signal
1,r01_20260912_222346.jsonl,124,3240.099,6.0,measure,1,-1150.0,0.0,no_signal
1,r01_20260912_222346.jsonl,125,3246.099,6.0,measure,17,-1150.0,0.0,direction
1,r01_20260912_222346.jsonl,126,3321.099,75.0,measure,17,-1141.815,-349.904,direction
1,r01_20260912_222346.jsonl,127,3366.279,45.181,measure,17,-1257.737,-513.991,direction
1,r01_20260912_222346.jsonl,128,3397.241,30.961,measure,17,-1272.603,-642.944,direction
1,r01_20260912_222346.jsonl,129,3426.241,29.0,measure,17,-1331.552,-747.467,direction
1,r01_20260912_222346.jsonl,130,3455.241,29.0,measure,17,-1352.691,-865.59,direction
1,r01_20260912_222346.jsonl,131,3478.256,23.016,clear,17,-1392.666,-946.312,success
1,r01_20260912_222346.jsonl,132,3648.09,169.834,measure,14,-575.0,-995.929,no_signal
1,r01_20260912_222346.jsonl,133,3654.09,6.0,measure,13,-575.0,-995.929,no_signal
1,r01_20260912_222346.jsonl,134,3660.09,6.0,measure,12,-575.0,-995.929,no_signal
1,r01_20260912_222346.jsonl,135,3666.09,6.0,measure,11,-575.0,-995.929,no_signal
1,r01_20260912_222346.jsonl,136,3672.09,6.0,measure,10,-575.0,-995.929,no_signal
1,r01_20260912_222346.jsonl,137,3678.09,6.0,measure,9,-575.0,-995.929,no_signal
1,r01_20260912_222346.jsonl,138,3684.09,6.0,measure,5,-575.0,-995.929,no_signal
1,r01_20260912_222346.jsonl,139,3690.09,6.0,measure,2,-575.0,-995.929,no_signal
1,r01_20260912_222346.jsonl,140,3696.09,6.0,measure,1,-575.0,-995.929,no_signal
1,r01_20260912_222346.jsonl,141,3696.09,0.0,exit,,,,
2,r02_20260912_222353.jsonl,0,0.0,0.0,enter,,,,
2,r02_20260912_222353.jsonl,1,5.0,5.0,measure,1,0.0,0.0,direction
2,r02_20260912_222353.jsonl,2,11.0,6.0,measure,2,0.0,0.0,direction
2,r02_20260912_222353.jsonl,3,17.0,6.0,measure,3,0.0,0.0,no_signal
2,r02_20260912_222353.jsonl,4,23.0,6.0,measure,4,0.0,0.0,no_signal
2,r02_20260912_222353.jsonl,5,29.0,6.0,measure,5,0.0,0.0,no_signal
2,r02_20260912_222353.jsonl,6,35.0,6.0,measure,6,0.0,0.0,direction
2,r02_20260912_222353.jsonl,7,41.0,6.0,measure,7,0.0,0.0,no_signal
2,r02_20260912_222353.jsonl,8,47.0,6.0,measure,8,0.0,0.0,direction
2,r02_20260912_222353.jsonl,9,53.0,6.0,measure,9,0.0,0.0,no_signal
2,r02_20260912_222353.jsonl,10,59.0,6.0,measure,10,0.0,0.0,no_signal
2,r02_20260912_222353.jsonl,11,65.0,6.0,measure,11,0.0,0.0,no_signal
2,r02_20260912_222353.jsonl,12,71.0,6.0,measure,12,0.0,0.0,no_signal
2,r02_20260912_222353.jsonl,13,77.0,6.0,measure,13,0.0,0.0,no_signal
2,r02_20260912_222353.jsonl,14,83.0,6.0,measure,14,0.0,0.0,no_signal
2,r02_20260912_222353.jsonl,15,89.0,6.0,measure,15,0.0,0.0,no_signal
2,r02_20260912_222353.jsonl,16,95.0,6.0,measure,16,0.0,0.0,no_signal
2,r02_20260912_222353.jsonl,17,101.0,6.0,measure,17,0.0,0.0,no_signal
2,r02_20260912_222353.jsonl,18,107.0,6.0,measure,18,0.0,0.0,direction
2,r02_20260912_222353.jsonl,19,113.0,6.0,measure,19,0.0,0.0,direction
2,r02_20260912_222353.jsonl,20,119.0,6.0,measure,20,0.0,0.0,no_signal
2,r02_20260912_222353.jsonl,21,195.0,76.0,measure,1,-349.846,10.383,direction
2,r02_20260912_222353.jsonl,22,201.0,6.0,measure,2,-349.846,10.383,direction
2,r02_20260912_222353.jsonl,23,207.0,6.0,measure,6,-349.846,10.383,direction
2,r02_20260912_222353.jsonl,24,213.0,6.0,measure,8,-349.846,10.383,direction
2,r02_20260912_222353.jsonl,25,219.0,6.0,measure,18,-349.846,10.383,no_signal
2,r02_20260912_222353.jsonl,26,225.0,6.0,measure,19,-349.846,10.383,direction
2,r02_20260912_222353.jsonl,27,255.0,30.0,measure,1,-432.053,97.802,direction
2,r02_20260912_222353.jsonl,28,261.0,6.0,measure,18,-432.053,97.802,no_signal
2,r02_20260912_222353.jsonl,29,291.0,30.0,measure,1,-547.514,130.494,direction
2,r02_20260912_222353.jsonl,30,306.805,15.805,clear,1,-584.895,169.496,success
2,r02_20260912_222353.jsonl,31,373.483,66.678,clear,19,-309.952,309.178,success
2,r02_20260912_222353.jsonl,32,417.412,43.929,measure,6,-431.995,454.335,direction
2,r02_20260912_222353.jsonl,33,423.412,6.0,measure,18,-431.995,454.335,no_signal
2,r02_20260912_222353.jsonl,34,455.159,31.747,measure,6,-443.651,582.543,direction
2,r02_20260912_222353.jsonl,35,461.159,6.0,measure,18,-443.651,582.543,no_signal
2,r02_20260912_222353.jsonl,36,491.159,30.0,measure,6,-511.666,681.406,direction
2,r02_20260912_222353.jsonl,37,518.568,27.409,clear,6,-544.904,798.838,no_target_in_range
2,r02_20260912_222353.jsonl,38,526.712,8.144,clear,6,-519.577,803.316,no_target_in_range
2,r02_20260912_222353.jsonl,39,536.783,10.071,clear,6,-544.577,828.316,no_target_in_range
2,r02_20260912_222353.jsonl,40,546.854,10.071,clear,6,-569.577,803.316,no_target_in_range
2,r02_20260912_222353.jsonl,41,558.925,12.071,clear,6,-544.577,778.316,success
2,r02_20260912_222353.jsonl,42,634.925,76.0,measure,18,-327.558,1052.912,no_signal
2,r02_20260912_222353.jsonl,43,709.925,75.0,measure,18,-2.316,1182.21,direction
2,r02_20260912_222353.jsonl,44,907.848,197.922,clear,18,699.923,520.896,success
2,r02_20260912_222353.jsonl,45,983.848,76.0,measure,8,484.219,245.266,no_signal
2,r02_20260912_222353.jsonl,46,1058.848,75.0,measure,8,157.314,120.233,direction
2,r02_20260912_222353.jsonl,47,1133.848,75.0,measure,8,-76.637,-140.088,direction
2,r02_20260912_222353.jsonl,48,1197.97,64.122,measure,8,-341.068,-272.234,direction
2,r02_20260912_222353.jsonl,49,1241.75,43.78,measure,8,-482.626,-404.739,direction
2,r02_20260912_222353.jsonl,50,1271.816,30.066,measure,8,-590.844,-467.961,direction
2,r02_20260912_222353.jsonl,51,1323.783,51.967,measure,8,-743.371,-646.521,direction
2,r02_20260912_222353.jsonl,52,1341.067,17.284,clear,8,-745.503,-585.138,success
2,r02_20260912_222353.jsonl,53,1371.067,30.0,measure,2,-648.837,-656.242,near
2,r02_20260912_222353.jsonl,54,1376.067,5.0,clear,2,-648.837,-656.242,success
2,r02_20260912_222353.jsonl,55,1379.067,3.0,clear,2,-648.837,-656.242,no_target_in_range
2,r02_20260912_222353.jsonl,56,1454.591,75.524,measure,3,-575.0,-995.929,direction
2,r02_20260912_222353.jsonl,57,1460.591,6.0,measure,4,-575.0,-995.929,no_signal
2,r02_20260912_222353.jsonl,58,1466.591,6.0,measure,5,-575.0,-995.929,no_signal
2,r02_20260912_222353.jsonl,59,1472.591,6.0,measure,7,-575.0,-995.929,no_signal
2,r02_20260912_222353.jsonl,60,1478.591,6.0,measure,9,-575.0,-995.929,no_signal
2,r02_20260912_222353.jsonl,61,1484.591,6.0,measure,10,-575.0,-995.929,no_signal
2,r02_20260912_222353.jsonl,62,1490.591,6.0,measure,11,-575.0,-995.929,no_signal
2,r02_20260912_222353.jsonl,63,1496.591,6.0,measure,12,-575.0,-995.929,no_signal
2,r02_20260912_222353.jsonl,64,1502.591,6.0,measure,13,-575.0,-995.929,no_signal
2,r02_20260912_222353.jsonl,65,1508.591,6.0,measure,14,-575.0,-995.929,no_signal
2,r02_20260912_222353.jsonl,66,1514.591,6.0,measure,15,-575.0,-995.929,no_signal
2,r02_20260912_222353.jsonl,67,1520.591,6.0,measure,16,-575.0,-995.929,no_signal
2,r02_20260912_222353.jsonl,68,1526.591,6.0,measure,17,-575.0,-995.929,no_signal
2,r02_20260912_222353.jsonl,69,1532.591,6.0,measure,20,-575.0,-995.929,no_signal
2,r02_20260912_222353.jsonl,70,1538.591,6.0,measure,3,-575.0,-995.929,direction
2,r02_20260912_222353.jsonl,71,1613.591,75.0,measure,3,-924.069,-1021.441,direction
2,r02_20260912_222353.jsonl,72,1649.887,36.296,measure,3,-1052.234,-931.666,direction
2,r02_20260912_222353.jsonl,73,1678.887,29.0,measure,3,-1171.633,-919.669,direction
2,r02_20260912_222353.jsonl,74,1707.887,29.0,measure,3,-1275.058,-858.815,direction
2,r02_20260912_222353.jsonl,75,1716.916,9.028,clear,3,-1293.7,-866.442,success
2,r02_20260912_222353.jsonl,76,1898.571,181.656,measure,4,-1150.0,0.0,no_signal
2,r02_20260912_222353.jsonl,77,1904.571,6.0,measure,5,-1150.0,0.0,no_signal
2,r02_20260912_222353.jsonl,78,1910.571,6.0,measure,7,-1150.0,0.0,no_signal
2,r02_20260912_222353.jsonl,79,1916.571,6.0,measure,9,-1150.0,0.0,no_signal
2,r02_20260912_222353.jsonl,80,1922.571,6.0,measure,10,-1150.0,0.0,no_signal
2,r02_20260912_222353.jsonl,81,1928.571,6.0,measure,11,-1150.0,0.0,no_signal
2,r02_20260912_222353.jsonl,82,1934.571,6.0,measure,12,-1150.0,0.0,no_signal
2,r02_20260912_222353.jsonl,83,1940.571,6.0,measure,13,-1150.0,0.0,no_signal
2,r02_20260912_222353.jsonl,84,1946.571,6.0,measure,14,-1150.0,0.0,no_signal
2,r02_20260912_222353.jsonl,85,1952.571,6.0,measure,15,-1150.0,0.0,no_signal
2,r02_20260912_222353.jsonl,86,1958.571,6.0,measure,16,-1150.0,0.0,no_signal
2,r02_20260912_222353.jsonl,87,1964.571,6.0,measure,17,-1150.0,0.0,no_signal
2,r02_20260912_222353.jsonl,88,1970.571,6.0,measure,20,-1150.0,0.0,no_signal
2,r02_20260912_222353.jsonl,89,2205.571,235.0,measure,20,-575.0,995.929,no_signal
2,r02_20260912_222353.jsonl,90,2211.571,6.0,measure,17,-575.0,995.929,no_signal
2,r02_20260912_222353.jsonl,91,2217.571,6.0,measure,16,-575.0,995.929,no_signal
2,r02_20260912_222353.jsonl,92,2223.571,6.0,measure,15,-575.0,995.929,no_signal
2,r02_20260912_222353.jsonl,93,2229.571,6.0,measure,14,-575.0,995.929,no_signal
2,r02_20260912_222353.jsonl,94,2235.571,6.0,measure,13,-575.0,995.929,no_signal
2,r02_20260912_222353.jsonl,95,2241.571,6.0,measure,12,-575.0,995.929,direction
2,r02_20260912_222353.jsonl,96,2247.571,6.0,measure,11,-575.0,995.929,no_signal
2,r02_20260912_222353.jsonl,97,2253.571,6.0,measure,10,-575.0,995.929,direction
2,r02_20260912_222353.jsonl,98,2259.571,6.0,measure,9,-575.0,995.929,no_signal
2,r02_20260912_222353.jsonl,99,2265.571,6.0,measure,7,-575.0,995.929,no_signal
2,r02_20260912_222353.jsonl,100,2271.571,6.0,measure,5,-575.0,995.929,direction
2,r02_20260912_222353.jsonl,101,2277.571,6.0,measure,4,-575.0,995.929,no_signal
2,r02_20260912_222353.jsonl,102,2283.571,6.0,measure,5,-575.0,995.929,direction
2,r02_20260912_222353.jsonl,103,2289.571,6.0,measure,10,-575.0,995.929,direction
2,r02_20260912_222353.jsonl,104,2295.571,6.0,measure,12,-575.0,995.929,direction
2,r02_20260912_222353.jsonl,105,2371.571,76.0,measure,5,-674.288,1331.551,direction
2,r02_20260912_222353.jsonl,106,2400.571,29.0,measure,5,-619.38,1438.252,direction
2,r02_20260912_222353.jsonl,107,2429.571,29.0,measure,5,-624.463,1558.144,direction
2,r02_20260912_222353.jsonl,108,2450.449,20.877,clear,5,-593.561,1631.27,success
2,r02_20260912_222353.jsonl,109,2526.449,76.0,measure,10,-468.874,1958.307,direction
2,r02_20260912_222353.jsonl,110,2628.401,101.952,clear,10,-130.012,1611.658,success
2,r02_20260912_222353.jsonl,111,2704.401,76.0,measure,12,21.438,1927.194,direction
2,r02_20260912_222353.jsonl,112,2759.509,55.108,clear,12,8.919,1676.968,success
2,r02_20260912_222353.jsonl,113,2942.626,183.117,measure,11,575.0,995.929,no_signal
2,r02_20260912_222353.jsonl,114,2948.626,6.0,measure,13,575.0,995.929,no_signal
2,r02_20260912_222353.jsonl,115,2954.626,6.0,measure,14,575.0,995.929,no_signal
2,r02_20260912_222353.jsonl,116,2960.626,6.0,measure,9,575.0,995.929,no_signal
2,r02_20260912_222353.jsonl,117,2966.626,6.0,measure,15,575.0,995.929,no_signal
2,r02_20260912_222353.jsonl,118,2972.626,6.0,measure,16,575.0,995.929,no_signal
2,r02_20260912_222353.jsonl,119,2978.626,6.0,measure,7,575.0,995.929,direction
2,r02_20260912_222353.jsonl,120,2984.626,6.0,measure,17,575.0,995.929,no_signal
2,r02_20260912_222353.jsonl,121,2990.626,6.0,measure,4,575.0,995.929,no_signal
2,r02_20260912_222353.jsonl,122,2996.626,6.0,measure,20,575.0,995.929,no_signal
2,r02_20260912_222353.jsonl,123,3002.626,6.0,measure,7,575.0,995.929,direction
2,r02_20260912_222353.jsonl,124,3077.626,75.0,measure,7,758.499,1293.969,direction
2,r02_20260912_222353.jsonl,125,3111.204,33.579,clear,7,901.059,1303.731,success
2,r02_20260912_222353.jsonl,126,3382.661,271.457,measure,9,1150.0,0.0,no_signal
2,r02_20260912_222353.jsonl,127,3388.661,6.0,measure,4,1150.0,0.0,no_signal
2,r02_20260912_222353.jsonl,128,3394.661,6.0,measure,11,1150.0,0.0,no_signal
2,r02_20260912_222353.jsonl,129,3400.661,6.0,measure,13,1150.0,0.0,no_signal
2,r02_20260912_222353.jsonl,130,3406.661,6.0,measure,14,1150.0,0.0,no_signal
2,r02_20260912_222353.jsonl,131,3412.661,6.0,measure,15,1150.0,0.0,no_signal
2,r02_20260912_222353.jsonl,132,3418.661,6.0,measure,16,1150.0,0.0,no_signal
2,r02_20260912_222353.jsonl,133,3424.661,6.0,measure,17,1150.0,0.0,no_signal
2,r02_20260912_222353.jsonl,134,3430.661,6.0,measure,20,1150.0,0.0,no_signal
2,r02_20260912_222353.jsonl,135,3665.661,235.0,measure,20,575.0,-995.929,no_signal
2,r02_20260912_222353.jsonl,136,3671.661,6.0,measure,17,575.0,-995.929,no_signal
2,r02_20260912_222353.jsonl,137,3677.661,6.0,measure,16,575.0,-995.929,no_signal
2,r02_20260912_222353.jsonl,138,3683.661,6.0,measure,15,575.0,-995.929,no_signal
2,r02_20260912_222353.jsonl,139,3689.661,6.0,measure,14,575.0,-995.929,no_signal
2,r02_20260912_222353.jsonl,140,3695.661,6.0,measure,13,575.0,-995.929,no_signal
2,r02_20260912_222353.jsonl,141,3701.661,6.0,measure,11,575.0,-995.929,no_signal
2,r02_20260912_222353.jsonl,142,3707.661,6.0,measure,9,575.0,-995.929,no_signal
2,r02_20260912_222353.jsonl,143,3713.661,6.0,measure,4,575.0,-995.929,no_signal
2,r02_20260912_222353.jsonl,144,3713.661,0.0,exit,,,,
3,r03_20260912_222410.jsonl,0,0.0,0.0,enter,,,,
3,r03_20260912_222410.jsonl,1,5.0,5.0,measure,1,0.0,0.0,direction
3,r03_20260912_222410.jsonl,2,11.0,6.0,measure,2,0.0,0.0,direction
3,r03_20260912_222410.jsonl,3,17.0,6.0,measure,3,0.0,0.0,no_signal
3,r03_20260912_222410.jsonl,4,23.0,6.0,measure,4,0.0,0.0,no_signal
3,r03_20260912_222410.jsonl,5,29.0,6.0,measure,5,0.0,0.0,direction
3,r03_20260912_222410.jsonl,6,35.0,6.0,measure,6,0.0,0.0,no_signal
3,r03_20260912_222410.jsonl,7,41.0,6.0,measure,7,0.0,0.0,no_signal
3,r03_20260912_222410.jsonl,8,47.0,6.0,measure,8,0.0,0.0,no_signal
3,r03_20260912_222410.jsonl,9,53.0,6.0,measure,9,0.0,0.0,no_signal
3,r03_20260912_222410.jsonl,10,59.0,6.0,measure,10,0.0,0.0,no_signal
3,r03_20260912_222410.jsonl,11,65.0,6.0,measure,11,0.0,0.0,no_signal
3,r03_20260912_222410.jsonl,12,71.0,6.0,measure,12,0.0,0.0,no_signal
3,r03_20260912_222410.jsonl,13,77.0,6.0,measure,13,0.0,0.0,direction
3,r03_20260912_222410.jsonl,14,83.0,6.0,measure,14,0.0,0.0,no_signal
3,r03_20260912_222410.jsonl,15,89.0,6.0,measure,15,0.0,0.0,no_signal
3,r03_20260912_222410.jsonl,16,95.0,6.0,measure,16,0.0,0.0,direction
3,r03_20260912_222410.jsonl,17,101.0,6.0,measure,17,0.0,0.0,no_signal
3,r03_20260912_222410.jsonl,18,107.0,6.0,measure,18,0.0,0.0,no_signal
3,r03_20260912_222410.jsonl,19,113.0,6.0,measure,19,0.0,0.0,no_signal
3,r03_20260912_222410.jsonl,20,119.0,6.0,measure,20,0.0,0.0,no_signal
3,r03_20260912_222410.jsonl,21,195.0,76.0,measure,5,-223.804,-269.095,direction
3,r03_20260912_222410.jsonl,22,201.0,6.0,measure,1,-223.804,-269.095,direction
3,r03_20260912_222410.jsonl,23,207.0,6.0,measure,2,-223.804,-269.095,direction
3,r03_20260912_222410.jsonl,24,213.0,6.0,measure,13,-223.804,-269.095,direction
3,r03_20260912_222410.jsonl,25,219.0,6.0,measure,16,-223.804,-269.095,direction
3,r03_20260912_222410.jsonl,26,249.0,30.0,measure,5,-343.079,-282.263,direction
3,r03_20260912_222410.jsonl,27,278.0,29.0,measure,5,-440.379,-352.496,direction
3,r03_20260912_222410.jsonl,28,305.794,27.794,clear,5,-550.518,-381.802,success
3,r03_20260912_222410.jsonl,29,436.006,130.212,clear,13,8.372,-99.68,success
3,r03_20260912_222410.jsonl,30,473.001,36.995,measure,1,-23.813,51.915,direction
3,r03_20260912_222410.jsonl,31,502.001,29.0,measure,1,23.533,162.18,direction
3,r03_20260912_222410.jsonl,32,541.52,39.519,clear,1,27.704,334.723,success
3,r03_20260912_222410.jsonl,33,575.137,33.618,measure,2,46.677,471.502,direction
3,r03_20260912_222410.jsonl,34,604.137,29.0,measure,2,125.612,561.886,direction
3,r03_20260912_222410.jsonl,35,633.137,29.0,measure,2,148.001,679.779,direction
3,r03_20260912_222410.jsonl,36,657.08,23.943,clear,2,199.092,759.531,success
3,r03_20260912_222410.jsonl,37,733.08,76.0,measure,16,471.121,539.304,direction
3,r03_20260912_222410.jsonl,38,883.577,150.497,clear,16,794.188,-112.509,success
3,r03_20260912_222410.jsonl,39,964.212,80.635,measure,15,1150.0,0.0,no_signal
3,r03_20260912_222410.jsonl,40,970.212,6.0,measure,17,1150.0,0.0,no_signal
3,r03_20260912_222410.jsonl,41,976.212,6.0,measure,14,1150.0,0.0,direction
3,r03_20260912_222410.jsonl,42,982.212,6.0,measure,18,1150.0,0.0,no_signal
3,r03_20260912_222410.jsonl,43,988.212,6.0,measure,19,1150.0,0.0,no_signal
3,r03_20260912_222410.jsonl,44,994.212,6.0,measure,12,1150.0,0.0,no_signal
3,r03_20260912_222410.jsonl,45,1000.212,6.0,measure,20,1150.0,0.0,direction
3,r03_20260912_222410.jsonl,46,1006.212,6.0,measure,11,1150.0,0.0,no_signal
3,r03_20260912_222410.jsonl,47,1012.212,6.0,measure,10,1150.0,0.0,direction
3,r03_20260912_222410.jsonl,48,1018.212,6.0,measure,9,1150.0,0.0,no_signal
3,r03_20260912_222410.jsonl,49,1024.212,6.0,measure,8,1150.0,0.0,no_signal
3,r03_20260912_222410.jsonl,50,1030.212,6.0,measure,7,1150.0,0.0,no_signal
3,r03_20260912_222410.jsonl,51,1036.212,6.0,measure,6,1150.0,0.0,no_signal
3,r03_20260912_222410.jsonl,52,1042.212,6.0,measure,4,1150.0,0.0,no_signal
3,r03_20260912_222410.jsonl,53,1048.212,6.0,measure,3,1150.0,0.0,no_signal
3,r03_20260912_222410.jsonl,54,1054.212,6.0,measure,10,1150.0,0.0,direction
3,r03_20260912_222410.jsonl,55,1060.212,6.0,measure,14,1150.0,0.0,direction
3,r03_20260912_222410.jsonl,56,1066.212,6.0,measure,20,1150.0,0.0,direction
3,r03_20260912_222410.jsonl,57,1142.212,76.0,measure,10,1089.043,344.651,direction
3,r03_20260912_222410.jsonl,58,1195.885,53.673,clear,10,1199.452,561.529,success
3,r03_20260912_222410.jsonl,59,1271.885,76.0,measure,20,1036.271,871.161,direction
3,r03_20260912_222410.jsonl,60,1305.268,33.384,measure,20,1006.886,1010.003,direction
3,r03_20260912_222410.jsonl,61,1334.268,29.0,measure,20,929.428,1101.656,direction
3,r03_20260912_222410.jsonl,62,1363.268,29.0,measure,20,897.429,1217.311,direction
3,r03_20260912_222410.jsonl,63,1383.109,19.841,clear,20,854.339,1277.722,success
3,r03_20260912_222410.jsonl,64,1459.109,76.0,measure,14,736.873,1607.422,direction
3,r03_20260912_222410.jsonl,65,1515.802,56.692,measure,14,802.067,1357.318,direction
3,r03_20260912_222410.jsonl,66,1554.873,39.072,measure,14,965.685,1309.869,direction
3,r03_20260912_222410.jsonl,67,1585.939,31.065,measure,14,986.34,1181.19,direction
3,r03_20260912_222410.jsonl,68,1614.939,29.0,measure,14,1038.011,1072.884,direction
3,r03_20260912_222410.jsonl,69,1641.572,26.633,clear,14,1063.467,967.755,success
3,r03_20260912_222410.jsonl,70,1745.428,103.856,measure,15,575.0,995.929,no_signal
3,r03_20260912_222410.jsonl,71,1751.428,6.0,measure,12,575.0,995.929,no_signal
3,r03_20260912_222410.jsonl,72,1757.428,6.0,measure,11,575.0,995.929,no_signal
3,r03_20260912_222410.jsonl,73,1763.428,6.0,measure,17,575.0,995.929,no_signal
3,r03_20260912_222410.jsonl,74,1769.428,6.0,measure,18,575.0,995.929,no_signal
3,r03_20260912_222410.jsonl,75,1775.428,6.0,measure,9,575.0,995.929,no_signal
3,r03_20260912_222410.jsonl,76,1781.428,6.0,measure,19,575.0,995.929,direction
3,r03_20260912_222410.jsonl,77,1787.428,6.0,measure,8,575.0,995.929,no_signal
3,r03_20260912_222410.jsonl,78,1793.428,6.0,measure,7,575.0,995.929,no_signal
3,r03_20260912_222410.jsonl,79,1799.428,6.0,measure,6,575.0,995.929,no_signal
3,r03_20260912_222410.jsonl,80,1805.428,6.0,measure,4,575.0,995.929,no_signal
3,r03_20260912_222410.jsonl,81,1811.428,6.0,measure,3,575.0,995.929,no_signal
3,r03_20260912_222410.jsonl,82,1817.428,6.0,measure,19,575.0,995.929,direction
3,r03_20260912_222410.jsonl,83,1892.428,75.0,measure,19,721.642,1313.728,direction
3,r03_20260912_222410.jsonl,84,1987.349,94.921,clear,19,1159.276,1210.679,success
3,r03_20260912_222410.jsonl,85,2342.853,355.504,measure,18,-575.0,995.929,no_signal
3,r03_20260912_222410.jsonl,86,2348.853,6.0,measure,17,-575.0,995.929,no_signal
3,r03_20260912_222410.jsonl,87,2354.853,6.0,measure,15,-575.0,995.929,no_signal
3,r03_20260912_222410.jsonl,88,2360.853,6.0,measure,12,-575.0,995.929,no_signal
3,r03_20260912_222410.jsonl,89,2366.853,6.0,measure,11,-575.0,995.929,no_signal
3,r03_20260912_222410.jsonl,90,2372.853,6.0,measure,9,-575.0,995.929,no_signal
3,r03_20260912_222410.jsonl,91,2378.853,6.0,measure,8,-575.0,995.929,no_signal
3,r03_20260912_222410.jsonl,92,2384.853,6.0,measure,7,-575.0,995.929,no_signal
3,r03_20260912_222410.jsonl,93,2390.853,6.0,measure,6,-575.0,995.929,no_signal
3,r03_20260912_222410.jsonl,94,2396.853,6.0,measure,4,-575.0,995.929,no_signal
3,r03_20260912_222410.jsonl,95,2402.853,6.0,measure,3,-575.0,995.929,no_signal
3,r03_20260912_222410.jsonl,96,2637.853,235.0,measure,3,-1150.0,0.0,no_signal
3,r03_20260912_222410.jsonl,97,2643.853,6.0,measure,4,-1150.0,0.0,direction
3,r03_20260912_222410.jsonl,98,2649.853,6.0,measure,6,-1150.0,0.0,no_signal
3,r03_20260912_222410.jsonl,99,2655.853,6.0,measure,7,-1150.0,0.0,direction
3,r03_20260912_222410.jsonl,100,2661.853,6.0,measure,8,-1150.0,0.0,no_signal
3,r03_20260912_222410.jsonl,101,2667.853,6.0,measure,9,-1150.0,0.0,no_signal
3,r03_20260912_222410.jsonl,102,2673.853,6.0,measure,11,-1150.0,0.0,no_signal
3,r03_20260912_222410.jsonl,103,2679.853,6.0,measure,12,-1150.0,0.0,no_signal
3,r03_20260912_222410.jsonl,104,2685.853,6.0,measure,15,-1150.0,0.0,direction
3,r03_20260912_222410.jsonl,105,2691.853,6.0,measure,17,-1150.0,0.0,no_signal
3,r03_20260912_222410.jsonl,106,2697.853,6.0,measure,18,-1150.0,0.0,no_signal
3,r03_20260912_222410.jsonl,107,2703.853,6.0,measure,4,-1150.0,0.0,direction
3,r03_20260912_222410.jsonl,108,2709.853,6.0,measure,7,-1150.0,0.0,direction
3,r03_20260912_222410.jsonl,109,2715.853,6.0,measure,15,-1150.0,0.0,direction
3,r03_20260912_222410.jsonl,110,2791.853,76.0,measure,7,-1473.147,134.447,direction
3,r03_20260912_222410.jsonl,111,2847.981,56.128,clear,7,-1606.699,352.428,success
3,r03_20260912_222410.jsonl,112,2923.981,76.0,measure,15,-1553.516,6.492,direction
3,r03_20260912_222410.jsonl,113,2998.981,75.0,measure,15,-1538.31,-343.178,direction
3,r03_20260912_222410.jsonl,114,3058.03,59.049,measure,15,-1400.821,-575.834,direction
3,r03_20260912_222410.jsonl,115,3098.434,40.404,measure,15,-1376.475,-751.171,direction
3,r03_20260912_222410.jsonl,116,3127.434,29.0,measure,15,-1326.789,-860.401,direction
3,r03_20260912_222410.jsonl,117,3156.434,29.0,measure,15,-1302.87,-977.993,direction
3,r03_20260912_222410.jsonl,118,3184.634,28.201,measure,15,-1313.753,-1093.485,direction
3,r03_20260912_222410.jsonl,119,3200.016,15.381,clear,15,-1262.587,-1084.743,success
3,r03_20260912_222410.jsonl,120,3276.016,76.0,measure,4,-1171.646,-1422.722,direction
3,r03_20260912_222410.jsonl,121,3331.455,55.439,measure,4,-1109.439,-1178.317,direction
3,r03_20260912_222410.jsonl,122,3368.701,37.245,measure,4,-1151.127,-1022.573,direction
3,r03_20260912_222410.jsonl,123,3397.701,29.0,measure,4,-1134.446,-903.738,direction
3,r03_20260912_222410.jsonl,124,3426.701,29.0,measure,4,-1153.965,-785.336,direction
3,r03_20260912_222410.jsonl,125,3455.701,29.0,measure,4,-1135.148,-666.821,direction
3,r03_20260912_222410.jsonl,126,3470.978,15.277,measure,4,-1111.142,-712.255,direction
3,r03_20260912_222410.jsonl,127,3486.0,15.022,clear,4,-1148.844,-679.248,success
3,r03_20260912_222410.jsonl,128,3623.085,137.085,measure,3,-575.0,-995.929,direction
3,r03_20260912_222410.jsonl,129,3629.085,6.0,measure,6,-575.0,-995.929,no_signal
3,r03_20260912_222410.jsonl,130,3635.085,6.0,measure,8,-575.0,-995.929,no_signal
3,r03_20260912_222410.jsonl,131,3641.085,6.0,measure,9,-575.0,-995.929,direction
3,r03_20260912_222410.jsonl,132,3647.085,6.0,measure,11,-575.0,-995.929,no_signal
3,r03_20260912_222410.jsonl,133,3653.085,6.0,measure,12,-575.0,-995.929,direction
3,r03_20260912_222410.jsonl,134,3659.085,6.0,measure,17,-575.0,-995.929,no_signal
3,r03_20260912_222410.jsonl,135,3665.085,6.0,measure,18,-575.0,-995.929,no_signal
3,r03_20260912_222410.jsonl,136,3671.085,6.0,measure,3,-575.0,-995.929,direction
3,r03_20260912_222410.jsonl,137,3677.085,6.0,measure,9,-575.0,-995.929,direction
3,r03_20260912_222410.jsonl,138,3683.085,6.0,measure,12,-575.0,-995.929,direction
3,r03_20260912_222410.jsonl,139,3759.085,76.0,measure,3,-350.399,-1264.358,direction
3,r03_20260912_222410.jsonl,140,3798.206,39.122,measure,3,-345.308,-1434.89,direction
3,r03_20260912_222410.jsonl,141,3827.206,29.0,measure,3,-284.053,-1538.078,direction
3,r03_20260912_222410.jsonl,142,3856.206,29.0,measure,3,-269.2,-1657.155,direction
3,r03_20260912_222410.jsonl,143,3876.574,20.368,clear,3,-235.67,-1726.292,success
3,r03_20260912_222410.jsonl,144,3952.574,76.0,measure,12,-0.025,-1985.081,direction
3,r03_20260912_222410.jsonl,145,3989.07,36.496,measure,12,-59.221,-1839.152,direction
3,r03_20260912_222410.jsonl,146,4018.07,29.0,measure,12,-152.308,-1763.423,direction
3,r03_20260912_222410.jsonl,147,4047.07,29.0,measure,12,-206.673,-1656.444,direction
3,r03_20260912_222410.jsonl,148,4064.802,17.732,clear,12,-254.235,-1614.132,success
3,r03_20260912_222410.jsonl,149,4140.802,76.0,measure,9,95.421,-1629.643,direction
3,r03_20260912_222410.jsonl,150,4192.945,52.143,measure,9,329.562,-1602.428,direction
3,r03_20260912_222410.jsonl,151,4229.233,36.288,measure,9,456.736,-1511.321,direction
3,r03_20260912_222410.jsonl,152,4258.233,29.0,measure,9,573.834,-1485.091,direction
3,r03_20260912_222410.jsonl,153,4299.848,41.615,clear,9,741.446,-1411.457,success
3,r03_20260912_222410.jsonl,154,4395.373,95.525,measure,8,575.0,-995.929,no_signal
3,r03_20260912_222410.jsonl,155,4401.373,6.0,measure,11,575.0,-995.929,no_signal
3,r03_20260912_222410.jsonl,156,4407.373,6.0,measure,6,575.0,-995.929,no_signal
3,r03_20260912_222410.jsonl,157,4413.373,6.0,measure,17,575.0,-995.929,no_signal
3,r03_20260912_222410.jsonl,158,4419.373,6.0,measure,18,575.0,-995.929,no_signal
3,r03_20260912_222410.jsonl,159,4419.373,0.0,exit,,,,
4,r04_20260912_222432.jsonl,0,0.0,0.0,enter,,,,
4,r04_20260912_222432.jsonl,1,5.0,5.0,measure,1,0.0,0.0,no_signal
4,r04_20260912_222432.jsonl,2,11.0,6.0,measure,2,0.0,0.0,no_signal
4,r04_20260912_222432.jsonl,3,17.0,6.0,measure,3,0.0,0.0,no_signal
4,r04_20260912_222432.jsonl,4,23.0,6.0,measure,4,0.0,0.0,no_signal
4,r04_20260912_222432.jsonl,5,29.0,6.0,measure,5,0.0,0.0,direction
4,r04_20260912_222432.jsonl,6,35.0,6.0,measure,6,0.0,0.0,no_signal
4,r04_20260912_222432.jsonl,7,41.0,6.0,measure,7,0.0,0.0,no_signal
4,r04_20260912_222432.jsonl,8,47.0,6.0,measure,8,0.0,0.0,no_signal
4,r04_20260912_222432.jsonl,9,53.0,6.0,measure,9,0.0,0.0,direction
4,r04_20260912_222432.jsonl,10,59.0,6.0,measure,10,0.0,0.0,direction
4,r04_20260912_222432.jsonl,11,65.0,6.0,measure,11,0.0,0.0,direction
4,r04_20260912_222432.jsonl,12,71.0,6.0,measure,12,0.0,0.0,direction
4,r04_20260912_222432.jsonl,13,77.0,6.0,measure,13,0.0,0.0,no_signal
4,r04_20260912_222432.jsonl,14,83.0,6.0,measure,14,0.0,0.0,no_signal
4,r04_20260912_222432.jsonl,15,89.0,6.0,measure,15,0.0,0.0,no_signal
4,r04_20260912_222432.jsonl,16,95.0,6.0,measure,16,0.0,0.0,no_signal
4,r04_20260912_222432.jsonl,17,101.0,6.0,measure,17,0.0,0.0,direction
4,r04_20260912_222432.jsonl,18,107.0,6.0,measure,18,0.0,0.0,direction
4,r04_20260912_222432.jsonl,19,113.0,6.0,measure,19,0.0,0.0,no_signal
4,r04_20260912_222432.jsonl,20,119.0,6.0,measure,20,0.0,0.0,no_signal
4,r04_20260912_222432.jsonl,21,195.0,76.0,measure,11,-335.5,-99.698,direction
4,r04_20260912_222432.jsonl,22,201.0,6.0,measure,5,-335.5,-99.698,direction
4,r04_20260912_222432.jsonl,23,207.0,6.0,measure,9,-335.5,-99.698,direction
4,r04_20260912_222432.jsonl,24,213.0,6.0,measure,10,-335.5,-99.698,direction
4,r04_20260912_222432.jsonl,25,219.0,6.0,measure,12,-335.5,-99.698,direction
4,r04_20260912_222432.jsonl,26,225.0,6.0,measure,17,-335.5,-99.698,direction
4,r04_20260912_222432.jsonl,27,231.0,6.0,measure,18,-335.5,-99.698,direction
4,r04_20260912_222432.jsonl,28,285.71,54.71,measure,11,-566.558,-22.701,direction
4,r04_20260912_222432.jsonl,29,323.339,37.63,measure,11,-726.95,-52.56,direction
4,r04_20260912_222432.jsonl,30,352.339,29.0,measure,11,-844.155,-26.81,direction
4,r04_20260912_222432.jsonl,31,381.34,29.0,measure,11,-963.731,-36.894,direction
4,r04_20260912_222432.jsonl,32,410.34,29.0,measure,11,-1080.772,-10.409,direction
4,r04_20260912_222432.jsonl,33,425.755,15.415,measure,11,-1123.481,19.387,direction
4,r04_20260912_222432.jsonl,34,440.744,14.989,clear,11,-1094.888,-21.566,success
4,r04_20260912_222432.jsonl,35,516.744,76.0,measure,12,-928.415,286.309,direction
4,r04_20260912_222432.jsonl,36,674.676,157.931,clear,12,-341.413,776.339,success
4,r04_20260912_222432.jsonl,37,724.892,50.216,measure,18,-122.403,746.157,direction
4,r04_20260912_222432.jsonl,38,814.699,89.807,clear,18,222.993,500.174,success
4,r04_20260912_222432.jsonl,39,965.055,150.357,clear,10,34.386,-201.71,success
4,r04_20260912_222432.jsonl,40,1005.855,40.799,clear,5,-144.571,-197.979,success
4,r04_20260912_222432.jsonl,41,1052.479,46.625,measure,9,-270.756,-357.153,direction
4,r04_20260912_222432.jsonl,42,1137.797,85.318,clear,9,-619.169,-556.862,success
4,r04_20260912_222432.jsonl,43,1206.949,69.152,measure,17,-309.306,-617.6,direction
4,r04_20260912_222432.jsonl,44,1332.622,125.673,clear,17,191.685,-953.839,success
4,r04_20260912_222432.jsonl,45,1415.746,83.124,measure,16,575.0,-995.929,no_signal
4,r04_20260912_222432.jsonl,46,1421.746,6.0,measure,15,575.0,-995.929,no_signal
4,r04_20260912_222432.jsonl,47,1427.746,6.0,measure,19,575.0,-995.929,no_signal
4,r04_20260912_222432.jsonl,48,1433.746,6.0,measure,14,575.0,-995.929,no_signal
4,r04_20260912_222432.jsonl,49,1439.746,6.0,measure,20,575.0,-995.929,no_signal
4,r04_20260912_222432.jsonl,50,1445.746,6.0,measure,13,575.0,-995.929,no_signal
4,r04_20260912_222432.jsonl,51,1451.746,6.0,measure,8,575.0,-995.929,no_signal
4,r04_20260912_222432.jsonl,52,1457.746,6.0,measure,7,575.0,-995.929,no_signal
4,r04_20260912_222432.jsonl,53,1463.746,6.0,measure,6,575.0,-995.929,no_signal
4,r04_20260912_222432.jsonl,54,1469.746,6.0,measure,4,575.0,-995.929,no_signal
4,r04_20260912_222432.jsonl,55,1475.746,6.0,measure,3,575.0,-995.929,no_signal
4,r04_20260912_222432.jsonl,56,1481.746,6.0,measure,2,575.0,-995.929,no_signal
4,r04_20260912_222432.jsonl,57,1487.746,6.0,measure,1,575.0,-995.929,no_signal
4,r04_20260912_222432.jsonl,58,1722.746,235.0,measure,1,1150.0,0.0,direction
4,r04_20260912_222432.jsonl,59,1728.746,6.0,measure,2,1150.0,0.0,no_signal
4,r04_20260912_222432.jsonl,60,1734.746,6.0,measure,3,1150.0,0.0,no_signal
4,r04_20260912_222432.jsonl,61,1740.746,6.0,measure,4,1150.0,0.0,no_signal
4,r04_20260912_222432.jsonl,62,1746.746,6.0,measure,6,1150.0,0.0,no_signal
4,r04_20260912_222432.jsonl,63,1752.746,6.0,measure,7,1150.0,0.0,no_signal
4,r04_20260912_222432.jsonl,64,1758.746,6.0,measure,8,1150.0,0.0,no_signal
4,r04_20260912_222432.jsonl,65,1764.746,6.0,measure,13,1150.0,0.0,no_signal
4,r04_20260912_222432.jsonl,66,1770.746,6.0,measure,14,1150.0,0.0,no_signal
4,r04_20260912_222432.jsonl,67,1776.746,6.0,measure,15,1150.0,0.0,direction
4,r04_20260912_222432.jsonl,68,1782.746,6.0,measure,16,1150.0,0.0,no_signal
4,r04_20260912_222432.jsonl,69,1788.746,6.0,measure,19,1150.0,0.0,no_signal
4,r04_20260912_222432.jsonl,70,1794.746,6.0,measure,20,1150.0,0.0,no_signal
4,r04_20260912_222432.jsonl,71,1800.746,6.0,measure,1,1150.0,0.0,direction
4,r04_20260912_222432.jsonl,72,1806.746,6.0,measure,15,1150.0,0.0,direction
4,r04_20260912_222432.jsonl,73,1882.746,76.0,measure,1,1145.113,349.966,direction
4,r04_20260912_222432.jsonl,74,1907.218,24.472,clear,1,1224.072,293.008,success
4,r04_20260912_222432.jsonl,75,1983.218,76.0,measure,15,1159.209,636.945,direction
4,r04_20260912_222432.jsonl,76,2012.218,29.0,measure,15,1228.346,735.027,direction
4,r04_20260912_222432.jsonl,77,2024.948,12.73,clear,15,1215.334,771.421,success
4,r04_20260912_222432.jsonl,78,2166.658,141.71,measure,14,575.0,995.929,no_signal
4,r04_20260912_222432.jsonl,79,2172.658,6.0,measure,16,575.0,995.929,direction
4,r04_20260912_222432.jsonl,80,2178.658,6.0,measure,13,575.0,995.929,no_signal
4,r04_20260912_222432.jsonl,81,2184.658,6.0,measure,19,575.0,995.929,no_signal
4,r04_20260912_222432.jsonl,82,2190.658,6.0,measure,20,575.0,995.929,no_signal
4,r04_20260912_222432.jsonl,83,2196.658,6.0,measure,8,575.0,995.929,no_signal
4,r04_20260912_222432.jsonl,84,2202.658,6.0,measure,7,575.0,995.929,no_signal
4,r04_20260912_222432.jsonl,85,2208.658,6.0,measure,6,575.0,995.929,no_signal
4,r04_20260912_222432.jsonl,86,2214.658,6.0,measure,4,575.0,995.929,direction
4,r04_20260912_222432.jsonl,87,2220.658,6.0,measure,3,575.0,995.929,no_signal
4,r04_20260912_222432.jsonl,88,2226.658,6.0,measure,2,575.0,995.929,no_signal
4,r04_20260912_222432.jsonl,89,2232.658,6.0,measure,4,575.0,995.929,direction
4,r04_20260912_222432.jsonl,90,2238.658,6.0,measure,16,575.0,995.929,direction
4,r04_20260912_222432.jsonl,91,2314.658,76.0,measure,4,416.866,1308.169,direction
4,r04_20260912_222432.jsonl,92,2343.658,29.0,measure,4,449.963,1423.515,direction
4,r04_20260912_222432.jsonl,93,2372.658,29.0,measure,4,423.475,1540.555,direction
4,r04_20260912_222432.jsonl,94,2402.11,29.452,clear,4,440.518,1661.623,success
4,r04_20260912_222432.jsonl,95,2478.11,76.0,measure,16,243.334,1950.792,direction
4,r04_20260912_222432.jsonl,96,2553.11,75.0,measure,16,201.711,2298.308,direction
4,r04_20260912_222432.jsonl,97,2616.011,62.901,measure,16,319.228,2033.727,direction
4,r04_20260912_222432.jsonl,98,2653.325,37.314,measure,16,317.465,1872.168,direction
4,r04_20260912_222432.jsonl,99,2682.325,29.0,measure,16,349.714,1756.583,direction
4,r04_20260912_222432.jsonl,100,2711.325,29.0,measure,16,353.348,1636.638,direction
4,r04_20260912_222432.jsonl,101,2727.325,16.0,measure,16,319.366,1593.392,direction
4,r04_20260912_222432.jsonl,102,2742.407,15.082,clear,16,366.489,1611.3,success
4,r04_20260912_222432.jsonl,103,2973.359,230.952,measure,14,-575.0,995.929,no_signal
4,r04_20260912_222432.jsonl,104,2979.359,6.0,measure,13,-575.0,995.929,no_signal
4,r04_20260912_222432.jsonl,105,2985.359,6.0,measure,19,-575.0,995.929,no_signal
4,r04_20260912_222432.jsonl,106,2991.359,6.0,measure,20,-575.0,995.929,no_signal
4,r04_20260912_222432.jsonl,107,2997.359,6.0,measure,8,-575.0,995.929,no_signal
4,r04_20260912_222432.jsonl,108,3003.359,6.0,measure,7,-575.0,995.929,no_signal
4,r04_20260912_222432.jsonl,109,3009.359,6.0,measure,6,-575.0,995.929,no_signal
4,r04_20260912_222432.jsonl,110,3015.359,6.0,measure,3,-575.0,995.929,no_signal
4,r04_20260912_222432.jsonl,111,3021.359,6.0,measure,2,-575.0,995.929,no_signal
4,r04_20260912_222432.jsonl,112,3256.359,235.0,measure,2,-1150.0,0.0,no_signal
4,r04_20260912_222432.jsonl,113,3262.359,6.0,measure,3,-1150.0,0.0,no_signal
4,r04_20260912_222432.jsonl,114,3268.359,6.0,measure,6,-1150.0,0.0,no_signal
4,r04_20260912_222432.jsonl,115,3274.359,6.0,measure,7,-1150.0,0.0,no_signal
4,r04_20260912_222432.jsonl,116,3280.359,6.0,measure,8,-1150.0,0.0,no_signal
4,r04_20260912_222432.jsonl,117,3286.359,6.0,measure,13,-1150.0,0.0,direction
4,r04_20260912_222432.jsonl,118,3292.359,6.0,measure,14,-1150.0,0.0,no_signal
4,r04_20260912_222432.jsonl,119,3298.359,6.0,measure,19,-1150.0,0.0,no_signal
4,r04_20260912_222432.jsonl,120,3304.359,6.0,measure,20,-1150.0,0.0,no_signal
4,r04_20260912_222432.jsonl,121,3310.359,6.0,measure,13,-1150.0,0.0,direction
4,r04_20260912_222432.jsonl,122,3385.359,75.0,measure,13,-1119.313,-348.652,direction
4,r04_20260912_222432.jsonl,123,3426.029,40.67,measure,13,-1215.69,-498.717,direction
4,r04_20260912_222432.jsonl,124,3455.029,29.0,measure,13,-1223.181,-618.483,direction
4,r04_20260912_222432.jsonl,125,3484.029,29.0,measure,13,-1275.915,-726.275,direction
4,r04_20260912_222432.jsonl,126,3513.029,29.0,measure,13,-1288.74,-845.588,direction
4,r04_20260912_222432.jsonl,127,3525.072,12.044,clear,13,-1309.61,-873.956,success
4,r04_20260912_222432.jsonl,128,3680.006,154.933,measure,14,-575.0,-995.929,no_signal
4,r04_20260912_222432.jsonl,129,3686.006,6.0,measure,8,-575.0,-995.929,no_signal
4,r04_20260912_222432.jsonl,130,3692.006,6.0,measure,7,-575.0,-995.929,no_signal
4,r04_20260912_222432.jsonl,131,3698.006,6.0,measure,19,-575.0,-995.929,no_signal
4,r04_20260912_222432.jsonl,132,3704.006,6.0,measure,6,-575.0,-995.929,no_signal
4,r04_20260912_222432.jsonl,133,3710.006,6.0,measure,20,-575.0,-995.929,no_signal
4,r04_20260912_222432.jsonl,134,3716.006,6.0,measure,3,-575.0,-995.929,no_signal
4,r04_20260912_222432.jsonl,135,3722.006,6.0,measure,2,-575.0,-995.929,no_signal
4,r04_20260912_222432.jsonl,136,3722.006,0.0,exit,,,,
5,r05_20260912_222445.jsonl,0,0.0,0.0,enter,,,,
5,r05_20260912_222445.jsonl,1,5.0,5.0,measure,1,0.0,0.0,no_signal
5,r05_20260912_222445.jsonl,2,11.0,6.0,measure,2,0.0,0.0,direction
5,r05_20260912_222445.jsonl,3,17.0,6.0,measure,3,0.0,0.0,direction
5,r05_20260912_222445.jsonl,4,23.0,6.0,measure,4,0.0,0.0,no_signal
5,r05_20260912_222445.jsonl,5,29.0,6.0,measure,5,0.0,0.0,no_signal
5,r05_20260912_222445.jsonl,6,35.0,6.0,measure,6,0.0,0.0,no_signal
5,r05_20260912_222445.jsonl,7,41.0,6.0,measure,7,0.0,0.0,no_signal
5,r05_20260912_222445.jsonl,8,47.0,6.0,measure,8,0.0,0.0,no_signal
5,r05_20260912_222445.jsonl,9,53.0,6.0,measure,9,0.0,0.0,no_signal
5,r05_20260912_222445.jsonl,10,59.0,6.0,measure,10,0.0,0.0,no_signal
5,r05_20260912_222445.jsonl,11,65.0,6.0,measure,11,0.0,0.0,no_signal
5,r05_20260912_222445.jsonl,12,71.0,6.0,measure,12,0.0,0.0,no_signal
5,r05_20260912_222445.jsonl,13,77.0,6.0,measure,13,0.0,0.0,no_signal
5,r05_20260912_222445.jsonl,14,83.0,6.0,measure,14,0.0,0.0,no_signal
5,r05_20260912_222445.jsonl,15,89.0,6.0,measure,15,0.0,0.0,direction
5,r05_20260912_222445.jsonl,16,95.0,6.0,measure,16,0.0,0.0,no_signal
5,r05_20260912_222445.jsonl,17,101.0,6.0,measure,17,0.0,0.0,no_signal
5,r05_20260912_222445.jsonl,18,107.0,6.0,measure,18,0.0,0.0,no_signal
5,r05_20260912_222445.jsonl,19,113.0,6.0,measure,19,0.0,0.0,no_signal
5,r05_20260912_222445.jsonl,20,119.0,6.0,measure,20,0.0,0.0,no_signal
5,r05_20260912_222445.jsonl,21,195.0,76.0,measure,3,-60.657,-344.704,direction
5,r05_20260912_222445.jsonl,22,201.0,6.0,measure,2,-60.657,-344.704,direction
5,r05_20260912_222445.jsonl,23,207.0,6.0,measure,15,-60.657,-344.704,direction
5,r05_20260912_222445.jsonl,24,236.028,29.028,clear,3,-109.281,-234.846,success
5,r05_20260912_222445.jsonl,25,358.419,122.392,clear,15,484.618,-295.212,no_target_in_range
5,r05_20260912_222445.jsonl,26,366.102,7.683,clear,15,508.029,-294.842,no_target_in_range
5,r05_20260912_222445.jsonl,27,376.173,10.071,clear,15,483.029,-269.842,no_target_in_range
5,r05_20260912_222445.jsonl,28,388.244,12.071,clear,15,458.029,-294.842,success
5,r05_20260912_222445.jsonl,29,451.907,63.663,measure,2,443.351,-582.784,direction
5,r05_20260912_222445.jsonl,30,555.469,103.562,clear,2,177.681,-997.851,success
5,r05_20260912_222445.jsonl,31,640.934,85.465,measure,1,575.0,-995.929,no_signal
5,r05_20260912_222445.jsonl,32,646.934,6.0,measure,4,575.0,-995.929,no_signal
5,r05_20260912_222445.jsonl,33,652.934,6.0,measure,5,575.0,-995.929,no_signal
5,r05_20260912_222445.jsonl,34,658.934,6.0,measure,6,575.0,-995.929,direction
5,r05_20260912_222445.jsonl,35,664.934,6.0,measure,7,575.0,-995.929,no_signal
5,r05_20260912_222445.jsonl,36,670.934,6.0,measure,8,575.0,-995.929,no_signal
5,r05_20260912_222445.jsonl,37,676.934,6.0,measure,9,575.0,-995.929,no_signal
5,r05_20260912_222445.jsonl,38,682.934,6.0,measure,10,575.0,-995.929,no_signal
5,r05_20260912_222445.jsonl,39,688.934,6.0,measure,11,575.0,-995.929,no_signal
5,r05_20260912_222445.jsonl,40,694.934,6.0,measure,12,575.0,-995.929,no_signal
5,r05_20260912_222445.jsonl,41,700.934,6.0,measure,13,575.0,-995.929,no_signal
5,r05_20260912_222445.jsonl,42,706.934,6.0,measure,14,575.0,-995.929,no_signal
5,r05_20260912_222445.jsonl,43,712.934,6.0,measure,16,575.0,-995.929,no_signal
5,r05_20260912_222445.jsonl,44,718.934,6.0,measure,17,575.0,-995.929,no_signal
5,r05_20260912_222445.jsonl,45,724.934,6.0,measure,18,575.0,-995.929,direction
5,r05_20260912_222445.jsonl,46,730.934,6.0,measure,19,575.0,-995.929,direction
5,r05_20260912_222445.jsonl,47,736.934,6.0,measure,20,575.0,-995.929,no_signal
5,r05_20260912_222445.jsonl,48,742.934,6.0,measure,6,575.0,-995.929,direction
5,r05_20260912_222445.jsonl,49,748.934,6.0,measure,18,575.0,-995.929,direction
5,r05_20260912_222445.jsonl,50,754.934,6.0,measure,19,575.0,-995.929,direction
5,r05_20260912_222445.jsonl,51,830.934,76.0,measure,6,772.285,-706.829,direction
5,r05_20260912_222445.jsonl,52,858.281,27.347,clear,6,880.893,-733.084,success
5,r05_20260912_222445.jsonl,53,934.281,76.0,measure,19,1107.921,-466.704,direction
5,r05_20260912_222445.jsonl,54,1001.89,67.608,clear,19,949.999,-736.992,success
5,r05_20260912_222445.jsonl,55,1077.89,76.0,measure,18,694.651,-976.361,direction
5,r05_20260912_222445.jsonl,56,1152.89,75.0,measure,18,355.345,-1062.219,direction
5,r05_20260912_222445.jsonl,57,1227.89,75.0,measure,18,87.815,-1287.89,direction
5,r05_20260912_222445.jsonl,58,1291.447,63.557,measure,18,-189.638,-1381.4,direction
5,r05_20260912_222445.jsonl,59,1325.976,34.529,measure,18,-309.112,-1468.148,direction
5,r05_20260912_222445.jsonl,60,1354.976,29.0,measure,18,-419.24,-1515.812,direction
5,r05_20260912_222445.jsonl,61,1393.031,38.055,measure,18,-583.221,-1536.45,direction
5,r05_20260912_222445.jsonl,62,1413.161,20.13,clear,18,-542.973,-1600.503,success
5,r05_20260912_222445.jsonl,63,1540.245,127.084,measure,17,-575.0,-995.929,direction
5,r05_20260912_222445.jsonl,64,1546.245,6.0,measure,16,-575.0,-995.929,no_signal
5,r05_20260912_222445.jsonl,65,1552.245,6.0,measure,20,-575.0,-995.929,no_signal
5,r05_20260912_222445.jsonl,66,1558.245,6.0,measure,14,-575.0,-995.929,no_signal
5,r05_20260912_222445.jsonl,67,1564.245,6.0,measure,13,-575.0,-995.929,no_signal
5,r05_20260912_222445.jsonl,68,1570.245,6.0,measure,12,-575.0,-995.929,no_signal
5,r05_20260912_222445.jsonl,69,1576.245,6.0,measure,11,-575.0,-995.929,no_signal
5,r05_20260912_222445.jsonl,70,1582.245,6.0,measure,10,-575.0,-995.929,no_signal
5,r05_20260912_222445.jsonl,71,1588.245,6.0,measure,9,-575.0,-995.929,no_signal
5,r05_20260912_222445.jsonl,72,1594.245,6.0,measure,8,-575.0,-995.929,no_signal
5,r05_20260912_222445.jsonl,73,1600.245,6.0,measure,7,-575.0,-995.929,no_signal
5,r05_20260912_222445.jsonl,74,1606.245,6.0,measure,5,-575.0,-995.929,no_signal
5,r05_20260912_222445.jsonl,75,1612.245,6.0,measure,4,-575.0,-995.929,no_signal
5,r05_20260912_222445.jsonl,76,1618.245,6.0,measure,1,-575.0,-995.929,no_signal
5,r05_20260912_222445.jsonl,77,1624.245,6.0,measure,17,-575.0,-995.929,direction
5,r05_20260912_222445.jsonl,78,1699.245,75.0,measure,17,-887.377,-838.067,direction
5,r05_20260912_222445.jsonl,79,1760.26,61.015,measure,17,-1023.971,-593.56,direction
5,r05_20260912_222445.jsonl,80,1802.962,42.701,measure,17,-1184.082,-494.064,direction
5,r05_20260912_222445.jsonl,81,1831.962,29.0,measure,17,-1252.825,-395.705,direction
5,r05_20260912_222445.jsonl,82,1860.962,29.0,measure,17,-1346.6,-320.83,direction
5,r05_20260912_222445.jsonl,83,1887.526,26.565,clear,17,-1412.565,-235.539,success
5,r05_20260912_222445.jsonl,84,1964.072,76.546,measure,16,-1150.0,0.0,no_signal
5,r05_20260912_222445.jsonl,85,1970.072,6.0,measure,14,-1150.0,0.0,no_signal
5,r05_20260912_222445.jsonl,86,1976.072,6.0,measure,20,-1150.0,0.0,no_signal
5,r05_20260912_222445.jsonl,87,1982.072,6.0,measure,13,-1150.0,0.0,no_signal
5,r05_20260912_222445.jsonl,88,1988.072,6.0,measure,12,-1150.0,0.0,direction
5,r05_20260912_222445.jsonl,89,1994.072,6.0,measure,11,-1150.0,0.0,no_signal
5,r05_20260912_222445.jsonl,90,2000.072,6.0,measure,10,-1150.0,0.0,no_signal
5,r05_20260912_222445.jsonl,91,2006.072,6.0,measure,9,-1150.0,0.0,no_signal
5,r05_20260912_222445.jsonl,92,2012.072,6.0,measure,8,-1150.0,0.0,no_signal
5,r05_20260912_222445.jsonl,93,2018.072,6.0,measure,7,-1150.0,0.0,no_signal
5,r05_20260912_222445.jsonl,94,2024.072,6.0,measure,5,-1150.0,0.0,direction
5,r05_20260912_222445.jsonl,95,2030.072,6.0,measure,4,-1150.0,0.0,no_signal
5,r05_20260912_222445.jsonl,96,2036.072,6.0,measure,1,-1150.0,0.0,no_signal
5,r05_20260912_222445.jsonl,97,2042.072,6.0,measure,5,-1150.0,0.0,direction
5,r05_20260912_222445.jsonl,98,2048.072,6.0,measure,12,-1150.0,0.0,direction
5,r05_20260912_222445.jsonl,99,2123.072,75.0,measure,12,-1493.452,67.383,direction
5,r05_20260912_222445.jsonl,100,2167.779,44.706,clear,12,-1611.855,226.743,success
5,r05_20260912_222445.jsonl,101,2243.779,76.0,measure,5,-1949.011,320.688,direction
5,r05_20260912_222445.jsonl,102,2279.05,35.271,measure,5,-1812.446,255.433,direction
5,r05_20260912_222445.jsonl,103,2345.652,66.602,clear,5,-1507.693,210.761,success
5,r05_20260912_222445.jsonl,104,2595.488,249.836,measure,4,-575.0,995.929,no_signal
5,r05_20260912_222445.jsonl,105,2601.488,6.0,measure,7,-575.0,995.929,no_signal
5,r05_20260912_222445.jsonl,106,2607.488,6.0,measure,8,-575.0,995.929,no_signal
5,r05_20260912_222445.jsonl,107,2613.488,6.0,measure,1,-575.0,995.929,no_signal
5,r05_20260912_222445.jsonl,108,2619.488,6.0,measure,9,-575.0,995.929,no_signal
5,r05_20260912_222445.jsonl,109,2625.488,6.0,measure,10,-575.0,995.929,no_signal
5,r05_20260912_222445.jsonl,110,2631.488,6.0,measure,11,-575.0,995.929,no_signal
5,r05_20260912_222445.jsonl,111,2637.488,6.0,measure,13,-575.0,995.929,no_signal
5,r05_20260912_222445.jsonl,112,2643.488,6.0,measure,14,-575.0,995.929,no_signal
5,r05_20260912_222445.jsonl,113,2649.488,6.0,measure,16,-575.0,995.929,direction
5,r05_20260912_222445.jsonl,114,2655.488,6.0,measure,20,-575.0,995.929,no_signal
5,r05_20260912_222445.jsonl,115,2661.488,6.0,measure,16,-575.0,995.929,direction
5,r05_20260912_222445.jsonl,116,2736.488,75.0,measure,16,-695.51,1324.528,direction
5,r05_20260912_222445.jsonl,117,2776.829,40.341,clear,16,-591.884,1181.4,success
5,r05_20260912_222445.jsonl,118,3019.135,242.306,measure,14,575.0,995.929,direction
5,r05_20260912_222445.jsonl,119,3025.135,6.0,measure,13,575.0,995.929,no_signal
5,r05_20260912_222445.jsonl,120,3031.135,6.0,measure,20,575.0,995.929,no_signal
5,r05_20260912_222445.jsonl,121,3037.135,6.0,measure,11,575.0,995.929,no_signal
5,r05_20260912_222445.jsonl,122,3043.135,6.0,measure,10,575.0,995.929,no_signal
5,r05_20260912_222445.jsonl,123,3049.135,6.0,measure,9,575.0,995.929,no_signal
5,r05_20260912_222445.jsonl,124,3055.135,6.0,measure,8,575.0,995.929,no_signal
5,r05_20260912_222445.jsonl,125,3061.135,6.0,measure,7,575.0,995.929,no_signal
5,r05_20260912_222445.jsonl,126,3067.135,6.0,measure,4,575.0,995.929,no_signal
5,r05_20260912_222445.jsonl,127,3073.135,6.0,measure,1,575.0,995.929,no_signal
5,r05_20260912_222445.jsonl,128,3079.135,6.0,measure,14,575.0,995.929,direction
5,r05_20260912_222445.jsonl,129,3154.135,75.0,measure,14,922.421,1038.341,direction
5,r05_20260912_222445.jsonl,130,3191.272,37.137,measure,14,1058.807,953.382,direction
5,r05_20260912_222445.jsonl,131,3220.272,29.0,measure,14,1178.703,948.398,direction
5,r05_20260912_222445.jsonl,132,3249.272,29.0,measure,14,1286.619,895.918,direction
5,r05_20260912_222445.jsonl,133,3265.534,16.263,clear,14,1342.931,895.449,success
5,r05_20260912_222445.jsonl,134,3454.734,189.199,measure,13,1150.0,0.0,no_signal
5,r05_20260912_222445.jsonl,135,3460.734,6.0,measure,11,1150.0,0.0,no_signal
5,r05_20260912_222445.jsonl,136,3466.734,6.0,measure,10,1150.0,0.0,no_signal
5,r05_20260912_222445.jsonl,137,3472.734,6.0,measure,9,1150.0,0.0,no_signal
5,r05_20260912_222445.jsonl,138,3478.734,6.0,measure,8,1150.0,0.0,no_signal
5,r05_20260912_222445.jsonl,139,3484.734,6.0,measure,20,1150.0,0.0,no_signal
5,r05_20260912_222445.jsonl,140,3490.734,6.0,measure,7,1150.0,0.0,no_signal
5,r05_20260912_222445.jsonl,141,3496.734,6.0,measure,4,1150.0,0.0,no_signal
5,r05_20260912_222445.jsonl,142,3502.734,6.0,measure,1,1150.0,0.0,no_signal
5,r05_20260912_222445.jsonl,143,3502.734,0.0,exit,,,,
6,r06_20260912_222458.jsonl,0,0.0,0.0,enter,,,,
6,r06_20260912_222458.jsonl,1,5.0,5.0,measure,1,0.0,0.0,no_signal
6,r06_20260912_222458.jsonl,2,11.0,6.0,measure,2,0.0,0.0,no_signal
6,r06_20260912_222458.jsonl,3,17.0,6.0,measure,3,0.0,0.0,no_signal
6,r06_20260912_222458.jsonl,4,23.0,6.0,measure,4,0.0,0.0,no_signal
6,r06_20260912_222458.jsonl,5,29.0,6.0,measure,5,0.0,0.0,direction
6,r06_20260912_222458.jsonl,6,35.0,6.0,measure,6,0.0,0.0,no_signal
6,r06_20260912_222458.jsonl,7,41.0,6.0,measure,7,0.0,0.0,no_signal
6,r06_20260912_222458.jsonl,8,47.0,6.0,measure,8,0.0,0.0,no_signal
6,r06_20260912_222458.jsonl,9,53.0,6.0,measure,9,0.0,0.0,no_signal
6,r06_20260912_222458.jsonl,10,59.0,6.0,measure,10,0.0,0.0,no_signal
6,r06_20260912_222458.jsonl,11,65.0,6.0,measure,11,0.0,0.0,no_signal
6,r06_20260912_222458.jsonl,12,71.0,6.0,measure,12,0.0,0.0,direction
6,r06_20260912_222458.jsonl,13,77.0,6.0,measure,13,0.0,0.0,no_signal
6,r06_20260912_222458.jsonl,14,83.0,6.0,measure,14,0.0,0.0,no_signal
6,r06_20260912_222458.jsonl,15,89.0,6.0,measure,15,0.0,0.0,no_signal
6,r06_20260912_222458.jsonl,16,95.0,6.0,measure,16,0.0,0.0,no_signal
6,r06_20260912_222458.jsonl,17,101.0,6.0,measure,17,0.0,0.0,no_signal
6,r06_20260912_222458.jsonl,18,107.0,6.0,measure,18,0.0,0.0,direction
6,r06_20260912_222458.jsonl,19,113.0,6.0,measure,19,0.0,0.0,no_signal
6,r06_20260912_222458.jsonl,20,119.0,6.0,measure,20,0.0,0.0,no_signal
6,r06_20260912_222458.jsonl,21,195.0,76.0,measure,18,-291.522,-193.687,direction
6,r06_20260912_222458.jsonl,22,201.0,6.0,measure,5,-291.522,-193.687,direction
6,r06_20260912_222458.jsonl,23,207.0,6.0,measure,12,-291.522,-193.687,direction
6,r06_20260912_222458.jsonl,24,278.683,71.683,measure,18,-619.921,-196.897,direction
6,r06_20260912_222458.jsonl,25,320.962,42.279,measure,18,-780.506,-291.531,direction
6,r06_20260912_222458.jsonl,26,350.91,29.948,measure,18,-903.961,-309.392,direction
6,r06_20260912_222458.jsonl,27,379.91,29.0,measure,18,-1012.198,-361.206,direction
6,r06_20260912_222458.jsonl,28,408.91,29.0,measure,18,-1130.85,-379.14,direction
6,r06_20260912_222458.jsonl,29,424.919,16.009,measure,18,-1185.635,-373.774,direction
6,r06_20260912_222458.jsonl,30,439.919,15.0,clear,18,-1146.242,-404.565,success
6,r06_20260912_222458.jsonl,31,473.85,33.931,measure,5,-1042.657,-310.9,direction
6,r06_20260912_222458.jsonl,32,502.85,29.0,measure,5,-945.333,-240.7,direction
6,r06_20260912_222458.jsonl,33,531.85,29.0,measure,5,-830.146,-207.054,direction
6,r06_20260912_222458.jsonl,34,556.038,24.188,clear,5,-734.601,-215.737,success
6,r06_20260912_222458.jsonl,35,626.658,70.621,measure,12,-457.756,-382.327,direction
6,r06_20260912_222458.jsonl,36,756.41,129.752,clear,12,-95.499,-902.348,no_target_in_range
6,r06_20260912_222458.jsonl,37,764.871,8.461,clear,12,-68.36,-899.351,no_target_in_range
6,r06_20260912_222458.jsonl,38,776.942,12.071,clear,12,-93.36,-874.351,success
6,r06_20260912_222458.jsonl,39,882.292,105.35,measure,11,-575.0,-995.929,no_signal
6,r06_20260912_222458.jsonl,40,888.292,6.0,measure,13,-575.0,-995.929,no_signal
6,r06_20260912_222458.jsonl,41,894.292,6.0,measure,10,-575.0,-995.929,no_signal
6,r06_20260912_222458.jsonl,42,900.292,6.0,measure,14,-575.0,-995.929,no_signal
6,r06_20260912_222458.jsonl,43,906.292,6.0,measure,9,-575.0,-995.929,no_signal
6,r06_20260912_222458.jsonl,44,912.292,6.0,measure,15,-575.0,-995.929,direction
6,r06_20260912_222458.jsonl,45,918.292,6.0,measure,8,-575.0,-995.929,direction
6,r06_20260912_222458.jsonl,46,924.292,6.0,measure,16,-575.0,-995.929,no_signal
6,r06_20260912_222458.jsonl,47,930.292,6.0,measure,7,-575.0,-995.929,no_signal
6,r06_20260912_222458.jsonl,48,936.292,6.0,measure,17,-575.0,-995.929,no_signal
6,r06_20260912_222458.jsonl,49,942.292,6.0,measure,6,-575.0,-995.929,no_signal
6,r06_20260912_222458.jsonl,50,948.292,6.0,measure,19,-575.0,-995.929,no_signal
6,r06_20260912_222458.jsonl,51,954.292,6.0,measure,4,-575.0,-995.929,no_signal
6,r06_20260912_222458.jsonl,52,960.292,6.0,measure,20,-575.0,-995.929,no_signal
6,r06_20260912_222458.jsonl,53,966.292,6.0,measure,3,-575.0,-995.929,no_signal
6,r06_20260912_222458.jsonl,54,972.292,6.0,measure,2,-575.0,-995.929,no_signal
6,r06_20260912_222458.jsonl,55,978.292,6.0,measure,1,-575.0,-995.929,no_signal
6,r06_20260912_222458.jsonl,56,984.292,6.0,measure,8,-575.0,-995.929,direction
6,r06_20260912_222458.jsonl,57,990.292,6.0,measure,15,-575.0,-995.929,direction
6,r06_20260912_222458.jsonl,58,1066.291,76.0,measure,8,-924.993,-993.73,direction
6,r06_20260912_222458.jsonl,59,1106.927,40.635,measure,8,-1065.187,-883.765,direction
6,r06_20260912_222458.jsonl,60,1135.927,29.0,measure,8,-1183.769,-865.372,direction
6,r06_20260912_222458.jsonl,61,1164.927,29.0,measure,8,-1285.951,-802.453,direction
6,r06_20260912_222458.jsonl,62,1183.63,18.704,clear,8,-1353.447,-790.659,success
6,r06_20260912_222458.jsonl,63,1259.63,76.0,measure,15,-1680.375,-665.687,direction
6,r06_20260912_222458.jsonl,64,1344.775,85.145,clear,15,-1355.937,-430.486,success
6,r06_20260912_222458.jsonl,65,1446.217,101.442,measure,14,-1150.0,0.0,no_signal
6,r06_20260912_222458.jsonl,66,1452.217,6.0,measure,16,-1150.0,0.0,no_signal
6,r06_20260912_222458.jsonl,67,1458.217,6.0,measure,13,-1150.0,0.0,no_signal
6,r06_20260912_222458.jsonl,68,1464.217,6.0,measure,17,-1150.0,0.0,no_signal
6,r06_20260912_222458.jsonl,69,1470.217,6.0,measure,11,-1150.0,0.0,no_signal
6,r06_20260912_222458.jsonl,70,1476.217,6.0,measure,19,-1150.0,0.0,no_signal
6,r06_20260912_222458.jsonl,71,1482.217,6.0,measure,10,-1150.0,0.0,no_signal
6,r06_20260912_222458.jsonl,72,1488.217,6.0,measure,20,-1150.0,0.0,no_signal
6,r06_20260912_222458.jsonl,73,1494.217,6.0,measure,9,-1150.0,0.0,no_signal
6,r06_20260912_222458.jsonl,74,1500.217,6.0,measure,7,-1150.0,0.0,no_signal
6,r06_20260912_222458.jsonl,75,1506.217,6.0,measure,6,-1150.0,0.0,no_signal
6,r06_20260912_222458.jsonl,76,1512.217,6.0,measure,4,-1150.0,0.0,direction
6,r06_20260912_222458.jsonl,77,1518.217,6.0,measure,3,-1150.0,0.0,no_signal
6,r06_20260912_222458.jsonl,78,1524.217,6.0,measure,2,-1150.0,0.0,no_signal
6,r06_20260912_222458.jsonl,79,1530.217,6.0,measure,1,-1150.0,0.0,no_signal
6,r06_20260912_222458.jsonl,80,1536.217,6.0,measure,4,-1150.0,0.0,direction
6,r06_20260912_222458.jsonl,81,1611.217,75.0,measure,4,-1222.231,342.466,direction
6,r06_20260912_222458.jsonl,82,1672.927,61.71,measure,4,-1115.966,605.35,direction
6,r06_20260912_222458.jsonl,83,1714.13,41.203,measure,4,-1138.852,784.911,direction
6,r06_20260912_222458.jsonl,84,1743.13,29.0,measure,4,-1106.042,900.339,direction
6,r06_20260912_222458.jsonl,85,1772.13,29.0,measure,4,-1108.808,1020.307,direction
6,r06_20260912_222458.jsonl,86,1782.002,9.872,clear,4,-1099.026,1042.619,success
6,r06_20260912_222458.jsonl,87,1893.222,111.22,measure,3,-575.0,995.929,no_signal
6,r06_20260912_222458.jsonl,88,1899.222,6.0,measure,2,-575.0,995.929,no_signal
6,r06_20260912_222458.jsonl,89,1905.222,6.0,measure,6,-575.0,995.929,no_signal
6,r06_20260912_222458.jsonl,90,1911.222,6.0,measure,1,-575.0,995.929,no_signal
6,r06_20260912_222458.jsonl,91,1917.222,6.0,measure,7,-575.0,995.929,no_signal
6,r06_20260912_222458.jsonl,92,1923.222,6.0,measure,9,-575.0,995.929,no_signal
6,r06_20260912_222458.jsonl,93,1929.222,6.0,measure,10,-575.0,995.929,no_signal
6,r06_20260912_222458.jsonl,94,1935.222,6.0,measure,11,-575.0,995.929,no_signal
6,r06_20260912_222458.jsonl,95,1941.222,6.0,measure,13,-575.0,995.929,no_signal
6,r06_20260912_222458.jsonl,96,1947.222,6.0,measure,14,-575.0,995.929,no_signal
6,r06_20260912_222458.jsonl,97,1953.222,6.0,measure,16,-575.0,995.929,no_signal
6,r06_20260912_222458.jsonl,98,1959.222,6.0,measure,17,-575.0,995.929,no_signal
6,r06_20260912_222458.jsonl,99,1965.222,6.0,measure,19,-575.0,995.929,no_signal
6,r06_20260912_222458.jsonl,100,1971.222,6.0,measure,20,-575.0,995.929,no_signal
6,r06_20260912_222458.jsonl,101,2206.222,235.0,measure,20,575.0,995.929,no_signal
6,r06_20260912_222458.jsonl,102,2212.222,6.0,measure,19,575.0,995.929,no_signal
6,r06_20260912_222458.jsonl,103,2218.222,6.0,measure,17,575.0,995.929,no_signal
6,r06_20260912_222458.jsonl,104,2224.222,6.0,measure,16,575.0,995.929,direction
6,r06_20260912_222458.jsonl,105,2230.222,6.0,measure,14,575.0,995.929,no_signal
6,r06_20260912_222458.jsonl,106,2236.222,6.0,measure,13,575.0,995.929,no_signal
6,r06_20260912_222458.jsonl,107,2242.222,6.0,measure,11,575.0,995.929,no_signal
6,r06_20260912_222458.jsonl,108,2248.222,6.0,measure,10,575.0,995.929,no_signal
6,r06_20260912_222458.jsonl,109,2254.222,6.0,measure,9,575.0,995.929,no_signal
6,r06_20260912_222458.jsonl,110,2260.222,6.0,measure,7,575.0,995.929,no_signal
6,r06_20260912_222458.jsonl,111,2266.222,6.0,measure,6,575.0,995.929,no_signal
6,r06_20260912_222458.jsonl,112,2272.222,6.0,measure,3,575.0,995.929,no_signal
6,r06_20260912_222458.jsonl,113,2278.222,6.0,measure,2,575.0,995.929,no_signal
6,r06_20260912_222458.jsonl,114,2284.222,6.0,measure,1,575.0,995.929,direction
6,r06_20260912_222458.jsonl,115,2289.222,5.0,measure,1,575.0,995.929,direction
6,r06_20260912_222458.jsonl,116,2295.222,6.0,measure,16,575.0,995.929,direction
6,r06_20260912_222458.jsonl,117,2371.222,76.0,measure,1,765.367,1289.63,direction
6,r06_20260912_222458.jsonl,118,2402.054,30.831,clear,1,757.494,1160.714,success
6,r06_20260912_222458.jsonl,119,2478.054,76.0,measure,16,768.976,1510.526,direction
6,r06_20260912_222458.jsonl,120,2507.054,29.0,measure,16,693.621,1417.137,direction
6,r06_20260912_222458.jsonl,121,2532.409,25.355,clear,16,673.495,1317.37,success
6,r06_20260912_222458.jsonl,122,2818.589,286.18,measure,17,1150.0,0.0,direction
6,r06_20260912_222458.jsonl,123,2824.589,6.0,measure,14,1150.0,0.0,no_signal
6,r06_20260912_222458.jsonl,124,2830.589,6.0,measure,13,1150.0,0.0,no_signal
6,r06_20260912_222458.jsonl,125,2836.589,6.0,measure,19,1150.0,0.0,no_signal
6,r06_20260912_222458.jsonl,126,2842.589,6.0,measure,20,1150.0,0.0,no_signal
6,r06_20260912_222458.jsonl,127,2848.589,6.0,measure,11,1150.0,0.0,no_signal
6,r06_20260912_222458.jsonl,128,2854.589,6.0,measure,10,1150.0,0.0,no_signal
6,r06_20260912_222458.jsonl,129,2860.589,6.0,measure,9,1150.0,0.0,no_signal
6,r06_20260912_222458.jsonl,130,2866.589,6.0,measure,7,1150.0,0.0,no_signal
6,r06_20260912_222458.jsonl,131,2872.589,6.0,measure,6,1150.0,0.0,no_signal
6,r06_20260912_222458.jsonl,132,2878.589,6.0,measure,3,1150.0,0.0,direction
6,r06_20260912_222458.jsonl,133,2884.589,6.0,measure,2,1150.0,0.0,no_signal
6,r06_20260912_222458.jsonl,134,2890.589,6.0,measure,3,1150.0,0.0,direction
6,r06_20260912_222458.jsonl,135,2896.589,6.0,measure,17,1150.0,0.0,direction
6,r06_20260912_222458.jsonl,136,2971.589,75.0,measure,17,1482.471,-109.375,direction
6,r06_20260912_222458.jsonl,137,3000.589,29.0,measure,17,1540.208,-214.572,direction
6,r06_20260912_222458.jsonl,138,3029.589,29.0,measure,17,1641.493,-278.926,direction
6,r06_20260912_222458.jsonl,139,3058.41,28.821,clear,17,1712.194,-374.777,success
6,r06_20260912_222458.jsonl,140,3134.41,76.0,measure,3,1766.162,-720.591,direction
6,r06_20260912_222458.jsonl,141,3277.939,143.529,clear,3,1073.61,-709.103,success
6,r06_20260912_222458.jsonl,142,3398.984,121.045,measure,2,575.0,-995.929,no_signal
6,r06_20260912_222458.jsonl,143,3404.984,6.0,measure,6,575.0,-995.929,no_signal
6,r06_20260912_222458.jsonl,144,3410.984,6.0,measure,7,575.0,-995.929,no_signal
6,r06_20260912_222458.jsonl,145,3416.984,6.0,measure,9,575.0,-995.929,no_signal
6,r06_20260912_222458.jsonl,146,3422.984,6.0,measure,10,575.0,-995.929,no_signal
6,r06_20260912_222458.jsonl,147,3428.984,6.0,measure,11,575.0,-995.929,no_signal
6,r06_20260912_222458.jsonl,148,3434.984,6.0,measure,13,575.0,-995.929,no_signal
6,r06_20260912_222458.jsonl,149,3440.984,6.0,measure,14,575.0,-995.929,no_signal
6,r06_20260912_222458.jsonl,150,3446.984,6.0,measure,19,575.0,-995.929,no_signal
6,r06_20260912_222458.jsonl,151,3452.984,6.0,measure,20,575.0,-995.929,no_signal
6,r06_20260912_222458.jsonl,152,3452.984,0.0,exit,,,,
7,r07_20260912_222511.jsonl,0,0.0,0.0,enter,,,,
7,r07_20260912_222511.jsonl,1,5.0,5.0,measure,1,0.0,0.0,no_signal
7,r07_20260912_222511.jsonl,2,11.0,6.0,measure,2,0.0,0.0,direction
7,r07_20260912_222511.jsonl,3,17.0,6.0,measure,3,0.0,0.0,no_signal
7,r07_20260912_222511.jsonl,4,23.0,6.0,measure,4,0.0,0.0,no_signal
7,r07_20260912_222511.jsonl,5,29.0,6.0,measure,5,0.0,0.0,direction
7,r07_20260912_222511.jsonl,6,35.0,6.0,measure,6,0.0,0.0,no_signal
7,r07_20260912_222511.jsonl,7,41.0,6.0,measure,7,0.0,0.0,no_signal
7,r07_20260912_222511.jsonl,8,47.0,6.0,measure,8,0.0,0.0,no_signal
7,r07_20260912_222511.jsonl,9,53.0,6.0,measure,9,0.0,0.0,no_signal
7,r07_20260912_222511.jsonl,10,59.0,6.0,measure,10,0.0,0.0,no_signal
7,r07_20260912_222511.jsonl,11,65.0,6.0,measure,11,0.0,0.0,direction
7,r07_20260912_222511.jsonl,12,71.0,6.0,measure,12,0.0,0.0,no_signal
7,r07_20260912_222511.jsonl,13,77.0,6.0,measure,13,0.0,0.0,no_signal
7,r07_20260912_222511.jsonl,14,83.0,6.0,measure,14,0.0,0.0,direction
7,r07_20260912_222511.jsonl,15,89.0,6.0,measure,15,0.0,0.0,no_signal
7,r07_20260912_222511.jsonl,16,95.0,6.0,measure,16,0.0,0.0,direction
7,r07_20260912_222511.jsonl,17,101.0,6.0,measure,17,0.0,0.0,no_signal
7,r07_20260912_222511.jsonl,18,107.0,6.0,measure,18,0.0,0.0,direction
7,r07_20260912_222511.jsonl,19,113.0,6.0,measure,19,0.0,0.0,no_signal
7,r07_20260912_222511.jsonl,20,119.0,6.0,measure,20,0.0,0.0,no_signal
7,r07_20260912_222511.jsonl,21,195.0,76.0,measure,18,267.644,-225.537,direction
7,r07_20260912_222511.jsonl,22,201.0,6.0,measure,2,267.644,-225.537,direction
7,r07_20260912_222511.jsonl,23,207.0,6.0,measure,5,267.644,-225.537,no_signal
7,r07_20260912_222511.jsonl,24,213.0,6.0,measure,11,267.644,-225.537,direction
7,r07_20260912_222511.jsonl,25,219.0,6.0,measure,14,267.644,-225.537,direction
7,r07_20260912_222511.jsonl,26,225.0,6.0,measure,16,267.644,-225.537,direction
7,r07_20260912_222511.jsonl,27,301.0,76.0,measure,18,377.019,-558.008,direction
7,r07_20260912_222511.jsonl,28,307.0,6.0,measure,5,377.019,-558.008,no_signal
7,r07_20260912_222511.jsonl,29,367.382,60.382,measure,18,573.108,-746.383,direction
7,r07_20260912_222511.jsonl,30,405.689,38.307,measure,18,638.169,-899.682,direction
7,r07_20260912_222511.jsonl,31,434.689,29.0,measure,18,714.669,-992.136,direction
7,r07_20260912_222511.jsonl,32,463.689,29.0,measure,18,768.215,-1099.527,direction
7,r07_20260912_222511.jsonl,33,479.081,15.391,measure,18,763.764,-1151.293,direction
7,r07_20260912_222511.jsonl,34,494.121,15.041,clear,18,787.524,-1107.068,success
7,r07_20260912_222511.jsonl,35,545.711,51.59,measure,16,868.826,-894.109,direction
7,r07_20260912_222511.jsonl,36,551.711,6.0,measure,5,868.826,-894.109,no_signal
7,r07_20260912_222511.jsonl,37,638.2,86.489,clear,16,1052.158,-530.24,success
7,r07_20260912_222511.jsonl,38,714.2,76.0,measure,14,792.728,-765.178,direction
7,r07_20260912_222511.jsonl,39,720.2,6.0,measure,5,792.728,-765.178,no_signal
7,r07_20260912_222511.jsonl,40,796.2,76.0,measure,14,449.291,-832.64,direction
7,r07_20260912_222511.jsonl,41,802.2,6.0,measure,5,449.291,-832.64,no_signal
7,r07_20260912_222511.jsonl,42,878.2,76.0,measure,14,171.019,-1044.925,direction
7,r07_20260912_222511.jsonl,43,1040.605,162.404,clear,14,-550.994,-1358.135,success
7,r07_20260912_222511.jsonl,44,1107.505,66.9,measure,11,-302.191,-1182.586,direction
7,r07_20260912_222511.jsonl,45,1113.505,6.0,measure,5,-302.191,-1182.586,no_signal
7,r07_20260912_222511.jsonl,46,1233.879,120.375,clear,11,268.788,-1100.332,success
7,r07_20260912_222511.jsonl,47,1308.879,75.0,measure,5,-76.177,-1159.484,no_signal
7,r07_20260912_222511.jsonl,48,1383.879,75.0,measure,5,-404.502,-1038.228,no_signal
7,r07_20260912_222511.jsonl,49,1458.879,75.0,measure,5,-749.467,-1097.38,direction
7,r07_20260912_222511.jsonl,50,1533.88,75.0,measure,5,-848.111,-761.568,direction
7,r07_20260912_222511.jsonl,51,1737.681,203.802,clear,5,-1305.747,120.829,success
7,r07_20260912_222511.jsonl,52,1812.711,75.029,measure,2,-1099.417,397.514,direction
7,r07_20260912_222511.jsonl,53,1949.122,136.411,clear,2,-543.143,747.199,success
7,r07_20260912_222511.jsonl,54,2005.274,56.152,measure,1,-575.0,995.929,no_signal
7,r07_20260912_222511.jsonl,55,2011.274,6.0,measure,3,-575.0,995.929,no_signal
7,r07_20260912_222511.jsonl,56,2017.274,6.0,measure,4,-575.0,995.929,no_signal
7,r07_20260912_222511.jsonl,57,2023.274,6.0,measure,6,-575.0,995.929,no_signal
7,r07_20260912_222511.jsonl,58,2029.274,6.0,measure,7,-575.0,995.929,direction
7,r07_20260912_222511.jsonl,59,2035.274,6.0,measure,8,-575.0,995.929,no_signal
7,r07_20260912_222511.jsonl,60,2041.274,6.0,measure,9,-575.0,995.929,no_signal
7,r07_20260912_222511.jsonl,61,2047.274,6.0,measure,10,-575.0,995.929,direction
7,r07_20260912_222511.jsonl,62,2053.274,6.0,measure,12,-575.0,995.929,no_signal
7,r07_20260912_222511.jsonl,63,2059.274,6.0,measure,13,-575.0,995.929,no_signal
7,r07_20260912_222511.jsonl,64,2065.274,6.0,measure,15,-575.0,995.929,no_signal
7,r07_20260912_222511.jsonl,65,2071.274,6.0,measure,17,-575.0,995.929,direction
7,r07_20260912_222511.jsonl,66,2077.274,6.0,measure,19,-575.0,995.929,direction
7,r07_20260912_222511.jsonl,67,2083.274,6.0,measure,20,-575.0,995.929,direction
7,r07_20260912_222511.jsonl,68,2089.274,6.0,measure,7,-575.0,995.929,direction
7,r07_20260912_222511.jsonl,69,2095.274,6.0,measure,10,-575.0,995.929,direction
7,r07_20260912_222511.jsonl,70,2101.274,6.0,measure,17,-575.0,995.929,direction
7,r07_20260912_222511.jsonl,71,2107.274,6.0,measure,19,-575.0,995.929,direction
7,r07_20260912_222511.jsonl,72,2113.274,6.0,measure,20,-575.0,995.929,direction
7,r07_20260912_222511.jsonl,73,2188.274,75.0,measure,20,-281.832,1187.116,direction
7,r07_20260912_222511.jsonl,74,2263.274,75.0,measure,20,68.156,1189.987,direction
7,r07_20260912_222511.jsonl,75,2318.559,55.285,measure,20,287.912,1312.141,direction
7,r07_20260912_222511.jsonl,76,2351.824,33.265,measure,20,428.576,1325.769,direction
7,r07_20260912_222511.jsonl,77,2380.824,29.0,measure,20,539.833,1370.735,direction
7,r07_20260912_222511.jsonl,78,2409.824,29.0,measure,20,658.72,1387.041,direction
7,r07_20260912_222511.jsonl,79,2424.917,15.093,measure,20,708.786,1380.689,direction
7,r07_20260912_222511.jsonl,80,2439.917,15.0,clear,20,661.599,1397.218,success
7,r07_20260912_222511.jsonl,81,2515.917,76.0,measure,19,954.098,1589.427,direction
7,r07_20260912_222511.jsonl,82,2585.949,70.033,measure,19,634.844,1527.717,direction
7,r07_20260912_222511.jsonl,83,2628.467,42.518,measure,19,494.529,1403.214,direction
7,r07_20260912_222511.jsonl,84,2657.866,29.399,measure,19,379.123,1363.656,direction
7,r07_20260912_222511.jsonl,85,2686.867,29.0,measure,19,330.033,1254.156,direction
7,r07_20260912_222511.jsonl,86,2713.796,26.93,clear,19,221.101,1266.664,success
7,r07_20260912_222511.jsonl,87,2789.796,76.0,measure,17,316.575,1603.39,direction
7,r07_20260912_222511.jsonl,88,2916.747,126.951,clear,17,-281.838,1486.338,success
7,r07_20260912_222511.jsonl,89,2992.747,76.0,measure,7,-572.001,1682.056,direction
7,r07_20260912_222511.jsonl,90,3088.738,95.991,clear,7,-944.148,1420.346,success
7,r07_20260912_222511.jsonl,91,3164.738,76.0,measure,10,-1213.36,1196.683,direction
7,r07_20260912_222511.jsonl,92,3226.305,61.567,measure,10,-1409.834,993.228,direction
7,r07_20260912_222511.jsonl,93,3335.621,109.316,clear,10,-1618.136,515.05,success
7,r07_20260912_222511.jsonl,94,3480.823,145.202,measure,9,-1150.0,0.0,no_signal
7,r07_20260912_222511.jsonl,95,3486.823,6.0,measure,8,-1150.0,0.0,no_signal
7,r07_20260912_222511.jsonl,96,3492.823,6.0,measure,12,-1150.0,0.0,no_signal
7,r07_20260912_222511.jsonl,97,3498.823,6.0,measure,13,-1150.0,0.0,no_signal
7,r07_20260912_222511.jsonl,98,3504.823,6.0,measure,6,-1150.0,0.0,no_signal
7,r07_20260912_222511.jsonl,99,3510.823,6.0,measure,15,-1150.0,0.0,no_signal
7,r07_20260912_222511.jsonl,100,3516.823,6.0,measure,4,-1150.0,0.0,no_signal
7,r07_20260912_222511.jsonl,101,3522.823,6.0,measure,3,-1150.0,0.0,no_signal
7,r07_20260912_222511.jsonl,102,3528.823,6.0,measure,1,-1150.0,0.0,no_signal
7,r07_20260912_222511.jsonl,103,3763.823,235.0,measure,1,-575.0,-995.929,no_signal
7,r07_20260912_222511.jsonl,104,3769.823,6.0,measure,3,-575.0,-995.929,no_signal
7,r07_20260912_222511.jsonl,105,3775.823,6.0,measure,4,-575.0,-995.929,no_signal
7,r07_20260912_222511.jsonl,106,3781.823,6.0,measure,6,-575.0,-995.929,no_signal
7,r07_20260912_222511.jsonl,107,3787.823,6.0,measure,8,-575.0,-995.929,no_signal
7,r07_20260912_222511.jsonl,108,3793.823,6.0,measure,9,-575.0,-995.929,no_signal
7,r07_20260912_222511.jsonl,109,3799.823,6.0,measure,12,-575.0,-995.929,no_signal
7,r07_20260912_222511.jsonl,110,3805.823,6.0,measure,13,-575.0,-995.929,no_signal
7,r07_20260912_222511.jsonl,111,3811.823,6.0,measure,15,-575.0,-995.929,no_signal
7,r07_20260912_222511.jsonl,112,4046.823,235.0,measure,15,575.0,-995.929,no_signal
7,r07_20260912_222511.jsonl,113,4052.823,6.0,measure,13,575.0,-995.929,no_signal
7,r07_20260912_222511.jsonl,114,4058.823,6.0,measure,12,575.0,-995.929,no_signal
7,r07_20260912_222511.jsonl,115,4064.823,6.0,measure,9,575.0,-995.929,no_signal
7,r07_20260912_222511.jsonl,116,4070.823,6.0,measure,8,575.0,-995.929,no_signal
7,r07_20260912_222511.jsonl,117,4076.823,6.0,measure,6,575.0,-995.929,no_signal
7,r07_20260912_222511.jsonl,118,4082.823,6.0,measure,4,575.0,-995.929,no_signal
7,r07_20260912_222511.jsonl,119,4088.823,6.0,measure,3,575.0,-995.929,no_signal
7,r07_20260912_222511.jsonl,120,4094.823,6.0,measure,1,575.0,-995.929,direction
7,r07_20260912_222511.jsonl,121,4099.823,5.0,measure,1,575.0,-995.929,direction
7,r07_20260912_222511.jsonl,122,4174.822,75.0,measure,1,659.969,-656.4,direction
7,r07_20260912_222511.jsonl,123,4215.806,40.983,measure,1,836.97,-688.662,direction
7,r07_20260912_222511.jsonl,124,4244.806,29.0,measure,1,950.695,-650.366,direction
7,r07_20260912_222511.jsonl,125,4294.86,50.054,clear,1,1175.534,-636.454,success
7,r07_20260912_222511.jsonl,126,4428.253,133.393,measure,3,1150.0,0.0,no_signal
7,r07_20260912_222511.jsonl,127,4434.253,6.0,measure,4,1150.0,0.0,no_signal
7,r07_20260912_222511.jsonl,128,4440.253,6.0,measure,6,1150.0,0.0,no_signal
7,r07_20260912_222511.jsonl,129,4446.253,6.0,measure,8,1150.0,0.0,direction
7,r07_20260912_222511.jsonl,130,4452.253,6.0,measure,9,1150.0,0.0,no_signal
7,r07_20260912_222511.jsonl,131,4458.253,6.0,measure,12,1150.0,0.0,no_signal
7,r07_20260912_222511.jsonl,132,4464.253,6.0,measure,13,1150.0,0.0,no_signal
7,r07_20260912_222511.jsonl,133,4470.253,6.0,measure,15,1150.0,0.0,no_signal
7,r07_20260912_222511.jsonl,134,4476.253,6.0,measure,8,1150.0,0.0,direction
7,r07_20260912_222511.jsonl,135,4551.253,75.0,measure,8,1460.51,161.504,direction
7,r07_20260912_222511.jsonl,136,4605.73,54.477,clear,8,1704.742,122.129,success
7,r07_20260912_222511.jsonl,137,4897.376,291.646,measure,9,575.0,995.929,no_signal
7,r07_20260912_222511.jsonl,138,4903.376,6.0,measure,6,575.0,995.929,no_signal
7,r07_20260912_222511.jsonl,139,4909.376,6.0,measure,4,575.0,995.929,no_signal
7,r07_20260912_222511.jsonl,140,4915.376,6.0,measure,12,575.0,995.929,no_signal
7,r07_20260912_222511.jsonl,141,4921.376,6.0,measure,3,575.0,995.929,no_signal
7,r07_20260912_222511.jsonl,142,4927.376,6.0,measure,13,575.0,995.929,no_signal
7,r07_20260912_222511.jsonl,143,4933.376,6.0,measure,15,575.0,995.929,no_signal
7,r07_20260912_222511.jsonl,144,4933.376,0.0,exit,,,,
8,r08_20260912_222523.jsonl,0,0.0,0.0,enter,,,,
8,r08_20260912_222523.jsonl,1,5.0,5.0,measure,1,0.0,0.0,no_signal
8,r08_20260912_222523.jsonl,2,11.0,6.0,measure,2,0.0,0.0,no_signal
8,r08_20260912_222523.jsonl,3,17.0,6.0,measure,3,0.0,0.0,no_signal
8,r08_20260912_222523.jsonl,4,23.0,6.0,measure,4,0.0,0.0,no_signal
8,r08_20260912_222523.jsonl,5,29.0,6.0,measure,5,0.0,0.0,no_signal
8,r08_20260912_222523.jsonl,6,35.0,6.0,measure,6,0.0,0.0,direction
8,r08_20260912_222523.jsonl,7,41.0,6.0,measure,7,0.0,0.0,direction
8,r08_20260912_222523.jsonl,8,47.0,6.0,measure,8,0.0,0.0,direction
8,r08_20260912_222523.jsonl,9,53.0,6.0,measure,9,0.0,0.0,no_signal
8,r08_20260912_222523.jsonl,10,59.0,6.0,measure,10,0.0,0.0,no_signal
8,r08_20260912_222523.jsonl,11,65.0,6.0,measure,11,0.0,0.0,direction
8,r08_20260912_222523.jsonl,12,71.0,6.0,measure,12,0.0,0.0,direction
8,r08_20260912_222523.jsonl,13,77.0,6.0,measure,13,0.0,0.0,no_signal
8,r08_20260912_222523.jsonl,14,83.0,6.0,measure,14,0.0,0.0,direction
8,r08_20260912_222523.jsonl,15,89.0,6.0,measure,15,0.0,0.0,no_signal
8,r08_20260912_222523.jsonl,16,95.0,6.0,measure,16,0.0,0.0,no_signal
8,r08_20260912_222523.jsonl,17,101.0,6.0,measure,17,0.0,0.0,direction
8,r08_20260912_222523.jsonl,18,107.0,6.0,measure,18,0.0,0.0,no_signal
8,r08_20260912_222523.jsonl,19,113.0,6.0,measure,19,0.0,0.0,no_signal
8,r08_20260912_222523.jsonl,20,119.0,6.0,measure,20,0.0,0.0,no_signal
8,r08_20260912_222523.jsonl,21,195.0,76.0,measure,7,137.543,321.842,direction
8,r08_20260912_222523.jsonl,22,201.0,6.0,measure,6,137.543,321.842,no_signal
8,r08_20260912_222523.jsonl,23,207.0,6.0,measure,8,137.543,321.842,direction
8,r08_20260912_222523.jsonl,24,213.0,6.0,measure,11,137.543,321.842,direction
8,r08_20260912_222523.jsonl,25,219.0,6.0,measure,12,137.543,321.842,direction
8,r08_20260912_222523.jsonl,26,225.0,6.0,measure,14,137.543,321.842,no_signal
8,r08_20260912_222523.jsonl,27,231.0,6.0,measure,17,137.543,321.842,no_signal
8,r08_20260912_222523.jsonl,28,296.77,65.77,measure,7,387.411,485.787,direction
8,r08_20260912_222523.jsonl,29,302.77,6.0,measure,6,387.411,485.787,no_signal
8,r08_20260912_222523.jsonl,30,308.77,6.0,measure,14,387.411,485.787,no_signal
8,r08_20260912_222523.jsonl,31,314.77,6.0,measure,17,387.411,485.787,no_signal
8,r08_20260912_222523.jsonl,32,362.401,47.631,measure,7,485.117,669.584,direction
8,r08_20260912_222523.jsonl,33,395.951,33.55,measure,7,595.32,760.317,direction
8,r08_20260912_222523.jsonl,34,424.951,29.0,measure,7,662.75,859.58,direction
8,r08_20260912_222523.jsonl,35,453.951,29.0,measure,7,751.819,939.996,direction
8,r08_20260912_222523.jsonl,36,478.968,25.018,measure,7,842.136,983.129,direction
8,r08_20260912_222523.jsonl,37,494.177,15.209,clear,7,796.331,1005.657,success
8,r08_20260912_222523.jsonl,38,707.755,213.578,clear,12,297.163,89.99,success
8,r08_20260912_222523.jsonl,39,783.755,76.0,measure,14,330.04,-258.462,direction
8,r08_20260912_222523.jsonl,40,789.755,6.0,measure,6,330.04,-258.462,direction
8,r08_20260912_222523.jsonl,41,795.755,6.0,measure,17,330.04,-258.462,no_signal
8,r08_20260912_222523.jsonl,42,861.55,65.795,measure,14,109.014,-459.792,direction
8,r08_20260912_222523.jsonl,43,867.55,6.0,measure,17,109.014,-459.792,no_signal
8,r08_20260912_222523.jsonl,44,913.297,45.747,measure,14,45.984,-648.268,direction
8,r08_20260912_222523.jsonl,45,944.631,31.334,measure,14,-40.629,-747.44,direction
8,r08_20260912_222523.jsonl,46,973.631,29.0,measure,14,-90.539,-856.569,direction
8,r08_20260912_222523.jsonl,47,1000.778,27.147,clear,14,-155.702,-946.101,success
8,r08_20260912_222523.jsonl,48,1037.737,36.959,measure,6,-220.857,-1086.515,direction
8,r08_20260912_222523.jsonl,49,1043.737,6.0,measure,17,-220.857,-1086.515,no_signal
8,r08_20260912_222523.jsonl,50,1073.737,30.0,measure,6,-323.687,-1148.37,direction
8,r08_20260912_222523.jsonl,51,1079.737,6.0,measure,17,-323.687,-1148.37,no_signal
8,r08_20260912_222523.jsonl,52,1109.737,30.0,measure,6,-381.503,-1253.524,direction
8,r08_20260912_222523.jsonl,53,1137.782,28.045,clear,6,-468.246,-1329.369,success
8,r08_20260912_222523.jsonl,54,1213.782,76.0,measure,11,-679.557,-1050.357,direction
8,r08_20260912_222523.jsonl,55,1219.782,6.0,measure,17,-679.557,-1050.357,no_signal
8,r08_20260912_222523.jsonl,56,1438.528,218.746,clear,11,-983.6,-25.788,success
8,r08_20260912_222523.jsonl,57,1513.528,75.0,measure,17,-1333.088,-44.716,direction
8,r08_20260912_222523.jsonl,58,1594.211,80.683,clear,17,-1067.191,224.535,success
8,r08_20260912_222523.jsonl,59,1670.211,76.0,measure,8,-749.527,371.469,no_signal
8,r08_20260912_222523.jsonl,60,1745.211,75.0,measure,8,-401.287,336.417,direction
8,r08_20260912_222523.jsonl,61,1820.211,75.0,measure,8,-72.824,457.298,direction
8,r08_20260912_222523.jsonl,62,1895.211,75.0,measure,8,277.119,450.97,direction
8,r08_20260912_222523.jsonl,63,1947.056,51.846,measure,8,502.646,514.217,direction
8,r08_20260912_222523.jsonl,64,1982.665,35.609,measure,8,655.478,522.289,direction
8,r08_20260912_222523.jsonl,65,2046.959,64.294,measure,8,928.142,638.687,direction
8,r08_20260912_222523.jsonl,66,2064.443,17.484,clear,8,936.221,576.794,success
8,r08_20260912_222523.jsonl,67,2181.105,116.663,measure,9,575.0,995.929,no_signal
8,r08_20260912_222523.jsonl,68,2187.105,6.0,measure,10,575.0,995.929,no_signal
8,r08_20260912_222523.jsonl,69,2193.105,6.0,measure,5,575.0,995.929,no_signal
8,r08_20260912_222523.jsonl,70,2199.105,6.0,measure,4,575.0,995.929,no_signal
8,r08_20260912_222523.jsonl,71,2205.105,6.0,measure,3,575.0,995.929,no_signal
8,r08_20260912_222523.jsonl,72,2211.105,6.0,measure,13,575.0,995.929,no_signal
8,r08_20260912_222523.jsonl,73,2217.105,6.0,measure,2,575.0,995.929,no_signal
8,r08_20260912_222523.jsonl,74,2223.105,6.0,measure,1,575.0,995.929,direction
8,r08_20260912_222523.jsonl,75,2229.105,6.0,measure,15,575.0,995.929,direction
8,r08_20260912_222523.jsonl,76,2235.105,6.0,measure,16,575.0,995.929,no_signal
8,r08_20260912_222523.jsonl,77,2241.105,6.0,measure,18,575.0,995.929,no_signal
8,r08_20260912_222523.jsonl,78,2247.105,6.0,measure,19,575.0,995.929,no_signal
8,r08_20260912_222523.jsonl,79,2253.105,6.0,measure,20,575.0,995.929,no_signal
8,r08_20260912_222523.jsonl,80,2259.105,6.0,measure,1,575.0,995.929,direction
8,r08_20260912_222523.jsonl,81,2265.105,6.0,measure,15,575.0,995.929,direction
8,r08_20260912_222523.jsonl,82,2341.105,76.0,measure,1,242.301,1104.608,direction
8,r08_20260912_222523.jsonl,83,2364.563,23.458,clear,1,306.716,1170.697,success
8,r08_20260912_222523.jsonl,84,2440.563,76.0,measure,15,-41.157,1209.225,direction
8,r08_20260912_222523.jsonl,85,2469.563,29.0,measure,15,-130.92,1288.865,direction
8,r08_20260912_222523.jsonl,86,2497.581,28.018,clear,15,-241.654,1320.224,success
8,r08_20260912_222523.jsonl,87,2596.594,99.013,measure,16,-575.0,995.929,no_signal
8,r08_20260912_222523.jsonl,88,2602.594,6.0,measure,13,-575.0,995.929,no_signal
8,r08_20260912_222523.jsonl,89,2608.594,6.0,measure,18,-575.0,995.929,no_signal
8,r08_20260912_222523.jsonl,90,2614.594,6.0,measure,19,-575.0,995.929,no_signal
8,r08_20260912_222523.jsonl,91,2620.594,6.0,measure,10,-575.0,995.929,direction
8,r08_20260912_222523.jsonl,92,2626.594,6.0,measure,20,-575.0,995.929,no_signal
8,r08_20260912_222523.jsonl,93,2632.594,6.0,measure,9,-575.0,995.929,no_signal
8,r08_20260912_222523.jsonl,94,2638.594,6.0,measure,5,-575.0,995.929,no_signal
8,r08_20260912_222523.jsonl,95,2644.594,6.0,measure,4,-575.0,995.929,no_signal
8,r08_20260912_222523.jsonl,96,2650.594,6.0,measure,3,-575.0,995.929,no_signal
8,r08_20260912_222523.jsonl,97,2656.594,6.0,measure,2,-575.0,995.929,no_signal
8,r08_20260912_222523.jsonl,98,2662.594,6.0,measure,10,-575.0,995.929,direction
8,r08_20260912_222523.jsonl,99,2737.594,75.0,measure,10,-911.693,900.337,direction
8,r08_20260912_222523.jsonl,100,2770.847,33.253,measure,10,-1040.115,959.187,direction
8,r08_20260912_222523.jsonl,101,2799.847,29.0,measure,10,-1159.744,949.755,direction
8,r08_20260912_222523.jsonl,102,2828.847,29.0,measure,10,-1272.545,990.694,direction
8,r08_20260912_222523.jsonl,103,2846.833,17.986,clear,10,-1337.316,986.162,success
8,r08_20260912_222523.jsonl,104,3053.592,206.759,measure,9,-1150.0,0.0,no_signal
8,r08_20260912_222523.jsonl,105,3059.592,6.0,measure,13,-1150.0,0.0,no_signal
8,r08_20260912_222523.jsonl,106,3065.592,6.0,measure,5,-1150.0,0.0,no_signal
8,r08_20260912_222523.jsonl,107,3071.592,6.0,measure,4,-1150.0,0.0,no_signal
8,r08_20260912_222523.jsonl,108,3077.592,6.0,measure,16,-1150.0,0.0,no_signal
8,r08_20260912_222523.jsonl,109,3083.592,6.0,measure,3,-1150.0,0.0,no_signal
8,r08_20260912_222523.jsonl,110,3089.592,6.0,measure,2,-1150.0,0.0,no_signal
8,r08_20260912_222523.jsonl,111,3095.592,6.0,measure,18,-1150.0,0.0,no_signal
8,r08_20260912_222523.jsonl,112,3101.592,6.0,measure,19,-1150.0,0.0,direction
8,r08_20260912_222523.jsonl,113,3107.592,6.0,measure,20,-1150.0,0.0,no_signal
8,r08_20260912_222523.jsonl,114,3113.592,6.0,measure,19,-1150.0,0.0,direction
8,r08_20260912_222523.jsonl,115,3188.591,75.0,measure,19,-1063.018,-339.019,direction
8,r08_20260912_222523.jsonl,116,3253.855,65.263,measure,19,-1161.862,-623.662,direction
8,r08_20260912_222523.jsonl,117,3296.599,42.744,measure,19,-1128.422,-809.398,direction
8,r08_20260912_222523.jsonl,118,3325.599,29.0,measure,19,-1155.314,-926.346,direction
8,r08_20260912_222523.jsonl,119,3354.599,29.0,measure,19,-1147.904,-1046.117,direction
8,r08_20260912_222523.jsonl,120,3373.985,19.386,clear,19,-1162.427,-1116.564,success
8,r08_20260912_222523.jsonl,121,3499.922,125.937,measure,18,-575.0,-995.929,no_signal
8,r08_20260912_222523.jsonl,122,3505.922,6.0,measure,20,-575.0,-995.929,no_signal
8,r08_20260912_222523.jsonl,123,3511.922,6.0,measure,16,-575.0,-995.929,no_signal
8,r08_20260912_222523.jsonl,124,3517.922,6.0,measure,13,-575.0,-995.929,no_signal
8,r08_20260912_222523.jsonl,125,3523.922,6.0,measure,9,-575.0,-995.929,no_signal
8,r08_20260912_222523.jsonl,126,3529.922,6.0,measure,5,-575.0,-995.929,no_signal
8,r08_20260912_222523.jsonl,127,3535.922,6.0,measure,4,-575.0,-995.929,direction
8,r08_20260912_222523.jsonl,128,3541.922,6.0,measure,3,-575.0,-995.929,direction
8,r08_20260912_222523.jsonl,129,3547.922,6.0,measure,2,-575.0,-995.929,no_signal
8,r08_20260912_222523.jsonl,130,3553.922,6.0,measure,3,-575.0,-995.929,direction
8,r08_20260912_222523.jsonl,131,3559.922,6.0,measure,4,-575.0,-995.929,direction
8,r08_20260912_222523.jsonl,132,3635.922,76.0,measure,3,-495.077,-1336.682,direction
8,r08_20260912_222523.jsonl,133,3690.801,54.879,clear,3,-593.554,-1565.81,success
8,r08_20260912_222523.jsonl,134,3766.801,76.0,measure,4,-243.568,-1568.925,direction
8,r08_20260912_222523.jsonl,135,3827.632,60.831,measure,4,33.187,-1532.391,direction
8,r08_20260912_222523.jsonl,136,3869.828,42.196,measure,4,183.016,-1422.209,direction
8,r08_20260912_222523.jsonl,137,3946.051,76.223,clear,4,516.898,-1298.35,success
8,r08_20260912_222523.jsonl,138,4013.642,67.59,measure,5,575.0,-995.929,direction
8,r08_20260912_222523.jsonl,139,4019.642,6.0,measure,2,575.0,-995.929,no_signal
8,r08_20260912_222523.jsonl,140,4025.642,6.0,measure,9,575.0,-995.929,no_signal
8,r08_20260912_222523.jsonl,141,4031.642,6.0,measure,13,575.0,-995.929,no_signal
8,r08_20260912_222523.jsonl,142,4037.642,6.0,measure,16,575.0,-995.929,no_signal
8,r08_20260912_222523.jsonl,143,4043.642,6.0,measure,18,575.0,-995.929,no_signal
8,r08_20260912_222523.jsonl,144,4049.642,6.0,measure,20,575.0,-995.929,no_signal
8,r08_20260912_222523.jsonl,145,4055.642,6.0,measure,5,575.0,-995.929,direction
8,r08_20260912_222523.jsonl,146,4130.642,75.0,measure,5,867.801,-804.18,direction
8,r08_20260912_222523.jsonl,147,4189.992,59.35,measure,5,1139.512,-808.828,direction
8,r08_20260912_222523.jsonl,148,4230.368,40.376,measure,5,1295.4,-725.253,direction
8,r08_20260912_222523.jsonl,149,4259.943,29.575,measure,5,1417.654,-712.91,direction
8,r08_20260912_222523.jsonl,150,4288.943,29.0,measure,5,1528.537,-667.03,direction
8,r08_20260912_222523.jsonl,151,4317.943,29.0,measure,5,1647.563,-651.773,direction
8,r08_20260912_222523.jsonl,152,4333.121,15.178,measure,5,1698.449,-652.544,direction
8,r08_20260912_222523.jsonl,153,4348.128,15.007,clear,5,1651.057,-636.496,success
8,r08_20260912_222523.jsonl,154,4516.139,168.011,measure,2,1150.0,0.0,direction
8,r08_20260912_222523.jsonl,155,4522.139,6.0,measure,9,1150.0,0.0,no_signal
8,r08_20260912_222523.jsonl,156,4528.139,6.0,measure,13,1150.0,0.0,no_signal
8,r08_20260912_222523.jsonl,157,4534.139,6.0,measure,16,1150.0,0.0,no_signal
8,r08_20260912_222523.jsonl,158,4540.139,6.0,measure,18,1150.0,0.0,direction
8,r08_20260912_222523.jsonl,159,4546.139,6.0,measure,20,1150.0,0.0,no_signal
8,r08_20260912_222523.jsonl,160,4552.139,6.0,measure,2,1150.0,0.0,direction
8,r08_20260912_222523.jsonl,161,4558.139,6.0,measure,18,1150.0,0.0,direction
8,r08_20260912_222523.jsonl,162,4634.139,76.0,measure,2,1463.309,-156.005,direction
8,r08_20260912_222523.jsonl,163,4669.538,35.399,clear,2,1311.884,-142.85,success
8,r08_20260912_222523.jsonl,164,4745.538,76.0,measure,18,1557.289,106.702,direction
8,r08_20260912_222523.jsonl,165,4795.832,50.295,clear,18,1667.017,304.818,success
8,r08_20260912_222523.jsonl,166,4795.832,0.0,exit,,,,
9,r09_20260912_222538.jsonl,0,0.0,0.0,enter,,,,
9,r09_20260912_222538.jsonl,1,5.0,5.0,measure,1,0.0,0.0,no_signal
9,r09_20260912_222538.jsonl,2,11.0,6.0,measure,2,0.0,0.0,no_signal
9,r09_20260912_222538.jsonl,3,17.0,6.0,measure,3,0.0,0.0,no_signal
9,r09_20260912_222538.jsonl,4,23.0,6.0,measure,4,0.0,0.0,no_signal
9,r09_20260912_222538.jsonl,5,29.0,6.0,measure,5,0.0,0.0,direction
9,r09_20260912_222538.jsonl,6,35.0,6.0,measure,6,0.0,0.0,no_signal
9,r09_20260912_222538.jsonl,7,41.0,6.0,measure,7,0.0,0.0,no_signal
9,r09_20260912_222538.jsonl,8,47.0,6.0,measure,8,0.0,0.0,no_signal
9,r09_20260912_222538.jsonl,9,53.0,6.0,measure,9,0.0,0.0,no_signal
9,r09_20260912_222538.jsonl,10,59.0,6.0,measure,10,0.0,0.0,no_signal
9,r09_20260912_222538.jsonl,11,65.0,6.0,measure,11,0.0,0.0,direction
9,r09_20260912_222538.jsonl,12,71.0,6.0,measure,12,0.0,0.0,direction
9,r09_20260912_222538.jsonl,13,77.0,6.0,measure,13,0.0,0.0,no_signal
9,r09_20260912_222538.jsonl,14,83.0,6.0,measure,14,0.0,0.0,no_signal
9,r09_20260912_222538.jsonl,15,89.0,6.0,measure,15,0.0,0.0,direction
9,r09_20260912_222538.jsonl,16,95.0,6.0,measure,16,0.0,0.0,no_signal
9,r09_20260912_222538.jsonl,17,101.0,6.0,measure,17,0.0,0.0,direction
9,r09_20260912_222538.jsonl,18,107.0,6.0,measure,18,0.0,0.0,no_signal
9,r09_20260912_222538.jsonl,19,113.0,6.0,measure,19,0.0,0.0,no_signal
9,r09_20260912_222538.jsonl,20,119.0,6.0,measure,20,0.0,0.0,no_signal
9,r09_20260912_222538.jsonl,21,195.0,76.0,measure,5,-258.624,235.825,direction
9,r09_20260912_222538.jsonl,22,201.0,6.0,measure,11,-258.624,235.825,direction
9,r09_20260912_222538.jsonl,23,207.0,6.0,measure,12,-258.624,235.825,no_signal
9,r09_20260912_222538.jsonl,24,213.0,6.0,measure,15,-258.624,235.825,direction
9,r09_20260912_222538.jsonl,25,219.0,6.0,measure,17,-258.624,235.825,direction
9,r09_20260912_222538.jsonl,26,281.975,62.975,measure,5,-326.335,512.536,direction
9,r09_20260912_222538.jsonl,27,287.975,6.0,measure,12,-326.335,512.536,no_signal
9,r09_20260912_222538.jsonl,28,334.899,46.924,measure,5,-463.484,664.388,direction
9,r09_20260912_222538.jsonl,29,365.666,30.767,measure,5,-505.539,786.166,direction
9,r09_20260912_222538.jsonl,30,394.666,29.0,measure,5,-574.749,884.196,direction
9,r09_20260912_222538.jsonl,31,423.666,29.0,measure,5,-615.459,997.08,direction
9,r09_20260912_222538.jsonl,32,444.253,20.588,measure,5,-606.887,1074.545,direction
9,r09_20260912_222538.jsonl,33,459.355,15.101,clear,5,-650.447,1048.981,success
9,r09_20260912_222538.jsonl,34,501.74,42.385,measure,17,-511.394,931.675,direction
9,r09_20260912_222538.jsonl,35,507.74,6.0,measure,12,-511.394,931.675,no_signal
9,r09_20260912_222538.jsonl,36,586.937,79.197,clear,17,-348.253,598.486,success
9,r09_20260912_222538.jsonl,37,627.819,40.883,measure,15,-515.848,646.774,direction
9,r09_20260912_222538.jsonl,38,633.819,6.0,measure,12,-515.848,646.774,no_signal
9,r09_20260912_222538.jsonl,39,667.89,34.071,measure,15,-600.057,759.059,direction
9,r09_20260912_222538.jsonl,40,673.89,6.0,measure,12,-600.057,759.059,no_signal
9,r09_20260912_222538.jsonl,41,703.89,30.0,measure,15,-711.108,804.531,direction
9,r09_20260912_222538.jsonl,42,731.882,27.992,clear,15,-796.483,881.521,success
9,r09_20260912_222538.jsonl,43,807.882,76.0,measure,11,-463.843,990.382,direction
9,r09_20260912_222538.jsonl,44,813.882,6.0,measure,12,-463.843,990.382,no_signal
9,r09_20260912_222538.jsonl,45,982.109,168.227,clear,11,346.827,896.111,success
9,r09_20260912_222538.jsonl,46,1057.109,75.0,measure,12,652.736,726.054,no_signal
9,r09_20260912_222538.jsonl,47,1132.109,75.0,measure,12,832.633,425.825,direction
9,r09_20260912_222538.jsonl,48,1207.109,75.0,measure,12,899.596,82.29,direction
9,r09_20260912_222538.jsonl,49,1275.821,68.712,measure,12,842.301,-231.075,direction
9,r09_20260912_222538.jsonl,50,1399.356,123.534,clear,12,850.033,-823.697,success
9,r09_20260912_222538.jsonl,51,1470.258,70.902,measure,13,575.0,-995.929,no_signal
9,r09_20260912_222538.jsonl,52,1476.258,6.0,measure,10,575.0,-995.929,no_signal
9,r09_20260912_222538.jsonl,53,1482.258,6.0,measure,14,575.0,-995.929,no_signal
9,r09_20260912_222538.jsonl,54,1488.258,6.0,measure,9,575.0,-995.929,no_signal
9,r09_20260912_222538.jsonl,55,1494.258,6.0,measure,8,575.0,-995.929,no_signal
9,r09_20260912_222538.jsonl,56,1500.258,6.0,measure,16,575.0,-995.929,no_signal
9,r09_20260912_222538.jsonl,57,1506.258,6.0,measure,7,575.0,-995.929,no_signal
9,r09_20260912_222538.jsonl,58,1512.258,6.0,measure,6,575.0,-995.929,direction
9,r09_20260912_222538.jsonl,59,1518.258,6.0,measure,18,575.0,-995.929,no_signal
9,r09_20260912_222538.jsonl,60,1524.258,6.0,measure,19,575.0,-995.929,no_signal
9,r09_20260912_222538.jsonl,61,1530.258,6.0,measure,4,575.0,-995.929,no_signal
9,r09_20260912_222538.jsonl,62,1536.258,6.0,measure,20,575.0,-995.929,direction
9,r09_20260912_222538.jsonl,63,1542.258,6.0,measure,3,575.0,-995.929,no_signal
9,r09_20260912_222538.jsonl,64,1548.258,6.0,measure,2,575.0,-995.929,no_signal
9,r09_20260912_222538.jsonl,65,1554.258,6.0,measure,1,575.0,-995.929,no_signal
9,r09_20260912_222538.jsonl,66,1560.258,6.0,measure,6,575.0,-995.929,direction
9,r09_20260912_222538.jsonl,67,1566.258,6.0,measure,20,575.0,-995.929,direction
9,r09_20260912_222538.jsonl,68,1641.258,75.0,measure,20,548.087,-1344.893,direction
9,r09_20260912_222538.jsonl,69,1670.242,28.984,clear,20,488.918,-1240.587,success
9,r09_20260912_222538.jsonl,70,1746.242,76.0,measure,6,224.369,-1469.746,direction
9,r09_20260912_222538.jsonl,71,1784.955,38.713,measure,6,67.146,-1408.953,direction
9,r09_20260912_222538.jsonl,72,1813.955,29.0,measure,6,-51.735,-1425.304,direction
9,r09_20260912_222538.jsonl,73,1858.229,44.274,clear,6,-245.566,-1393.823,success
9,r09_20260912_222538.jsonl,74,1967.544,109.314,measure,7,-575.0,-995.929,no_signal
9,r09_20260912_222538.jsonl,75,1973.544,6.0,measure,4,-575.0,-995.929,no_signal
9,r09_20260912_222538.jsonl,76,1979.544,6.0,measure,8,-575.0,-995.929,no_signal
9,r09_20260912_222538.jsonl,77,1985.544,6.0,measure,3,-575.0,-995.929,no_signal
9,r09_20260912_222538.jsonl,78,1991.544,6.0,measure,9,-575.0,-995.929,no_signal
9,r09_20260912_222538.jsonl,79,1997.544,6.0,measure,2,-575.0,-995.929,no_signal
9,r09_20260912_222538.jsonl,80,2003.544,6.0,measure,10,-575.0,-995.929,no_signal
9,r09_20260912_222538.jsonl,81,2009.544,6.0,measure,1,-575.0,-995.929,no_signal
9,r09_20260912_222538.jsonl,82,2015.544,6.0,measure,13,-575.0,-995.929,no_signal
9,r09_20260912_222538.jsonl,83,2021.544,6.0,measure,14,-575.0,-995.929,no_signal
9,r09_20260912_222538.jsonl,84,2027.544,6.0,measure,16,-575.0,-995.929,no_signal
9,r09_20260912_222538.jsonl,85,2033.544,6.0,measure,18,-575.0,-995.929,no_signal
9,r09_20260912_222538.jsonl,86,2039.544,6.0,measure,19,-575.0,-995.929,no_signal
9,r09_20260912_222538.jsonl,87,2274.544,235.0,measure,19,-1150.0,0.0,no_signal
9,r09_20260912_222538.jsonl,88,2280.544,6.0,measure,18,-1150.0,0.0,no_signal
9,r09_20260912_222538.jsonl,89,2286.544,6.0,measure,16,-1150.0,0.0,direction
9,r09_20260912_222538.jsonl,90,2292.544,6.0,measure,14,-1150.0,0.0,no_signal
9,r09_20260912_222538.jsonl,91,2298.544,6.0,measure,13,-1150.0,0.0,direction
9,r09_20260912_222538.jsonl,92,2304.544,6.0,measure,10,-1150.0,0.0,no_signal
9,r09_20260912_222538.jsonl,93,2310.544,6.0,measure,9,-1150.0,0.0,no_signal
9,r09_20260912_222538.jsonl,94,2316.544,6.0,measure,8,-1150.0,0.0,no_signal
9,r09_20260912_222538.jsonl,95,2322.544,6.0,measure,7,-1150.0,0.0,no_signal
9,r09_20260912_222538.jsonl,96,2328.544,6.0,measure,4,-1150.0,0.0,no_signal
9,r09_20260912_222538.jsonl,97,2334.544,6.0,measure,3,-1150.0,0.0,no_signal
9,r09_20260912_222538.jsonl,98,2340.544,6.0,measure,2,-1150.0,0.0,no_signal
9,r09_20260912_222538.jsonl,99,2346.544,6.0,measure,1,-1150.0,0.0,no_signal
9,r09_20260912_222538.jsonl,100,2352.544,6.0,measure,13,-1150.0,0.0,direction
9,r09_20260912_222538.jsonl,101,2358.544,6.0,measure,16,-1150.0,0.0,direction
9,r09_20260912_222538.jsonl,102,2433.544,75.0,measure,16,-1266.487,330.047,direction
9,r09_20260912_222538.jsonl,103,2481.518,47.974,clear,16,-1190.741,531.124,success
9,r09_20260912_222538.jsonl,104,2557.518,76.0,measure,13,-1264.346,873.297,direction
9,r09_20260912_222538.jsonl,105,2600.489,42.971,clear,13,-1112.275,759.633,success
9,r09_20260912_222538.jsonl,106,2723.877,123.388,measure,14,-575.0,995.929,no_signal
9,r09_20260912_222538.jsonl,107,2729.877,6.0,measure,10,-575.0,995.929,no_signal
9,r09_20260912_222538.jsonl,108,2735.877,6.0,measure,9,-575.0,995.929,no_signal
9,r09_20260912_222538.jsonl,109,2741.877,6.0,measure,8,-575.0,995.929,no_signal
9,r09_20260912_222538.jsonl,110,2747.877,6.0,measure,18,-575.0,995.929,no_signal
9,r09_20260912_222538.jsonl,111,2753.877,6.0,measure,7,-575.0,995.929,no_signal
9,r09_20260912_222538.jsonl,112,2759.877,6.0,measure,19,-575.0,995.929,no_signal
9,r09_20260912_222538.jsonl,113,2765.877,6.0,measure,4,-575.0,995.929,no_signal
9,r09_20260912_222538.jsonl,114,2771.877,6.0,measure,3,-575.0,995.929,no_signal
9,r09_20260912_222538.jsonl,115,2777.877,6.0,measure,2,-575.0,995.929,no_signal
9,r09_20260912_222538.jsonl,116,2783.877,6.0,measure,1,-575.0,995.929,no_signal
9,r09_20260912_222538.jsonl,117,3018.877,235.0,measure,1,575.0,995.929,no_signal
9,r09_20260912_222538.jsonl,118,3024.877,6.0,measure,2,575.0,995.929,no_signal
9,r09_20260912_222538.jsonl,119,3030.877,6.0,measure,3,575.0,995.929,no_signal
9,r09_20260912_222538.jsonl,120,3036.877,6.0,measure,4,575.0,995.929,no_signal
9,r09_20260912_222538.jsonl,121,3042.877,6.0,measure,7,575.0,995.929,no_signal
9,r09_20260912_222538.jsonl,122,3048.877,6.0,measure,8,575.0,995.929,no_signal
9,r09_20260912_222538.jsonl,123,3054.877,6.0,measure,9,575.0,995.929,no_signal
9,r09_20260912_222538.jsonl,124,3060.877,6.0,measure,10,575.0,995.929,no_signal
9,r09_20260912_222538.jsonl,125,3066.877,6.0,measure,14,575.0,995.929,direction
9,r09_20260912_222538.jsonl,126,3072.877,6.0,measure,18,575.0,995.929,no_signal
9,r09_20260912_222538.jsonl,127,3078.877,6.0,measure,19,575.0,995.929,direction
9,r09_20260912_222538.jsonl,128,3084.877,6.0,measure,14,575.0,995.929,direction
9,r09_20260912_222538.jsonl,129,3090.877,6.0,measure,19,575.0,995.929,direction
9,r09_20260912_222538.jsonl,130,3166.877,76.0,measure,14,824.209,1241.683,direction
9,r09_20260912_222538.jsonl,131,3201.681,34.804,clear,14,971.793,1221.046,success
9,r09_20260912_222538.jsonl,132,3277.681,76.0,measure,19,1127.142,1534.681,direction
9,r09_20260912_222538.jsonl,133,3307.26,29.579,measure,19,1017.209,1479.751,direction
9,r09_20260912_222538.jsonl,134,3336.26,29.0,measure,19,949.624,1380.594,direction
9,r09_20260912_222538.jsonl,135,3358.946,22.686,clear,19,875.126,1332.946,success
9,r09_20260912_222538.jsonl,136,3637.145,278.199,measure,18,1150.0,0.0,no_signal
9,r09_20260912_222538.jsonl,137,3643.145,6.0,measure,10,1150.0,0.0,no_signal
9,r09_20260912_222538.jsonl,138,3649.145,6.0,measure,9,1150.0,0.0,no_signal
9,r09_20260912_222538.jsonl,139,3655.145,6.0,measure,8,1150.0,0.0,no_signal
9,r09_20260912_222538.jsonl,140,3661.145,6.0,measure,7,1150.0,0.0,no_signal
9,r09_20260912_222538.jsonl,141,3667.145,6.0,measure,4,1150.0,0.0,no_signal
9,r09_20260912_222538.jsonl,142,3673.145,6.0,measure,3,1150.0,0.0,no_signal
9,r09_20260912_222538.jsonl,143,3679.145,6.0,measure,2,1150.0,0.0,no_signal
9,r09_20260912_222538.jsonl,144,3685.145,6.0,measure,1,1150.0,0.0,no_signal
9,r09_20260912_222538.jsonl,145,3685.145,0.0,exit,,,,
10,r10_20260912_222549.jsonl,0,0.0,0.0,enter,,,,
10,r10_20260912_222549.jsonl,1,5.0,5.0,measure,1,0.0,0.0,direction
10,r10_20260912_222549.jsonl,2,11.0,6.0,measure,2,0.0,0.0,direction
10,r10_20260912_222549.jsonl,3,17.0,6.0,measure,3,0.0,0.0,no_signal
10,r10_20260912_222549.jsonl,4,23.0,6.0,measure,4,0.0,0.0,direction
10,r10_20260912_222549.jsonl,5,29.0,6.0,measure,5,0.0,0.0,direction
10,r10_20260912_222549.jsonl,6,35.0,6.0,measure,6,0.0,0.0,direction
10,r10_20260912_222549.jsonl,7,41.0,6.0,measure,7,0.0,0.0,no_signal
10,r10_20260912_222549.jsonl,8,47.0,6.0,measure,8,0.0,0.0,no_signal
10,r10_20260912_222549.jsonl,9,53.0,6.0,measure,9,0.0,0.0,no_signal
10,r10_20260912_222549.jsonl,10,59.0,6.0,measure,10,0.0,0.0,no_signal
10,r10_20260912_222549.jsonl,11,65.0,6.0,measure,11,0.0,0.0,direction
10,r10_20260912_222549.jsonl,12,71.0,6.0,measure,12,0.0,0.0,no_signal
10,r10_20260912_222549.jsonl,13,77.0,6.0,measure,13,0.0,0.0,no_signal
10,r10_20260912_222549.jsonl,14,83.0,6.0,measure,14,0.0,0.0,no_signal
10,r10_20260912_222549.jsonl,15,89.0,6.0,measure,15,0.0,0.0,direction
10,r10_20260912_222549.jsonl,16,95.0,6.0,measure,16,0.0,0.0,no_signal
10,r10_20260912_222549.jsonl,17,101.0,6.0,measure,17,0.0,0.0,direction
10,r10_20260912_222549.jsonl,18,107.0,6.0,measure,18,0.0,0.0,no_signal
10,r10_20260912_222549.jsonl,19,113.0,6.0,measure,19,0.0,0.0,direction
10,r10_20260912_222549.jsonl,20,119.0,6.0,measure,20,0.0,0.0,no_signal
10,r10_20260912_222549.jsonl,21,195.0,76.0,measure,17,-244.314,250.62,direction
10,r10_20260912_222549.jsonl,22,201.0,6.0,measure,1,-244.314,250.62,direction
10,r10_20260912_222549.jsonl,23,207.0,6.0,measure,2,-244.314,250.62,direction
10,r10_20260912_222549.jsonl,24,213.0,6.0,measure,4,-244.314,250.62,direction
10,r10_20260912_222549.jsonl,25,219.0,6.0,measure,5,-244.314,250.62,direction
10,r10_20260912_222549.jsonl,26,225.0,6.0,measure,6,-244.314,250.62,direction
10,r10_20260912_222549.jsonl,27,231.0,6.0,measure,11,-244.314,250.62,direction
10,r10_20260912_222549.jsonl,28,237.0,6.0,measure,15,-244.314,250.62,direction
10,r10_20260912_222549.jsonl,29,243.0,6.0,measure,19,-244.314,250.62,direction
10,r10_20260912_222549.jsonl,30,273.0,30.0,measure,17,-235.734,370.313,direction
10,r10_20260912_222549.jsonl,31,303.637,30.637,clear,17,-280.18,490.547,success
10,r10_20260912_222549.jsonl,32,350.698,47.06,measure,15,-418.459,338.798,direction
10,r10_20260912_222549.jsonl,33,435.777,85.079,clear,15,-796.126,178.197,no_target_in_range
10,r10_20260912_222549.jsonl,34,444.534,8.757,clear,15,-767.421,176.047,no_target_in_range
10,r10_20260912_222549.jsonl,35,454.605,10.071,clear,15,-792.421,201.047,no_target_in_range
10,r10_20260912_222549.jsonl,36,466.676,12.071,clear,15,-817.421,176.047,success
10,r10_20260912_222549.jsonl,37,542.676,76.0,measure,6,-544.129,394.705,direction
10,r10_20260912_222549.jsonl,38,617.676,75.0,measure,6,-196.496,435.344,direction
10,r10_20260912_222549.jsonl,39,678.697,61.021,measure,6,34.424,593.882,direction
10,r10_20260912_222549.jsonl,40,720.414,41.717,measure,6,214.29,630.645,direction
10,r10_20260912_222549.jsonl,41,794.477,74.063,clear,6,531.875,766.226,success
10,r10_20260912_222549.jsonl,42,824.643,30.166,measure,11,503.723,883.731,direction
10,r10_20260912_222549.jsonl,43,873.133,48.49,clear,11,529.591,1099.639,success
10,r10_20260912_222549.jsonl,44,1079.29,206.157,clear,2,72.093,203.928,success
10,r10_20260912_222549.jsonl,45,1181.233,101.943,clear,4,-90.835,-252.585,success
10,r10_20260912_222549.jsonl,46,1217.167,35.934,measure,5,53.405,-212.643,direction
10,r10_20260912_222549.jsonl,47,1292.691,75.524,clear,5,396.587,-293.677,success
10,r10_20260912_222549.jsonl,48,1368.691,76.0,measure,1,701.181,-466.078,direction
10,r10_20260912_222549.jsonl,49,1406.729,38.039,measure,1,570.617,-364.876,direction
10,r10_20260912_222549.jsonl,50,1476.733,70.004,clear,1,263.767,-257.729,success
10,r10_20260912_222549.jsonl,51,1548.997,72.264,measure,19,195.669,-581.973,direction
10,r10_20260912_222549.jsonl,52,1599.278,50.281,measure,19,31.925,-738.327,direction
10,r10_20260912_222549.jsonl,53,1634.206,34.928,measure,19,-12.687,-881.164,direction
10,r10_20260912_222549.jsonl,54,1699.09,64.884,clear,19,-167.052,-1137.728,success
10,r10_20260912_222549.jsonl,55,1791.468,92.378,measure,18,-575.0,-995.929,no_signal
10,r10_20260912_222549.jsonl,56,1797.468,6.0,measure,20,-575.0,-995.929,no_signal
10,r10_20260912_222549.jsonl,57,1803.468,6.0,measure,16,-575.0,-995.929,no_signal
10,r10_20260912_222549.jsonl,58,1809.468,6.0,measure,14,-575.0,-995.929,direction
10,r10_20260912_222549.jsonl,59,1815.468,6.0,measure,13,-575.0,-995.929,no_signal
10,r10_20260912_222549.jsonl,60,1821.468,6.0,measure,12,-575.0,-995.929,no_signal
10,r10_20260912_222549.jsonl,61,1827.468,6.0,measure,10,-575.0,-995.929,no_signal
10,r10_20260912_222549.jsonl,62,1833.468,6.0,measure,9,-575.0,-995.929,no_signal
10,r10_20260912_222549.jsonl,63,1839.468,6.0,measure,8,-575.0,-995.929,no_signal
10,r10_20260912_222549.jsonl,64,1845.468,6.0,measure,7,-575.0,-995.929,no_signal
10,r10_20260912_222549.jsonl,65,1851.468,6.0,measure,3,-575.0,-995.929,no_signal
10,r10_20260912_222549.jsonl,66,1857.468,6.0,measure,14,-575.0,-995.929,direction
10,r10_20260912_222549.jsonl,67,1932.468,75.0,measure,14,-895.433,-1136.723,direction
10,r10_20260912_222549.jsonl,68,1961.468,29.0,measure,14,-1005.016,-1087.819,direction
10,r10_20260912_222549.jsonl,69,1995.896,34.427,clear,14,-1152.124,-1084.943,success
10,r10_20260912_222549.jsonl,70,2218.885,222.989,measure,13,-1150.0,0.0,no_signal
10,r10_20260912_222549.jsonl,71,2224.885,6.0,measure,12,-1150.0,0.0,no_signal
10,r10_20260912_222549.jsonl,72,2230.885,6.0,measure,16,-1150.0,0.0,no_signal
10,r10_20260912_222549.jsonl,73,2236.885,6.0,measure,10,-1150.0,0.0,direction
10,r10_20260912_222549.jsonl,74,2242.885,6.0,measure,18,-1150.0,0.0,no_signal
10,r10_20260912_222549.jsonl,75,2248.885,6.0,measure,9,-1150.0,0.0,direction
10,r10_20260912_222549.jsonl,76,2254.885,6.0,measure,8,-1150.0,0.0,no_signal
10,r10_20260912_222549.jsonl,77,2260.885,6.0,measure,20,-1150.0,0.0,no_signal
10,r10_20260912_222549.jsonl,78,2266.885,6.0,measure,7,-1150.0,0.0,no_signal
10,r10_20260912_222549.jsonl,79,2272.885,6.0,measure,3,-1150.0,0.0,no_signal
10,r10_20260912_222549.jsonl,80,2278.885,6.0,measure,9,-1150.0,0.0,direction
10,r10_20260912_222549.jsonl,81,2284.885,6.0,measure,10,-1150.0,0.0,direction
10,r10_20260912_222549.jsonl,82,2359.885,75.0,measure,10,-1397.358,247.617,direction
10,r10_20260912_222549.jsonl,83,2397.077,37.192,measure,10,-1414.49,407.665,direction
10,r10_20260912_222549.jsonl,84,2426.077,29.0,measure,10,-1484.009,505.477,direction
10,r10_20260912_222549.jsonl,85,2455.077,29.0,measure,10,-1508.237,623.006,direction
10,r10_20260912_222549.jsonl,86,2473.081,18.004,clear,10,-1544.343,677.081,success
10,r10_20260912_222549.jsonl,87,2549.081,76.0,measure,9,-1717.116,981.465,direction
10,r10_20260912_222549.jsonl,88,2640.46,91.379,clear,9,-1347.584,757.904,success
10,r10_20260912_222549.jsonl,89,2808.144,167.684,measure,8,-575.0,995.929,no_signal
10,r10_20260912_222549.jsonl,90,2814.144,6.0,measure,7,-575.0,995.929,no_signal
10,r10_20260912_222549.jsonl,91,2820.144,6.0,measure,12,-575.0,995.929,direction
10,r10_20260912_222549.jsonl,92,2826.144,6.0,measure,13,-575.0,995.929,direction
10,r10_20260912_222549.jsonl,93,2832.144,6.0,measure,3,-575.0,995.929,no_signal
10,r10_20260912_222549.jsonl,94,2838.144,6.0,measure,16,-575.0,995.929,no_signal
10,r10_20260912_222549.jsonl,95,2844.144,6.0,measure,18,-575.0,995.929,no_signal
10,r10_20260912_222549.jsonl,96,2850.144,6.0,measure,20,-575.0,995.929,no_signal
10,r10_20260912_222549.jsonl,97,2856.144,6.0,measure,12,-575.0,995.929,direction
10,r10_20260912_222549.jsonl,98,2862.144,6.0,measure,13,-575.0,995.929,direction
10,r10_20260912_222549.jsonl,99,2937.144,75.0,measure,13,-354.975,1268.122,direction
10,r10_20260912_222549.jsonl,100,2991.821,54.677,clear,13,-114.504,1330.321,success
10,r10_20260912_222549.jsonl,101,3067.821,76.0,measure,12,109.3,1599.416,direction
10,r10_20260912_222549.jsonl,102,3096.821,29.0,measure,12,17.093,1522.619,direction
10,r10_20260912_222549.jsonl,103,3145.07,48.248,clear,12,-93.585,1336.848,success
10,r10_20260912_222549.jsonl,104,3301.167,156.098,measure,8,575.0,995.929,no_signal
10,r10_20260912_222549.jsonl,105,3307.167,6.0,measure,16,575.0,995.929,no_signal
10,r10_20260912_222549.jsonl,106,3313.167,6.0,measure,7,575.0,995.929,no_signal
10,r10_20260912_222549.jsonl,107,3319.167,6.0,measure,18,575.0,995.929,no_signal
10,r10_20260912_222549.jsonl,108,3325.167,6.0,measure,20,575.0,995.929,no_signal
10,r10_20260912_222549.jsonl,109,3331.167,6.0,measure,3,575.0,995.929,no_signal
10,r10_20260912_222549.jsonl,110,3566.167,235.0,measure,3,1150.0,0.0,no_signal
10,r10_20260912_222549.jsonl,111,3572.167,6.0,measure,7,1150.0,0.0,no_signal
10,r10_20260912_222549.jsonl,112,3578.167,6.0,measure,8,1150.0,0.0,no_signal
10,r10_20260912_222549.jsonl,113,3584.167,6.0,measure,16,1150.0,0.0,no_signal
10,r10_20260912_222549.jsonl,114,3590.167,6.0,measure,18,1150.0,0.0,no_signal
10,r10_20260912_222549.jsonl,115,3596.167,6.0,measure,20,1150.0,0.0,no_signal
10,r10_20260912_222549.jsonl,116,3831.167,235.0,measure,20,575.0,-995.929,no_signal
10,r10_20260912_222549.jsonl,117,3837.167,6.0,measure,18,575.0,-995.929,no_signal
10,r10_20260912_222549.jsonl,118,3843.167,6.0,measure,16,575.0,-995.929,no_signal
10,r10_20260912_222549.jsonl,119,3849.167,6.0,measure,8,575.0,-995.929,direction
10,r10_20260912_222549.jsonl,120,3855.167,6.0,measure,7,575.0,-995.929,no_signal
10,r10_20260912_222549.jsonl,121,3861.167,6.0,measure,3,575.0,-995.929,no_signal
10,r10_20260912_222549.jsonl,122,3867.167,6.0,measure,8,575.0,-995.929,direction
10,r10_20260912_222549.jsonl,123,3942.167,75.0,measure,8,828.629,-1237.119,direction
10,r10_20260912_222549.jsonl,124,3967.84,25.673,clear,8,777.125,-1326.737,success
10,r10_20260912_222549.jsonl,125,3967.84,0.0,exit,,,,
