run,log_file,idx,vt_s,dt_s,action,channel,x,y,result
1,r01_20260912_223906.jsonl,0,0.0,0.0,enter,,,,
1,r01_20260912_223906.jsonl,1,5.0,5.0,measure,1,0.0,0.0,no_signal
1,r01_20260912_223906.jsonl,2,11.0,6.0,measure,2,0.0,0.0,no_signal
1,r01_20260912_223906.jsonl,3,17.0,6.0,measure,3,0.0,0.0,no_signal
1,r01_20260912_223906.jsonl,4,23.0,6.0,measure,4,0.0,0.0,no_signal
1,r01_20260912_223906.jsonl,5,29.0,6.0,measure,5,0.0,0.0,no_signal
1,r01_20260912_223906.jsonl,6,35.0,6.0,measure,6,0.0,0.0,no_signal
1,r01_20260912_223906.jsonl,7,41.0,6.0,measure,7,0.0,0.0,no_signal
1,r01_20260912_223906.jsonl,8,47.0,6.0,measure,8,0.0,0.0,direction
1,r01_20260912_223906.jsonl,9,53.0,6.0,measure,9,0.0,0.0,direction
1,r01_20260912_223906.jsonl,10,59.0,6.0,measure,10,0.0,0.0,no_signal
1,r01_20260912_223906.jsonl,11,65.0,6.0,measure,11,0.0,0.0,no_signal
1,r01_20260912_223906.jsonl,12,71.0,6.0,measure,12,0.0,0.0,no_signal
1,r01_20260912_223906.jsonl,13,77.0,6.0,measure,13,0.0,0.0,no_signal
1,r01_20260912_223906.jsonl,14,83.0,6.0,measure,14,0.0,0.0,no_signal
1,r01_20260912_223906.jsonl,15,89.0,6.0,measure,15,0.0,0.0,no_signal
1,r01_20260912_223906.jsonl,16,95.0,6.0,measure,16,0.0,0.0,no_signal
1,r01_20260912_223906.jsonl,17,101.0,6.0,measure,17,0.0,0.0,direction
1,r01_20260912_223906.jsonl,18,107.0,6.0,measure,18,0.0,0.0,no_signal
1,r01_20260912_223906.jsonl,19,113.0,6.0,measure,19,0.0,0.0,no_signal
1,r01_20260912_223906.jsonl,20,119.0,6.0,measure,20,0.0,0.0,no_signal
1,r01_20260912_223906.jsonl,21,204.0,85.0,measure,20,400.0,0.0,no_signal
1,r01_20260912_223906.jsonl,22,210.0,6.0,measure,19,400.0,0.0,no_signal
1,r01_20260912_223906.jsonl,23,216.0,6.0,measure,18,400.0,0.0,direction
1,r01_20260912_223906.jsonl,24,222.0,6.0,measure,16,400.0,0.0,no_signal
1,r01_20260912_223906.jsonl,25,228.0,6.0,measure,15,400.0,0.0,no_signal
1,r01_20260912_223906.jsonl,26,234.0,6.0,measure,14,400.0,0.0,no_signal
1,r01_20260912_223906.jsonl,27,240.0,6.0,measure,13,400.0,0.0,direction
1,r01_20260912_223906.jsonl,28,246.0,6.0,measure,12,400.0,0.0,no_signal
1,r01_20260912_223906.jsonl,29,252.0,6.0,measure,11,400.0,0.0,no_signal
1,r01_20260912_223906.jsonl,30,258.0,6.0,measure,10,400.0,0.0,no_signal
1,r01_20260912_223906.jsonl,31,264.0,6.0,measure,7,400.0,0.0,no_signal
1,r01_20260912_223906.jsonl,32,270.0,6.0,measure,6,400.0,0.0,no_signal
1,r01_20260912_223906.jsonl,33,276.0,6.0,measure,5,400.0,0.0,no_signal
1,r01_20260912_223906.jsonl,34,282.0,6.0,measure,4,400.0,0.0,no_signal
1,r01_20260912_223906.jsonl,35,288.0,6.0,measure,3,400.0,0.0,no_signal
1,r01_20260912_223906.jsonl,36,294.0,6.0,measure,2,400.0,0.0,no_signal
1,r01_20260912_223906.jsonl,37,300.0,6.0,measure,1,400.0,0.0,no_signal
1,r01_20260912_223906.jsonl,38,306.0,6.0,measure,8,400.0,0.0,direction
1,r01_20260912_223906.jsonl,39,312.0,6.0,measure,18,400.0,0.0,direction
1,r01_20260912_223906.jsonl,40,398.0,86.0,measure,19,200.0,346.41,no_signal
1,r01_20260912_223906.jsonl,41,404.0,6.0,measure,16,200.0,346.41,direction
1,r01_20260912_223906.jsonl,42,410.0,6.0,measure,20,200.0,346.41,no_signal
1,r01_20260912_223906.jsonl,43,416.0,6.0,measure,15,200.0,346.41,no_signal
1,r01_20260912_223906.jsonl,44,422.0,6.0,measure,14,200.0,346.41,no_signal
1,r01_20260912_223906.jsonl,45,428.0,6.0,measure,12,200.0,346.41,no_signal
1,r01_20260912_223906.jsonl,46,434.0,6.0,measure,11,200.0,346.41,no_signal
1,r01_20260912_223906.jsonl,47,440.0,6.0,measure,10,200.0,346.41,no_signal
1,r01_20260912_223906.jsonl,48,446.0,6.0,measure,7,200.0,346.41,no_signal
1,r01_20260912_223906.jsonl,49,452.0,6.0,measure,6,200.0,346.41,no_signal
1,r01_20260912_223906.jsonl,50,458.0,6.0,measure,5,200.0,346.41,no_signal
1,r01_20260912_223906.jsonl,51,464.0,6.0,measure,4,200.0,346.41,no_signal
1,r01_20260912_223906.jsonl,52,470.0,6.0,measure,3,200.0,346.41,no_signal
1,r01_20260912_223906.jsonl,53,476.0,6.0,measure,2,200.0,346.41,no_signal
1,r01_20260912_223906.jsonl,54,482.0,6.0,measure,1,200.0,346.41,no_signal
1,r01_20260912_223906.jsonl,55,488.0,6.0,measure,18,200.0,346.41,no_signal
1,r01_20260912_223906.jsonl,56,494.0,6.0,measure,13,200.0,346.41,direction
1,r01_20260912_223906.jsonl,57,580.0,86.0,measure,12,-200.0,346.41,no_signal
1,r01_20260912_223906.jsonl,58,586.0,6.0,measure,14,-200.0,346.41,no_signal
1,r01_20260912_223906.jsonl,59,592.0,6.0,measure,11,-200.0,346.41,no_signal
1,r01_20260912_223906.jsonl,60,598.0,6.0,measure,15,-200.0,346.41,no_signal
1,r01_20260912_223906.jsonl,61,604.0,6.0,measure,10,-200.0,346.41,no_signal
1,r01_20260912_223906.jsonl,62,610.0,6.0,measure,7,-200.0,346.41,no_signal
1,r01_20260912_223906.jsonl,63,616.0,6.0,measure,19,-200.0,346.41,direction
1,r01_20260912_223906.jsonl,64,622.0,6.0,measure,6,-200.0,346.41,no_signal
1,r01_20260912_223906.jsonl,65,628.0,6.0,measure,20,-200.0,346.41,no_signal
1,r01_20260912_223906.jsonl,66,634.0,6.0,measure,5,-200.0,346.41,no_signal
1,r01_20260912_223906.jsonl,67,640.0,6.0,measure,4,-200.0,346.41,direction
1,r01_20260912_223906.jsonl,68,646.0,6.0,measure,3,-200.0,346.41,no_signal
1,r01_20260912_223906.jsonl,69,652.0,6.0,measure,2,-200.0,346.41,no_signal
1,r01_20260912_223906.jsonl,70,658.0,6.0,measure,1,-200.0,346.41,no_signal
1,r01_20260912_223906.jsonl,71,664.0,6.0,measure,17,-200.0,346.41,direction
1,r01_20260912_223906.jsonl,72,670.0,6.0,measure,9,-200.0,346.41,direction
1,r01_20260912_223906.jsonl,73,756.0,86.0,measure,10,-400.0,0.0,no_signal
1,r01_20260912_223906.jsonl,74,762.0,6.0,measure,7,-400.0,0.0,no_signal
1,r01_20260912_223906.jsonl,75,768.0,6.0,measure,11,-400.0,0.0,no_signal
1,r01_20260912_223906.jsonl,76,774.0,6.0,measure,6,-400.0,0.0,direction
1,r01_20260912_223906.jsonl,77,780.0,6.0,measure,12,-400.0,0.0,no_signal
1,r01_20260912_223906.jsonl,78,786.0,6.0,measure,5,-400.0,0.0,no_signal
1,r01_20260912_223906.jsonl,79,792.0,6.0,measure,14,-400.0,0.0,no_signal
1,r01_20260912_223906.jsonl,80,798.0,6.0,measure,3,-400.0,0.0,no_signal
1,r01_20260912_223906.jsonl,81,804.0,6.0,measure,15,-400.0,0.0,no_signal
1,r01_20260912_223906.jsonl,82,810.0,6.0,measure,2,-400.0,0.0,no_signal
1,r01_20260912_223906.jsonl,83,816.0,6.0,measure,1,-400.0,0.0,no_signal
1,r01_20260912_223906.jsonl,84,822.0,6.0,measure,20,-400.0,0.0,no_signal
1,r01_20260912_223906.jsonl,85,828.0,6.0,measure,6,-400.0,0.0,direction
1,r01_20260912_223906.jsonl,86,834.0,6.0,measure,18,-400.0,0.0,no_signal
1,r01_20260912_223906.jsonl,87,920.0,86.0,measure,20,-200.0,-346.41,no_signal
1,r01_20260912_223906.jsonl,88,926.0,6.0,measure,15,-200.0,-346.41,no_signal
1,r01_20260912_223906.jsonl,89,932.0,6.0,measure,14,-200.0,-346.41,no_signal
1,r01_20260912_223906.jsonl,90,938.0,6.0,measure,12,-200.0,-346.41,no_signal
1,r01_20260912_223906.jsonl,91,944.0,6.0,measure,11,-200.0,-346.41,no_signal
1,r01_20260912_223906.jsonl,92,950.0,6.0,measure,10,-200.0,-346.41,no_signal
1,r01_20260912_223906.jsonl,93,956.0,6.0,measure,7,-200.0,-346.41,no_signal
1,r01_20260912_223906.jsonl,94,962.0,6.0,measure,5,-200.0,-346.41,no_signal
1,r01_20260912_223906.jsonl,95,968.0,6.0,measure,3,-200.0,-346.41,no_signal
1,r01_20260912_223906.jsonl,96,974.0,6.0,measure,2,-200.0,-346.41,no_signal
1,r01_20260912_223906.jsonl,97,980.0,6.0,measure,1,-200.0,-346.41,no_signal
1,r01_20260912_223906.jsonl,98,986.0,6.0,measure,6,-200.0,-346.41,no_signal
1,r01_20260912_223906.jsonl,99,992.0,6.0,measure,18,-200.0,-346.41,no_signal
1,r01_20260912_223906.jsonl,100,1078.0,86.0,measure,20,200.0,-346.41,no_signal
1,r01_20260912_223906.jsonl,101,1084.0,6.0,measure,15,200.0,-346.41,no_signal
1,r01_20260912_223906.jsonl,102,1090.0,6.0,measure,14,200.0,-346.41,no_signal
1,r01_20260912_223906.jsonl,103,1096.0,6.0,measure,12,200.0,-346.41,no_signal
1,r01_20260912_223906.jsonl,104,1102.0,6.0,measure,11,200.0,-346.41,no_signal
1,r01_20260912_223906.jsonl,105,1108.0,6.0,measure,10,200.0,-346.41,no_signal
1,r01_20260912_223906.jsonl,106,1114.0,6.0,measure,7,200.0,-346.41,no_signal
1,r01_20260912_223906.jsonl,107,1120.0,6.0,measure,5,200.0,-346.41,no_signal
1,r01_20260912_223906.jsonl,108,1126.0,6.0,measure,3,200.0,-346.41,no_signal
1,r01_20260912_223906.jsonl,109,1132.0,6.0,measure,2,200.0,-346.41,no_signal
1,r01_20260912_223906.jsonl,110,1138.0,6.0,measure,1,200.0,-346.41,no_signal
1,r01_20260912_223906.jsonl,111,1144.0,6.0,measure,18,200.0,-346.41,no_signal
1,r01_20260912_223906.jsonl,112,1150.0,6.0,measure,8,200.0,-346.41,no_signal
1,r01_20260912_223906.jsonl,113,1339.895,189.895,measure,7,919.239,-919.239,no_signal
1,r01_20260912_223906.jsonl,114,1345.895,6.0,measure,10,919.239,-919.239,no_signal
1,r01_20260912_223906.jsonl,115,1351.895,6.0,measure,5,919.239,-919.239,no_signal
1,r01_20260912_223906.jsonl,116,1357.895,6.0,measure,11,919.239,-919.239,no_signal
1,r01_20260912_223906.jsonl,117,1363.895,6.0,measure,12,919.239,-919.239,no_signal
1,r01_20260912_223906.jsonl,118,1369.895,6.0,measure,3,919.239,-919.239,no_signal
1,r01_20260912_223906.jsonl,119,1375.895,6.0,measure,2,919.239,-919.239,no_signal
1,r01_20260912_223906.jsonl,120,1381.895,6.0,measure,14,919.239,-919.239,no_signal
1,r01_20260912_223906.jsonl,121,1387.895,6.0,measure,1,919.239,-919.239,no_signal
1,r01_20260912_223906.jsonl,122,1393.895,6.0,measure,15,919.239,-919.239,no_signal
1,r01_20260912_223906.jsonl,123,1399.895,6.0,measure,20,919.239,-919.239,no_signal
1,r01_20260912_223906.jsonl,124,1405.895,6.0,measure,8,919.239,-919.239,no_signal
1,r01_20260912_223906.jsonl,125,1557.267,151.372,measure,7,1645.448,-950.0,no_signal
1,r01_20260912_223906.jsonl,126,1563.267,6.0,measure,10,1645.448,-950.0,no_signal
1,r01_20260912_223906.jsonl,127,1569.267,6.0,measure,5,1645.448,-950.0,no_signal
1,r01_20260912_223906.jsonl,128,1575.267,6.0,measure,11,1645.448,-950.0,no_signal
1,r01_20260912_223906.jsonl,129,1581.267,6.0,measure,12,1645.448,-950.0,no_signal
1,r01_20260912_223906.jsonl,130,1587.267,6.0,measure,3,1645.448,-950.0,no_signal
1,r01_20260912_223906.jsonl,131,1593.267,6.0,measure,2,1645.448,-950.0,no_signal
1,r01_20260912_223906.jsonl,132,1599.267,6.0,measure,14,1645.448,-950.0,no_signal
1,r01_20260912_223906.jsonl,133,1605.267,6.0,measure,1,1645.448,-950.0,no_signal
1,r01_20260912_223906.jsonl,134,1611.267,6.0,measure,15,1645.448,-950.0,no_signal
1,r01_20260912_223906.jsonl,135,1617.267,6.0,measure,20,1645.448,-950.0,no_signal
1,r01_20260912_223906.jsonl,136,1623.267,6.0,measure,8,1645.448,-950.0,no_signal
1,r01_20260912_223906.jsonl,137,1825.97,202.702,measure,7,950.0,-1645.448,no_signal
1,r01_20260912_223906.jsonl,138,1831.97,6.0,measure,10,950.0,-1645.448,no_signal
1,r01_20260912_223906.jsonl,139,1837.97,6.0,measure,5,950.0,-1645.448,no_signal
1,r01_20260912_223906.jsonl,140,1843.97,6.0,measure,11,950.0,-1645.448,no_signal
1,r01_20260912_223906.jsonl,141,1849.97,6.0,measure,12,950.0,-1645.448,no_signal
1,r01_20260912_223906.jsonl,142,1855.97,6.0,measure,3,950.0,-1645.448,no_signal
1,r01_20260912_223906.jsonl,143,1861.97,6.0,measure,2,950.0,-1645.448,no_signal
1,r01_20260912_223906.jsonl,144,1867.97,6.0,measure,14,950.0,-1645.448,no_signal
1,r01_20260912_223906.jsonl,145,1873.97,6.0,measure,1,950.0,-1645.448,no_signal
1,r01_20260912_223906.jsonl,146,1879.97,6.0,measure,15,950.0,-1645.448,no_signal
1,r01_20260912_223906.jsonl,147,1885.97,6.0,measure,20,950.0,-1645.448,no_signal
1,r01_20260912_223906.jsonl,148,2093.141,207.172,measure,20,-0.0,-1300.0,no_signal
1,r01_20260912_223906.jsonl,149,2099.141,6.0,measure,15,-0.0,-1300.0,no_signal
1,r01_20260912_223906.jsonl,150,2105.141,6.0,measure,14,-0.0,-1300.0,no_signal
1,r01_20260912_223906.jsonl,151,2111.141,6.0,measure,12,-0.0,-1300.0,no_signal
1,r01_20260912_223906.jsonl,152,2117.141,6.0,measure,11,-0.0,-1300.0,no_signal
1,r01_20260912_223906.jsonl,153,2123.141,6.0,measure,10,-0.0,-1300.0,no_signal
1,r01_20260912_223906.jsonl,154,2129.141,6.0,measure,7,-0.0,-1300.0,no_signal
1,r01_20260912_223906.jsonl,155,2135.141,6.0,measure,5,-0.0,-1300.0,no_signal
1,r01_20260912_223906.jsonl,156,2141.141,6.0,measure,3,-0.0,-1300.0,no_signal
1,r01_20260912_223906.jsonl,157,2147.141,6.0,measure,2,-0.0,-1300.0,no_signal
1,r01_20260912_223906.jsonl,158,2153.141,6.0,measure,1,-0.0,-1300.0,no_signal
1,r01_20260912_223906.jsonl,159,2159.141,6.0,measure,6,-0.0,-1300.0,no_signal
1,r01_20260912_223906.jsonl,160,2165.141,6.0,measure,18,-0.0,-1300.0,no_signal
1,r01_20260912_223906.jsonl,161,2291.141,126.0,measure,20,-0.0,-1900.0,no_signal
1,r01_20260912_223906.jsonl,162,2297.141,6.0,measure,15,-0.0,-1900.0,no_signal
1,r01_20260912_223906.jsonl,163,2303.141,6.0,measure,14,-0.0,-1900.0,no_signal
1,r01_20260912_223906.jsonl,164,2309.141,6.0,measure,12,-0.0,-1900.0,no_signal
1,r01_20260912_223906.jsonl,165,2315.141,6.0,measure,11,-0.0,-1900.0,no_signal
1,r01_20260912_223906.jsonl,166,2321.141,6.0,measure,10,-0.0,-1900.0,no_signal
1,r01_20260912_223906.jsonl,167,2327.141,6.0,measure,7,-0.0,-1900.0,no_signal
1,r01_20260912_223906.jsonl,168,2333.141,6.0,measure,5,-0.0,-1900.0,no_signal
1,r01_20260912_223906.jsonl,169,2339.141,6.0,measure,3,-0.0,-1900.0,no_signal
1,r01_20260912_223906.jsonl,170,2345.141,6.0,measure,2,-0.0,-1900.0,no_signal
1,r01_20260912_223906.jsonl,171,2351.141,6.0,measure,1,-0.0,-1900.0,no_signal
1,r01_20260912_223906.jsonl,172,2552.844,201.702,measure,1,-950.0,-1645.448,no_signal
1,r01_20260912_223906.jsonl,173,2558.844,6.0,measure,2,-950.0,-1645.448,no_signal
1,r01_20260912_223906.jsonl,174,2564.844,6.0,measure,3,-950.0,-1645.448,no_signal
1,r01_20260912_223906.jsonl,175,2570.844,6.0,measure,5,-950.0,-1645.448,no_signal
1,r01_20260912_223906.jsonl,176,2576.844,6.0,measure,7,-950.0,-1645.448,no_signal
1,r01_20260912_223906.jsonl,177,2582.844,6.0,measure,10,-950.0,-1645.448,no_signal
1,r01_20260912_223906.jsonl,178,2588.844,6.0,measure,11,-950.0,-1645.448,no_signal
1,r01_20260912_223906.jsonl,179,2594.844,6.0,measure,12,-950.0,-1645.448,no_signal
1,r01_20260912_223906.jsonl,180,2600.844,6.0,measure,14,-950.0,-1645.448,no_signal
1,r01_20260912_223906.jsonl,181,2606.844,6.0,measure,15,-950.0,-1645.448,no_signal
1,r01_20260912_223906.jsonl,182,2612.844,6.0,measure,20,-950.0,-1645.448,no_signal
1,r01_20260912_223906.jsonl,183,2618.844,6.0,measure,6,-950.0,-1645.448,no_signal
1,r01_20260912_223906.jsonl,184,2624.844,6.0,measure,18,-950.0,-1645.448,no_signal
1,r01_20260912_223906.jsonl,185,2776.216,151.372,measure,20,-919.239,-919.239,no_signal
1,r01_20260912_223906.jsonl,186,2782.216,6.0,measure,15,-919.239,-919.239,no_signal
1,r01_20260912_223906.jsonl,187,2788.216,6.0,measure,14,-919.239,-919.239,no_signal
1,r01_20260912_223906.jsonl,188,2794.216,6.0,measure,12,-919.239,-919.239,no_signal
1,r01_20260912_223906.jsonl,189,2800.216,6.0,measure,11,-919.239,-919.239,no_signal
1,r01_20260912_223906.jsonl,190,2806.216,6.0,measure,10,-919.239,-919.239,no_signal
1,r01_20260912_223906.jsonl,191,2812.216,6.0,measure,7,-919.239,-919.239,no_signal
1,r01_20260912_223906.jsonl,192,2818.216,6.0,measure,5,-919.239,-919.239,no_signal
1,r01_20260912_223906.jsonl,193,2824.216,6.0,measure,3,-919.239,-919.239,no_signal
1,r01_20260912_223906.jsonl,194,2830.216,6.0,measure,2,-919.239,-919.239,no_signal
1,r01_20260912_223906.jsonl,195,2836.216,6.0,measure,1,-919.239,-919.239,no_signal
1,r01_20260912_223906.jsonl,196,2842.216,6.0,measure,6,-919.239,-919.239,no_signal
1,r01_20260912_223906.jsonl,197,2848.216,6.0,measure,18,-919.239,-919.239,no_signal
1,r01_20260912_223906.jsonl,198,2999.588,151.372,measure,20,-1645.448,-950.0,no_signal
1,r01_20260912_223906.jsonl,199,3005.588,6.0,measure,15,-1645.448,-950.0,no_signal
1,r01_20260912_223906.jsonl,200,3011.588,6.0,measure,14,-1645.448,-950.0,no_signal
1,r01_20260912_223906.jsonl,201,3017.588,6.0,measure,12,-1645.448,-950.0,no_signal
1,r01_20260912_223906.jsonl,202,3023.588,6.0,measure,11,-1645.448,-950.0,no_signal
1,r01_20260912_223906.jsonl,203,3029.588,6.0,measure,10,-1645.448,-950.0,no_signal
1,r01_20260912_223906.jsonl,204,3035.588,6.0,measure,7,-1645.448,-950.0,no_signal
1,r01_20260912_223906.jsonl,205,3041.588,6.0,measure,5,-1645.448,-950.0,no_signal
1,r01_20260912_223906.jsonl,206,3047.588,6.0,measure,3,-1645.448,-950.0,no_signal
1,r01_20260912_223906.jsonl,207,3053.588,6.0,measure,2,-1645.448,-950.0,no_signal
1,r01_20260912_223906.jsonl,208,3059.588,6.0,measure,1,-1645.448,-950.0,no_signal
1,r01_20260912_223906.jsonl,209,3065.588,6.0,measure,6,-1645.448,-950.0,direction
1,r01_20260912_223906.jsonl,210,3071.588,6.0,measure,18,-1645.448,-950.0,no_signal
1,r01_20260912_223906.jsonl,211,3231.804,160.216,measure,6,-921.903,-683.449,no_signal
1,r01_20260912_223906.jsonl,212,3241.887,10.083,measure,6,-901.216,-668.685,no_signal
1,r01_20260912_223906.jsonl,213,3265.115,23.228,measure,6,-966.903,-605.507,direction
1,r01_20260912_223906.jsonl,214,3288.793,23.678,clear,6,-940.413,-695.062,success
1,r01_20260912_223906.jsonl,215,3451.307,162.514,measure,5,-1300.0,0.0,no_signal
1,r01_20260912_223906.jsonl,216,3457.307,6.0,measure,7,-1300.0,0.0,no_signal
1,r01_20260912_223906.jsonl,217,3463.307,6.0,measure,3,-1300.0,0.0,no_signal
1,r01_20260912_223906.jsonl,218,3469.307,6.0,measure,2,-1300.0,0.0,no_signal
1,r01_20260912_223906.jsonl,219,3475.307,6.0,measure,10,-1300.0,0.0,no_signal
1,r01_20260912_223906.jsonl,220,3481.307,6.0,measure,1,-1300.0,0.0,no_signal
1,r01_20260912_223906.jsonl,221,3487.307,6.0,measure,11,-1300.0,0.0,no_signal
1,r01_20260912_223906.jsonl,222,3493.307,6.0,measure,12,-1300.0,0.0,no_signal
1,r01_20260912_223906.jsonl,223,3499.307,6.0,measure,14,-1300.0,0.0,no_signal
1,r01_20260912_223906.jsonl,224,3505.307,6.0,measure,15,-1300.0,0.0,no_signal
1,r01_20260912_223906.jsonl,225,3511.307,6.0,measure,20,-1300.0,0.0,no_signal
1,r01_20260912_223906.jsonl,226,3517.307,6.0,measure,18,-1300.0,0.0,no_signal
1,r01_20260912_223906.jsonl,227,3523.307,6.0,measure,9,-1300.0,0.0,no_signal
1,r01_20260912_223906.jsonl,228,3649.307,126.0,measure,10,-1900.0,0.0,no_signal
1,r01_20260912_223906.jsonl,229,3655.307,6.0,measure,7,-1900.0,0.0,no_signal
1,r01_20260912_223906.jsonl,230,3661.307,6.0,measure,11,-1900.0,0.0,no_signal
1,r01_20260912_223906.jsonl,231,3667.307,6.0,measure,12,-1900.0,0.0,no_signal
1,r01_20260912_223906.jsonl,232,3673.307,6.0,measure,5,-1900.0,0.0,no_signal
1,r01_20260912_223906.jsonl,233,3679.307,6.0,measure,14,-1900.0,0.0,no_signal
1,r01_20260912_223906.jsonl,234,3685.307,6.0,measure,3,-1900.0,0.0,no_signal
1,r01_20260912_223906.jsonl,235,3691.307,6.0,measure,15,-1900.0,0.0,no_signal
1,r01_20260912_223906.jsonl,236,3697.307,6.0,measure,2,-1900.0,0.0,no_signal
1,r01_20260912_223906.jsonl,237,3703.307,6.0,measure,1,-1900.0,0.0,no_signal
1,r01_20260912_223906.jsonl,238,3709.307,6.0,measure,20,-1900.0,0.0,no_signal
1,r01_20260912_223906.jsonl,239,3715.307,6.0,measure,9,-1900.0,0.0,no_signal
1,r01_20260912_223906.jsonl,240,3721.307,6.0,measure,17,-1900.0,0.0,direction
1,r01_20260912_223906.jsonl,241,3924.009,202.702,measure,15,-1645.448,950.0,no_signal
1,r01_20260912_223906.jsonl,242,3930.009,6.0,measure,14,-1645.448,950.0,no_signal
1,r01_20260912_223906.jsonl,243,3936.009,6.0,measure,20,-1645.448,950.0,no_signal
1,r01_20260912_223906.jsonl,244,3942.009,6.0,measure,12,-1645.448,950.0,no_signal
1,r01_20260912_223906.jsonl,245,3948.009,6.0,measure,11,-1645.448,950.0,no_signal
1,r01_20260912_223906.jsonl,246,3954.009,6.0,measure,10,-1645.448,950.0,no_signal
1,r01_20260912_223906.jsonl,247,3960.009,6.0,measure,7,-1645.448,950.0,no_signal
1,r01_20260912_223906.jsonl,248,3966.009,6.0,measure,5,-1645.448,950.0,no_signal
1,r01_20260912_223906.jsonl,249,3972.009,6.0,measure,3,-1645.448,950.0,no_signal
1,r01_20260912_223906.jsonl,250,3978.009,6.0,measure,2,-1645.448,950.0,no_signal
1,r01_20260912_223906.jsonl,251,3984.009,6.0,measure,1,-1645.448,950.0,no_signal
1,r01_20260912_223906.jsonl,252,3990.009,6.0,measure,4,-1645.448,950.0,direction
1,r01_20260912_223906.jsonl,253,3996.009,6.0,measure,19,-1645.448,950.0,direction
1,r01_20260912_223906.jsonl,254,4147.381,151.372,measure,20,-919.239,919.239,direction
1,r01_20260912_223906.jsonl,255,4153.381,6.0,measure,15,-919.239,919.239,no_signal
1,r01_20260912_223906.jsonl,256,4159.381,6.0,measure,14,-919.239,919.239,no_signal
1,r01_20260912_223906.jsonl,257,4165.381,6.0,measure,12,-919.239,919.239,no_signal
1,r01_20260912_223906.jsonl,258,4171.381,6.0,measure,11,-919.239,919.239,no_signal
1,r01_20260912_223906.jsonl,259,4177.381,6.0,measure,10,-919.239,919.239,no_signal
1,r01_20260912_223906.jsonl,260,4183.381,6.0,measure,7,-919.239,919.239,no_signal
1,r01_20260912_223906.jsonl,261,4189.381,6.0,measure,5,-919.239,919.239,no_signal
1,r01_20260912_223906.jsonl,262,4195.381,6.0,measure,3,-919.239,919.239,no_signal
1,r01_20260912_223906.jsonl,263,4201.381,6.0,measure,2,-919.239,919.239,no_signal
1,r01_20260912_223906.jsonl,264,4207.381,6.0,measure,1,-919.239,919.239,no_signal
1,r01_20260912_223906.jsonl,265,4213.381,6.0,measure,20,-919.239,919.239,direction
1,r01_20260912_223906.jsonl,266,4219.381,6.0,measure,9,-919.239,919.239,no_signal
1,r01_20260912_223906.jsonl,267,4299.759,80.378,measure,19,-822.091,1278.216,direction
1,r01_20260912_223906.jsonl,268,4306.88,7.121,clear,19,-815.696,1286.674,success
1,r01_20260912_223906.jsonl,269,4389.498,82.618,measure,15,-950.0,1645.448,no_signal
1,r01_20260912_223906.jsonl,270,4395.498,6.0,measure,14,-950.0,1645.448,no_signal
1,r01_20260912_223906.jsonl,271,4401.498,6.0,measure,12,-950.0,1645.448,no_signal
1,r01_20260912_223906.jsonl,272,4407.498,6.0,measure,11,-950.0,1645.448,no_signal
1,r01_20260912_223906.jsonl,273,4413.498,6.0,measure,10,-950.0,1645.448,no_signal
1,r01_20260912_223906.jsonl,274,4419.498,6.0,measure,7,-950.0,1645.448,no_signal
1,r01_20260912_223906.jsonl,275,4425.498,6.0,measure,5,-950.0,1645.448,no_signal
1,r01_20260912_223906.jsonl,276,4431.498,6.0,measure,3,-950.0,1645.448,no_signal
1,r01_20260912_223906.jsonl,277,4437.498,6.0,measure,2,-950.0,1645.448,no_signal
1,r01_20260912_223906.jsonl,278,4443.498,6.0,measure,1,-950.0,1645.448,no_signal
1,r01_20260912_223906.jsonl,279,4449.498,6.0,measure,4,-950.0,1645.448,direction
1,r01_20260912_223906.jsonl,280,4536.987,87.489,measure,4,-608.904,1413.578,direction
1,r01_20260912_223906.jsonl,281,4543.946,6.959,clear,4,-604.368,1404.894,success
1,r01_20260912_223906.jsonl,282,4672.627,128.681,measure,3,0.0,1300.0,no_signal
1,r01_20260912_223906.jsonl,283,4678.627,6.0,measure,5,0.0,1300.0,no_signal
1,r01_20260912_223906.jsonl,284,4684.627,6.0,measure,2,0.0,1300.0,no_signal
1,r01_20260912_223906.jsonl,285,4690.627,6.0,measure,1,0.0,1300.0,no_signal
1,r01_20260912_223906.jsonl,286,4696.627,6.0,measure,7,0.0,1300.0,no_signal
1,r01_20260912_223906.jsonl,287,4702.627,6.0,measure,10,0.0,1300.0,no_signal
1,r01_20260912_223906.jsonl,288,4708.627,6.0,measure,11,0.0,1300.0,no_signal
1,r01_20260912_223906.jsonl,289,4714.627,6.0,measure,12,0.0,1300.0,no_signal
1,r01_20260912_223906.jsonl,290,4720.627,6.0,measure,14,0.0,1300.0,no_signal
1,r01_20260912_223906.jsonl,291,4726.627,6.0,measure,15,0.0,1300.0,no_signal
1,r01_20260912_223906.jsonl,292,4732.627,6.0,measure,20,0.0,1300.0,direction
1,r01_20260912_223906.jsonl,293,4738.627,6.0,measure,16,0.0,1300.0,direction
1,r01_20260912_223906.jsonl,294,4864.627,126.0,measure,15,0.0,1900.0,no_signal
1,r01_20260912_223906.jsonl,295,4870.627,6.0,measure,14,0.0,1900.0,no_signal
1,r01_20260912_223906.jsonl,296,4876.627,6.0,measure,12,0.0,1900.0,no_signal
1,r01_20260912_223906.jsonl,297,4882.627,6.0,measure,11,0.0,1900.0,direction
1,r01_20260912_223906.jsonl,298,4888.627,6.0,measure,10,0.0,1900.0,no_signal
1,r01_20260912_223906.jsonl,299,4894.627,6.0,measure,7,0.0,1900.0,no_signal
1,r01_20260912_223906.jsonl,300,4900.627,6.0,measure,5,0.0,1900.0,no_signal
1,r01_20260912_223906.jsonl,301,4906.627,6.0,measure,3,0.0,1900.0,no_signal
1,r01_20260912_223906.jsonl,302,4912.627,6.0,measure,2,0.0,1900.0,no_signal
1,r01_20260912_223906.jsonl,303,4918.627,6.0,measure,1,0.0,1900.0,no_signal
1,r01_20260912_223906.jsonl,304,4924.627,6.0,measure,11,0.0,1900.0,direction
1,r01_20260912_223906.jsonl,305,4930.627,6.0,measure,16,0.0,1900.0,direction
1,r01_20260912_223906.jsonl,306,5092.73,162.104,clear,16,479.044,1277.459,success
1,r01_20260912_223906.jsonl,307,5218.266,125.535,measure,15,950.0,1645.448,no_signal
1,r01_20260912_223906.jsonl,308,5224.266,6.0,measure,14,950.0,1645.448,no_signal
1,r01_20260912_223906.jsonl,309,5230.266,6.0,measure,12,950.0,1645.448,no_signal
1,r01_20260912_223906.jsonl,310,5236.266,6.0,measure,10,950.0,1645.448,no_signal
1,r01_20260912_223906.jsonl,311,5242.266,6.0,measure,7,950.0,1645.448,no_signal
1,r01_20260912_223906.jsonl,312,5248.266,6.0,measure,5,950.0,1645.448,no_signal
1,r01_20260912_223906.jsonl,313,5254.266,6.0,measure,3,950.0,1645.448,no_signal
1,r01_20260912_223906.jsonl,314,5260.266,6.0,measure,2,950.0,1645.448,no_signal
1,r01_20260912_223906.jsonl,315,5266.266,6.0,measure,1,950.0,1645.448,no_signal
1,r01_20260912_223906.jsonl,316,5272.266,6.0,measure,11,950.0,1645.448,direction
1,r01_20260912_223906.jsonl,317,5403.589,131.324,clear,11,342.747,1471.708,success
1,r01_20260912_223906.jsonl,318,5569.285,165.695,measure,10,919.239,919.239,no_signal
1,r01_20260912_223906.jsonl,319,5575.285,6.0,measure,12,919.239,919.239,no_signal
1,r01_20260912_223906.jsonl,320,5581.285,6.0,measure,14,919.239,919.239,no_signal
1,r01_20260912_223906.jsonl,321,5587.285,6.0,measure,7,919.239,919.239,no_signal
1,r01_20260912_223906.jsonl,322,5593.285,6.0,measure,15,919.239,919.239,no_signal
1,r01_20260912_223906.jsonl,323,5599.285,6.0,measure,5,919.239,919.239,no_signal
1,r01_20260912_223906.jsonl,324,5605.285,6.0,measure,3,919.239,919.239,no_signal
1,r01_20260912_223906.jsonl,325,5611.285,6.0,measure,2,919.239,919.239,no_signal
1,r01_20260912_223906.jsonl,326,5617.285,6.0,measure,1,919.239,919.239,no_signal
1,r01_20260912_223906.jsonl,327,5623.285,6.0,measure,8,919.239,919.239,direction
1,r01_20260912_223906.jsonl,328,5828.09,204.806,clear,8,544.376,-6.794,success
1,r01_20260912_223906.jsonl,329,6033.896,205.806,measure,13,919.239,919.239,direction
1,r01_20260912_223906.jsonl,330,6185.268,151.372,measure,12,1645.448,950.0,no_signal
1,r01_20260912_223906.jsonl,331,6191.268,6.0,measure,14,1645.448,950.0,no_signal
1,r01_20260912_223906.jsonl,332,6197.268,6.0,measure,15,1645.448,950.0,no_signal
1,r01_20260912_223906.jsonl,333,6203.268,6.0,measure,10,1645.448,950.0,no_signal
1,r01_20260912_223906.jsonl,334,6209.268,6.0,measure,7,1645.448,950.0,no_signal
1,r01_20260912_223906.jsonl,335,6215.268,6.0,measure,5,1645.448,950.0,no_signal
1,r01_20260912_223906.jsonl,336,6221.268,6.0,measure,3,1645.448,950.0,no_signal
1,r01_20260912_223906.jsonl,337,6227.268,6.0,measure,2,1645.448,950.0,no_signal
1,r01_20260912_223906.jsonl,338,6233.268,6.0,measure,1,1645.448,950.0,no_signal
1,r01_20260912_223906.jsonl,339,6239.268,6.0,measure,13,1645.448,950.0,no_signal
1,r01_20260912_223906.jsonl,340,6441.971,202.702,measure,12,1900.0,0.0,no_signal
1,r01_20260912_223906.jsonl,341,6447.971,6.0,measure,14,1900.0,0.0,no_signal
1,r01_20260912_223906.jsonl,342,6453.971,6.0,measure,15,1900.0,0.0,no_signal
1,r01_20260912_223906.jsonl,343,6459.971,6.0,measure,10,1900.0,0.0,no_signal
1,r01_20260912_223906.jsonl,344,6465.971,6.0,measure,7,1900.0,0.0,no_signal
1,r01_20260912_223906.jsonl,345,6471.971,6.0,measure,5,1900.0,0.0,no_signal
1,r01_20260912_223906.jsonl,346,6477.971,6.0,measure,3,1900.0,0.0,no_signal
1,r01_20260912_223906.jsonl,347,6483.971,6.0,measure,2,1900.0,0.0,no_signal
1,r01_20260912_223906.jsonl,348,6489.971,6.0,measure,1,1900.0,0.0,no_signal
1,r01_20260912_223906.jsonl,349,6495.971,6.0,measure,13,1900.0,0.0,no_signal
1,r01_20260912_223906.jsonl,350,6621.971,126.0,measure,12,1300.0,0.0,no_signal
1,r01_20260912_223906.jsonl,351,6627.971,6.0,measure,14,1300.0,0.0,no_signal
1,r01_20260912_223906.jsonl,352,6633.971,6.0,measure,15,1300.0,0.0,no_signal
1,r01_20260912_223906.jsonl,353,6639.971,6.0,measure,10,1300.0,0.0,no_signal
1,r01_20260912_223906.jsonl,354,6645.971,6.0,measure,7,1300.0,0.0,no_signal
1,r01_20260912_223906.jsonl,355,6651.971,6.0,measure,5,1300.0,0.0,no_signal
1,r01_20260912_223906.jsonl,356,6657.971,6.0,measure,3,1300.0,0.0,no_signal
1,r01_20260912_223906.jsonl,357,6663.971,6.0,measure,2,1300.0,0.0,no_signal
1,r01_20260912_223906.jsonl,358,6669.971,6.0,measure,1,1300.0,0.0,no_signal
1,r01_20260912_223906.jsonl,359,6675.971,6.0,measure,13,1300.0,0.0,direction
1,r01_20260912_223906.jsonl,360,6770.337,94.367,clear,13,1372.413,440.926,success
1,r01_20260912_223906.jsonl,361,7026.03,255.693,measure,20,125.46,502.343,direction
1,r01_20260912_223906.jsonl,362,7032.948,6.918,clear,20,122.327,493.278,success
1,r01_20260912_223906.jsonl,363,7306.503,273.555,measure,17,-842.753,-433.144,direction
1,r01_20260912_223906.jsonl,364,7313.045,6.542,clear,17,-845.859,-426.088,success
1,r01_20260912_223906.jsonl,365,7419.023,105.978,measure,9,-1210.957,-84.629,no_signal
1,r01_20260912_223906.jsonl,366,7436.066,17.042,measure,9,-1152.542,-70.027,direction
1,r01_20260912_223906.jsonl,367,7454.021,17.956,measure,9,-1095.107,-40.07,direction
1,r01_20260912_223906.jsonl,368,7474.615,20.594,clear,9,-1163.26,-77.941,success
1,r01_20260912_223906.jsonl,369,7687.98,213.365,measure,18,-196.741,-453.238,no_signal
1,r01_20260912_223906.jsonl,370,7767.915,79.935,measure,18,98.949,-223.133,no_signal
1,r01_20260912_223906.jsonl,371,7782.028,14.113,measure,18,137.724,-199.204,no_signal
1,r01_20260912_223906.jsonl,372,7797.602,15.574,measure,18,166.99,-243.238,no_signal
1,r01_20260912_223906.jsonl,373,7848.266,50.664,measure,18,305.932,-62.059,no_signal
1,r01_20260912_223906.jsonl,374,7905.721,57.454,measure,18,512.915,99.015,direction
1,r01_20260912_223906.jsonl,375,8079.338,173.618,measure,18,-147.411,-425.167,no_signal
1,r01_20260912_223906.jsonl,376,8149.914,70.575,measure,18,-405.967,-626.789,no_signal
1,r01_20260912_223906.jsonl,377,8239.883,89.969,measure,18,-511.141,-215.167,no_signal
1,r01_20260912_223906.jsonl,378,8345.22,105.337,measure,18,-190.547,170.718,no_signal
1,r01_20260912_223906.jsonl,379,8400.22,55.0,measure,18,-32.607,-23.073,no_signal
1,r01_20260912_223906.jsonl,380,8425.747,25.527,measure,18,62.589,-61.437,no_signal
1,r01_20260912_223906.jsonl,381,8462.747,37.0,measure,18,183.38,-166.367,no_signal
1,r01_20260912_223906.jsonl,382,8479.523,16.775,measure,18,216.32,-215.167,no_signal
1,r01_20260912_223906.jsonl,383,8568.523,89.0,measure,18,216.32,-635.167,no_signal
1,r01_20260912_223906.jsonl,384,8657.523,89.0,measure,18,-147.411,-425.167,no_signal
1,r01_20260912_223906.jsonl,385,8741.213,83.69,measure,18,-452.4,-673.733,no_signal
1,r01_20260912_223906.jsonl,386,8760.267,19.054,measure,18,-511.141,-635.167,no_signal
1,r01_20260912_223906.jsonl,387,8795.843,35.576,measure,18,-586.956,-767.923,no_signal
1,r01_20260912_223906.jsonl,388,8820.687,24.844,measure,18,-655.726,-839.444,no_signal
1,r01_20260912_223906.jsonl,389,8852.098,31.412,measure,18,-767.945,-909.058,no_signal
1,r01_20260912_223906.jsonl,390,8883.582,31.484,measure,18,-859.052,-1005.154,no_signal
1,r01_20260912_223906.jsonl,391,8908.689,25.107,measure,18,-948.934,-1050.193,no_signal
1,r01_20260912_223906.jsonl,392,9188.118,279.429,measure,18,272.589,-425.167,no_signal
1,r01_20260912_223906.jsonl,393,9277.118,89.0,measure,18,62.589,-788.898,no_signal
1,r01_20260912_223906.jsonl,394,9444.393,167.276,measure,18,-147.411,-5.167,no_signal
1,r01_20260912_223906.jsonl,395,9574.156,129.763,measure,18,473.123,58.724,direction
1,r01_20260912_223906.jsonl,396,9574.156,0.0,exit,,,,
2,r02_20260912_223919.jsonl,0,0.0,0.0,enter,,,,
2,r02_20260912_223919.jsonl,1,5.0,5.0,measure,1,0.0,0.0,no_signal
2,r02_20260912_223919.jsonl,2,11.0,6.0,measure,2,0.0,0.0,no_signal
2,r02_20260912_223919.jsonl,3,17.0,6.0,measure,3,0.0,0.0,no_signal
2,r02_20260912_223919.jsonl,4,23.0,6.0,measure,4,0.0,0.0,direction
2,r02_20260912_223919.jsonl,5,29.0,6.0,measure,5,0.0,0.0,no_signal
2,r02_20260912_223919.jsonl,6,35.0,6.0,measure,6,0.0,0.0,direction
2,r02_20260912_223919.jsonl,7,41.0,6.0,measure,7,0.0,0.0,no_signal
2,r02_20260912_223919.jsonl,8,47.0,6.0,measure,8,0.0,0.0,no_signal
2,r02_20260912_223919.jsonl,9,53.0,6.0,measure,9,0.0,0.0,no_signal
2,r02_20260912_223919.jsonl,10,59.0,6.0,measure,10,0.0,0.0,no_signal
2,r02_20260912_223919.jsonl,11,65.0,6.0,measure,11,0.0,0.0,no_signal
2,r02_20260912_223919.jsonl,12,71.0,6.0,measure,12,0.0,0.0,no_signal
2,r02_20260912_223919.jsonl,13,77.0,6.0,measure,13,0.0,0.0,no_signal
2,r02_20260912_223919.jsonl,14,83.0,6.0,measure,14,0.0,0.0,direction
2,r02_20260912_223919.jsonl,15,89.0,6.0,measure,15,0.0,0.0,no_signal
2,r02_20260912_223919.jsonl,16,95.0,6.0,measure,16,0.0,0.0,no_signal
2,r02_20260912_223919.jsonl,17,101.0,6.0,measure,17,0.0,0.0,no_signal
2,r02_20260912_223919.jsonl,18,107.0,6.0,measure,18,0.0,0.0,no_signal
2,r02_20260912_223919.jsonl,19,113.0,6.0,measure,19,0.0,0.0,direction
2,r02_20260912_223919.jsonl,20,119.0,6.0,measure,20,0.0,0.0,no_signal
2,r02_20260912_223919.jsonl,21,204.0,85.0,measure,20,400.0,0.0,no_signal
2,r02_20260912_223919.jsonl,22,210.0,6.0,measure,18,400.0,0.0,no_signal
2,r02_20260912_223919.jsonl,23,216.0,6.0,measure,17,400.0,0.0,no_signal
2,r02_20260912_223919.jsonl,24,222.0,6.0,measure,16,400.0,0.0,no_signal
2,r02_20260912_223919.jsonl,25,228.0,6.0,measure,15,400.0,0.0,no_signal
2,r02_20260912_223919.jsonl,26,234.0,6.0,measure,13,400.0,0.0,no_signal
2,r02_20260912_223919.jsonl,27,240.0,6.0,measure,12,400.0,0.0,no_signal
2,r02_20260912_223919.jsonl,28,246.0,6.0,measure,11,400.0,0.0,direction
2,r02_20260912_223919.jsonl,29,252.0,6.0,measure,10,400.0,0.0,no_signal
2,r02_20260912_223919.jsonl,30,258.0,6.0,measure,9,400.0,0.0,no_signal
2,r02_20260912_223919.jsonl,31,264.0,6.0,measure,8,400.0,0.0,no_signal
2,r02_20260912_223919.jsonl,32,270.0,6.0,measure,7,400.0,0.0,no_signal
2,r02_20260912_223919.jsonl,33,276.0,6.0,measure,5,400.0,0.0,no_signal
2,r02_20260912_223919.jsonl,34,282.0,6.0,measure,3,400.0,0.0,no_signal
2,r02_20260912_223919.jsonl,35,288.0,6.0,measure,2,400.0,0.0,no_signal
2,r02_20260912_223919.jsonl,36,294.0,6.0,measure,1,400.0,0.0,no_signal
2,r02_20260912_223919.jsonl,37,300.0,6.0,measure,4,400.0,0.0,direction
2,r02_20260912_223919.jsonl,38,306.0,6.0,measure,11,400.0,0.0,direction
2,r02_20260912_223919.jsonl,39,392.0,86.0,measure,10,200.0,346.41,no_signal
2,r02_20260912_223919.jsonl,40,398.0,6.0,measure,12,200.0,346.41,no_signal
2,r02_20260912_223919.jsonl,41,404.0,6.0,measure,9,200.0,346.41,no_signal
2,r02_20260912_223919.jsonl,42,410.0,6.0,measure,13,200.0,346.41,no_signal
2,r02_20260912_223919.jsonl,43,416.0,6.0,measure,8,200.0,346.41,no_signal
2,r02_20260912_223919.jsonl,44,422.0,6.0,measure,7,200.0,346.41,no_signal
2,r02_20260912_223919.jsonl,45,428.0,6.0,measure,15,200.0,346.41,no_signal
2,r02_20260912_223919.jsonl,46,434.0,6.0,measure,16,200.0,346.41,no_signal
2,r02_20260912_223919.jsonl,47,440.0,6.0,measure,5,200.0,346.41,no_signal
2,r02_20260912_223919.jsonl,48,446.0,6.0,measure,17,200.0,346.41,no_signal
2,r02_20260912_223919.jsonl,49,452.0,6.0,measure,18,200.0,346.41,no_signal
2,r02_20260912_223919.jsonl,50,458.0,6.0,measure,3,200.0,346.41,no_signal
2,r02_20260912_223919.jsonl,51,464.0,6.0,measure,2,200.0,346.41,no_signal
2,r02_20260912_223919.jsonl,52,470.0,6.0,measure,20,200.0,346.41,no_signal
2,r02_20260912_223919.jsonl,53,476.0,6.0,measure,1,200.0,346.41,no_signal
2,r02_20260912_223919.jsonl,54,482.0,6.0,measure,14,200.0,346.41,direction
2,r02_20260912_223919.jsonl,55,488.0,6.0,measure,11,200.0,346.41,direction
2,r02_20260912_223919.jsonl,56,574.0,86.0,measure,10,-200.0,346.41,no_signal
2,r02_20260912_223919.jsonl,57,580.0,6.0,measure,12,-200.0,346.41,no_signal
2,r02_20260912_223919.jsonl,58,586.0,6.0,measure,9,-200.0,346.41,no_signal
2,r02_20260912_223919.jsonl,59,592.0,6.0,measure,13,-200.0,346.41,no_signal
2,r02_20260912_223919.jsonl,60,598.0,6.0,measure,8,-200.0,346.41,no_signal
2,r02_20260912_223919.jsonl,61,604.0,6.0,measure,7,-200.0,346.41,no_signal
2,r02_20260912_223919.jsonl,62,610.0,6.0,measure,15,-200.0,346.41,no_signal
2,r02_20260912_223919.jsonl,63,616.0,6.0,measure,16,-200.0,346.41,no_signal
2,r02_20260912_223919.jsonl,64,622.0,6.0,measure,5,-200.0,346.41,no_signal
2,r02_20260912_223919.jsonl,65,628.0,6.0,measure,17,-200.0,346.41,no_signal
2,r02_20260912_223919.jsonl,66,634.0,6.0,measure,18,-200.0,346.41,no_signal
2,r02_20260912_223919.jsonl,67,640.0,6.0,measure,3,-200.0,346.41,no_signal
2,r02_20260912_223919.jsonl,68,646.0,6.0,measure,2,-200.0,346.41,no_signal
2,r02_20260912_223919.jsonl,69,652.0,6.0,measure,20,-200.0,346.41,no_signal
2,r02_20260912_223919.jsonl,70,658.0,6.0,measure,1,-200.0,346.41,no_signal
2,r02_20260912_223919.jsonl,71,664.0,6.0,measure,6,-200.0,346.41,direction
2,r02_20260912_223919.jsonl,72,722.514,58.514,clear,6,64.539,386.572,success
2,r02_20260912_223919.jsonl,73,782.028,59.514,measure,19,-200.0,346.41,direction
2,r02_20260912_223919.jsonl,74,864.654,82.626,measure,14,-139.051,724.659,direction
2,r02_20260912_223919.jsonl,75,872.427,7.774,clear,14,-130.313,713.889,success
2,r02_20260912_223919.jsonl,76,1100.539,228.112,measure,13,200.0,-346.41,no_signal
2,r02_20260912_223919.jsonl,77,1106.539,6.0,measure,15,200.0,-346.41,no_signal
2,r02_20260912_223919.jsonl,78,1112.539,6.0,measure,12,200.0,-346.41,no_signal
2,r02_20260912_223919.jsonl,79,1118.539,6.0,measure,16,200.0,-346.41,no_signal
2,r02_20260912_223919.jsonl,80,1124.539,6.0,measure,17,200.0,-346.41,no_signal
2,r02_20260912_223919.jsonl,81,1130.539,6.0,measure,10,200.0,-346.41,no_signal
2,r02_20260912_223919.jsonl,82,1136.539,6.0,measure,18,200.0,-346.41,no_signal
2,r02_20260912_223919.jsonl,83,1142.539,6.0,measure,9,200.0,-346.41,no_signal
2,r02_20260912_223919.jsonl,84,1148.539,6.0,measure,8,200.0,-346.41,no_signal
2,r02_20260912_223919.jsonl,85,1154.539,6.0,measure,20,200.0,-346.41,no_signal
2,r02_20260912_223919.jsonl,86,1160.539,6.0,measure,7,200.0,-346.41,no_signal
2,r02_20260912_223919.jsonl,87,1166.539,6.0,measure,5,200.0,-346.41,direction
2,r02_20260912_223919.jsonl,88,1172.539,6.0,measure,3,200.0,-346.41,no_signal
2,r02_20260912_223919.jsonl,89,1178.539,6.0,measure,2,200.0,-346.41,no_signal
2,r02_20260912_223919.jsonl,90,1184.539,6.0,measure,1,200.0,-346.41,direction
2,r02_20260912_223919.jsonl,91,1189.539,5.0,measure,1,200.0,-346.41,direction
2,r02_20260912_223919.jsonl,92,1195.539,6.0,measure,5,200.0,-346.41,direction
2,r02_20260912_223919.jsonl,93,1281.539,86.0,measure,3,-200.0,-346.41,no_signal
2,r02_20260912_223919.jsonl,94,1287.539,6.0,measure,7,-200.0,-346.41,direction
2,r02_20260912_223919.jsonl,95,1293.539,6.0,measure,2,-200.0,-346.41,no_signal
2,r02_20260912_223919.jsonl,96,1299.539,6.0,measure,8,-200.0,-346.41,no_signal
2,r02_20260912_223919.jsonl,97,1305.539,6.0,measure,9,-200.0,-346.41,no_signal
2,r02_20260912_223919.jsonl,98,1311.539,6.0,measure,10,-200.0,-346.41,no_signal
2,r02_20260912_223919.jsonl,99,1317.539,6.0,measure,12,-200.0,-346.41,no_signal
2,r02_20260912_223919.jsonl,100,1323.539,6.0,measure,13,-200.0,-346.41,no_signal
2,r02_20260912_223919.jsonl,101,1329.539,6.0,measure,15,-200.0,-346.41,no_signal
2,r02_20260912_223919.jsonl,102,1335.539,6.0,measure,16,-200.0,-346.41,no_signal
2,r02_20260912_223919.jsonl,103,1341.539,6.0,measure,17,-200.0,-346.41,no_signal
2,r02_20260912_223919.jsonl,104,1347.539,6.0,measure,18,-200.0,-346.41,no_signal
2,r02_20260912_223919.jsonl,105,1353.539,6.0,measure,20,-200.0,-346.41,no_signal
2,r02_20260912_223919.jsonl,106,1359.539,6.0,measure,7,-200.0,-346.41,direction
2,r02_20260912_223919.jsonl,107,1365.539,6.0,measure,1,-200.0,-346.41,direction
2,r02_20260912_223919.jsonl,108,1451.539,86.0,measure,2,-400.0,0.0,no_signal
2,r02_20260912_223919.jsonl,109,1457.539,6.0,measure,3,-400.0,0.0,no_signal
2,r02_20260912_223919.jsonl,110,1463.539,6.0,measure,8,-400.0,0.0,no_signal
2,r02_20260912_223919.jsonl,111,1469.539,6.0,measure,9,-400.0,0.0,no_signal
2,r02_20260912_223919.jsonl,112,1475.539,6.0,measure,10,-400.0,0.0,no_signal
2,r02_20260912_223919.jsonl,113,1481.539,6.0,measure,12,-400.0,0.0,no_signal
2,r02_20260912_223919.jsonl,114,1487.539,6.0,measure,13,-400.0,0.0,no_signal
2,r02_20260912_223919.jsonl,115,1493.539,6.0,measure,15,-400.0,0.0,no_signal
2,r02_20260912_223919.jsonl,116,1499.539,6.0,measure,16,-400.0,0.0,no_signal
2,r02_20260912_223919.jsonl,117,1505.539,6.0,measure,17,-400.0,0.0,no_signal
2,r02_20260912_223919.jsonl,118,1511.539,6.0,measure,18,-400.0,0.0,no_signal
2,r02_20260912_223919.jsonl,119,1517.539,6.0,measure,20,-400.0,0.0,no_signal
2,r02_20260912_223919.jsonl,120,1523.539,6.0,measure,7,-400.0,0.0,direction
2,r02_20260912_223919.jsonl,121,1529.539,6.0,measure,4,-400.0,0.0,direction
2,r02_20260912_223919.jsonl,122,1715.539,186.0,measure,3,-1300.0,0.0,no_signal
2,r02_20260912_223919.jsonl,123,1721.539,6.0,measure,2,-1300.0,0.0,no_signal
2,r02_20260912_223919.jsonl,124,1727.539,6.0,measure,8,-1300.0,0.0,no_signal
2,r02_20260912_223919.jsonl,125,1733.539,6.0,measure,9,-1300.0,0.0,no_signal
2,r02_20260912_223919.jsonl,126,1739.539,6.0,measure,10,-1300.0,0.0,no_signal
2,r02_20260912_223919.jsonl,127,1745.539,6.0,measure,12,-1300.0,0.0,no_signal
2,r02_20260912_223919.jsonl,128,1751.539,6.0,measure,13,-1300.0,0.0,direction
2,r02_20260912_223919.jsonl,129,1757.539,6.0,measure,15,-1300.0,0.0,no_signal
2,r02_20260912_223919.jsonl,130,1763.539,6.0,measure,16,-1300.0,0.0,no_signal
2,r02_20260912_223919.jsonl,131,1769.539,6.0,measure,17,-1300.0,0.0,no_signal
2,r02_20260912_223919.jsonl,132,1775.539,6.0,measure,18,-1300.0,0.0,no_signal
2,r02_20260912_223919.jsonl,133,1781.539,6.0,measure,20,-1300.0,0.0,no_signal
2,r02_20260912_223919.jsonl,134,1787.539,6.0,measure,13,-1300.0,0.0,direction
2,r02_20260912_223919.jsonl,135,1793.539,6.0,measure,7,-1300.0,0.0,direction
2,r02_20260912_223919.jsonl,136,1919.539,126.0,measure,8,-1900.0,0.0,no_signal
2,r02_20260912_223919.jsonl,137,1925.539,6.0,measure,9,-1900.0,0.0,no_signal
2,r02_20260912_223919.jsonl,138,1931.539,6.0,measure,10,-1900.0,0.0,no_signal
2,r02_20260912_223919.jsonl,139,1937.539,6.0,measure,3,-1900.0,0.0,no_signal
2,r02_20260912_223919.jsonl,140,1943.539,6.0,measure,2,-1900.0,0.0,no_signal
2,r02_20260912_223919.jsonl,141,1949.539,6.0,measure,12,-1900.0,0.0,no_signal
2,r02_20260912_223919.jsonl,142,1955.539,6.0,measure,15,-1900.0,0.0,no_signal
2,r02_20260912_223919.jsonl,143,1961.539,6.0,measure,16,-1900.0,0.0,no_signal
2,r02_20260912_223919.jsonl,144,1967.539,6.0,measure,17,-1900.0,0.0,no_signal
2,r02_20260912_223919.jsonl,145,1973.539,6.0,measure,18,-1900.0,0.0,no_signal
2,r02_20260912_223919.jsonl,146,1979.539,6.0,measure,20,-1900.0,0.0,no_signal
2,r02_20260912_223919.jsonl,147,1985.539,6.0,measure,13,-1900.0,0.0,direction
2,r02_20260912_223919.jsonl,148,2124.36,138.821,clear,13,-1404.587,449.741,success
2,r02_20260912_223919.jsonl,149,2241.405,117.045,measure,12,-1645.448,950.0,no_signal
2,r02_20260912_223919.jsonl,150,2247.405,6.0,measure,15,-1645.448,950.0,no_signal
2,r02_20260912_223919.jsonl,151,2253.405,6.0,measure,10,-1645.448,950.0,no_signal
2,r02_20260912_223919.jsonl,152,2259.405,6.0,measure,16,-1645.448,950.0,no_signal
2,r02_20260912_223919.jsonl,153,2265.405,6.0,measure,9,-1645.448,950.0,no_signal
2,r02_20260912_223919.jsonl,154,2271.405,6.0,measure,17,-1645.448,950.0,no_signal
2,r02_20260912_223919.jsonl,155,2277.405,6.0,measure,8,-1645.448,950.0,no_signal
2,r02_20260912_223919.jsonl,156,2283.405,6.0,measure,18,-1645.448,950.0,no_signal
2,r02_20260912_223919.jsonl,157,2289.405,6.0,measure,20,-1645.448,950.0,no_signal
2,r02_20260912_223919.jsonl,158,2295.405,6.0,measure,3,-1645.448,950.0,no_signal
2,r02_20260912_223919.jsonl,159,2301.405,6.0,measure,2,-1645.448,950.0,no_signal
2,r02_20260912_223919.jsonl,160,2503.107,201.702,measure,2,-950.0,1645.448,no_signal
2,r02_20260912_223919.jsonl,161,2509.107,6.0,measure,3,-950.0,1645.448,no_signal
2,r02_20260912_223919.jsonl,162,2515.107,6.0,measure,8,-950.0,1645.448,no_signal
2,r02_20260912_223919.jsonl,163,2521.107,6.0,measure,9,-950.0,1645.448,no_signal
2,r02_20260912_223919.jsonl,164,2527.107,6.0,measure,10,-950.0,1645.448,no_signal
2,r02_20260912_223919.jsonl,165,2533.107,6.0,measure,12,-950.0,1645.448,no_signal
2,r02_20260912_223919.jsonl,166,2539.107,6.0,measure,15,-950.0,1645.448,no_signal
2,r02_20260912_223919.jsonl,167,2545.107,6.0,measure,16,-950.0,1645.448,no_signal
2,r02_20260912_223919.jsonl,168,2551.107,6.0,measure,17,-950.0,1645.448,no_signal
2,r02_20260912_223919.jsonl,169,2557.107,6.0,measure,18,-950.0,1645.448,no_signal
2,r02_20260912_223919.jsonl,170,2563.107,6.0,measure,20,-950.0,1645.448,no_signal
2,r02_20260912_223919.jsonl,171,2569.107,6.0,measure,7,-950.0,1645.448,direction
2,r02_20260912_223919.jsonl,172,2720.479,151.372,measure,8,-919.239,919.239,no_signal
2,r02_20260912_223919.jsonl,173,2726.479,6.0,measure,9,-919.239,919.239,no_signal
2,r02_20260912_223919.jsonl,174,2732.479,6.0,measure,10,-919.239,919.239,no_signal
2,r02_20260912_223919.jsonl,175,2738.479,6.0,measure,3,-919.239,919.239,no_signal
2,r02_20260912_223919.jsonl,176,2744.479,6.0,measure,2,-919.239,919.239,no_signal
2,r02_20260912_223919.jsonl,177,2750.479,6.0,measure,12,-919.239,919.239,no_signal
2,r02_20260912_223919.jsonl,178,2756.479,6.0,measure,15,-919.239,919.239,no_signal
2,r02_20260912_223919.jsonl,179,2762.479,6.0,measure,16,-919.239,919.239,no_signal
2,r02_20260912_223919.jsonl,180,2768.479,6.0,measure,17,-919.239,919.239,no_signal
2,r02_20260912_223919.jsonl,181,2774.479,6.0,measure,18,-919.239,919.239,no_signal
2,r02_20260912_223919.jsonl,182,2780.479,6.0,measure,20,-919.239,919.239,no_signal
2,r02_20260912_223919.jsonl,183,2786.479,6.0,measure,19,-919.239,919.239,no_signal
2,r02_20260912_223919.jsonl,184,2792.479,6.0,measure,7,-919.239,919.239,direction
2,r02_20260912_223919.jsonl,185,2920.946,128.466,clear,7,-368.202,640.927,success
2,r02_20260912_223919.jsonl,186,3189.307,268.361,measure,8,0.0,1900.0,no_signal
2,r02_20260912_223919.jsonl,187,3195.307,6.0,measure,9,0.0,1900.0,no_signal
2,r02_20260912_223919.jsonl,188,3201.307,6.0,measure,10,0.0,1900.0,no_signal
2,r02_20260912_223919.jsonl,189,3207.307,6.0,measure,3,0.0,1900.0,no_signal
2,r02_20260912_223919.jsonl,190,3213.307,6.0,measure,2,0.0,1900.0,no_signal
2,r02_20260912_223919.jsonl,191,3219.307,6.0,measure,12,0.0,1900.0,no_signal
2,r02_20260912_223919.jsonl,192,3225.307,6.0,measure,15,0.0,1900.0,no_signal
2,r02_20260912_223919.jsonl,193,3231.307,6.0,measure,16,0.0,1900.0,no_signal
2,r02_20260912_223919.jsonl,194,3237.307,6.0,measure,17,0.0,1900.0,no_signal
2,r02_20260912_223919.jsonl,195,3243.307,6.0,measure,18,0.0,1900.0,no_signal
2,r02_20260912_223919.jsonl,196,3249.307,6.0,measure,20,0.0,1900.0,no_signal
2,r02_20260912_223919.jsonl,197,3255.307,6.0,measure,19,0.0,1900.0,no_signal
2,r02_20260912_223919.jsonl,198,3261.307,6.0,measure,4,0.0,1900.0,no_signal
2,r02_20260912_223919.jsonl,199,3387.307,126.0,measure,3,0.0,1300.0,no_signal
2,r02_20260912_223919.jsonl,200,3393.307,6.0,measure,2,0.0,1300.0,no_signal
2,r02_20260912_223919.jsonl,201,3399.307,6.0,measure,8,0.0,1300.0,no_signal
2,r02_20260912_223919.jsonl,202,3405.307,6.0,measure,9,0.0,1300.0,no_signal
2,r02_20260912_223919.jsonl,203,3411.307,6.0,measure,10,0.0,1300.0,no_signal
2,r02_20260912_223919.jsonl,204,3417.307,6.0,measure,12,0.0,1300.0,no_signal
2,r02_20260912_223919.jsonl,205,3423.307,6.0,measure,15,0.0,1300.0,no_signal
2,r02_20260912_223919.jsonl,206,3429.307,6.0,measure,16,0.0,1300.0,no_signal
2,r02_20260912_223919.jsonl,207,3435.307,6.0,measure,17,0.0,1300.0,no_signal
2,r02_20260912_223919.jsonl,208,3441.307,6.0,measure,18,0.0,1300.0,no_signal
2,r02_20260912_223919.jsonl,209,3447.307,6.0,measure,20,0.0,1300.0,no_signal
2,r02_20260912_223919.jsonl,210,3453.307,6.0,measure,11,0.0,1300.0,direction
2,r02_20260912_223919.jsonl,211,3459.307,6.0,measure,19,0.0,1300.0,direction
2,r02_20260912_223919.jsonl,212,3571.167,111.86,clear,19,208.505,808.061,success
2,r02_20260912_223919.jsonl,213,3605.144,33.976,measure,4,347.962,797.178,direction
2,r02_20260912_223919.jsonl,214,3611.72,6.576,clear,4,340.451,799.568,success
2,r02_20260912_223919.jsonl,215,3735.926,124.206,measure,3,919.239,919.239,no_signal
2,r02_20260912_223919.jsonl,216,3741.926,6.0,measure,2,919.239,919.239,no_signal
2,r02_20260912_223919.jsonl,217,3747.926,6.0,measure,8,919.239,919.239,no_signal
2,r02_20260912_223919.jsonl,218,3753.926,6.0,measure,9,919.239,919.239,no_signal
2,r02_20260912_223919.jsonl,219,3759.926,6.0,measure,10,919.239,919.239,no_signal
2,r02_20260912_223919.jsonl,220,3765.926,6.0,measure,12,919.239,919.239,no_signal
2,r02_20260912_223919.jsonl,221,3771.926,6.0,measure,15,919.239,919.239,no_signal
2,r02_20260912_223919.jsonl,222,3777.926,6.0,measure,16,919.239,919.239,no_signal
2,r02_20260912_223919.jsonl,223,3783.926,6.0,measure,17,919.239,919.239,no_signal
2,r02_20260912_223919.jsonl,224,3789.926,6.0,measure,18,919.239,919.239,no_signal
2,r02_20260912_223919.jsonl,225,3795.926,6.0,measure,20,919.239,919.239,no_signal
2,r02_20260912_223919.jsonl,226,3801.926,6.0,measure,11,919.239,919.239,direction
2,r02_20260912_223919.jsonl,227,3953.298,151.372,measure,10,950.0,1645.448,no_signal
2,r02_20260912_223919.jsonl,228,3959.298,6.0,measure,12,950.0,1645.448,no_signal
2,r02_20260912_223919.jsonl,229,3965.298,6.0,measure,9,950.0,1645.448,no_signal
2,r02_20260912_223919.jsonl,230,3971.298,6.0,measure,8,950.0,1645.448,no_signal
2,r02_20260912_223919.jsonl,231,3977.298,6.0,measure,15,950.0,1645.448,no_signal
2,r02_20260912_223919.jsonl,232,3983.298,6.0,measure,16,950.0,1645.448,no_signal
2,r02_20260912_223919.jsonl,233,3989.298,6.0,measure,17,950.0,1645.448,no_signal
2,r02_20260912_223919.jsonl,234,3995.298,6.0,measure,18,950.0,1645.448,no_signal
2,r02_20260912_223919.jsonl,235,4001.298,6.0,measure,3,950.0,1645.448,no_signal
2,r02_20260912_223919.jsonl,236,4007.298,6.0,measure,2,950.0,1645.448,no_signal
2,r02_20260912_223919.jsonl,237,4013.298,6.0,measure,20,950.0,1645.448,no_signal
2,r02_20260912_223919.jsonl,238,4019.298,6.0,measure,11,950.0,1645.448,direction
2,r02_20260912_223919.jsonl,239,4136.467,117.169,clear,11,1184.666,1136.056,success
2,r02_20260912_223919.jsonl,240,4241.853,105.385,measure,10,1645.448,950.0,no_signal
2,r02_20260912_223919.jsonl,241,4247.853,6.0,measure,12,1645.448,950.0,no_signal
2,r02_20260912_223919.jsonl,242,4253.853,6.0,measure,9,1645.448,950.0,no_signal
2,r02_20260912_223919.jsonl,243,4259.853,6.0,measure,8,1645.448,950.0,no_signal
2,r02_20260912_223919.jsonl,244,4265.853,6.0,measure,15,1645.448,950.0,no_signal
2,r02_20260912_223919.jsonl,245,4271.853,6.0,measure,16,1645.448,950.0,no_signal
2,r02_20260912_223919.jsonl,246,4277.853,6.0,measure,17,1645.448,950.0,no_signal
2,r02_20260912_223919.jsonl,247,4283.853,6.0,measure,18,1645.448,950.0,no_signal
2,r02_20260912_223919.jsonl,248,4289.853,6.0,measure,3,1645.448,950.0,no_signal
2,r02_20260912_223919.jsonl,249,4295.853,6.0,measure,2,1645.448,950.0,no_signal
2,r02_20260912_223919.jsonl,250,4301.853,6.0,measure,20,1645.448,950.0,no_signal
2,r02_20260912_223919.jsonl,251,4509.025,207.172,measure,20,1300.0,0.0,no_signal
2,r02_20260912_223919.jsonl,252,4515.025,6.0,measure,18,1300.0,0.0,no_signal
2,r02_20260912_223919.jsonl,253,4521.025,6.0,measure,17,1300.0,0.0,no_signal
2,r02_20260912_223919.jsonl,254,4527.025,6.0,measure,16,1300.0,0.0,no_signal
2,r02_20260912_223919.jsonl,255,4533.025,6.0,measure,15,1300.0,0.0,no_signal
2,r02_20260912_223919.jsonl,256,4539.025,6.0,measure,12,1300.0,0.0,no_signal
2,r02_20260912_223919.jsonl,257,4545.025,6.0,measure,10,1300.0,0.0,no_signal
2,r02_20260912_223919.jsonl,258,4551.025,6.0,measure,9,1300.0,0.0,no_signal
2,r02_20260912_223919.jsonl,259,4557.025,6.0,measure,8,1300.0,0.0,direction
2,r02_20260912_223919.jsonl,260,4563.025,6.0,measure,3,1300.0,0.0,no_signal
2,r02_20260912_223919.jsonl,261,4569.025,6.0,measure,2,1300.0,0.0,no_signal
2,r02_20260912_223919.jsonl,262,4575.025,6.0,measure,8,1300.0,0.0,direction
2,r02_20260912_223919.jsonl,263,4701.025,126.0,measure,9,1900.0,0.0,no_signal
2,r02_20260912_223919.jsonl,264,4707.025,6.0,measure,10,1900.0,0.0,no_signal
2,r02_20260912_223919.jsonl,265,4713.025,6.0,measure,12,1900.0,0.0,no_signal
2,r02_20260912_223919.jsonl,266,4719.025,6.0,measure,3,1900.0,0.0,no_signal
2,r02_20260912_223919.jsonl,267,4725.025,6.0,measure,2,1900.0,0.0,no_signal
2,r02_20260912_223919.jsonl,268,4731.025,6.0,measure,15,1900.0,0.0,no_signal
2,r02_20260912_223919.jsonl,269,4737.025,6.0,measure,16,1900.0,0.0,no_signal
2,r02_20260912_223919.jsonl,270,4743.025,6.0,measure,17,1900.0,0.0,no_signal
2,r02_20260912_223919.jsonl,271,4749.025,6.0,measure,18,1900.0,0.0,no_signal
2,r02_20260912_223919.jsonl,272,4755.025,6.0,measure,20,1900.0,0.0,no_signal
2,r02_20260912_223919.jsonl,273,4956.727,201.702,measure,20,1645.448,-950.0,no_signal
2,r02_20260912_223919.jsonl,274,4962.727,6.0,measure,18,1645.448,-950.0,no_signal
2,r02_20260912_223919.jsonl,275,4968.727,6.0,measure,17,1645.448,-950.0,no_signal
2,r02_20260912_223919.jsonl,276,4974.727,6.0,measure,16,1645.448,-950.0,no_signal
2,r02_20260912_223919.jsonl,277,4980.727,6.0,measure,15,1645.448,-950.0,no_signal
2,r02_20260912_223919.jsonl,278,4986.727,6.0,measure,12,1645.448,-950.0,no_signal
2,r02_20260912_223919.jsonl,279,4992.727,6.0,measure,10,1645.448,-950.0,no_signal
2,r02_20260912_223919.jsonl,280,4998.727,6.0,measure,9,1645.448,-950.0,no_signal
2,r02_20260912_223919.jsonl,281,5004.727,6.0,measure,3,1645.448,-950.0,no_signal
2,r02_20260912_223919.jsonl,282,5010.727,6.0,measure,2,1645.448,-950.0,no_signal
2,r02_20260912_223919.jsonl,283,5161.099,150.372,measure,2,919.239,-919.239,no_signal
2,r02_20260912_223919.jsonl,284,5167.099,6.0,measure,3,919.239,-919.239,no_signal
2,r02_20260912_223919.jsonl,285,5173.099,6.0,measure,9,919.239,-919.239,no_signal
2,r02_20260912_223919.jsonl,286,5179.099,6.0,measure,10,919.239,-919.239,no_signal
2,r02_20260912_223919.jsonl,287,5185.099,6.0,measure,12,919.239,-919.239,no_signal
2,r02_20260912_223919.jsonl,288,5191.099,6.0,measure,15,919.239,-919.239,no_signal
2,r02_20260912_223919.jsonl,289,5197.099,6.0,measure,16,919.239,-919.239,no_signal
2,r02_20260912_223919.jsonl,290,5203.099,6.0,measure,17,919.239,-919.239,no_signal
2,r02_20260912_223919.jsonl,291,5209.099,6.0,measure,18,919.239,-919.239,no_signal
2,r02_20260912_223919.jsonl,292,5215.099,6.0,measure,20,919.239,-919.239,no_signal
2,r02_20260912_223919.jsonl,293,5221.099,6.0,measure,8,919.239,-919.239,direction
2,r02_20260912_223919.jsonl,294,5227.099,6.0,measure,5,919.239,-919.239,direction
2,r02_20260912_223919.jsonl,295,5378.471,151.372,measure,3,950.0,-1645.448,no_signal
2,r02_20260912_223919.jsonl,296,5384.471,6.0,measure,2,950.0,-1645.448,no_signal
2,r02_20260912_223919.jsonl,297,5390.471,6.0,measure,9,950.0,-1645.448,no_signal
2,r02_20260912_223919.jsonl,298,5396.471,6.0,measure,10,950.0,-1645.448,no_signal
2,r02_20260912_223919.jsonl,299,5402.471,6.0,measure,12,950.0,-1645.448,no_signal
2,r02_20260912_223919.jsonl,300,5408.471,6.0,measure,15,950.0,-1645.448,no_signal
2,r02_20260912_223919.jsonl,301,5414.471,6.0,measure,16,950.0,-1645.448,no_signal
2,r02_20260912_223919.jsonl,302,5420.471,6.0,measure,17,950.0,-1645.448,no_signal
2,r02_20260912_223919.jsonl,303,5426.471,6.0,measure,18,950.0,-1645.448,no_signal
2,r02_20260912_223919.jsonl,304,5432.471,6.0,measure,20,950.0,-1645.448,no_signal
2,r02_20260912_223919.jsonl,305,5438.471,6.0,measure,5,950.0,-1645.448,direction
2,r02_20260912_223919.jsonl,306,5600.523,162.052,measure,5,205.894,-1394.575,direction
2,r02_20260912_223919.jsonl,307,5606.898,6.375,clear,5,205.228,-1401.42,success
2,r02_20260912_223919.jsonl,308,5658.682,51.784,measure,3,-0.0,-1300.0,no_signal
2,r02_20260912_223919.jsonl,309,5664.682,6.0,measure,2,-0.0,-1300.0,no_signal
2,r02_20260912_223919.jsonl,310,5670.682,6.0,measure,9,-0.0,-1300.0,no_signal
2,r02_20260912_223919.jsonl,311,5676.682,6.0,measure,10,-0.0,-1300.0,no_signal
2,r02_20260912_223919.jsonl,312,5682.682,6.0,measure,12,-0.0,-1300.0,no_signal
2,r02_20260912_223919.jsonl,313,5688.682,6.0,measure,15,-0.0,-1300.0,no_signal
2,r02_20260912_223919.jsonl,314,5694.682,6.0,measure,16,-0.0,-1300.0,no_signal
2,r02_20260912_223919.jsonl,315,5700.682,6.0,measure,17,-0.0,-1300.0,no_signal
2,r02_20260912_223919.jsonl,316,5706.682,6.0,measure,18,-0.0,-1300.0,no_signal
2,r02_20260912_223919.jsonl,317,5712.682,6.0,measure,20,-0.0,-1300.0,no_signal
2,r02_20260912_223919.jsonl,318,5718.682,6.0,measure,1,-0.0,-1300.0,direction
2,r02_20260912_223919.jsonl,319,5724.682,6.0,measure,8,-0.0,-1300.0,direction
2,r02_20260912_223919.jsonl,320,5850.682,126.0,measure,9,-0.0,-1900.0,no_signal
2,r02_20260912_223919.jsonl,321,5856.682,6.0,measure,10,-0.0,-1900.0,no_signal
2,r02_20260912_223919.jsonl,322,5862.682,6.0,measure,12,-0.0,-1900.0,no_signal
2,r02_20260912_223919.jsonl,323,5868.682,6.0,measure,3,-0.0,-1900.0,no_signal
2,r02_20260912_223919.jsonl,324,5874.682,6.0,measure,2,-0.0,-1900.0,no_signal
2,r02_20260912_223919.jsonl,325,5880.682,6.0,measure,15,-0.0,-1900.0,no_signal
2,r02_20260912_223919.jsonl,326,5886.682,6.0,measure,16,-0.0,-1900.0,no_signal
2,r02_20260912_223919.jsonl,327,5892.682,6.0,measure,17,-0.0,-1900.0,no_signal
2,r02_20260912_223919.jsonl,328,5898.682,6.0,measure,18,-0.0,-1900.0,no_signal
2,r02_20260912_223919.jsonl,329,5904.682,6.0,measure,20,-0.0,-1900.0,no_signal
2,r02_20260912_223919.jsonl,330,5910.682,6.0,measure,1,-0.0,-1900.0,direction
2,r02_20260912_223919.jsonl,331,6048.898,138.216,clear,1,-503.804,-1464.289,success
2,r02_20260912_223919.jsonl,332,6151.212,102.314,measure,2,-950.0,-1645.448,no_signal
2,r02_20260912_223919.jsonl,333,6157.212,6.0,measure,3,-950.0,-1645.448,direction
2,r02_20260912_223919.jsonl,334,6163.212,6.0,measure,9,-950.0,-1645.448,no_signal
2,r02_20260912_223919.jsonl,335,6169.212,6.0,measure,10,-950.0,-1645.448,no_signal
2,r02_20260912_223919.jsonl,336,6175.212,6.0,measure,12,-950.0,-1645.448,no_signal
2,r02_20260912_223919.jsonl,337,6181.212,6.0,measure,15,-950.0,-1645.448,no_signal
2,r02_20260912_223919.jsonl,338,6187.212,6.0,measure,16,-950.0,-1645.448,no_signal
2,r02_20260912_223919.jsonl,339,6193.212,6.0,measure,17,-950.0,-1645.448,no_signal
2,r02_20260912_223919.jsonl,340,6199.212,6.0,measure,18,-950.0,-1645.448,no_signal
2,r02_20260912_223919.jsonl,341,6205.212,6.0,measure,20,-950.0,-1645.448,no_signal
2,r02_20260912_223919.jsonl,342,6211.212,6.0,measure,3,-950.0,-1645.448,direction
2,r02_20260912_223919.jsonl,343,6413.915,202.702,measure,2,-1645.448,-950.0,no_signal
2,r02_20260912_223919.jsonl,344,6419.915,6.0,measure,9,-1645.448,-950.0,no_signal
2,r02_20260912_223919.jsonl,345,6425.915,6.0,measure,10,-1645.448,-950.0,no_signal
2,r02_20260912_223919.jsonl,346,6431.915,6.0,measure,12,-1645.448,-950.0,no_signal
2,r02_20260912_223919.jsonl,347,6437.915,6.0,measure,15,-1645.448,-950.0,no_signal
2,r02_20260912_223919.jsonl,348,6443.915,6.0,measure,16,-1645.448,-950.0,no_signal
2,r02_20260912_223919.jsonl,349,6449.915,6.0,measure,17,-1645.448,-950.0,no_signal
2,r02_20260912_223919.jsonl,350,6455.915,6.0,measure,18,-1645.448,-950.0,no_signal
2,r02_20260912_223919.jsonl,351,6461.915,6.0,measure,20,-1645.448,-950.0,no_signal
2,r02_20260912_223919.jsonl,352,6467.915,6.0,measure,3,-1645.448,-950.0,direction
2,r02_20260912_223919.jsonl,353,6533.528,65.614,measure,3,-1359.139,-1049.387,direction
2,r02_20260912_223919.jsonl,354,6539.183,5.654,clear,3,-1359.699,-1046.163,success
2,r02_20260912_223919.jsonl,355,6636.859,97.677,measure,2,-919.239,-919.239,no_signal
2,r02_20260912_223919.jsonl,356,6642.859,6.0,measure,9,-919.239,-919.239,no_signal
2,r02_20260912_223919.jsonl,357,6648.859,6.0,measure,10,-919.239,-919.239,no_signal
2,r02_20260912_223919.jsonl,358,6654.859,6.0,measure,12,-919.239,-919.239,no_signal
2,r02_20260912_223919.jsonl,359,6660.859,6.0,measure,15,-919.239,-919.239,no_signal
2,r02_20260912_223919.jsonl,360,6666.859,6.0,measure,16,-919.239,-919.239,no_signal
2,r02_20260912_223919.jsonl,361,6672.859,6.0,measure,17,-919.239,-919.239,no_signal
2,r02_20260912_223919.jsonl,362,6678.859,6.0,measure,18,-919.239,-919.239,no_signal
2,r02_20260912_223919.jsonl,363,6684.859,6.0,measure,20,-919.239,-919.239,no_signal
2,r02_20260912_223919.jsonl,364,6690.859,6.0,measure,8,-919.239,-919.239,no_signal
2,r02_20260912_223919.jsonl,365,6942.565,251.705,measure,8,204.277,-410.027,no_signal
2,r02_20260912_223919.jsonl,366,6965.564,23.0,measure,8,282.219,-365.027,no_signal
2,r02_20260912_223919.jsonl,367,6988.564,23.0,measure,8,282.219,-455.027,direction
2,r02_20260912_223919.jsonl,368,7010.81,22.245,clear,8,204.072,-418.587,success
2,r02_20260912_223919.jsonl,369,7010.81,0.0,exit,,,,
3,r03_20260912_223952.jsonl,0,0.0,0.0,enter,,,,
3,r03_20260912_223952.jsonl,1,5.0,5.0,measure,1,0.0,0.0,direction
3,r03_20260912_223952.jsonl,2,11.0,6.0,measure,2,0.0,0.0,direction
3,r03_20260912_223952.jsonl,3,17.0,6.0,measure,3,0.0,0.0,no_signal
3,r03_20260912_223952.jsonl,4,23.0,6.0,measure,4,0.0,0.0,direction
3,r03_20260912_223952.jsonl,5,29.0,6.0,measure,5,0.0,0.0,direction
3,r03_20260912_223952.jsonl,6,35.0,6.0,measure,6,0.0,0.0,no_signal
3,r03_20260912_223952.jsonl,7,41.0,6.0,measure,7,0.0,0.0,direction
3,r03_20260912_223952.jsonl,8,47.0,6.0,measure,8,0.0,0.0,no_signal
3,r03_20260912_223952.jsonl,9,53.0,6.0,measure,9,0.0,0.0,no_signal
3,r03_20260912_223952.jsonl,10,59.0,6.0,measure,10,0.0,0.0,direction
3,r03_20260912_223952.jsonl,11,65.0,6.0,measure,11,0.0,0.0,no_signal
3,r03_20260912_223952.jsonl,12,71.0,6.0,measure,12,0.0,0.0,no_signal
3,r03_20260912_223952.jsonl,13,77.0,6.0,measure,13,0.0,0.0,no_signal
3,r03_20260912_223952.jsonl,14,83.0,6.0,measure,14,0.0,0.0,direction
3,r03_20260912_223952.jsonl,15,89.0,6.0,measure,15,0.0,0.0,no_signal
3,r03_20260912_223952.jsonl,16,95.0,6.0,measure,16,0.0,0.0,direction
3,r03_20260912_223952.jsonl,17,101.0,6.0,measure,17,0.0,0.0,no_signal
3,r03_20260912_223952.jsonl,18,107.0,6.0,measure,18,0.0,0.0,direction
3,r03_20260912_223952.jsonl,19,113.0,6.0,measure,19,0.0,0.0,no_signal
3,r03_20260912_223952.jsonl,20,119.0,6.0,measure,20,0.0,0.0,direction
3,r03_20260912_223952.jsonl,21,205.0,86.0,measure,19,400.0,0.0,no_signal
3,r03_20260912_223952.jsonl,22,211.0,6.0,measure,17,400.0,0.0,no_signal
3,r03_20260912_223952.jsonl,23,217.0,6.0,measure,15,400.0,0.0,no_signal
3,r03_20260912_223952.jsonl,24,223.0,6.0,measure,13,400.0,0.0,no_signal
3,r03_20260912_223952.jsonl,25,229.0,6.0,measure,12,400.0,0.0,no_signal
3,r03_20260912_223952.jsonl,26,235.0,6.0,measure,11,400.0,0.0,no_signal
3,r03_20260912_223952.jsonl,27,241.0,6.0,measure,9,400.0,0.0,no_signal
3,r03_20260912_223952.jsonl,28,247.0,6.0,measure,8,400.0,0.0,no_signal
3,r03_20260912_223952.jsonl,29,253.0,6.0,measure,6,400.0,0.0,no_signal
3,r03_20260912_223952.jsonl,30,259.0,6.0,measure,3,400.0,0.0,direction
3,r03_20260912_223952.jsonl,31,265.0,6.0,measure,14,400.0,0.0,no_signal
3,r03_20260912_223952.jsonl,32,271.0,6.0,measure,5,400.0,0.0,direction
3,r03_20260912_223952.jsonl,33,357.0,86.0,measure,6,200.0,346.41,no_signal
3,r03_20260912_223952.jsonl,34,363.0,6.0,measure,8,200.0,346.41,no_signal
3,r03_20260912_223952.jsonl,35,369.0,6.0,measure,9,200.0,346.41,no_signal
3,r03_20260912_223952.jsonl,36,375.0,6.0,measure,11,200.0,346.41,no_signal
3,r03_20260912_223952.jsonl,37,381.0,6.0,measure,12,200.0,346.41,no_signal
3,r03_20260912_223952.jsonl,38,387.0,6.0,measure,13,200.0,346.41,no_signal
3,r03_20260912_223952.jsonl,39,393.0,6.0,measure,15,200.0,346.41,no_signal
3,r03_20260912_223952.jsonl,40,399.0,6.0,measure,17,200.0,346.41,no_signal
3,r03_20260912_223952.jsonl,41,405.0,6.0,measure,19,200.0,346.41,no_signal
3,r03_20260912_223952.jsonl,42,411.0,6.0,measure,14,200.0,346.41,direction
3,r03_20260912_223952.jsonl,43,417.0,6.0,measure,4,200.0,346.41,direction
3,r03_20260912_223952.jsonl,44,503.0,86.0,measure,6,-200.0,346.41,direction
3,r03_20260912_223952.jsonl,45,509.0,6.0,measure,8,-200.0,346.41,no_signal
3,r03_20260912_223952.jsonl,46,515.0,6.0,measure,9,-200.0,346.41,no_signal
3,r03_20260912_223952.jsonl,47,521.0,6.0,measure,11,-200.0,346.41,no_signal
3,r03_20260912_223952.jsonl,48,527.0,6.0,measure,12,-200.0,346.41,no_signal
3,r03_20260912_223952.jsonl,49,533.0,6.0,measure,13,-200.0,346.41,no_signal
3,r03_20260912_223952.jsonl,50,539.0,6.0,measure,15,-200.0,346.41,no_signal
3,r03_20260912_223952.jsonl,51,545.0,6.0,measure,17,-200.0,346.41,no_signal
3,r03_20260912_223952.jsonl,52,551.0,6.0,measure,19,-200.0,346.41,no_signal
3,r03_20260912_223952.jsonl,53,557.0,6.0,measure,2,-200.0,346.41,direction
3,r03_20260912_223952.jsonl,54,563.0,6.0,measure,18,-200.0,346.41,no_signal
3,r03_20260912_223952.jsonl,55,649.0,86.0,measure,17,-400.0,0.0,no_signal
3,r03_20260912_223952.jsonl,56,655.0,6.0,measure,19,-400.0,0.0,no_signal
3,r03_20260912_223952.jsonl,57,661.0,6.0,measure,15,-400.0,0.0,no_signal
3,r03_20260912_223952.jsonl,58,667.0,6.0,measure,13,-400.0,0.0,no_signal
3,r03_20260912_223952.jsonl,59,673.0,6.0,measure,12,-400.0,0.0,no_signal
3,r03_20260912_223952.jsonl,60,679.0,6.0,measure,11,-400.0,0.0,no_signal
3,r03_20260912_223952.jsonl,61,685.0,6.0,measure,9,-400.0,0.0,no_signal
3,r03_20260912_223952.jsonl,62,691.0,6.0,measure,8,-400.0,0.0,no_signal
3,r03_20260912_223952.jsonl,63,697.0,6.0,measure,18,-400.0,0.0,direction
3,r03_20260912_223952.jsonl,64,703.0,6.0,measure,16,-400.0,0.0,direction
3,r03_20260912_223952.jsonl,65,789.0,86.0,measure,15,-200.0,-346.41,no_signal
3,r03_20260912_223952.jsonl,66,795.0,6.0,measure,17,-200.0,-346.41,no_signal
3,r03_20260912_223952.jsonl,67,801.0,6.0,measure,13,-200.0,-346.41,no_signal
3,r03_20260912_223952.jsonl,68,807.0,6.0,measure,19,-200.0,-346.41,no_signal
3,r03_20260912_223952.jsonl,69,813.0,6.0,measure,12,-200.0,-346.41,no_signal
3,r03_20260912_223952.jsonl,70,819.0,6.0,measure,11,-200.0,-346.41,no_signal
3,r03_20260912_223952.jsonl,71,825.0,6.0,measure,9,-200.0,-346.41,no_signal
3,r03_20260912_223952.jsonl,72,831.0,6.0,measure,8,-200.0,-346.41,no_signal
3,r03_20260912_223952.jsonl,73,837.0,6.0,measure,10,-200.0,-346.41,direction
3,r03_20260912_223952.jsonl,74,843.0,6.0,measure,1,-200.0,-346.41,direction
3,r03_20260912_223952.jsonl,75,931.483,88.483,clear,1,83.231,-39.792,success
3,r03_20260912_223952.jsonl,76,1003.103,71.62,measure,8,200.0,-346.41,no_signal
3,r03_20260912_223952.jsonl,77,1009.103,6.0,measure,9,200.0,-346.41,no_signal
3,r03_20260912_223952.jsonl,78,1015.103,6.0,measure,11,200.0,-346.41,no_signal
3,r03_20260912_223952.jsonl,79,1021.103,6.0,measure,12,200.0,-346.41,no_signal
3,r03_20260912_223952.jsonl,80,1027.103,6.0,measure,13,200.0,-346.41,no_signal
3,r03_20260912_223952.jsonl,81,1033.103,6.0,measure,15,200.0,-346.41,no_signal
3,r03_20260912_223952.jsonl,82,1039.103,6.0,measure,17,200.0,-346.41,no_signal
3,r03_20260912_223952.jsonl,83,1045.103,6.0,measure,19,200.0,-346.41,no_signal
3,r03_20260912_223952.jsonl,84,1051.103,6.0,measure,7,200.0,-346.41,direction
3,r03_20260912_223952.jsonl,85,1057.103,6.0,measure,20,200.0,-346.41,direction
3,r03_20260912_223952.jsonl,86,1115.772,58.669,measure,5,435.973,-463.322,direction
3,r03_20260912_223952.jsonl,87,1123.511,7.739,clear,5,430.917,-450.597,success
3,r03_20260912_223952.jsonl,88,1196.237,72.726,measure,7,691.818,-242.656,near
3,r03_20260912_223952.jsonl,89,1201.237,5.0,clear,7,691.818,-242.656,success
3,r03_20260912_223952.jsonl,90,1204.237,3.0,clear,7,691.818,-242.656,no_target_in_range
3,r03_20260912_223952.jsonl,91,1341.197,136.961,measure,8,1300.0,0.0,no_signal
3,r03_20260912_223952.jsonl,92,1347.197,6.0,measure,9,1300.0,0.0,no_signal
3,r03_20260912_223952.jsonl,93,1353.197,6.0,measure,11,1300.0,0.0,no_signal
3,r03_20260912_223952.jsonl,94,1359.197,6.0,measure,12,1300.0,0.0,no_signal
3,r03_20260912_223952.jsonl,95,1365.197,6.0,measure,13,1300.0,0.0,no_signal
3,r03_20260912_223952.jsonl,96,1371.197,6.0,measure,15,1300.0,0.0,no_signal
3,r03_20260912_223952.jsonl,97,1377.197,6.0,measure,17,1300.0,0.0,no_signal
3,r03_20260912_223952.jsonl,98,1383.197,6.0,measure,19,1300.0,0.0,no_signal
3,r03_20260912_223952.jsonl,99,1389.197,6.0,measure,3,1300.0,0.0,direction
3,r03_20260912_223952.jsonl,100,1395.197,6.0,measure,14,1300.0,0.0,no_signal
3,r03_20260912_223952.jsonl,101,1459.647,64.449,measure,3,1319.158,-291.618,near
3,r03_20260912_223952.jsonl,102,1464.647,5.0,clear,3,1319.158,-291.618,success
3,r03_20260912_223952.jsonl,103,1467.647,3.0,clear,3,1319.158,-291.618,no_target_in_range
3,r03_20260912_223952.jsonl,104,1603.634,135.987,measure,8,1900.0,0.0,no_signal
3,r03_20260912_223952.jsonl,105,1609.634,6.0,measure,9,1900.0,0.0,no_signal
3,r03_20260912_223952.jsonl,106,1615.634,6.0,measure,11,1900.0,0.0,no_signal
3,r03_20260912_223952.jsonl,107,1621.634,6.0,measure,12,1900.0,0.0,no_signal
3,r03_20260912_223952.jsonl,108,1627.634,6.0,measure,13,1900.0,0.0,no_signal
3,r03_20260912_223952.jsonl,109,1633.634,6.0,measure,15,1900.0,0.0,no_signal
3,r03_20260912_223952.jsonl,110,1639.634,6.0,measure,17,1900.0,0.0,no_signal
3,r03_20260912_223952.jsonl,111,1645.634,6.0,measure,19,1900.0,0.0,no_signal
3,r03_20260912_223952.jsonl,112,1651.634,6.0,measure,14,1900.0,0.0,no_signal
3,r03_20260912_223952.jsonl,113,1854.337,202.702,measure,13,1645.448,950.0,no_signal
3,r03_20260912_223952.jsonl,114,1860.337,6.0,measure,15,1645.448,950.0,no_signal
3,r03_20260912_223952.jsonl,115,1866.337,6.0,measure,12,1645.448,950.0,no_signal
3,r03_20260912_223952.jsonl,116,1872.337,6.0,measure,11,1645.448,950.0,no_signal
3,r03_20260912_223952.jsonl,117,1878.337,6.0,measure,17,1645.448,950.0,no_signal
3,r03_20260912_223952.jsonl,118,1884.337,6.0,measure,9,1645.448,950.0,no_signal
3,r03_20260912_223952.jsonl,119,1890.337,6.0,measure,19,1645.448,950.0,no_signal
3,r03_20260912_223952.jsonl,120,1896.337,6.0,measure,8,1645.448,950.0,no_signal
3,r03_20260912_223952.jsonl,121,1902.337,6.0,measure,14,1645.448,950.0,no_signal
3,r03_20260912_223952.jsonl,122,2053.709,151.372,measure,13,919.239,919.239,no_signal
3,r03_20260912_223952.jsonl,123,2059.709,6.0,measure,15,919.239,919.239,no_signal
3,r03_20260912_223952.jsonl,124,2065.709,6.0,measure,12,919.239,919.239,no_signal
3,r03_20260912_223952.jsonl,125,2071.709,6.0,measure,11,919.239,919.239,no_signal
3,r03_20260912_223952.jsonl,126,2077.709,6.0,measure,17,919.239,919.239,no_signal
3,r03_20260912_223952.jsonl,127,2083.709,6.0,measure,9,919.239,919.239,no_signal
3,r03_20260912_223952.jsonl,128,2089.709,6.0,measure,19,919.239,919.239,no_signal
3,r03_20260912_223952.jsonl,129,2095.709,6.0,measure,8,919.239,919.239,no_signal
3,r03_20260912_223952.jsonl,130,2101.709,6.0,measure,14,919.239,919.239,direction
3,r03_20260912_223952.jsonl,131,2165.263,63.554,measure,14,1165.238,760.496,no_signal
3,r03_20260912_223952.jsonl,132,2188.263,23.0,measure,14,1087.296,715.496,direction
3,r03_20260912_223952.jsonl,133,2210.042,21.779,clear,14,1152.41,768.401,success
3,r03_20260912_223952.jsonl,134,2396.062,186.02,measure,13,950.0,1645.448,no_signal
3,r03_20260912_223952.jsonl,135,2402.062,6.0,measure,15,950.0,1645.448,no_signal
3,r03_20260912_223952.jsonl,136,2408.062,6.0,measure,12,950.0,1645.448,no_signal
3,r03_20260912_223952.jsonl,137,2414.062,6.0,measure,11,950.0,1645.448,no_signal
3,r03_20260912_223952.jsonl,138,2420.062,6.0,measure,17,950.0,1645.448,no_signal
3,r03_20260912_223952.jsonl,139,2426.062,6.0,measure,9,950.0,1645.448,no_signal
3,r03_20260912_223952.jsonl,140,2432.062,6.0,measure,19,950.0,1645.448,no_signal
3,r03_20260912_223952.jsonl,141,2438.062,6.0,measure,8,950.0,1645.448,no_signal
3,r03_20260912_223952.jsonl,142,2645.234,207.172,measure,8,0.0,1300.0,no_signal
3,r03_20260912_223952.jsonl,143,2651.234,6.0,measure,9,0.0,1300.0,no_signal
3,r03_20260912_223952.jsonl,144,2657.234,6.0,measure,11,0.0,1300.0,no_signal
3,r03_20260912_223952.jsonl,145,2663.234,6.0,measure,12,0.0,1300.0,no_signal
3,r03_20260912_223952.jsonl,146,2669.234,6.0,measure,13,0.0,1300.0,no_signal
3,r03_20260912_223952.jsonl,147,2675.234,6.0,measure,15,0.0,1300.0,no_signal
3,r03_20260912_223952.jsonl,148,2681.234,6.0,measure,17,0.0,1300.0,no_signal
3,r03_20260912_223952.jsonl,149,2687.234,6.0,measure,19,0.0,1300.0,no_signal
3,r03_20260912_223952.jsonl,150,2693.234,6.0,measure,6,0.0,1300.0,direction
3,r03_20260912_223952.jsonl,151,2699.234,6.0,measure,16,0.0,1300.0,no_signal
3,r03_20260912_223952.jsonl,152,2825.234,126.0,measure,15,0.0,1900.0,no_signal
3,r03_20260912_223952.jsonl,153,2831.234,6.0,measure,17,0.0,1900.0,no_signal
3,r03_20260912_223952.jsonl,154,2837.234,6.0,measure,13,0.0,1900.0,no_signal
3,r03_20260912_223952.jsonl,155,2843.234,6.0,measure,19,0.0,1900.0,no_signal
3,r03_20260912_223952.jsonl,156,2849.234,6.0,measure,12,0.0,1900.0,no_signal
3,r03_20260912_223952.jsonl,157,2855.234,6.0,measure,11,0.0,1900.0,no_signal
3,r03_20260912_223952.jsonl,158,2861.234,6.0,measure,9,0.0,1900.0,no_signal
3,r03_20260912_223952.jsonl,159,2867.234,6.0,measure,8,0.0,1900.0,no_signal
3,r03_20260912_223952.jsonl,160,2873.234,6.0,measure,6,0.0,1900.0,direction
3,r03_20260912_223952.jsonl,161,2998.991,125.757,measure,6,-551.172,1653.494,direction
3,r03_20260912_223952.jsonl,162,3006.18,7.189,clear,6,-540.264,1652.594,success
3,r03_20260912_223952.jsonl,163,3094.14,87.96,measure,8,-950.0,1645.448,no_signal
3,r03_20260912_223952.jsonl,164,3100.14,6.0,measure,9,-950.0,1645.448,no_signal
3,r03_20260912_223952.jsonl,165,3106.14,6.0,measure,11,-950.0,1645.448,no_signal
3,r03_20260912_223952.jsonl,166,3112.14,6.0,measure,12,-950.0,1645.448,no_signal
3,r03_20260912_223952.jsonl,167,3118.14,6.0,measure,13,-950.0,1645.448,no_signal
3,r03_20260912_223952.jsonl,168,3124.14,6.0,measure,15,-950.0,1645.448,no_signal
3,r03_20260912_223952.jsonl,169,3130.14,6.0,measure,17,-950.0,1645.448,no_signal
3,r03_20260912_223952.jsonl,170,3136.14,6.0,measure,19,-950.0,1645.448,no_signal
3,r03_20260912_223952.jsonl,171,3142.14,6.0,measure,16,-950.0,1645.448,no_signal
3,r03_20260912_223952.jsonl,172,3344.842,202.702,measure,15,-1645.448,950.0,no_signal
3,r03_20260912_223952.jsonl,173,3350.842,6.0,measure,17,-1645.448,950.0,no_signal
3,r03_20260912_223952.jsonl,174,3356.842,6.0,measure,13,-1645.448,950.0,no_signal
3,r03_20260912_223952.jsonl,175,3362.842,6.0,measure,19,-1645.448,950.0,no_signal
3,r03_20260912_223952.jsonl,176,3368.842,6.0,measure,12,-1645.448,950.0,no_signal
3,r03_20260912_223952.jsonl,177,3374.842,6.0,measure,11,-1645.448,950.0,no_signal
3,r03_20260912_223952.jsonl,178,3380.842,6.0,measure,9,-1645.448,950.0,no_signal
3,r03_20260912_223952.jsonl,179,3386.842,6.0,measure,8,-1645.448,950.0,no_signal
3,r03_20260912_223952.jsonl,180,3392.842,6.0,measure,16,-1645.448,950.0,direction
3,r03_20260912_223952.jsonl,181,3398.842,6.0,measure,4,-1645.448,950.0,no_signal
3,r03_20260912_223952.jsonl,182,3547.282,148.44,measure,16,-941.059,1055.189,direction
3,r03_20260912_223952.jsonl,183,3553.941,6.659,clear,16,-947.279,1060.677,success
3,r03_20260912_223952.jsonl,184,3588.779,34.838,measure,15,-919.239,919.239,no_signal
3,r03_20260912_223952.jsonl,185,3594.779,6.0,measure,17,-919.239,919.239,no_signal
3,r03_20260912_223952.jsonl,186,3600.779,6.0,measure,13,-919.239,919.239,no_signal
3,r03_20260912_223952.jsonl,187,3606.779,6.0,measure,19,-919.239,919.239,no_signal
3,r03_20260912_223952.jsonl,188,3612.779,6.0,measure,12,-919.239,919.239,no_signal
3,r03_20260912_223952.jsonl,189,3618.779,6.0,measure,11,-919.239,919.239,no_signal
3,r03_20260912_223952.jsonl,190,3624.779,6.0,measure,9,-919.239,919.239,no_signal
3,r03_20260912_223952.jsonl,191,3630.779,6.0,measure,8,-919.239,919.239,no_signal
3,r03_20260912_223952.jsonl,192,3636.779,6.0,measure,4,-919.239,919.239,no_signal
3,r03_20260912_223952.jsonl,193,3642.779,6.0,measure,10,-919.239,919.239,direction
3,r03_20260912_223952.jsonl,194,3828.253,185.474,measure,10,-750.632,32.762,direction
3,r03_20260912_223952.jsonl,195,3835.05,6.797,clear,10,-756.811,26.238,success
3,r03_20260912_223952.jsonl,196,3949.814,114.764,measure,9,-1300.0,0.0,no_signal
3,r03_20260912_223952.jsonl,197,3955.814,6.0,measure,11,-1300.0,0.0,no_signal
3,r03_20260912_223952.jsonl,198,3961.814,6.0,measure,8,-1300.0,0.0,no_signal
3,r03_20260912_223952.jsonl,199,3967.814,6.0,measure,12,-1300.0,0.0,no_signal
3,r03_20260912_223952.jsonl,200,3973.814,6.0,measure,13,-1300.0,0.0,no_signal
3,r03_20260912_223952.jsonl,201,3979.814,6.0,measure,15,-1300.0,0.0,direction
3,r03_20260912_223952.jsonl,202,3985.814,6.0,measure,17,-1300.0,0.0,no_signal
3,r03_20260912_223952.jsonl,203,3991.814,6.0,measure,19,-1300.0,0.0,no_signal
3,r03_20260912_223952.jsonl,204,3997.814,6.0,measure,15,-1300.0,0.0,direction
3,r03_20260912_223952.jsonl,205,4003.814,6.0,measure,18,-1300.0,0.0,no_signal
3,r03_20260912_223952.jsonl,206,4129.814,126.0,measure,17,-1900.0,0.0,no_signal
3,r03_20260912_223952.jsonl,207,4135.814,6.0,measure,19,-1900.0,0.0,no_signal
3,r03_20260912_223952.jsonl,208,4141.814,6.0,measure,13,-1900.0,0.0,no_signal
3,r03_20260912_223952.jsonl,209,4147.814,6.0,measure,12,-1900.0,0.0,no_signal
3,r03_20260912_223952.jsonl,210,4153.814,6.0,measure,11,-1900.0,0.0,no_signal
3,r03_20260912_223952.jsonl,211,4159.814,6.0,measure,9,-1900.0,0.0,no_signal
3,r03_20260912_223952.jsonl,212,4165.814,6.0,measure,8,-1900.0,0.0,no_signal
3,r03_20260912_223952.jsonl,213,4171.814,6.0,measure,4,-1900.0,0.0,direction
3,r03_20260912_223952.jsonl,214,4374.517,202.702,measure,8,-1645.448,-950.0,no_signal
3,r03_20260912_223952.jsonl,215,4380.517,6.0,measure,9,-1645.448,-950.0,no_signal
3,r03_20260912_223952.jsonl,216,4386.517,6.0,measure,11,-1645.448,-950.0,no_signal
3,r03_20260912_223952.jsonl,217,4392.517,6.0,measure,12,-1645.448,-950.0,no_signal
3,r03_20260912_223952.jsonl,218,4398.517,6.0,measure,13,-1645.448,-950.0,no_signal
3,r03_20260912_223952.jsonl,219,4404.517,6.0,measure,17,-1645.448,-950.0,no_signal
3,r03_20260912_223952.jsonl,220,4410.517,6.0,measure,19,-1645.448,-950.0,no_signal
3,r03_20260912_223952.jsonl,221,4416.517,6.0,measure,18,-1645.448,-950.0,no_signal
3,r03_20260912_223952.jsonl,222,4422.517,6.0,measure,2,-1645.448,-950.0,direction
3,r03_20260912_223952.jsonl,223,4731.234,308.717,measure,4,-905.082,370.153,direction
3,r03_20260912_223952.jsonl,224,4738.286,7.052,clear,4,-911.831,377.878,success
3,r03_20260912_223952.jsonl,225,4954.021,215.736,measure,2,-664.022,-641.1,direction
3,r03_20260912_223952.jsonl,226,4960.856,6.834,clear,2,-666.216,-650.006,success
3,r03_20260912_223952.jsonl,227,5040.75,79.894,measure,8,-919.239,-919.239,no_signal
3,r03_20260912_223952.jsonl,228,5046.75,6.0,measure,9,-919.239,-919.239,no_signal
3,r03_20260912_223952.jsonl,229,5052.75,6.0,measure,11,-919.239,-919.239,no_signal
3,r03_20260912_223952.jsonl,230,5058.75,6.0,measure,12,-919.239,-919.239,no_signal
3,r03_20260912_223952.jsonl,231,5064.75,6.0,measure,13,-919.239,-919.239,no_signal
3,r03_20260912_223952.jsonl,232,5070.75,6.0,measure,17,-919.239,-919.239,no_signal
3,r03_20260912_223952.jsonl,233,5076.75,6.0,measure,19,-919.239,-919.239,no_signal
3,r03_20260912_223952.jsonl,234,5082.75,6.0,measure,15,-919.239,-919.239,direction
3,r03_20260912_223952.jsonl,235,5266.723,183.973,clear,15,-970.733,-25.857,success
3,r03_20260912_223952.jsonl,236,5451.696,184.973,measure,20,-919.239,-919.239,direction
3,r03_20260912_223952.jsonl,237,5603.068,151.372,measure,19,-950.0,-1645.448,no_signal
3,r03_20260912_223952.jsonl,238,5609.068,6.0,measure,17,-950.0,-1645.448,no_signal
3,r03_20260912_223952.jsonl,239,5615.068,6.0,measure,13,-950.0,-1645.448,no_signal
3,r03_20260912_223952.jsonl,240,5621.068,6.0,measure,12,-950.0,-1645.448,no_signal
3,r03_20260912_223952.jsonl,241,5627.068,6.0,measure,11,-950.0,-1645.448,no_signal
3,r03_20260912_223952.jsonl,242,5633.068,6.0,measure,9,-950.0,-1645.448,no_signal
3,r03_20260912_223952.jsonl,243,5639.068,6.0,measure,8,-950.0,-1645.448,no_signal
3,r03_20260912_223952.jsonl,244,5645.068,6.0,measure,18,-950.0,-1645.448,no_signal
3,r03_20260912_223952.jsonl,245,5651.068,6.0,measure,20,-950.0,-1645.448,direction
3,r03_20260912_223952.jsonl,246,5900.829,249.762,clear,20,166.314,-1143.899,success
3,r03_20260912_223952.jsonl,247,5952.449,51.619,measure,19,-0.0,-1300.0,no_signal
3,r03_20260912_223952.jsonl,248,5958.449,6.0,measure,17,-0.0,-1300.0,no_signal
3,r03_20260912_223952.jsonl,249,5964.449,6.0,measure,13,-0.0,-1300.0,no_signal
3,r03_20260912_223952.jsonl,250,5970.449,6.0,measure,12,-0.0,-1300.0,no_signal
3,r03_20260912_223952.jsonl,251,5976.449,6.0,measure,11,-0.0,-1300.0,no_signal
3,r03_20260912_223952.jsonl,252,5982.449,6.0,measure,9,-0.0,-1300.0,no_signal
3,r03_20260912_223952.jsonl,253,5988.449,6.0,measure,8,-0.0,-1300.0,no_signal
3,r03_20260912_223952.jsonl,254,5994.449,6.0,measure,18,-0.0,-1300.0,direction
3,r03_20260912_223952.jsonl,255,6197.724,203.275,measure,18,-946.684,-1005.691,no_signal
3,r03_20260912_223952.jsonl,256,6220.724,23.0,measure,18,-901.684,-927.749,direction
3,r03_20260912_223952.jsonl,257,6243.478,22.754,clear,18,-941.873,-1006.9,success
3,r03_20260912_223952.jsonl,258,6509.074,265.596,measure,17,-0.0,-1900.0,no_signal
3,r03_20260912_223952.jsonl,259,6515.074,6.0,measure,19,-0.0,-1900.0,no_signal
3,r03_20260912_223952.jsonl,260,6521.074,6.0,measure,13,-0.0,-1900.0,no_signal
3,r03_20260912_223952.jsonl,261,6527.074,6.0,measure,12,-0.0,-1900.0,no_signal
3,r03_20260912_223952.jsonl,262,6533.074,6.0,measure,11,-0.0,-1900.0,no_signal
3,r03_20260912_223952.jsonl,263,6539.074,6.0,measure,9,-0.0,-1900.0,no_signal
3,r03_20260912_223952.jsonl,264,6545.074,6.0,measure,8,-0.0,-1900.0,no_signal
3,r03_20260912_223952.jsonl,265,6746.776,201.702,measure,8,950.0,-1645.448,no_signal
3,r03_20260912_223952.jsonl,266,6752.776,6.0,measure,9,950.0,-1645.448,no_signal
3,r03_20260912_223952.jsonl,267,6758.776,6.0,measure,11,950.0,-1645.448,no_signal
3,r03_20260912_223952.jsonl,268,6764.776,6.0,measure,12,950.0,-1645.448,no_signal
3,r03_20260912_223952.jsonl,269,6770.776,6.0,measure,13,950.0,-1645.448,no_signal
3,r03_20260912_223952.jsonl,270,6776.776,6.0,measure,17,950.0,-1645.448,no_signal
3,r03_20260912_223952.jsonl,271,6782.776,6.0,measure,19,950.0,-1645.448,no_signal
3,r03_20260912_223952.jsonl,272,6933.148,150.372,measure,19,919.239,-919.239,no_signal
3,r03_20260912_223952.jsonl,273,6939.148,6.0,measure,17,919.239,-919.239,no_signal
3,r03_20260912_223952.jsonl,274,6945.148,6.0,measure,13,919.239,-919.239,no_signal
3,r03_20260912_223952.jsonl,275,6951.148,6.0,measure,12,919.239,-919.239,no_signal
3,r03_20260912_223952.jsonl,276,6957.148,6.0,measure,11,919.239,-919.239,no_signal
3,r03_20260912_223952.jsonl,277,6963.148,6.0,measure,9,919.239,-919.239,no_signal
3,r03_20260912_223952.jsonl,278,6969.148,6.0,measure,8,919.239,-919.239,no_signal
3,r03_20260912_223952.jsonl,279,7119.521,150.372,measure,8,1645.448,-950.0,no_signal
3,r03_20260912_223952.jsonl,280,7125.521,6.0,measure,9,1645.448,-950.0,no_signal
3,r03_20260912_223952.jsonl,281,7131.521,6.0,measure,11,1645.448,-950.0,no_signal
3,r03_20260912_223952.jsonl,282,7137.521,6.0,measure,12,1645.448,-950.0,no_signal
3,r03_20260912_223952.jsonl,283,7143.521,6.0,measure,13,1645.448,-950.0,no_signal
3,r03_20260912_223952.jsonl,284,7149.521,6.0,measure,17,1645.448,-950.0,no_signal
3,r03_20260912_223952.jsonl,285,7155.521,6.0,measure,19,1645.448,-950.0,no_signal
3,r03_20260912_223952.jsonl,286,7155.521,0.0,exit,,,,
4,r04_20260912_224011.jsonl,0,0.0,0.0,enter,,,,
4,r04_20260912_224011.jsonl,1,5.0,5.0,measure,1,0.0,0.0,no_signal
4,r04_20260912_224011.jsonl,2,11.0,6.0,measure,2,0.0,0.0,no_signal
4,r04_20260912_224011.jsonl,3,17.0,6.0,measure,3,0.0,0.0,no_signal
4,r04_20260912_224011.jsonl,4,23.0,6.0,measure,4,0.0,0.0,no_signal
4,r04_20260912_224011.jsonl,5,29.0,6.0,measure,5,0.0,0.0,direction
4,r04_20260912_224011.jsonl,6,35.0,6.0,measure,6,0.0,0.0,no_signal
4,r04_20260912_224011.jsonl,7,41.0,6.0,measure,7,0.0,0.0,no_signal
4,r04_20260912_224011.jsonl,8,47.0,6.0,measure,8,0.0,0.0,no_signal
4,r04_20260912_224011.jsonl,9,53.0,6.0,measure,9,0.0,0.0,no_signal
4,r04_20260912_224011.jsonl,10,59.0,6.0,measure,10,0.0,0.0,no_signal
4,r04_20260912_224011.jsonl,11,65.0,6.0,measure,11,0.0,0.0,no_signal
4,r04_20260912_224011.jsonl,12,71.0,6.0,measure,12,0.0,0.0,no_signal
4,r04_20260912_224011.jsonl,13,77.0,6.0,measure,13,0.0,0.0,direction
4,r04_20260912_224011.jsonl,14,83.0,6.0,measure,14,0.0,0.0,no_signal
4,r04_20260912_224011.jsonl,15,89.0,6.0,measure,15,0.0,0.0,no_signal
4,r04_20260912_224011.jsonl,16,95.0,6.0,measure,16,0.0,0.0,direction
4,r04_20260912_224011.jsonl,17,101.0,6.0,measure,17,0.0,0.0,no_signal
4,r04_20260912_224011.jsonl,18,107.0,6.0,measure,18,0.0,0.0,direction
4,r04_20260912_224011.jsonl,19,113.0,6.0,measure,19,0.0,0.0,no_signal
4,r04_20260912_224011.jsonl,20,119.0,6.0,measure,20,0.0,0.0,no_signal
4,r04_20260912_224011.jsonl,21,204.0,85.0,measure,20,400.0,0.0,no_signal
4,r04_20260912_224011.jsonl,22,210.0,6.0,measure,19,400.0,0.0,no_signal
4,r04_20260912_224011.jsonl,23,216.0,6.0,measure,17,400.0,0.0,no_signal
4,r04_20260912_224011.jsonl,24,222.0,6.0,measure,15,400.0,0.0,no_signal
4,r04_20260912_224011.jsonl,25,228.0,6.0,measure,14,400.0,0.0,no_signal
4,r04_20260912_224011.jsonl,26,234.0,6.0,measure,12,400.0,0.0,no_signal
4,r04_20260912_224011.jsonl,27,240.0,6.0,measure,11,400.0,0.0,no_signal
4,r04_20260912_224011.jsonl,28,246.0,6.0,measure,10,400.0,0.0,no_signal
4,r04_20260912_224011.jsonl,29,252.0,6.0,measure,9,400.0,0.0,no_signal
4,r04_20260912_224011.jsonl,30,258.0,6.0,measure,8,400.0,0.0,no_signal
4,r04_20260912_224011.jsonl,31,264.0,6.0,measure,7,400.0,0.0,no_signal
4,r04_20260912_224011.jsonl,32,270.0,6.0,measure,6,400.0,0.0,no_signal
4,r04_20260912_224011.jsonl,33,276.0,6.0,measure,4,400.0,0.0,no_signal
4,r04_20260912_224011.jsonl,34,282.0,6.0,measure,3,400.0,0.0,no_signal
4,r04_20260912_224011.jsonl,35,288.0,6.0,measure,2,400.0,0.0,no_signal
4,r04_20260912_224011.jsonl,36,294.0,6.0,measure,1,400.0,0.0,no_signal
4,r04_20260912_224011.jsonl,37,300.0,6.0,measure,18,400.0,0.0,direction
4,r04_20260912_224011.jsonl,38,306.0,6.0,measure,5,400.0,0.0,direction
4,r04_20260912_224011.jsonl,39,392.0,86.0,measure,4,200.0,-346.41,no_signal
4,r04_20260912_224011.jsonl,40,398.0,6.0,measure,6,200.0,-346.41,no_signal
4,r04_20260912_224011.jsonl,41,404.0,6.0,measure,3,200.0,-346.41,no_signal
4,r04_20260912_224011.jsonl,42,410.0,6.0,measure,7,200.0,-346.41,no_signal
4,r04_20260912_224011.jsonl,43,416.0,6.0,measure,2,200.0,-346.41,no_signal
4,r04_20260912_224011.jsonl,44,422.0,6.0,measure,8,200.0,-346.41,no_signal
4,r04_20260912_224011.jsonl,45,428.0,6.0,measure,1,200.0,-346.41,no_signal
4,r04_20260912_224011.jsonl,46,434.0,6.0,measure,9,200.0,-346.41,no_signal
4,r04_20260912_224011.jsonl,47,440.0,6.0,measure,10,200.0,-346.41,no_signal
4,r04_20260912_224011.jsonl,48,446.0,6.0,measure,11,200.0,-346.41,no_signal
4,r04_20260912_224011.jsonl,49,452.0,6.0,measure,12,200.0,-346.41,no_signal
4,r04_20260912_224011.jsonl,50,458.0,6.0,measure,14,200.0,-346.41,no_signal
4,r04_20260912_224011.jsonl,51,464.0,6.0,measure,15,200.0,-346.41,no_signal
4,r04_20260912_224011.jsonl,52,470.0,6.0,measure,17,200.0,-346.41,no_signal
4,r04_20260912_224011.jsonl,53,476.0,6.0,measure,19,200.0,-346.41,no_signal
4,r04_20260912_224011.jsonl,54,482.0,6.0,measure,20,200.0,-346.41,no_signal
4,r04_20260912_224011.jsonl,55,488.0,6.0,measure,13,200.0,-346.41,direction
4,r04_20260912_224011.jsonl,56,494.0,6.0,measure,18,200.0,-346.41,direction
4,r04_20260912_224011.jsonl,57,573.736,79.736,measure,5,156.35,-712.499,no_signal
4,r04_20260912_224011.jsonl,58,583.521,9.784,measure,5,157.6,-688.61,direction
4,r04_20260912_224011.jsonl,59,591.161,7.64,clear,5,163.504,-700.417,success
4,r04_20260912_224011.jsonl,60,698.641,107.48,measure,4,-200.0,-346.41,no_signal
4,r04_20260912_224011.jsonl,61,704.641,6.0,measure,6,-200.0,-346.41,direction
4,r04_20260912_224011.jsonl,62,710.641,6.0,measure,3,-200.0,-346.41,no_signal
4,r04_20260912_224011.jsonl,63,716.641,6.0,measure,7,-200.0,-346.41,no_signal
4,r04_20260912_224011.jsonl,64,722.641,6.0,measure,2,-200.0,-346.41,no_signal
4,r04_20260912_224011.jsonl,65,728.641,6.0,measure,8,-200.0,-346.41,no_signal
4,r04_20260912_224011.jsonl,66,734.641,6.0,measure,1,-200.0,-346.41,no_signal
4,r04_20260912_224011.jsonl,67,740.641,6.0,measure,9,-200.0,-346.41,no_signal
4,r04_20260912_224011.jsonl,68,746.641,6.0,measure,10,-200.0,-346.41,no_signal
4,r04_20260912_224011.jsonl,69,752.641,6.0,measure,11,-200.0,-346.41,no_signal
4,r04_20260912_224011.jsonl,70,758.641,6.0,measure,12,-200.0,-346.41,no_signal
4,r04_20260912_224011.jsonl,71,764.641,6.0,measure,14,-200.0,-346.41,no_signal
4,r04_20260912_224011.jsonl,72,770.641,6.0,measure,15,-200.0,-346.41,no_signal
4,r04_20260912_224011.jsonl,73,776.641,6.0,measure,17,-200.0,-346.41,no_signal
4,r04_20260912_224011.jsonl,74,782.641,6.0,measure,19,-200.0,-346.41,no_signal
4,r04_20260912_224011.jsonl,75,788.641,6.0,measure,20,-200.0,-346.41,no_signal
4,r04_20260912_224011.jsonl,76,794.641,6.0,measure,6,-200.0,-346.41,direction
4,r04_20260912_224011.jsonl,77,800.641,6.0,measure,13,-200.0,-346.41,direction
4,r04_20260912_224011.jsonl,78,866.588,65.947,clear,13,-463.801,-193.855,success
4,r04_20260912_224011.jsonl,79,913.405,46.817,measure,12,-400.0,0.0,no_signal
4,r04_20260912_224011.jsonl,80,919.405,6.0,measure,14,-400.0,0.0,no_signal
4,r04_20260912_224011.jsonl,81,925.405,6.0,measure,11,-400.0,0.0,no_signal
4,r04_20260912_224011.jsonl,82,931.405,6.0,measure,15,-400.0,0.0,no_signal
4,r04_20260912_224011.jsonl,83,937.405,6.0,measure,10,-400.0,0.0,no_signal
4,r04_20260912_224011.jsonl,84,943.405,6.0,measure,9,-400.0,0.0,no_signal
4,r04_20260912_224011.jsonl,85,949.405,6.0,measure,17,-400.0,0.0,no_signal
4,r04_20260912_224011.jsonl,86,955.405,6.0,measure,8,-400.0,0.0,no_signal
4,r04_20260912_224011.jsonl,87,961.405,6.0,measure,7,-400.0,0.0,no_signal
4,r04_20260912_224011.jsonl,88,967.405,6.0,measure,19,-400.0,0.0,no_signal
4,r04_20260912_224011.jsonl,89,973.405,6.0,measure,20,-400.0,0.0,no_signal
4,r04_20260912_224011.jsonl,90,979.405,6.0,measure,4,-400.0,0.0,no_signal
4,r04_20260912_224011.jsonl,91,985.405,6.0,measure,3,-400.0,0.0,no_signal
4,r04_20260912_224011.jsonl,92,991.405,6.0,measure,2,-400.0,0.0,no_signal
4,r04_20260912_224011.jsonl,93,997.405,6.0,measure,1,-400.0,0.0,no_signal
4,r04_20260912_224011.jsonl,94,1003.405,6.0,measure,16,-400.0,0.0,direction
4,r04_20260912_224011.jsonl,95,1009.405,6.0,measure,6,-400.0,0.0,no_signal
4,r04_20260912_224011.jsonl,96,1095.405,86.0,measure,7,-200.0,346.41,no_signal
4,r04_20260912_224011.jsonl,97,1101.405,6.0,measure,4,-200.0,346.41,no_signal
4,r04_20260912_224011.jsonl,98,1107.405,6.0,measure,8,-200.0,346.41,no_signal
4,r04_20260912_224011.jsonl,99,1113.405,6.0,measure,3,-200.0,346.41,no_signal
4,r04_20260912_224011.jsonl,100,1119.405,6.0,measure,9,-200.0,346.41,no_signal
4,r04_20260912_224011.jsonl,101,1125.405,6.0,measure,2,-200.0,346.41,no_signal
4,r04_20260912_224011.jsonl,102,1131.405,6.0,measure,10,-200.0,346.41,no_signal
4,r04_20260912_224011.jsonl,103,1137.405,6.0,measure,1,-200.0,346.41,no_signal
4,r04_20260912_224011.jsonl,104,1143.405,6.0,measure,11,-200.0,346.41,no_signal
4,r04_20260912_224011.jsonl,105,1149.405,6.0,measure,12,-200.0,346.41,no_signal
4,r04_20260912_224011.jsonl,106,1155.405,6.0,measure,14,-200.0,346.41,no_signal
4,r04_20260912_224011.jsonl,107,1161.405,6.0,measure,15,-200.0,346.41,no_signal
4,r04_20260912_224011.jsonl,108,1167.405,6.0,measure,17,-200.0,346.41,no_signal
4,r04_20260912_224011.jsonl,109,1173.405,6.0,measure,19,-200.0,346.41,no_signal
4,r04_20260912_224011.jsonl,110,1179.405,6.0,measure,20,-200.0,346.41,no_signal
4,r04_20260912_224011.jsonl,111,1185.405,6.0,measure,16,-200.0,346.41,direction
4,r04_20260912_224011.jsonl,112,1271.405,86.0,measure,15,200.0,346.41,no_signal
4,r04_20260912_224011.jsonl,113,1277.405,6.0,measure,17,200.0,346.41,no_signal
4,r04_20260912_224011.jsonl,114,1283.405,6.0,measure,14,200.0,346.41,no_signal
4,r04_20260912_224011.jsonl,115,1289.405,6.0,measure,19,200.0,346.41,no_signal
4,r04_20260912_224011.jsonl,116,1295.405,6.0,measure,12,200.0,346.41,no_signal
4,r04_20260912_224011.jsonl,117,1301.405,6.0,measure,20,200.0,346.41,no_signal
4,r04_20260912_224011.jsonl,118,1307.405,6.0,measure,11,200.0,346.41,no_signal
4,r04_20260912_224011.jsonl,119,1313.405,6.0,measure,10,200.0,346.41,no_signal
4,r04_20260912_224011.jsonl,120,1319.405,6.0,measure,9,200.0,346.41,no_signal
4,r04_20260912_224011.jsonl,121,1325.405,6.0,measure,8,200.0,346.41,no_signal
4,r04_20260912_224011.jsonl,122,1331.405,6.0,measure,7,200.0,346.41,no_signal
4,r04_20260912_224011.jsonl,123,1337.405,6.0,measure,4,200.0,346.41,no_signal
4,r04_20260912_224011.jsonl,124,1343.405,6.0,measure,3,200.0,346.41,no_signal
4,r04_20260912_224011.jsonl,125,1349.405,6.0,measure,2,200.0,346.41,no_signal
4,r04_20260912_224011.jsonl,126,1355.405,6.0,measure,1,200.0,346.41,no_signal
4,r04_20260912_224011.jsonl,127,1361.405,6.0,measure,18,200.0,346.41,direction
4,r04_20260912_224011.jsonl,128,1367.405,6.0,measure,16,200.0,346.41,direction
4,r04_20260912_224011.jsonl,129,1469.895,102.49,measure,16,52.472,810.999,direction
4,r04_20260912_224011.jsonl,130,1476.393,6.498,clear,16,51.332,818.4,success
4,r04_20260912_224011.jsonl,131,1579.258,102.866,measure,15,0.0,1300.0,no_signal
4,r04_20260912_224011.jsonl,132,1585.258,6.0,measure,17,0.0,1300.0,no_signal
4,r04_20260912_224011.jsonl,133,1591.258,6.0,measure,14,0.0,1300.0,no_signal
4,r04_20260912_224011.jsonl,134,1597.258,6.0,measure,19,0.0,1300.0,no_signal
4,r04_20260912_224011.jsonl,135,1603.258,6.0,measure,12,0.0,1300.0,no_signal
4,r04_20260912_224011.jsonl,136,1609.258,6.0,measure,20,0.0,1300.0,no_signal
4,r04_20260912_224011.jsonl,137,1615.258,6.0,measure,11,0.0,1300.0,no_signal
4,r04_20260912_224011.jsonl,138,1621.258,6.0,measure,10,0.0,1300.0,no_signal
4,r04_20260912_224011.jsonl,139,1627.258,6.0,measure,9,0.0,1300.0,no_signal
4,r04_20260912_224011.jsonl,140,1633.258,6.0,measure,8,0.0,1300.0,no_signal
4,r04_20260912_224011.jsonl,141,1639.258,6.0,measure,7,0.0,1300.0,no_signal
4,r04_20260912_224011.jsonl,142,1645.258,6.0,measure,4,0.0,1300.0,no_signal
4,r04_20260912_224011.jsonl,143,1651.258,6.0,measure,3,0.0,1300.0,no_signal
4,r04_20260912_224011.jsonl,144,1657.258,6.0,measure,2,0.0,1300.0,no_signal
4,r04_20260912_224011.jsonl,145,1663.258,6.0,measure,1,0.0,1300.0,no_signal
4,r04_20260912_224011.jsonl,146,1788.258,125.0,measure,1,0.0,1900.0,no_signal
4,r04_20260912_224011.jsonl,147,1794.258,6.0,measure,2,0.0,1900.0,no_signal
4,r04_20260912_224011.jsonl,148,1800.258,6.0,measure,3,0.0,1900.0,no_signal
4,r04_20260912_224011.jsonl,149,1806.258,6.0,measure,4,0.0,1900.0,no_signal
4,r04_20260912_224011.jsonl,150,1812.258,6.0,measure,7,0.0,1900.0,no_signal
4,r04_20260912_224011.jsonl,151,1818.258,6.0,measure,8,0.0,1900.0,no_signal
4,r04_20260912_224011.jsonl,152,1824.258,6.0,measure,9,0.0,1900.0,no_signal
4,r04_20260912_224011.jsonl,153,1830.258,6.0,measure,10,0.0,1900.0,no_signal
4,r04_20260912_224011.jsonl,154,1836.258,6.0,measure,11,0.0,1900.0,no_signal
4,r04_20260912_224011.jsonl,155,1842.258,6.0,measure,12,0.0,1900.0,no_signal
4,r04_20260912_224011.jsonl,156,1848.258,6.0,measure,14,0.0,1900.0,no_signal
4,r04_20260912_224011.jsonl,157,1854.258,6.0,measure,15,0.0,1900.0,no_signal
4,r04_20260912_224011.jsonl,158,1860.258,6.0,measure,17,0.0,1900.0,no_signal
4,r04_20260912_224011.jsonl,159,1866.258,6.0,measure,19,0.0,1900.0,no_signal
4,r04_20260912_224011.jsonl,160,1872.258,6.0,measure,20,0.0,1900.0,no_signal
4,r04_20260912_224011.jsonl,161,2073.961,201.702,measure,20,-950.0,1645.448,no_signal
4,r04_20260912_224011.jsonl,162,2079.961,6.0,measure,19,-950.0,1645.448,no_signal
4,r04_20260912_224011.jsonl,163,2085.961,6.0,measure,17,-950.0,1645.448,no_signal
4,r04_20260912_224011.jsonl,164,2091.961,6.0,measure,15,-950.0,1645.448,no_signal
4,r04_20260912_224011.jsonl,165,2097.961,6.0,measure,14,-950.0,1645.448,no_signal
4,r04_20260912_224011.jsonl,166,2103.961,6.0,measure,12,-950.0,1645.448,direction
4,r04_20260912_224011.jsonl,167,2109.961,6.0,measure,11,-950.0,1645.448,no_signal
4,r04_20260912_224011.jsonl,168,2115.961,6.0,measure,10,-950.0,1645.448,no_signal
4,r04_20260912_224011.jsonl,169,2121.961,6.0,measure,9,-950.0,1645.448,no_signal
4,r04_20260912_224011.jsonl,170,2127.961,6.0,measure,8,-950.0,1645.448,no_signal
4,r04_20260912_224011.jsonl,171,2133.961,6.0,measure,7,-950.0,1645.448,no_signal
4,r04_20260912_224011.jsonl,172,2139.961,6.0,measure,4,-950.0,1645.448,no_signal
4,r04_20260912_224011.jsonl,173,2145.961,6.0,measure,3,-950.0,1645.448,no_signal
4,r04_20260912_224011.jsonl,174,2151.961,6.0,measure,2,-950.0,1645.448,no_signal
4,r04_20260912_224011.jsonl,175,2157.961,6.0,measure,1,-950.0,1645.448,no_signal
4,r04_20260912_224011.jsonl,176,2163.961,6.0,measure,12,-950.0,1645.448,direction
4,r04_20260912_224011.jsonl,177,2315.333,151.372,measure,11,-919.239,919.239,no_signal
4,r04_20260912_224011.jsonl,178,2321.333,6.0,measure,10,-919.239,919.239,no_signal
4,r04_20260912_224011.jsonl,179,2327.333,6.0,measure,14,-919.239,919.239,no_signal
4,r04_20260912_224011.jsonl,180,2333.333,6.0,measure,9,-919.239,919.239,no_signal
4,r04_20260912_224011.jsonl,181,2339.333,6.0,measure,15,-919.239,919.239,no_signal
4,r04_20260912_224011.jsonl,182,2345.333,6.0,measure,8,-919.239,919.239,no_signal
4,r04_20260912_224011.jsonl,183,2351.333,6.0,measure,7,-919.239,919.239,no_signal
4,r04_20260912_224011.jsonl,184,2357.333,6.0,measure,17,-919.239,919.239,no_signal
4,r04_20260912_224011.jsonl,185,2363.333,6.0,measure,19,-919.239,919.239,no_signal
4,r04_20260912_224011.jsonl,186,2369.333,6.0,measure,4,-919.239,919.239,no_signal
4,r04_20260912_224011.jsonl,187,2375.333,6.0,measure,20,-919.239,919.239,no_signal
4,r04_20260912_224011.jsonl,188,2381.333,6.0,measure,3,-919.239,919.239,no_signal
4,r04_20260912_224011.jsonl,189,2387.333,6.0,measure,2,-919.239,919.239,no_signal
4,r04_20260912_224011.jsonl,190,2393.333,6.0,measure,1,-919.239,919.239,no_signal
4,r04_20260912_224011.jsonl,191,2399.333,6.0,measure,12,-919.239,919.239,direction
4,r04_20260912_224011.jsonl,192,2550.705,151.372,measure,11,-1645.448,950.0,direction
4,r04_20260912_224011.jsonl,193,2556.705,6.0,measure,10,-1645.448,950.0,no_signal
4,r04_20260912_224011.jsonl,194,2562.705,6.0,measure,14,-1645.448,950.0,no_signal
4,r04_20260912_224011.jsonl,195,2568.705,6.0,measure,9,-1645.448,950.0,no_signal
4,r04_20260912_224011.jsonl,196,2574.705,6.0,measure,15,-1645.448,950.0,no_signal
4,r04_20260912_224011.jsonl,197,2580.705,6.0,measure,8,-1645.448,950.0,no_signal
4,r04_20260912_224011.jsonl,198,2586.705,6.0,measure,7,-1645.448,950.0,no_signal
4,r04_20260912_224011.jsonl,199,2592.705,6.0,measure,17,-1645.448,950.0,no_signal
4,r04_20260912_224011.jsonl,200,2598.705,6.0,measure,19,-1645.448,950.0,no_signal
4,r04_20260912_224011.jsonl,201,2604.705,6.0,measure,4,-1645.448,950.0,no_signal
4,r04_20260912_224011.jsonl,202,2610.705,6.0,measure,20,-1645.448,950.0,no_signal
4,r04_20260912_224011.jsonl,203,2616.705,6.0,measure,3,-1645.448,950.0,no_signal
4,r04_20260912_224011.jsonl,204,2622.705,6.0,measure,2,-1645.448,950.0,no_signal
4,r04_20260912_224011.jsonl,205,2628.705,6.0,measure,1,-1645.448,950.0,no_signal
4,r04_20260912_224011.jsonl,206,2634.705,6.0,measure,11,-1645.448,950.0,direction
4,r04_20260912_224011.jsonl,207,2640.705,6.0,measure,12,-1645.448,950.0,direction
4,r04_20260912_224011.jsonl,208,2710.022,69.317,clear,12,-1541.699,645.612,success
4,r04_20260912_224011.jsonl,209,2853.896,143.874,measure,10,-1300.0,0.0,direction
4,r04_20260912_224011.jsonl,210,2859.896,6.0,measure,14,-1300.0,0.0,no_signal
4,r04_20260912_224011.jsonl,211,2865.896,6.0,measure,9,-1300.0,0.0,no_signal
4,r04_20260912_224011.jsonl,212,2871.896,6.0,measure,15,-1300.0,0.0,no_signal
4,r04_20260912_224011.jsonl,213,2877.896,6.0,measure,8,-1300.0,0.0,no_signal
4,r04_20260912_224011.jsonl,214,2883.896,6.0,measure,7,-1300.0,0.0,no_signal
4,r04_20260912_224011.jsonl,215,2889.896,6.0,measure,17,-1300.0,0.0,direction
4,r04_20260912_224011.jsonl,216,2895.896,6.0,measure,19,-1300.0,0.0,no_signal
4,r04_20260912_224011.jsonl,217,2901.896,6.0,measure,4,-1300.0,0.0,no_signal
4,r04_20260912_224011.jsonl,218,2907.896,6.0,measure,20,-1300.0,0.0,no_signal
4,r04_20260912_224011.jsonl,219,2913.896,6.0,measure,3,-1300.0,0.0,no_signal
4,r04_20260912_224011.jsonl,220,2919.896,6.0,measure,2,-1300.0,0.0,direction
4,r04_20260912_224011.jsonl,221,2925.896,6.0,measure,1,-1300.0,0.0,no_signal
4,r04_20260912_224011.jsonl,222,2931.896,6.0,measure,10,-1300.0,0.0,direction
4,r04_20260912_224011.jsonl,223,2937.896,6.0,measure,11,-1300.0,0.0,direction
4,r04_20260912_224011.jsonl,224,3025.384,87.488,measure,11,-1244.015,408.621,near
4,r04_20260912_224011.jsonl,225,3030.384,5.0,clear,11,-1244.015,408.621,success
4,r04_20260912_224011.jsonl,226,3033.384,3.0,clear,11,-1244.015,408.621,no_target_in_range
4,r04_20260912_224011.jsonl,227,3193.952,160.569,measure,9,-1900.0,0.0,no_signal
4,r04_20260912_224011.jsonl,228,3199.952,6.0,measure,8,-1900.0,0.0,no_signal
4,r04_20260912_224011.jsonl,229,3205.952,6.0,measure,14,-1900.0,0.0,no_signal
4,r04_20260912_224011.jsonl,230,3211.952,6.0,measure,7,-1900.0,0.0,no_signal
4,r04_20260912_224011.jsonl,231,3217.952,6.0,measure,15,-1900.0,0.0,no_signal
4,r04_20260912_224011.jsonl,232,3223.952,6.0,measure,4,-1900.0,0.0,no_signal
4,r04_20260912_224011.jsonl,233,3229.952,6.0,measure,3,-1900.0,0.0,no_signal
4,r04_20260912_224011.jsonl,234,3235.952,6.0,measure,19,-1900.0,0.0,no_signal
4,r04_20260912_224011.jsonl,235,3241.952,6.0,measure,20,-1900.0,0.0,no_signal
4,r04_20260912_224011.jsonl,236,3247.952,6.0,measure,1,-1900.0,0.0,no_signal
4,r04_20260912_224011.jsonl,237,3253.952,6.0,measure,17,-1900.0,0.0,direction
4,r04_20260912_224011.jsonl,238,3366.611,112.659,clear,17,-1616.161,457.379,success
4,r04_20260912_224011.jsonl,239,3480.27,113.659,measure,2,-1900.0,0.0,no_signal
4,r04_20260912_224011.jsonl,240,3682.972,202.702,measure,1,-1645.448,-950.0,no_signal
4,r04_20260912_224011.jsonl,241,3688.972,6.0,measure,3,-1645.448,-950.0,no_signal
4,r04_20260912_224011.jsonl,242,3694.972,6.0,measure,4,-1645.448,-950.0,no_signal
4,r04_20260912_224011.jsonl,243,3700.972,6.0,measure,7,-1645.448,-950.0,no_signal
4,r04_20260912_224011.jsonl,244,3706.972,6.0,measure,8,-1645.448,-950.0,no_signal
4,r04_20260912_224011.jsonl,245,3712.972,6.0,measure,9,-1645.448,-950.0,no_signal
4,r04_20260912_224011.jsonl,246,3718.972,6.0,measure,14,-1645.448,-950.0,no_signal
4,r04_20260912_224011.jsonl,247,3724.972,6.0,measure,15,-1645.448,-950.0,no_signal
4,r04_20260912_224011.jsonl,248,3730.972,6.0,measure,19,-1645.448,-950.0,no_signal
4,r04_20260912_224011.jsonl,249,3736.972,6.0,measure,20,-1645.448,-950.0,no_signal
4,r04_20260912_224011.jsonl,250,3742.972,6.0,measure,10,-1645.448,-950.0,no_signal
4,r04_20260912_224011.jsonl,251,3748.972,6.0,measure,6,-1645.448,-950.0,no_signal
4,r04_20260912_224011.jsonl,252,3900.344,151.372,measure,7,-919.239,-919.239,no_signal
4,r04_20260912_224011.jsonl,253,3906.344,6.0,measure,4,-919.239,-919.239,no_signal
4,r04_20260912_224011.jsonl,254,3912.344,6.0,measure,8,-919.239,-919.239,no_signal
4,r04_20260912_224011.jsonl,255,3918.344,6.0,measure,3,-919.239,-919.239,no_signal
4,r04_20260912_224011.jsonl,256,3924.344,6.0,measure,9,-919.239,-919.239,no_signal
4,r04_20260912_224011.jsonl,257,3930.344,6.0,measure,1,-919.239,-919.239,no_signal
4,r04_20260912_224011.jsonl,258,3936.344,6.0,measure,14,-919.239,-919.239,no_signal
4,r04_20260912_224011.jsonl,259,3942.344,6.0,measure,15,-919.239,-919.239,no_signal
4,r04_20260912_224011.jsonl,260,3948.344,6.0,measure,19,-919.239,-919.239,direction
4,r04_20260912_224011.jsonl,261,3954.344,6.0,measure,20,-919.239,-919.239,no_signal
4,r04_20260912_224011.jsonl,262,3960.344,6.0,measure,10,-919.239,-919.239,no_signal
4,r04_20260912_224011.jsonl,263,3966.344,6.0,measure,19,-919.239,-919.239,direction
4,r04_20260912_224011.jsonl,264,4117.716,151.372,measure,20,-950.0,-1645.448,no_signal
4,r04_20260912_224011.jsonl,265,4123.716,6.0,measure,15,-950.0,-1645.448,no_signal
4,r04_20260912_224011.jsonl,266,4129.716,6.0,measure,14,-950.0,-1645.448,no_signal
4,r04_20260912_224011.jsonl,267,4135.716,6.0,measure,9,-950.0,-1645.448,no_signal
4,r04_20260912_224011.jsonl,268,4141.716,6.0,measure,8,-950.0,-1645.448,no_signal
4,r04_20260912_224011.jsonl,269,4147.716,6.0,measure,7,-950.0,-1645.448,no_signal
4,r04_20260912_224011.jsonl,270,4153.716,6.0,measure,4,-950.0,-1645.448,no_signal
4,r04_20260912_224011.jsonl,271,4159.716,6.0,measure,3,-950.0,-1645.448,no_signal
4,r04_20260912_224011.jsonl,272,4165.716,6.0,measure,1,-950.0,-1645.448,no_signal
4,r04_20260912_224011.jsonl,273,4171.716,6.0,measure,10,-950.0,-1645.448,no_signal
4,r04_20260912_224011.jsonl,274,4177.716,6.0,measure,6,-950.0,-1645.448,no_signal
4,r04_20260912_224011.jsonl,275,4385.888,208.172,measure,7,-0.0,-1300.0,no_signal
4,r04_20260912_224011.jsonl,276,4391.888,6.0,measure,4,-0.0,-1300.0,no_signal
4,r04_20260912_224011.jsonl,277,4397.888,6.0,measure,8,-0.0,-1300.0,no_signal
4,r04_20260912_224011.jsonl,278,4403.888,6.0,measure,3,-0.0,-1300.0,no_signal
4,r04_20260912_224011.jsonl,279,4409.888,6.0,measure,9,-0.0,-1300.0,no_signal
4,r04_20260912_224011.jsonl,280,4415.888,6.0,measure,1,-0.0,-1300.0,no_signal
4,r04_20260912_224011.jsonl,281,4421.888,6.0,measure,14,-0.0,-1300.0,no_signal
4,r04_20260912_224011.jsonl,282,4427.888,6.0,measure,15,-0.0,-1300.0,no_signal
4,r04_20260912_224011.jsonl,283,4433.888,6.0,measure,20,-0.0,-1300.0,no_signal
4,r04_20260912_224011.jsonl,284,4439.888,6.0,measure,10,-0.0,-1300.0,no_signal
4,r04_20260912_224011.jsonl,285,4445.888,6.0,measure,19,-0.0,-1300.0,direction
4,r04_20260912_224011.jsonl,286,4535.753,89.865,clear,19,-80.437,-883.371,success
4,r04_20260912_224011.jsonl,287,4745.714,209.961,measure,20,-0.0,-1900.0,direction
4,r04_20260912_224011.jsonl,288,4751.714,6.0,measure,15,-0.0,-1900.0,no_signal
4,r04_20260912_224011.jsonl,289,4757.714,6.0,measure,14,-0.0,-1900.0,no_signal
4,r04_20260912_224011.jsonl,290,4763.714,6.0,measure,9,-0.0,-1900.0,no_signal
4,r04_20260912_224011.jsonl,291,4769.714,6.0,measure,8,-0.0,-1900.0,no_signal
4,r04_20260912_224011.jsonl,292,4775.714,6.0,measure,7,-0.0,-1900.0,no_signal
4,r04_20260912_224011.jsonl,293,4781.714,6.0,measure,4,-0.0,-1900.0,no_signal
4,r04_20260912_224011.jsonl,294,4787.714,6.0,measure,3,-0.0,-1900.0,no_signal
4,r04_20260912_224011.jsonl,295,4793.714,6.0,measure,1,-0.0,-1900.0,no_signal
4,r04_20260912_224011.jsonl,296,4799.714,6.0,measure,6,-0.0,-1900.0,direction
4,r04_20260912_224011.jsonl,297,4805.714,6.0,measure,20,-0.0,-1900.0,direction
4,r04_20260912_224011.jsonl,298,4946.821,141.107,measure,6,-620.459,-1632.831,no_signal
4,r04_20260912_224011.jsonl,299,4969.821,23.0,measure,6,-530.459,-1632.831,direction
4,r04_20260912_224011.jsonl,300,4984.126,14.305,measure,6,-543.008,-1588.03,direction
4,r04_20260912_224011.jsonl,301,5006.854,22.727,clear,6,-619.595,-1632.65,success
4,r04_20260912_224011.jsonl,302,5326.783,319.929,measure,7,950.0,-1645.448,no_signal
4,r04_20260912_224011.jsonl,303,5332.783,6.0,measure,4,950.0,-1645.448,no_signal
4,r04_20260912_224011.jsonl,304,5338.783,6.0,measure,8,950.0,-1645.448,no_signal
4,r04_20260912_224011.jsonl,305,5344.783,6.0,measure,3,950.0,-1645.448,no_signal
4,r04_20260912_224011.jsonl,306,5350.783,6.0,measure,9,950.0,-1645.448,no_signal
4,r04_20260912_224011.jsonl,307,5356.783,6.0,measure,1,950.0,-1645.448,no_signal
4,r04_20260912_224011.jsonl,308,5362.783,6.0,measure,14,950.0,-1645.448,no_signal
4,r04_20260912_224011.jsonl,309,5368.783,6.0,measure,15,950.0,-1645.448,no_signal
4,r04_20260912_224011.jsonl,310,5374.783,6.0,measure,20,950.0,-1645.448,no_signal
4,r04_20260912_224011.jsonl,311,5526.155,151.372,measure,15,919.239,-919.239,direction
4,r04_20260912_224011.jsonl,312,5532.155,6.0,measure,14,919.239,-919.239,no_signal
4,r04_20260912_224011.jsonl,313,5538.155,6.0,measure,9,919.239,-919.239,no_signal
4,r04_20260912_224011.jsonl,314,5544.155,6.0,measure,8,919.239,-919.239,no_signal
4,r04_20260912_224011.jsonl,315,5550.155,6.0,measure,7,919.239,-919.239,no_signal
4,r04_20260912_224011.jsonl,316,5556.155,6.0,measure,4,919.239,-919.239,no_signal
4,r04_20260912_224011.jsonl,317,5562.155,6.0,measure,3,919.239,-919.239,no_signal
4,r04_20260912_224011.jsonl,318,5568.155,6.0,measure,1,919.239,-919.239,no_signal
4,r04_20260912_224011.jsonl,319,5574.155,6.0,measure,20,919.239,-919.239,no_signal
4,r04_20260912_224011.jsonl,320,5580.155,6.0,measure,15,919.239,-919.239,direction
4,r04_20260912_224011.jsonl,321,5731.527,151.372,measure,14,1645.448,-950.0,no_signal
4,r04_20260912_224011.jsonl,322,5737.527,6.0,measure,9,1645.448,-950.0,no_signal
4,r04_20260912_224011.jsonl,323,5743.527,6.0,measure,8,1645.448,-950.0,no_signal
4,r04_20260912_224011.jsonl,324,5749.527,6.0,measure,7,1645.448,-950.0,no_signal
4,r04_20260912_224011.jsonl,325,5755.527,6.0,measure,4,1645.448,-950.0,no_signal
4,r04_20260912_224011.jsonl,326,5761.527,6.0,measure,3,1645.448,-950.0,no_signal
4,r04_20260912_224011.jsonl,327,5767.527,6.0,measure,1,1645.448,-950.0,no_signal
4,r04_20260912_224011.jsonl,328,5773.527,6.0,measure,20,1645.448,-950.0,no_signal
4,r04_20260912_224011.jsonl,329,5779.527,6.0,measure,15,1645.448,-950.0,direction
4,r04_20260912_224011.jsonl,330,5982.23,202.702,measure,14,1900.0,0.0,no_signal
4,r04_20260912_224011.jsonl,331,5988.23,6.0,measure,9,1900.0,0.0,no_signal
4,r04_20260912_224011.jsonl,332,5994.23,6.0,measure,8,1900.0,0.0,no_signal
4,r04_20260912_224011.jsonl,333,6000.23,6.0,measure,7,1900.0,0.0,no_signal
4,r04_20260912_224011.jsonl,334,6006.23,6.0,measure,4,1900.0,0.0,no_signal
4,r04_20260912_224011.jsonl,335,6012.23,6.0,measure,3,1900.0,0.0,no_signal
4,r04_20260912_224011.jsonl,336,6018.23,6.0,measure,1,1900.0,0.0,no_signal
4,r04_20260912_224011.jsonl,337,6024.23,6.0,measure,18,1900.0,0.0,no_signal
4,r04_20260912_224011.jsonl,338,6226.932,202.702,measure,14,1645.448,950.0,no_signal
4,r04_20260912_224011.jsonl,339,6232.932,6.0,measure,9,1645.448,950.0,no_signal
4,r04_20260912_224011.jsonl,340,6238.932,6.0,measure,8,1645.448,950.0,no_signal
4,r04_20260912_224011.jsonl,341,6244.932,6.0,measure,7,1645.448,950.0,no_signal
4,r04_20260912_224011.jsonl,342,6250.932,6.0,measure,4,1645.448,950.0,no_signal
4,r04_20260912_224011.jsonl,343,6256.932,6.0,measure,3,1645.448,950.0,no_signal
4,r04_20260912_224011.jsonl,344,6262.932,6.0,measure,1,1645.448,950.0,no_signal
4,r04_20260912_224011.jsonl,345,6464.634,201.702,measure,1,950.0,1645.448,no_signal
4,r04_20260912_224011.jsonl,346,6470.634,6.0,measure,3,950.0,1645.448,no_signal
4,r04_20260912_224011.jsonl,347,6476.634,6.0,measure,4,950.0,1645.448,no_signal
4,r04_20260912_224011.jsonl,348,6482.634,6.0,measure,7,950.0,1645.448,no_signal
4,r04_20260912_224011.jsonl,349,6488.634,6.0,measure,8,950.0,1645.448,no_signal
4,r04_20260912_224011.jsonl,350,6494.634,6.0,measure,9,950.0,1645.448,no_signal
4,r04_20260912_224011.jsonl,351,6500.634,6.0,measure,14,950.0,1645.448,no_signal
4,r04_20260912_224011.jsonl,352,6651.006,150.372,measure,14,919.239,919.239,no_signal
4,r04_20260912_224011.jsonl,353,6657.006,6.0,measure,9,919.239,919.239,no_signal
4,r04_20260912_224011.jsonl,354,6663.006,6.0,measure,8,919.239,919.239,no_signal
4,r04_20260912_224011.jsonl,355,6669.006,6.0,measure,7,919.239,919.239,no_signal
4,r04_20260912_224011.jsonl,356,6675.006,6.0,measure,4,919.239,919.239,no_signal
4,r04_20260912_224011.jsonl,357,6681.006,6.0,measure,3,919.239,919.239,no_signal
4,r04_20260912_224011.jsonl,358,6687.006,6.0,measure,1,919.239,919.239,no_signal
4,r04_20260912_224011.jsonl,359,6693.006,6.0,measure,18,919.239,919.239,no_signal
4,r04_20260912_224011.jsonl,360,6898.002,204.995,measure,14,1300.0,0.0,no_signal
4,r04_20260912_224011.jsonl,361,6904.002,6.0,measure,9,1300.0,0.0,no_signal
4,r04_20260912_224011.jsonl,362,6910.002,6.0,measure,8,1300.0,0.0,no_signal
4,r04_20260912_224011.jsonl,363,6916.002,6.0,measure,7,1300.0,0.0,no_signal
4,r04_20260912_224011.jsonl,364,6922.002,6.0,measure,4,1300.0,0.0,no_signal
4,r04_20260912_224011.jsonl,365,6928.002,6.0,measure,3,1300.0,0.0,no_signal
4,r04_20260912_224011.jsonl,366,6934.002,6.0,measure,1,1300.0,0.0,no_signal
4,r04_20260912_224011.jsonl,367,6940.002,6.0,measure,18,1300.0,0.0,no_signal
4,r04_20260912_224011.jsonl,368,7265.549,325.547,measure,15,690.012,-1476.712,direction
4,r04_20260912_224011.jsonl,369,7271.527,5.978,clear,15,685.629,-1474.548,success
4,r04_20260912_224011.jsonl,370,7289.16,17.634,measure,20,742.168,-1460.879,no_signal
4,r04_20260912_224011.jsonl,371,7357.8,68.64,measure,20,464.935,-1617.06,no_signal
4,r04_20260912_224011.jsonl,372,7383.175,25.375,measure,20,378.438,-1670.879,no_signal
4,r04_20260912_224011.jsonl,373,7412.384,29.209,measure,20,270.872,-1726.386,direction
4,r04_20260912_224011.jsonl,374,7469.636,57.253,measure,20,314.814,-1468.844,no_signal
4,r04_20260912_224011.jsonl,375,7523.632,53.995,measure,20,526.97,-1346.356,no_signal
4,r04_20260912_224011.jsonl,376,7796.454,272.822,measure,18,1291.834,-253.271,no_signal
4,r04_20260912_224011.jsonl,377,7807.689,11.235,measure,18,1261.448,-246.293,direction
4,r04_20260912_224011.jsonl,378,7814.558,6.869,clear,18,1270.789,-246.594,success
4,r04_20260912_224011.jsonl,379,8315.217,500.658,measure,10,-1153.682,-735.589,no_signal
4,r04_20260912_224011.jsonl,380,8395.217,80.0,measure,10,-1226.841,-367.794,direction
4,r04_20260912_224011.jsonl,381,8422.717,27.5,measure,10,-1248.789,-257.456,direction
4,r04_20260912_224011.jsonl,382,8467.092,44.375,measure,10,-1287.197,-64.364,direction
4,r04_20260912_224011.jsonl,383,8550.842,83.75,measure,10,-1210.38,-450.548,direction
4,r04_20260912_224011.jsonl,384,8571.442,20.6,measure,10,-1194.07,-526.824,no_signal
4,r04_20260912_224011.jsonl,385,8663.432,91.99,measure,2,-1513.468,-239.003,direction
4,r04_20260912_224011.jsonl,386,8674.83,11.398,measure,2,-1492.091,-215.203,direction
4,r04_20260912_224011.jsonl,387,8691.027,16.197,measure,2,-1454.681,-173.552,direction
4,r04_20260912_224011.jsonl,388,8713.156,22.129,measure,2,-1533.374,-207.35,direction
4,r04_20260912_224011.jsonl,389,8756.058,42.902,measure,2,-1649.547,-357.078,direction
4,r04_20260912_224011.jsonl,390,8770.752,14.694,measure,2,-1625.673,-399.261,direction
4,r04_20260912_224011.jsonl,391,8793.768,23.016,clear,2,-1703.395,-444.796,success
4,r04_20260912_224011.jsonl,392,8958.079,164.312,measure,10,-1101.645,-959.053,no_signal
4,r04_20260912_224011.jsonl,393,9015.079,57.0,measure,10,-1047.277,-1213.305,no_signal
4,r04_20260912_224011.jsonl,394,9093.349,78.27,measure,10,-1340.833,-994.131,no_signal
4,r04_20260912_224011.jsonl,395,9153.331,59.982,measure,10,-1465.376,-749.053,no_signal
4,r04_20260912_224011.jsonl,396,9201.812,48.482,measure,10,-1311.645,-595.322,no_signal
4,r04_20260912_224011.jsonl,397,9250.294,48.482,measure,10,-1101.645,-539.053,no_signal
4,r04_20260912_224011.jsonl,398,9339.294,89.0,measure,10,-737.914,-749.053,no_signal
4,r04_20260912_224011.jsonl,399,9387.776,48.482,measure,10,-891.645,-595.322,no_signal
4,r04_20260912_224011.jsonl,400,9511.57,123.794,measure,10,-737.914,-1169.053,no_signal
4,r04_20260912_224011.jsonl,401,9784.272,272.702,measure,20,526.97,-1591.332,no_signal
4,r04_20260912_224011.jsonl,402,9813.158,28.886,measure,20,632.233,-1534.909,no_signal
4,r04_20260912_224011.jsonl,403,9859.841,46.682,measure,20,739.126,-1713.821,no_signal
4,r04_20260912_224011.jsonl,404,9913.836,53.995,measure,20,526.97,-1836.309,direction
4,r04_20260912_224011.jsonl,405,9963.742,49.906,clear,20,369.469,-1676.284,success
4,r04_20260912_224011.jsonl,406,10297.071,333.328,measure,10,-1101.645,-959.053,no_signal
4,r04_20260912_224011.jsonl,407,10386.071,89.0,measure,10,-1101.645,-1379.053,no_signal
4,r04_20260912_224011.jsonl,408,10475.071,89.0,measure,10,-1465.376,-1169.053,no_signal
4,r04_20260912_224011.jsonl,409,10523.552,48.482,measure,10,-1311.645,-1322.783,no_signal
4,r04_20260912_224011.jsonl,410,10590.569,67.017,measure,10,-1009.22,-1391.281,no_signal
4,r04_20260912_224011.jsonl,411,10611.259,20.69,measure,10,-984.051,-1465.582,no_signal
4,r04_20260912_224011.jsonl,412,10772.254,160.995,measure,10,-1156.013,-704.8,no_signal
4,r04_20260912_224011.jsonl,413,10847.228,74.974,measure,10,-853.786,-881.06,no_signal
4,r04_20260912_224011.jsonl,414,10890.025,42.797,measure,10,-681.645,-959.053,no_signal
4,r04_20260912_224011.jsonl,415,10925.484,35.459,measure,10,-610.262,-824.525,no_signal
4,r04_20260912_224011.jsonl,416,10980.483,55.0,measure,10,-366.739,-767.99,no_signal
4,r04_20260912_224011.jsonl,417,11202.072,221.589,measure,10,-1270.185,-170.871,direction
4,r04_20260912_224011.jsonl,418,11202.072,0.0,exit,,,,
5,r05_20260912_224039.jsonl,0,0.0,0.0,enter,,,,
5,r05_20260912_224039.jsonl,1,5.0,5.0,measure,1,0.0,0.0,no_signal
5,r05_20260912_224039.jsonl,2,11.0,6.0,measure,2,0.0,0.0,no_signal
5,r05_20260912_224039.jsonl,3,17.0,6.0,measure,3,0.0,0.0,no_signal
5,r05_20260912_224039.jsonl,4,23.0,6.0,measure,4,0.0,0.0,no_signal
5,r05_20260912_224039.jsonl,5,29.0,6.0,measure,5,0.0,0.0,no_signal
5,r05_20260912_224039.jsonl,6,35.0,6.0,measure,6,0.0,0.0,no_signal
5,r05_20260912_224039.jsonl,7,41.0,6.0,measure,7,0.0,0.0,no_signal
5,r05_20260912_224039.jsonl,8,47.0,6.0,measure,8,0.0,0.0,no_signal
5,r05_20260912_224039.jsonl,9,53.0,6.0,measure,9,0.0,0.0,direction
5,r05_20260912_224039.jsonl,10,59.0,6.0,measure,10,0.0,0.0,direction
5,r05_20260912_224039.jsonl,11,65.0,6.0,measure,11,0.0,0.0,no_signal
5,r05_20260912_224039.jsonl,12,71.0,6.0,measure,12,0.0,0.0,direction
5,r05_20260912_224039.jsonl,13,77.0,6.0,measure,13,0.0,0.0,no_signal
5,r05_20260912_224039.jsonl,14,83.0,6.0,measure,14,0.0,0.0,no_signal
5,r05_20260912_224039.jsonl,15,89.0,6.0,measure,15,0.0,0.0,no_signal
5,r05_20260912_224039.jsonl,16,95.0,6.0,measure,16,0.0,0.0,no_signal
5,r05_20260912_224039.jsonl,17,101.0,6.0,measure,17,0.0,0.0,no_signal
5,r05_20260912_224039.jsonl,18,107.0,6.0,measure,18,0.0,0.0,direction
5,r05_20260912_224039.jsonl,19,113.0,6.0,measure,19,0.0,0.0,no_signal
5,r05_20260912_224039.jsonl,20,119.0,6.0,measure,20,0.0,0.0,direction
5,r05_20260912_224039.jsonl,21,205.0,86.0,measure,19,400.0,0.0,no_signal
5,r05_20260912_224039.jsonl,22,211.0,6.0,measure,17,400.0,0.0,no_signal
5,r05_20260912_224039.jsonl,23,217.0,6.0,measure,16,400.0,0.0,no_signal
5,r05_20260912_224039.jsonl,24,223.0,6.0,measure,15,400.0,0.0,no_signal
5,r05_20260912_224039.jsonl,25,229.0,6.0,measure,14,400.0,0.0,no_signal
5,r05_20260912_224039.jsonl,26,235.0,6.0,measure,13,400.0,0.0,no_signal
5,r05_20260912_224039.jsonl,27,241.0,6.0,measure,11,400.0,0.0,no_signal
5,r05_20260912_224039.jsonl,28,247.0,6.0,measure,8,400.0,0.0,no_signal
5,r05_20260912_224039.jsonl,29,253.0,6.0,measure,7,400.0,0.0,no_signal
5,r05_20260912_224039.jsonl,30,259.0,6.0,measure,6,400.0,0.0,no_signal
5,r05_20260912_224039.jsonl,31,265.0,6.0,measure,5,400.0,0.0,no_signal
5,r05_20260912_224039.jsonl,32,271.0,6.0,measure,4,400.0,0.0,no_signal
5,r05_20260912_224039.jsonl,33,277.0,6.0,measure,3,400.0,0.0,no_signal
5,r05_20260912_224039.jsonl,34,283.0,6.0,measure,2,400.0,0.0,no_signal
5,r05_20260912_224039.jsonl,35,289.0,6.0,measure,1,400.0,0.0,no_signal
5,r05_20260912_224039.jsonl,36,295.0,6.0,measure,10,400.0,0.0,no_signal
5,r05_20260912_224039.jsonl,37,301.0,6.0,measure,9,400.0,0.0,direction
5,r05_20260912_224039.jsonl,38,409.139,108.139,clear,9,-75.554,199.479,success
5,r05_20260912_224039.jsonl,39,477.595,68.456,measure,8,200.0,346.41,no_signal
5,r05_20260912_224039.jsonl,40,483.595,6.0,measure,7,200.0,346.41,no_signal
5,r05_20260912_224039.jsonl,41,489.595,6.0,measure,11,200.0,346.41,no_signal
5,r05_20260912_224039.jsonl,42,495.595,6.0,measure,6,200.0,346.41,no_signal
5,r05_20260912_224039.jsonl,43,501.595,6.0,measure,5,200.0,346.41,no_signal
5,r05_20260912_224039.jsonl,44,507.595,6.0,measure,13,200.0,346.41,no_signal
5,r05_20260912_224039.jsonl,45,513.595,6.0,measure,4,200.0,346.41,no_signal
5,r05_20260912_224039.jsonl,46,519.595,6.0,measure,14,200.0,346.41,no_signal
5,r05_20260912_224039.jsonl,47,525.595,6.0,measure,3,200.0,346.41,no_signal
5,r05_20260912_224039.jsonl,48,531.595,6.0,measure,15,200.0,346.41,no_signal
5,r05_20260912_224039.jsonl,49,537.595,6.0,measure,2,200.0,346.41,direction
5,r05_20260912_224039.jsonl,50,543.595,6.0,measure,16,200.0,346.41,no_signal
5,r05_20260912_224039.jsonl,51,549.595,6.0,measure,1,200.0,346.41,no_signal
5,r05_20260912_224039.jsonl,52,555.595,6.0,measure,17,200.0,346.41,no_signal
5,r05_20260912_224039.jsonl,53,561.595,6.0,measure,19,200.0,346.41,no_signal
5,r05_20260912_224039.jsonl,54,567.595,6.0,measure,20,200.0,346.41,direction
5,r05_20260912_224039.jsonl,55,573.595,6.0,measure,10,200.0,346.41,direction
5,r05_20260912_224039.jsonl,56,659.595,86.0,measure,11,-200.0,346.41,no_signal
5,r05_20260912_224039.jsonl,57,665.595,6.0,measure,8,-200.0,346.41,no_signal
5,r05_20260912_224039.jsonl,58,671.595,6.0,measure,7,-200.0,346.41,no_signal
5,r05_20260912_224039.jsonl,59,677.595,6.0,measure,13,-200.0,346.41,no_signal
5,r05_20260912_224039.jsonl,60,683.595,6.0,measure,6,-200.0,346.41,no_signal
5,r05_20260912_224039.jsonl,61,689.595,6.0,measure,14,-200.0,346.41,no_signal
5,r05_20260912_224039.jsonl,62,695.595,6.0,measure,5,-200.0,346.41,no_signal
5,r05_20260912_224039.jsonl,63,701.595,6.0,measure,15,-200.0,346.41,no_signal
5,r05_20260912_224039.jsonl,64,707.595,6.0,measure,4,-200.0,346.41,no_signal
5,r05_20260912_224039.jsonl,65,713.595,6.0,measure,16,-200.0,346.41,no_signal
5,r05_20260912_224039.jsonl,66,719.595,6.0,measure,3,-200.0,346.41,no_signal
5,r05_20260912_224039.jsonl,67,725.595,6.0,measure,17,-200.0,346.41,no_signal
5,r05_20260912_224039.jsonl,68,731.595,6.0,measure,1,-200.0,346.41,no_signal
5,r05_20260912_224039.jsonl,69,737.595,6.0,measure,19,-200.0,346.41,no_signal
5,r05_20260912_224039.jsonl,70,743.595,6.0,measure,18,-200.0,346.41,direction
5,r05_20260912_224039.jsonl,71,807.454,63.859,clear,18,-5.856,125.237,success
5,r05_20260912_224039.jsonl,72,872.313,64.859,measure,12,-200.0,346.41,direction
5,r05_20260912_224039.jsonl,73,958.313,86.0,measure,11,-400.0,0.0,no_signal
5,r05_20260912_224039.jsonl,74,964.313,6.0,measure,13,-400.0,0.0,no_signal
5,r05_20260912_224039.jsonl,75,970.313,6.0,measure,14,-400.0,0.0,no_signal
5,r05_20260912_224039.jsonl,76,976.313,6.0,measure,15,-400.0,0.0,no_signal
5,r05_20260912_224039.jsonl,77,982.313,6.0,measure,8,-400.0,0.0,no_signal
5,r05_20260912_224039.jsonl,78,988.313,6.0,measure,16,-400.0,0.0,no_signal
5,r05_20260912_224039.jsonl,79,994.313,6.0,measure,7,-400.0,0.0,no_signal
5,r05_20260912_224039.jsonl,80,1000.313,6.0,measure,17,-400.0,0.0,no_signal
5,r05_20260912_224039.jsonl,81,1006.313,6.0,measure,6,-400.0,0.0,no_signal
5,r05_20260912_224039.jsonl,82,1012.313,6.0,measure,5,-400.0,0.0,no_signal
5,r05_20260912_224039.jsonl,83,1018.313,6.0,measure,19,-400.0,0.0,no_signal
5,r05_20260912_224039.jsonl,84,1024.313,6.0,measure,4,-400.0,0.0,direction
5,r05_20260912_224039.jsonl,85,1030.313,6.0,measure,3,-400.0,0.0,no_signal
5,r05_20260912_224039.jsonl,86,1036.313,6.0,measure,1,-400.0,0.0,no_signal
5,r05_20260912_224039.jsonl,87,1042.313,6.0,measure,4,-400.0,0.0,direction
5,r05_20260912_224039.jsonl,88,1048.313,6.0,measure,10,-400.0,0.0,direction
5,r05_20260912_224039.jsonl,89,1134.313,86.0,measure,11,-200.0,-346.41,no_signal
5,r05_20260912_224039.jsonl,90,1140.313,6.0,measure,8,-200.0,-346.41,no_signal
5,r05_20260912_224039.jsonl,91,1146.313,6.0,measure,7,-200.0,-346.41,no_signal
5,r05_20260912_224039.jsonl,92,1152.313,6.0,measure,13,-200.0,-346.41,no_signal
5,r05_20260912_224039.jsonl,93,1158.313,6.0,measure,6,-200.0,-346.41,no_signal
5,r05_20260912_224039.jsonl,94,1164.313,6.0,measure,14,-200.0,-346.41,no_signal
5,r05_20260912_224039.jsonl,95,1170.313,6.0,measure,5,-200.0,-346.41,no_signal
5,r05_20260912_224039.jsonl,96,1176.313,6.0,measure,15,-200.0,-346.41,no_signal
5,r05_20260912_224039.jsonl,97,1182.313,6.0,measure,16,-200.0,-346.41,no_signal
5,r05_20260912_224039.jsonl,98,1188.313,6.0,measure,3,-200.0,-346.41,no_signal
5,r05_20260912_224039.jsonl,99,1194.313,6.0,measure,17,-200.0,-346.41,no_signal
5,r05_20260912_224039.jsonl,100,1200.313,6.0,measure,1,-200.0,-346.41,no_signal
5,r05_20260912_224039.jsonl,101,1206.313,6.0,measure,19,-200.0,-346.41,no_signal
5,r05_20260912_224039.jsonl,102,1212.313,6.0,measure,4,-200.0,-346.41,direction
5,r05_20260912_224039.jsonl,103,1218.313,6.0,measure,12,-200.0,-346.41,direction
5,r05_20260912_224039.jsonl,104,1304.313,86.0,measure,11,200.0,-346.41,no_signal
5,r05_20260912_224039.jsonl,105,1310.313,6.0,measure,13,200.0,-346.41,no_signal
5,r05_20260912_224039.jsonl,106,1316.313,6.0,measure,14,200.0,-346.41,no_signal
5,r05_20260912_224039.jsonl,107,1322.313,6.0,measure,15,200.0,-346.41,no_signal
5,r05_20260912_224039.jsonl,108,1328.313,6.0,measure,8,200.0,-346.41,no_signal
5,r05_20260912_224039.jsonl,109,1334.313,6.0,measure,16,200.0,-346.41,no_signal
5,r05_20260912_224039.jsonl,110,1340.313,6.0,measure,7,200.0,-346.41,no_signal
5,r05_20260912_224039.jsonl,111,1346.313,6.0,measure,17,200.0,-346.41,no_signal
5,r05_20260912_224039.jsonl,112,1352.313,6.0,measure,6,200.0,-346.41,no_signal
5,r05_20260912_224039.jsonl,113,1358.313,6.0,measure,5,200.0,-346.41,no_signal
5,r05_20260912_224039.jsonl,114,1364.313,6.0,measure,19,200.0,-346.41,no_signal
5,r05_20260912_224039.jsonl,115,1370.313,6.0,measure,3,200.0,-346.41,no_signal
5,r05_20260912_224039.jsonl,116,1376.313,6.0,measure,1,200.0,-346.41,no_signal
5,r05_20260912_224039.jsonl,117,1382.313,6.0,measure,12,200.0,-346.41,no_signal
5,r05_20260912_224039.jsonl,118,1572.209,189.895,measure,11,919.239,-919.239,no_signal
5,r05_20260912_224039.jsonl,119,1578.209,6.0,measure,13,919.239,-919.239,no_signal
5,r05_20260912_224039.jsonl,120,1584.209,6.0,measure,14,919.239,-919.239,no_signal
5,r05_20260912_224039.jsonl,121,1590.209,6.0,measure,15,919.239,-919.239,no_signal
5,r05_20260912_224039.jsonl,122,1596.209,6.0,measure,8,919.239,-919.239,no_signal
5,r05_20260912_224039.jsonl,123,1602.209,6.0,measure,16,919.239,-919.239,no_signal
5,r05_20260912_224039.jsonl,124,1608.209,6.0,measure,7,919.239,-919.239,no_signal
5,r05_20260912_224039.jsonl,125,1614.209,6.0,measure,17,919.239,-919.239,no_signal
5,r05_20260912_224039.jsonl,126,1620.209,6.0,measure,6,919.239,-919.239,no_signal
5,r05_20260912_224039.jsonl,127,1626.209,6.0,measure,5,919.239,-919.239,no_signal
5,r05_20260912_224039.jsonl,128,1632.209,6.0,measure,19,919.239,-919.239,no_signal
5,r05_20260912_224039.jsonl,129,1638.209,6.0,measure,3,919.239,-919.239,no_signal
5,r05_20260912_224039.jsonl,130,1644.209,6.0,measure,1,919.239,-919.239,no_signal
5,r05_20260912_224039.jsonl,131,1794.581,150.372,measure,1,1645.448,-950.0,no_signal
5,r05_20260912_224039.jsonl,132,1800.581,6.0,measure,3,1645.448,-950.0,no_signal
5,r05_20260912_224039.jsonl,133,1806.581,6.0,measure,5,1645.448,-950.0,no_signal
5,r05_20260912_224039.jsonl,134,1812.581,6.0,measure,6,1645.448,-950.0,no_signal
5,r05_20260912_224039.jsonl,135,1818.581,6.0,measure,7,1645.448,-950.0,no_signal
5,r05_20260912_224039.jsonl,136,1824.581,6.0,measure,8,1645.448,-950.0,no_signal
5,r05_20260912_224039.jsonl,137,1830.581,6.0,measure,11,1645.448,-950.0,no_signal
5,r05_20260912_224039.jsonl,138,1836.581,6.0,measure,13,1645.448,-950.0,no_signal
5,r05_20260912_224039.jsonl,139,1842.581,6.0,measure,14,1645.448,-950.0,no_signal
5,r05_20260912_224039.jsonl,140,1848.581,6.0,measure,15,1645.448,-950.0,no_signal
5,r05_20260912_224039.jsonl,141,1854.581,6.0,measure,16,1645.448,-950.0,no_signal
5,r05_20260912_224039.jsonl,142,1860.581,6.0,measure,17,1645.448,-950.0,no_signal
5,r05_20260912_224039.jsonl,143,1866.581,6.0,measure,19,1645.448,-950.0,direction
5,r05_20260912_224039.jsonl,144,1871.581,5.0,measure,19,1645.448,-950.0,direction
5,r05_20260912_224039.jsonl,145,2074.283,202.702,measure,17,950.0,-1645.448,no_signal
5,r05_20260912_224039.jsonl,146,2080.283,6.0,measure,16,950.0,-1645.448,no_signal
5,r05_20260912_224039.jsonl,147,2086.283,6.0,measure,15,950.0,-1645.448,no_signal
5,r05_20260912_224039.jsonl,148,2092.283,6.0,measure,14,950.0,-1645.448,no_signal
5,r05_20260912_224039.jsonl,149,2098.283,6.0,measure,13,950.0,-1645.448,no_signal
5,r05_20260912_224039.jsonl,150,2104.283,6.0,measure,11,950.0,-1645.448,no_signal
5,r05_20260912_224039.jsonl,151,2110.283,6.0,measure,8,950.0,-1645.448,no_signal
5,r05_20260912_224039.jsonl,152,2116.283,6.0,measure,7,950.0,-1645.448,no_signal
5,r05_20260912_224039.jsonl,153,2122.283,6.0,measure,6,950.0,-1645.448,no_signal
5,r05_20260912_224039.jsonl,154,2128.283,6.0,measure,5,950.0,-1645.448,no_signal
5,r05_20260912_224039.jsonl,155,2134.283,6.0,measure,3,950.0,-1645.448,no_signal
5,r05_20260912_224039.jsonl,156,2140.283,6.0,measure,1,950.0,-1645.448,no_signal
5,r05_20260912_224039.jsonl,157,2347.455,207.172,measure,1,-0.0,-1300.0,no_signal
5,r05_20260912_224039.jsonl,158,2353.455,6.0,measure,3,-0.0,-1300.0,no_signal
5,r05_20260912_224039.jsonl,159,2359.455,6.0,measure,5,-0.0,-1300.0,no_signal
5,r05_20260912_224039.jsonl,160,2365.455,6.0,measure,6,-0.0,-1300.0,no_signal
5,r05_20260912_224039.jsonl,161,2371.455,6.0,measure,7,-0.0,-1300.0,no_signal
5,r05_20260912_224039.jsonl,162,2377.455,6.0,measure,8,-0.0,-1300.0,no_signal
5,r05_20260912_224039.jsonl,163,2383.455,6.0,measure,11,-0.0,-1300.0,no_signal
5,r05_20260912_224039.jsonl,164,2389.455,6.0,measure,13,-0.0,-1300.0,no_signal
5,r05_20260912_224039.jsonl,165,2395.455,6.0,measure,14,-0.0,-1300.0,no_signal
5,r05_20260912_224039.jsonl,166,2401.455,6.0,measure,15,-0.0,-1300.0,no_signal
5,r05_20260912_224039.jsonl,167,2407.455,6.0,measure,16,-0.0,-1300.0,no_signal
5,r05_20260912_224039.jsonl,168,2413.455,6.0,measure,17,-0.0,-1300.0,no_signal
5,r05_20260912_224039.jsonl,169,2538.455,125.0,measure,17,-0.0,-1900.0,no_signal
5,r05_20260912_224039.jsonl,170,2544.455,6.0,measure,16,-0.0,-1900.0,no_signal
5,r05_20260912_224039.jsonl,171,2550.455,6.0,measure,15,-0.0,-1900.0,no_signal
5,r05_20260912_224039.jsonl,172,2556.455,6.0,measure,14,-0.0,-1900.0,no_signal
5,r05_20260912_224039.jsonl,173,2562.455,6.0,measure,13,-0.0,-1900.0,no_signal
5,r05_20260912_224039.jsonl,174,2568.455,6.0,measure,11,-0.0,-1900.0,no_signal
5,r05_20260912_224039.jsonl,175,2574.455,6.0,measure,8,-0.0,-1900.0,no_signal
5,r05_20260912_224039.jsonl,176,2580.455,6.0,measure,7,-0.0,-1900.0,no_signal
5,r05_20260912_224039.jsonl,177,2586.455,6.0,measure,6,-0.0,-1900.0,no_signal
5,r05_20260912_224039.jsonl,178,2592.455,6.0,measure,5,-0.0,-1900.0,no_signal
5,r05_20260912_224039.jsonl,179,2598.455,6.0,measure,3,-0.0,-1900.0,no_signal
5,r05_20260912_224039.jsonl,180,2604.455,6.0,measure,1,-0.0,-1900.0,no_signal
5,r05_20260912_224039.jsonl,181,2806.157,201.702,measure,1,-950.0,-1645.448,no_signal
5,r05_20260912_224039.jsonl,182,2812.157,6.0,measure,3,-950.0,-1645.448,no_signal
5,r05_20260912_224039.jsonl,183,2818.157,6.0,measure,5,-950.0,-1645.448,no_signal
5,r05_20260912_224039.jsonl,184,2824.157,6.0,measure,6,-950.0,-1645.448,no_signal
5,r05_20260912_224039.jsonl,185,2830.157,6.0,measure,7,-950.0,-1645.448,no_signal
5,r05_20260912_224039.jsonl,186,2836.157,6.0,measure,8,-950.0,-1645.448,direction
5,r05_20260912_224039.jsonl,187,2842.157,6.0,measure,11,-950.0,-1645.448,no_signal
5,r05_20260912_224039.jsonl,188,2848.157,6.0,measure,13,-950.0,-1645.448,no_signal
5,r05_20260912_224039.jsonl,189,2854.157,6.0,measure,14,-950.0,-1645.448,no_signal
5,r05_20260912_224039.jsonl,190,2860.157,6.0,measure,15,-950.0,-1645.448,no_signal
5,r05_20260912_224039.jsonl,191,2866.157,6.0,measure,16,-950.0,-1645.448,no_signal
5,r05_20260912_224039.jsonl,192,2872.157,6.0,measure,17,-950.0,-1645.448,no_signal
5,r05_20260912_224039.jsonl,193,2878.157,6.0,measure,8,-950.0,-1645.448,direction
5,r05_20260912_224039.jsonl,194,3080.86,202.702,measure,7,-1645.448,-950.0,no_signal
5,r05_20260912_224039.jsonl,195,3086.86,6.0,measure,6,-1645.448,-950.0,no_signal
5,r05_20260912_224039.jsonl,196,3092.86,6.0,measure,5,-1645.448,-950.0,no_signal
5,r05_20260912_224039.jsonl,197,3098.86,6.0,measure,11,-1645.448,-950.0,no_signal
5,r05_20260912_224039.jsonl,198,3104.86,6.0,measure,3,-1645.448,-950.0,no_signal
5,r05_20260912_224039.jsonl,199,3110.86,6.0,measure,13,-1645.448,-950.0,no_signal
5,r05_20260912_224039.jsonl,200,3116.86,6.0,measure,14,-1645.448,-950.0,no_signal
5,r05_20260912_224039.jsonl,201,3122.86,6.0,measure,1,-1645.448,-950.0,no_signal
5,r05_20260912_224039.jsonl,202,3128.86,6.0,measure,15,-1645.448,-950.0,no_signal
5,r05_20260912_224039.jsonl,203,3134.86,6.0,measure,16,-1645.448,-950.0,no_signal
5,r05_20260912_224039.jsonl,204,3140.86,6.0,measure,17,-1645.448,-950.0,no_signal
5,r05_20260912_224039.jsonl,205,3146.86,6.0,measure,8,-1645.448,-950.0,direction
5,r05_20260912_224039.jsonl,206,3205.134,58.274,clear,8,-1441.336,-778.853,success
5,r05_20260912_224039.jsonl,207,3264.408,59.274,measure,4,-1645.448,-950.0,no_signal
5,r05_20260912_224039.jsonl,208,3415.78,151.372,measure,3,-919.239,-919.239,no_signal
5,r05_20260912_224039.jsonl,209,3421.78,6.0,measure,5,-919.239,-919.239,no_signal
5,r05_20260912_224039.jsonl,210,3427.78,6.0,measure,6,-919.239,-919.239,no_signal
5,r05_20260912_224039.jsonl,211,3433.78,6.0,measure,1,-919.239,-919.239,no_signal
5,r05_20260912_224039.jsonl,212,3439.78,6.0,measure,7,-919.239,-919.239,no_signal
5,r05_20260912_224039.jsonl,213,3445.78,6.0,measure,11,-919.239,-919.239,no_signal
5,r05_20260912_224039.jsonl,214,3451.78,6.0,measure,13,-919.239,-919.239,no_signal
5,r05_20260912_224039.jsonl,215,3457.78,6.0,measure,14,-919.239,-919.239,no_signal
5,r05_20260912_224039.jsonl,216,3463.78,6.0,measure,15,-919.239,-919.239,no_signal
5,r05_20260912_224039.jsonl,217,3469.78,6.0,measure,16,-919.239,-919.239,no_signal
5,r05_20260912_224039.jsonl,218,3475.78,6.0,measure,17,-919.239,-919.239,no_signal
5,r05_20260912_224039.jsonl,219,3481.78,6.0,measure,4,-919.239,-919.239,no_signal
5,r05_20260912_224039.jsonl,220,3487.78,6.0,measure,12,-919.239,-919.239,direction
5,r05_20260912_224039.jsonl,221,3609.313,121.533,clear,12,-906.255,-336.719,success
5,r05_20260912_224039.jsonl,222,3718.93,109.618,measure,11,-1300.0,0.0,no_signal
5,r05_20260912_224039.jsonl,223,3724.93,6.0,measure,13,-1300.0,0.0,no_signal
5,r05_20260912_224039.jsonl,224,3730.93,6.0,measure,14,-1300.0,0.0,no_signal
5,r05_20260912_224039.jsonl,225,3736.93,6.0,measure,15,-1300.0,0.0,no_signal
5,r05_20260912_224039.jsonl,226,3742.93,6.0,measure,16,-1300.0,0.0,no_signal
5,r05_20260912_224039.jsonl,227,3748.93,6.0,measure,7,-1300.0,0.0,no_signal
5,r05_20260912_224039.jsonl,228,3754.93,6.0,measure,17,-1300.0,0.0,no_signal
5,r05_20260912_224039.jsonl,229,3760.93,6.0,measure,6,-1300.0,0.0,no_signal
5,r05_20260912_224039.jsonl,230,3766.93,6.0,measure,5,-1300.0,0.0,no_signal
5,r05_20260912_224039.jsonl,231,3772.93,6.0,measure,3,-1300.0,0.0,no_signal
5,r05_20260912_224039.jsonl,232,3778.93,6.0,measure,1,-1300.0,0.0,no_signal
5,r05_20260912_224039.jsonl,233,3784.93,6.0,measure,4,-1300.0,0.0,direction
5,r05_20260912_224039.jsonl,234,3790.93,6.0,measure,20,-1300.0,0.0,direction
5,r05_20260912_224039.jsonl,235,3899.737,108.807,measure,4,-1433.144,-496.491,near
5,r05_20260912_224039.jsonl,236,3904.737,5.0,clear,4,-1433.144,-496.491,success
5,r05_20260912_224039.jsonl,237,3907.737,3.0,clear,4,-1433.144,-496.491,no_target_in_range
5,r05_20260912_224039.jsonl,238,4050.039,142.302,measure,3,-1900.0,0.0,no_signal
5,r05_20260912_224039.jsonl,239,4056.039,6.0,measure,5,-1900.0,0.0,no_signal
5,r05_20260912_224039.jsonl,240,4062.039,6.0,measure,6,-1900.0,0.0,no_signal
5,r05_20260912_224039.jsonl,241,4068.039,6.0,measure,1,-1900.0,0.0,no_signal
5,r05_20260912_224039.jsonl,242,4074.039,6.0,measure,7,-1900.0,0.0,no_signal
5,r05_20260912_224039.jsonl,243,4080.039,6.0,measure,11,-1900.0,0.0,no_signal
5,r05_20260912_224039.jsonl,244,4086.039,6.0,measure,13,-1900.0,0.0,no_signal
5,r05_20260912_224039.jsonl,245,4092.039,6.0,measure,14,-1900.0,0.0,no_signal
5,r05_20260912_224039.jsonl,246,4098.039,6.0,measure,15,-1900.0,0.0,no_signal
5,r05_20260912_224039.jsonl,247,4104.039,6.0,measure,16,-1900.0,0.0,no_signal
5,r05_20260912_224039.jsonl,248,4110.039,6.0,measure,17,-1900.0,0.0,direction
5,r05_20260912_224039.jsonl,249,4115.039,5.0,measure,17,-1900.0,0.0,direction
5,r05_20260912_224039.jsonl,250,4317.742,202.702,measure,16,-1645.448,950.0,no_signal
5,r05_20260912_224039.jsonl,251,4323.742,6.0,measure,15,-1645.448,950.0,no_signal
5,r05_20260912_224039.jsonl,252,4329.742,6.0,measure,14,-1645.448,950.0,no_signal
5,r05_20260912_224039.jsonl,253,4335.742,6.0,measure,13,-1645.448,950.0,no_signal
5,r05_20260912_224039.jsonl,254,4341.742,6.0,measure,11,-1645.448,950.0,no_signal
5,r05_20260912_224039.jsonl,255,4347.742,6.0,measure,7,-1645.448,950.0,no_signal
5,r05_20260912_224039.jsonl,256,4353.742,6.0,measure,6,-1645.448,950.0,direction
5,r05_20260912_224039.jsonl,257,4359.742,6.0,measure,5,-1645.448,950.0,no_signal
5,r05_20260912_224039.jsonl,258,4365.742,6.0,measure,3,-1645.448,950.0,no_signal
5,r05_20260912_224039.jsonl,259,4371.742,6.0,measure,1,-1645.448,950.0,no_signal
5,r05_20260912_224039.jsonl,260,4377.742,6.0,measure,6,-1645.448,950.0,direction
5,r05_20260912_224039.jsonl,261,4383.742,6.0,measure,17,-1645.448,950.0,direction
5,r05_20260912_224039.jsonl,262,4457.007,73.265,measure,17,-1314.041,868.313,direction
5,r05_20260912_224039.jsonl,263,4463.943,6.936,clear,17,-1304.644,865.994,success
5,r05_20260912_224039.jsonl,264,4547.756,83.813,measure,16,-919.239,919.239,no_signal
5,r05_20260912_224039.jsonl,265,4553.756,6.0,measure,15,-919.239,919.239,no_signal
5,r05_20260912_224039.jsonl,266,4559.756,6.0,measure,14,-919.239,919.239,no_signal
5,r05_20260912_224039.jsonl,267,4565.756,6.0,measure,13,-919.239,919.239,no_signal
5,r05_20260912_224039.jsonl,268,4571.756,6.0,measure,11,-919.239,919.239,no_signal
5,r05_20260912_224039.jsonl,269,4577.756,6.0,measure,7,-919.239,919.239,no_signal
5,r05_20260912_224039.jsonl,270,4583.756,6.0,measure,5,-919.239,919.239,no_signal
5,r05_20260912_224039.jsonl,271,4589.756,6.0,measure,3,-919.239,919.239,no_signal
5,r05_20260912_224039.jsonl,272,4595.756,6.0,measure,1,-919.239,919.239,no_signal
5,r05_20260912_224039.jsonl,273,4601.756,6.0,measure,6,-919.239,919.239,no_signal
5,r05_20260912_224039.jsonl,274,4607.756,6.0,measure,10,-919.239,919.239,direction
5,r05_20260912_224039.jsonl,275,4696.158,88.402,clear,10,-554.179,1120.809,success
5,r05_20260912_224039.jsonl,276,4731.52,35.361,measure,20,-547.764,974.142,direction
5,r05_20260912_224039.jsonl,277,4738.983,7.464,clear,20,-552.486,985.519,success
5,r05_20260912_224039.jsonl,278,4899.064,160.081,measure,16,-950.0,1645.448,no_signal
5,r05_20260912_224039.jsonl,279,4905.064,6.0,measure,15,-950.0,1645.448,no_signal
5,r05_20260912_224039.jsonl,280,4911.064,6.0,measure,14,-950.0,1645.448,no_signal
5,r05_20260912_224039.jsonl,281,4917.064,6.0,measure,13,-950.0,1645.448,no_signal
5,r05_20260912_224039.jsonl,282,4923.064,6.0,measure,11,-950.0,1645.448,no_signal
5,r05_20260912_224039.jsonl,283,4929.064,6.0,measure,7,-950.0,1645.448,no_signal
5,r05_20260912_224039.jsonl,284,4935.064,6.0,measure,5,-950.0,1645.448,no_signal
5,r05_20260912_224039.jsonl,285,4941.064,6.0,measure,3,-950.0,1645.448,no_signal
5,r05_20260912_224039.jsonl,286,4947.064,6.0,measure,1,-950.0,1645.448,no_signal
5,r05_20260912_224039.jsonl,287,4953.064,6.0,measure,6,-950.0,1645.448,direction
5,r05_20260912_224039.jsonl,288,5104.591,151.527,measure,6,-1307.919,1006.191,near
5,r05_20260912_224039.jsonl,289,5109.591,5.0,clear,6,-1307.919,1006.191,success
5,r05_20260912_224039.jsonl,290,5112.591,3.0,clear,6,-1307.919,1006.191,no_target_in_range
5,r05_20260912_224039.jsonl,291,5386.694,274.103,measure,5,0.0,1300.0,no_signal
5,r05_20260912_224039.jsonl,292,5392.694,6.0,measure,7,0.0,1300.0,no_signal
5,r05_20260912_224039.jsonl,293,5398.694,6.0,measure,3,0.0,1300.0,direction
5,r05_20260912_224039.jsonl,294,5404.694,6.0,measure,1,0.0,1300.0,no_signal
5,r05_20260912_224039.jsonl,295,5410.694,6.0,measure,11,0.0,1300.0,no_signal
5,r05_20260912_224039.jsonl,296,5416.694,6.0,measure,13,0.0,1300.0,no_signal
5,r05_20260912_224039.jsonl,297,5422.694,6.0,measure,14,0.0,1300.0,no_signal
5,r05_20260912_224039.jsonl,298,5428.694,6.0,measure,15,0.0,1300.0,no_signal
5,r05_20260912_224039.jsonl,299,5434.694,6.0,measure,16,0.0,1300.0,no_signal
5,r05_20260912_224039.jsonl,300,5440.694,6.0,measure,2,0.0,1300.0,direction
5,r05_20260912_224039.jsonl,301,5446.694,6.0,measure,3,0.0,1300.0,direction
5,r05_20260912_224039.jsonl,302,5572.694,126.0,measure,1,0.0,1900.0,no_signal
5,r05_20260912_224039.jsonl,303,5578.694,6.0,measure,5,0.0,1900.0,no_signal
5,r05_20260912_224039.jsonl,304,5584.694,6.0,measure,7,0.0,1900.0,no_signal
5,r05_20260912_224039.jsonl,305,5590.694,6.0,measure,11,0.0,1900.0,direction
5,r05_20260912_224039.jsonl,306,5596.694,6.0,measure,13,0.0,1900.0,no_signal
5,r05_20260912_224039.jsonl,307,5602.694,6.0,measure,14,0.0,1900.0,no_signal
5,r05_20260912_224039.jsonl,308,5608.694,6.0,measure,15,0.0,1900.0,no_signal
5,r05_20260912_224039.jsonl,309,5614.694,6.0,measure,16,0.0,1900.0,no_signal
5,r05_20260912_224039.jsonl,310,5620.694,6.0,measure,11,0.0,1900.0,direction
5,r05_20260912_224039.jsonl,311,5626.694,6.0,measure,3,0.0,1900.0,direction
5,r05_20260912_224039.jsonl,312,5829.397,202.702,measure,1,950.0,1645.448,no_signal
5,r05_20260912_224039.jsonl,313,5835.397,6.0,measure,5,950.0,1645.448,no_signal
5,r05_20260912_224039.jsonl,314,5841.397,6.0,measure,7,950.0,1645.448,no_signal
5,r05_20260912_224039.jsonl,315,5847.397,6.0,measure,13,950.0,1645.448,no_signal
5,r05_20260912_224039.jsonl,316,5853.397,6.0,measure,14,950.0,1645.448,no_signal
5,r05_20260912_224039.jsonl,317,5859.397,6.0,measure,15,950.0,1645.448,no_signal
5,r05_20260912_224039.jsonl,318,5865.397,6.0,measure,16,950.0,1645.448,no_signal
5,r05_20260912_224039.jsonl,319,5871.397,6.0,measure,11,950.0,1645.448,direction
5,r05_20260912_224039.jsonl,320,5877.397,6.0,measure,3,950.0,1645.448,direction
5,r05_20260912_224039.jsonl,321,5929.824,52.427,clear,3,989.075,1411.553,success
5,r05_20260912_224039.jsonl,322,6003.121,73.297,measure,2,829.318,1115.41,direction
5,r05_20260912_224039.jsonl,323,6011.19,8.069,clear,2,844.045,1119.721,success
5,r05_20260912_224039.jsonl,324,6031.688,20.498,measure,11,895.022,1068.185,direction
5,r05_20260912_224039.jsonl,325,6040.29,8.603,clear,11,898.403,1050.492,success
5,r05_20260912_224039.jsonl,326,6072.87,32.579,measure,13,919.239,919.239,no_signal
5,r05_20260912_224039.jsonl,327,6078.87,6.0,measure,14,919.239,919.239,no_signal
5,r05_20260912_224039.jsonl,328,6084.87,6.0,measure,7,919.239,919.239,no_signal
5,r05_20260912_224039.jsonl,329,6090.87,6.0,measure,15,919.239,919.239,no_signal
5,r05_20260912_224039.jsonl,330,6096.87,6.0,measure,16,919.239,919.239,no_signal
5,r05_20260912_224039.jsonl,331,6102.87,6.0,measure,5,919.239,919.239,no_signal
5,r05_20260912_224039.jsonl,332,6108.87,6.0,measure,1,919.239,919.239,no_signal
5,r05_20260912_224039.jsonl,333,6114.87,6.0,measure,19,919.239,919.239,no_signal
5,r05_20260912_224039.jsonl,334,6266.242,151.372,measure,16,1645.448,950.0,no_signal
5,r05_20260912_224039.jsonl,335,6272.242,6.0,measure,15,1645.448,950.0,no_signal
5,r05_20260912_224039.jsonl,336,6278.242,6.0,measure,14,1645.448,950.0,no_signal
5,r05_20260912_224039.jsonl,337,6284.242,6.0,measure,13,1645.448,950.0,no_signal
5,r05_20260912_224039.jsonl,338,6290.242,6.0,measure,7,1645.448,950.0,no_signal
5,r05_20260912_224039.jsonl,339,6296.242,6.0,measure,5,1645.448,950.0,no_signal
5,r05_20260912_224039.jsonl,340,6302.242,6.0,measure,1,1645.448,950.0,no_signal
5,r05_20260912_224039.jsonl,341,6503.944,201.702,measure,1,1900.0,0.0,no_signal
5,r05_20260912_224039.jsonl,342,6509.944,6.0,measure,5,1900.0,0.0,no_signal
5,r05_20260912_224039.jsonl,343,6515.944,6.0,measure,7,1900.0,0.0,no_signal
5,r05_20260912_224039.jsonl,344,6521.944,6.0,measure,13,1900.0,0.0,no_signal
5,r05_20260912_224039.jsonl,345,6527.944,6.0,measure,14,1900.0,0.0,no_signal
5,r05_20260912_224039.jsonl,346,6533.944,6.0,measure,15,1900.0,0.0,no_signal
5,r05_20260912_224039.jsonl,347,6539.944,6.0,measure,16,1900.0,0.0,no_signal
5,r05_20260912_224039.jsonl,348,6545.944,6.0,measure,19,1900.0,0.0,no_signal
5,r05_20260912_224039.jsonl,349,6671.944,126.0,measure,16,1300.0,0.0,no_signal
5,r05_20260912_224039.jsonl,350,6677.944,6.0,measure,15,1300.0,0.0,no_signal
5,r05_20260912_224039.jsonl,351,6683.944,6.0,measure,14,1300.0,0.0,no_signal
5,r05_20260912_224039.jsonl,352,6689.944,6.0,measure,13,1300.0,0.0,no_signal
5,r05_20260912_224039.jsonl,353,6695.944,6.0,measure,7,1300.0,0.0,no_signal
5,r05_20260912_224039.jsonl,354,6701.944,6.0,measure,5,1300.0,0.0,no_signal
5,r05_20260912_224039.jsonl,355,6707.944,6.0,measure,1,1300.0,0.0,no_signal
5,r05_20260912_224039.jsonl,356,6713.944,6.0,measure,19,1300.0,0.0,no_signal
5,r05_20260912_224039.jsonl,357,6767.617,53.673,measure,19,1252.73,-238.731,no_signal
5,r05_20260912_224039.jsonl,358,6841.298,73.681,measure,19,1416.941,-540.329,direction
5,r05_20260912_224039.jsonl,359,6854.489,13.191,measure,19,1393.257,-506.917,no_signal
5,r05_20260912_224039.jsonl,360,6875.871,21.382,measure,19,1345.89,-440.092,no_signal
5,r05_20260912_224039.jsonl,361,6899.727,23.856,measure,19,1421.433,-383.682,no_signal
5,r05_20260912_224039.jsonl,362,6944.801,45.074,measure,19,1279.751,-525.364,no_signal
5,r05_20260912_224039.jsonl,363,6970.545,25.744,measure,19,1369.574,-473.505,no_signal
5,r05_20260912_224039.jsonl,364,6996.288,25.744,measure,19,1369.574,-577.223,direction
5,r05_20260912_224039.jsonl,365,7015.625,19.337,clear,19,1394.758,-510.107,success
5,r05_20260912_224039.jsonl,366,7015.625,0.0,exit,,,,
6,r06_20260912_224056.jsonl,0,0.0,0.0,enter,,,,
6,r06_20260912_224056.jsonl,1,5.0,5.0,measure,1,0.0,0.0,no_signal
6,r06_20260912_224056.jsonl,2,11.0,6.0,measure,2,0.0,0.0,no_signal
6,r06_20260912_224056.jsonl,3,17.0,6.0,measure,3,0.0,0.0,no_signal
6,r06_20260912_224056.jsonl,4,23.0,6.0,measure,4,0.0,0.0,direction
6,r06_20260912_224056.jsonl,5,29.0,6.0,measure,5,0.0,0.0,no_signal
6,r06_20260912_224056.jsonl,6,35.0,6.0,measure,6,0.0,0.0,no_signal
6,r06_20260912_224056.jsonl,7,41.0,6.0,measure,7,0.0,0.0,no_signal
6,r06_20260912_224056.jsonl,8,47.0,6.0,measure,8,0.0,0.0,direction
6,r06_20260912_224056.jsonl,9,53.0,6.0,measure,9,0.0,0.0,direction
6,r06_20260912_224056.jsonl,10,59.0,6.0,measure,10,0.0,0.0,no_signal
6,r06_20260912_224056.jsonl,11,65.0,6.0,measure,11,0.0,0.0,no_signal
6,r06_20260912_224056.jsonl,12,71.0,6.0,measure,12,0.0,0.0,no_signal
6,r06_20260912_224056.jsonl,13,77.0,6.0,measure,13,0.0,0.0,no_signal
6,r06_20260912_224056.jsonl,14,83.0,6.0,measure,14,0.0,0.0,no_signal
6,r06_20260912_224056.jsonl,15,89.0,6.0,measure,15,0.0,0.0,no_signal
6,r06_20260912_224056.jsonl,16,95.0,6.0,measure,16,0.0,0.0,no_signal
6,r06_20260912_224056.jsonl,17,101.0,6.0,measure,17,0.0,0.0,no_signal
6,r06_20260912_224056.jsonl,18,107.0,6.0,measure,18,0.0,0.0,no_signal
6,r06_20260912_224056.jsonl,19,113.0,6.0,measure,19,0.0,0.0,no_signal
6,r06_20260912_224056.jsonl,20,119.0,6.0,measure,20,0.0,0.0,no_signal
6,r06_20260912_224056.jsonl,21,204.0,85.0,measure,20,400.0,0.0,no_signal
6,r06_20260912_224056.jsonl,22,210.0,6.0,measure,19,400.0,0.0,no_signal
6,r06_20260912_224056.jsonl,23,216.0,6.0,measure,18,400.0,0.0,direction
6,r06_20260912_224056.jsonl,24,222.0,6.0,measure,17,400.0,0.0,no_signal
6,r06_20260912_224056.jsonl,25,228.0,6.0,measure,16,400.0,0.0,no_signal
6,r06_20260912_224056.jsonl,26,234.0,6.0,measure,15,400.0,0.0,no_signal
6,r06_20260912_224056.jsonl,27,240.0,6.0,measure,14,400.0,0.0,no_signal
6,r06_20260912_224056.jsonl,28,246.0,6.0,measure,13,400.0,0.0,no_signal
6,r06_20260912_224056.jsonl,29,252.0,6.0,measure,12,400.0,0.0,no_signal
6,r06_20260912_224056.jsonl,30,258.0,6.0,measure,11,400.0,0.0,no_signal
6,r06_20260912_224056.jsonl,31,264.0,6.0,measure,10,400.0,0.0,direction
6,r06_20260912_224056.jsonl,32,270.0,6.0,measure,7,400.0,0.0,no_signal
6,r06_20260912_224056.jsonl,33,276.0,6.0,measure,6,400.0,0.0,no_signal
6,r06_20260912_224056.jsonl,34,282.0,6.0,measure,5,400.0,0.0,no_signal
6,r06_20260912_224056.jsonl,35,288.0,6.0,measure,3,400.0,0.0,no_signal
6,r06_20260912_224056.jsonl,36,294.0,6.0,measure,2,400.0,0.0,no_signal
6,r06_20260912_224056.jsonl,37,300.0,6.0,measure,1,400.0,0.0,no_signal
6,r06_20260912_224056.jsonl,38,306.0,6.0,measure,9,400.0,0.0,direction
6,r06_20260912_224056.jsonl,39,312.0,6.0,measure,18,400.0,0.0,direction
6,r06_20260912_224056.jsonl,40,398.0,86.0,measure,17,200.0,346.41,no_signal
6,r06_20260912_224056.jsonl,41,404.0,6.0,measure,19,200.0,346.41,no_signal
6,r06_20260912_224056.jsonl,42,410.0,6.0,measure,16,200.0,346.41,no_signal
6,r06_20260912_224056.jsonl,43,416.0,6.0,measure,20,200.0,346.41,no_signal
6,r06_20260912_224056.jsonl,44,422.0,6.0,measure,15,200.0,346.41,no_signal
6,r06_20260912_224056.jsonl,45,428.0,6.0,measure,14,200.0,346.41,no_signal
6,r06_20260912_224056.jsonl,46,434.0,6.0,measure,13,200.0,346.41,no_signal
6,r06_20260912_224056.jsonl,47,440.0,6.0,measure,12,200.0,346.41,no_signal
6,r06_20260912_224056.jsonl,48,446.0,6.0,measure,11,200.0,346.41,no_signal
6,r06_20260912_224056.jsonl,49,452.0,6.0,measure,7,200.0,346.41,no_signal
6,r06_20260912_224056.jsonl,50,458.0,6.0,measure,6,200.0,346.41,no_signal
6,r06_20260912_224056.jsonl,51,464.0,6.0,measure,5,200.0,346.41,no_signal
6,r06_20260912_224056.jsonl,52,470.0,6.0,measure,3,200.0,346.41,no_signal
6,r06_20260912_224056.jsonl,53,476.0,6.0,measure,2,200.0,346.41,no_signal
6,r06_20260912_224056.jsonl,54,482.0,6.0,measure,1,200.0,346.41,no_signal
6,r06_20260912_224056.jsonl,55,488.0,6.0,measure,10,200.0,346.41,direction
6,r06_20260912_224056.jsonl,56,494.0,6.0,measure,9,200.0,346.41,direction
6,r06_20260912_224056.jsonl,57,580.0,86.0,measure,7,-200.0,346.41,no_signal
6,r06_20260912_224056.jsonl,58,586.0,6.0,measure,11,-200.0,346.41,no_signal
6,r06_20260912_224056.jsonl,59,592.0,6.0,measure,6,-200.0,346.41,no_signal
6,r06_20260912_224056.jsonl,60,598.0,6.0,measure,12,-200.0,346.41,no_signal
6,r06_20260912_224056.jsonl,61,604.0,6.0,measure,5,-200.0,346.41,no_signal
6,r06_20260912_224056.jsonl,62,610.0,6.0,measure,13,-200.0,346.41,no_signal
6,r06_20260912_224056.jsonl,63,616.0,6.0,measure,14,-200.0,346.41,no_signal
6,r06_20260912_224056.jsonl,64,622.0,6.0,measure,3,-200.0,346.41,no_signal
6,r06_20260912_224056.jsonl,65,628.0,6.0,measure,15,-200.0,346.41,no_signal
6,r06_20260912_224056.jsonl,66,634.0,6.0,measure,2,-200.0,346.41,no_signal
6,r06_20260912_224056.jsonl,67,640.0,6.0,measure,16,-200.0,346.41,no_signal
6,r06_20260912_224056.jsonl,68,646.0,6.0,measure,1,-200.0,346.41,no_signal
6,r06_20260912_224056.jsonl,69,652.0,6.0,measure,17,-200.0,346.41,no_signal
6,r06_20260912_224056.jsonl,70,658.0,6.0,measure,19,-200.0,346.41,no_signal
6,r06_20260912_224056.jsonl,71,664.0,6.0,measure,20,-200.0,346.41,no_signal
6,r06_20260912_224056.jsonl,72,670.0,6.0,measure,9,-200.0,346.41,direction
6,r06_20260912_224056.jsonl,73,756.0,86.0,measure,7,-400.0,0.0,no_signal
6,r06_20260912_224056.jsonl,74,762.0,6.0,measure,11,-400.0,0.0,no_signal
6,r06_20260912_224056.jsonl,75,768.0,6.0,measure,6,-400.0,0.0,no_signal
6,r06_20260912_224056.jsonl,76,774.0,6.0,measure,12,-400.0,0.0,no_signal
6,r06_20260912_224056.jsonl,77,780.0,6.0,measure,5,-400.0,0.0,no_signal
6,r06_20260912_224056.jsonl,78,786.0,6.0,measure,13,-400.0,0.0,no_signal
6,r06_20260912_224056.jsonl,79,792.0,6.0,measure,14,-400.0,0.0,no_signal
6,r06_20260912_224056.jsonl,80,798.0,6.0,measure,3,-400.0,0.0,no_signal
6,r06_20260912_224056.jsonl,81,804.0,6.0,measure,15,-400.0,0.0,no_signal
6,r06_20260912_224056.jsonl,82,810.0,6.0,measure,2,-400.0,0.0,no_signal
6,r06_20260912_224056.jsonl,83,816.0,6.0,measure,16,-400.0,0.0,no_signal
6,r06_20260912_224056.jsonl,84,822.0,6.0,measure,1,-400.0,0.0,no_signal
6,r06_20260912_224056.jsonl,85,828.0,6.0,measure,17,-400.0,0.0,no_signal
6,r06_20260912_224056.jsonl,86,834.0,6.0,measure,19,-400.0,0.0,no_signal
6,r06_20260912_224056.jsonl,87,840.0,6.0,measure,20,-400.0,0.0,no_signal
6,r06_20260912_224056.jsonl,88,846.0,6.0,measure,8,-400.0,0.0,direction
6,r06_20260912_224056.jsonl,89,852.0,6.0,measure,4,-400.0,0.0,direction
6,r06_20260912_224056.jsonl,90,924.149,72.149,clear,4,-237.578,-293.843,success
6,r06_20260912_224056.jsonl,91,943.072,18.923,measure,3,-200.0,-346.41,no_signal
6,r06_20260912_224056.jsonl,92,949.072,6.0,measure,5,-200.0,-346.41,no_signal
6,r06_20260912_224056.jsonl,93,955.072,6.0,measure,2,-200.0,-346.41,no_signal
6,r06_20260912_224056.jsonl,94,961.072,6.0,measure,6,-200.0,-346.41,no_signal
6,r06_20260912_224056.jsonl,95,967.072,6.0,measure,1,-200.0,-346.41,no_signal
6,r06_20260912_224056.jsonl,96,973.072,6.0,measure,7,-200.0,-346.41,no_signal
6,r06_20260912_224056.jsonl,97,979.072,6.0,measure,11,-200.0,-346.41,direction
6,r06_20260912_224056.jsonl,98,985.072,6.0,measure,12,-200.0,-346.41,no_signal
6,r06_20260912_224056.jsonl,99,991.072,6.0,measure,13,-200.0,-346.41,no_signal
6,r06_20260912_224056.jsonl,100,997.072,6.0,measure,14,-200.0,-346.41,no_signal
6,r06_20260912_224056.jsonl,101,1003.072,6.0,measure,15,-200.0,-346.41,no_signal
6,r06_20260912_224056.jsonl,102,1009.072,6.0,measure,16,-200.0,-346.41,no_signal
6,r06_20260912_224056.jsonl,103,1015.072,6.0,measure,17,-200.0,-346.41,no_signal
6,r06_20260912_224056.jsonl,104,1021.072,6.0,measure,19,-200.0,-346.41,no_signal
6,r06_20260912_224056.jsonl,105,1027.072,6.0,measure,20,-200.0,-346.41,no_signal
6,r06_20260912_224056.jsonl,106,1033.072,6.0,measure,11,-200.0,-346.41,direction
6,r06_20260912_224056.jsonl,107,1039.072,6.0,measure,8,-200.0,-346.41,direction
6,r06_20260912_224056.jsonl,108,1120.645,81.572,measure,8,-224.733,-728.471,direction
6,r06_20260912_224056.jsonl,109,1128.648,8.004,clear,8,-221.368,-713.835,success
6,r06_20260912_224056.jsonl,110,1246.461,117.813,measure,7,200.0,-346.41,no_signal
6,r06_20260912_224056.jsonl,111,1252.461,6.0,measure,6,200.0,-346.41,no_signal
6,r06_20260912_224056.jsonl,112,1258.461,6.0,measure,5,200.0,-346.41,no_signal
6,r06_20260912_224056.jsonl,113,1264.461,6.0,measure,12,200.0,-346.41,no_signal
6,r06_20260912_224056.jsonl,114,1270.461,6.0,measure,3,200.0,-346.41,no_signal
6,r06_20260912_224056.jsonl,115,1276.461,6.0,measure,13,200.0,-346.41,no_signal
6,r06_20260912_224056.jsonl,116,1282.461,6.0,measure,2,200.0,-346.41,no_signal
6,r06_20260912_224056.jsonl,117,1288.461,6.0,measure,14,200.0,-346.41,no_signal
6,r06_20260912_224056.jsonl,118,1294.461,6.0,measure,1,200.0,-346.41,no_signal
6,r06_20260912_224056.jsonl,119,1300.461,6.0,measure,15,200.0,-346.41,no_signal
6,r06_20260912_224056.jsonl,120,1306.461,6.0,measure,16,200.0,-346.41,no_signal
6,r06_20260912_224056.jsonl,121,1312.461,6.0,measure,17,200.0,-346.41,no_signal
6,r06_20260912_224056.jsonl,122,1318.461,6.0,measure,19,200.0,-346.41,no_signal
6,r06_20260912_224056.jsonl,123,1324.461,6.0,measure,20,200.0,-346.41,no_signal
6,r06_20260912_224056.jsonl,124,1330.461,6.0,measure,18,200.0,-346.41,direction
6,r06_20260912_224056.jsonl,125,1336.461,6.0,measure,9,200.0,-346.41,direction
6,r06_20260912_224056.jsonl,126,1469.65,133.189,measure,9,824.469,-202.023,near
6,r06_20260912_224056.jsonl,127,1474.65,5.0,clear,9,824.469,-202.023,success
6,r06_20260912_224056.jsonl,128,1477.65,3.0,clear,9,824.469,-202.023,no_target_in_range
6,r06_20260912_224056.jsonl,129,1586.983,109.333,measure,7,1300.0,0.0,no_signal
6,r06_20260912_224056.jsonl,130,1592.983,6.0,measure,6,1300.0,0.0,no_signal
6,r06_20260912_224056.jsonl,131,1598.983,6.0,measure,12,1300.0,0.0,no_signal
6,r06_20260912_224056.jsonl,132,1604.983,6.0,measure,5,1300.0,0.0,no_signal
6,r06_20260912_224056.jsonl,133,1610.983,6.0,measure,13,1300.0,0.0,no_signal
6,r06_20260912_224056.jsonl,134,1616.983,6.0,measure,14,1300.0,0.0,no_signal
6,r06_20260912_224056.jsonl,135,1622.983,6.0,measure,3,1300.0,0.0,no_signal
6,r06_20260912_224056.jsonl,136,1628.983,6.0,measure,15,1300.0,0.0,direction
6,r06_20260912_224056.jsonl,137,1634.983,6.0,measure,2,1300.0,0.0,no_signal
6,r06_20260912_224056.jsonl,138,1640.983,6.0,measure,16,1300.0,0.0,no_signal
6,r06_20260912_224056.jsonl,139,1646.983,6.0,measure,1,1300.0,0.0,no_signal
6,r06_20260912_224056.jsonl,140,1652.983,6.0,measure,17,1300.0,0.0,no_signal
6,r06_20260912_224056.jsonl,141,1658.983,6.0,measure,19,1300.0,0.0,no_signal
6,r06_20260912_224056.jsonl,142,1664.983,6.0,measure,20,1300.0,0.0,no_signal
6,r06_20260912_224056.jsonl,143,1670.983,6.0,measure,15,1300.0,0.0,direction
6,r06_20260912_224056.jsonl,144,1676.983,6.0,measure,10,1300.0,0.0,direction
6,r06_20260912_224056.jsonl,145,1802.983,126.0,measure,12,1900.0,0.0,no_signal
6,r06_20260912_224056.jsonl,146,1808.983,6.0,measure,7,1900.0,0.0,no_signal
6,r06_20260912_224056.jsonl,147,1814.983,6.0,measure,13,1900.0,0.0,no_signal
6,r06_20260912_224056.jsonl,148,1820.983,6.0,measure,6,1900.0,0.0,no_signal
6,r06_20260912_224056.jsonl,149,1826.983,6.0,measure,14,1900.0,0.0,no_signal
6,r06_20260912_224056.jsonl,150,1832.983,6.0,measure,5,1900.0,0.0,no_signal
6,r06_20260912_224056.jsonl,151,1838.983,6.0,measure,16,1900.0,0.0,no_signal
6,r06_20260912_224056.jsonl,152,1844.983,6.0,measure,3,1900.0,0.0,no_signal
6,r06_20260912_224056.jsonl,153,1850.983,6.0,measure,17,1900.0,0.0,no_signal
6,r06_20260912_224056.jsonl,154,1856.983,6.0,measure,2,1900.0,0.0,no_signal
6,r06_20260912_224056.jsonl,155,1862.983,6.0,measure,1,1900.0,0.0,no_signal
6,r06_20260912_224056.jsonl,156,1868.983,6.0,measure,19,1900.0,0.0,no_signal
6,r06_20260912_224056.jsonl,157,1874.983,6.0,measure,20,1900.0,0.0,no_signal
6,r06_20260912_224056.jsonl,158,1880.983,6.0,measure,15,1900.0,0.0,direction
6,r06_20260912_224056.jsonl,159,1945.702,64.72,clear,15,1657.618,-174.389,success
6,r06_20260912_224056.jsonl,160,2011.422,65.72,measure,18,1900.0,0.0,direction
6,r06_20260912_224056.jsonl,161,2096.614,85.192,measure,10,1665.921,319.36,direction
6,r06_20260912_224056.jsonl,162,2104.866,8.253,clear,10,1655.797,306.632,success
6,r06_20260912_224056.jsonl,163,2239.557,134.69,measure,12,1645.448,950.0,direction
6,r06_20260912_224056.jsonl,164,2245.557,6.0,measure,7,1645.448,950.0,no_signal
6,r06_20260912_224056.jsonl,165,2251.557,6.0,measure,13,1645.448,950.0,no_signal
6,r06_20260912_224056.jsonl,166,2257.557,6.0,measure,6,1645.448,950.0,no_signal
6,r06_20260912_224056.jsonl,167,2263.557,6.0,measure,14,1645.448,950.0,no_signal
6,r06_20260912_224056.jsonl,168,2269.557,6.0,measure,5,1645.448,950.0,no_signal
6,r06_20260912_224056.jsonl,169,2275.557,6.0,measure,16,1645.448,950.0,no_signal
6,r06_20260912_224056.jsonl,170,2281.557,6.0,measure,3,1645.448,950.0,no_signal
6,r06_20260912_224056.jsonl,171,2287.557,6.0,measure,17,1645.448,950.0,no_signal
6,r06_20260912_224056.jsonl,172,2293.557,6.0,measure,2,1645.448,950.0,no_signal
6,r06_20260912_224056.jsonl,173,2299.557,6.0,measure,1,1645.448,950.0,no_signal
6,r06_20260912_224056.jsonl,174,2305.557,6.0,measure,19,1645.448,950.0,no_signal
6,r06_20260912_224056.jsonl,175,2311.557,6.0,measure,20,1645.448,950.0,no_signal
6,r06_20260912_224056.jsonl,176,2317.557,6.0,measure,12,1645.448,950.0,direction
6,r06_20260912_224056.jsonl,177,2468.929,151.372,measure,13,919.239,919.239,no_signal
6,r06_20260912_224056.jsonl,178,2474.929,6.0,measure,14,919.239,919.239,no_signal
6,r06_20260912_224056.jsonl,179,2480.929,6.0,measure,16,919.239,919.239,no_signal
6,r06_20260912_224056.jsonl,180,2486.929,6.0,measure,7,919.239,919.239,no_signal
6,r06_20260912_224056.jsonl,181,2492.929,6.0,measure,17,919.239,919.239,no_signal
6,r06_20260912_224056.jsonl,182,2498.929,6.0,measure,6,919.239,919.239,no_signal
6,r06_20260912_224056.jsonl,183,2504.929,6.0,measure,5,919.239,919.239,no_signal
6,r06_20260912_224056.jsonl,184,2510.929,6.0,measure,19,919.239,919.239,no_signal
6,r06_20260912_224056.jsonl,185,2516.929,6.0,measure,20,919.239,919.239,no_signal
6,r06_20260912_224056.jsonl,186,2522.929,6.0,measure,3,919.239,919.239,no_signal
6,r06_20260912_224056.jsonl,187,2528.929,6.0,measure,2,919.239,919.239,no_signal
6,r06_20260912_224056.jsonl,188,2534.929,6.0,measure,1,919.239,919.239,no_signal
6,r06_20260912_224056.jsonl,189,2540.929,6.0,measure,12,919.239,919.239,no_signal
6,r06_20260912_224056.jsonl,190,2692.301,151.372,measure,13,950.0,1645.448,no_signal
6,r06_20260912_224056.jsonl,191,2698.301,6.0,measure,14,950.0,1645.448,no_signal
6,r06_20260912_224056.jsonl,192,2704.301,6.0,measure,16,950.0,1645.448,no_signal
6,r06_20260912_224056.jsonl,193,2710.301,6.0,measure,7,950.0,1645.448,no_signal
6,r06_20260912_224056.jsonl,194,2716.301,6.0,measure,17,950.0,1645.448,no_signal
6,r06_20260912_224056.jsonl,195,2722.301,6.0,measure,6,950.0,1645.448,no_signal
6,r06_20260912_224056.jsonl,196,2728.301,6.0,measure,5,950.0,1645.448,no_signal
6,r06_20260912_224056.jsonl,197,2734.301,6.0,measure,19,950.0,1645.448,no_signal
6,r06_20260912_224056.jsonl,198,2740.301,6.0,measure,20,950.0,1645.448,no_signal
6,r06_20260912_224056.jsonl,199,2746.301,6.0,measure,3,950.0,1645.448,no_signal
6,r06_20260912_224056.jsonl,200,2752.301,6.0,measure,2,950.0,1645.448,no_signal
6,r06_20260912_224056.jsonl,201,2758.301,6.0,measure,1,950.0,1645.448,direction
6,r06_20260912_224056.jsonl,202,2764.301,6.0,measure,12,950.0,1645.448,direction
6,r06_20260912_224056.jsonl,203,2960.495,196.194,clear,12,1453.152,832.601,success
6,r06_20260912_224056.jsonl,204,3157.689,197.194,measure,1,950.0,1645.448,direction
6,r06_20260912_224056.jsonl,205,3365.861,208.172,measure,2,0.0,1300.0,no_signal
6,r06_20260912_224056.jsonl,206,3371.861,6.0,measure,3,0.0,1300.0,no_signal
6,r06_20260912_224056.jsonl,207,3377.861,6.0,measure,5,0.0,1300.0,no_signal
6,r06_20260912_224056.jsonl,208,3383.861,6.0,measure,6,0.0,1300.0,no_signal
6,r06_20260912_224056.jsonl,209,3389.861,6.0,measure,7,0.0,1300.0,no_signal
6,r06_20260912_224056.jsonl,210,3395.861,6.0,measure,13,0.0,1300.0,no_signal
6,r06_20260912_224056.jsonl,211,3401.861,6.0,measure,14,0.0,1300.0,no_signal
6,r06_20260912_224056.jsonl,212,3407.861,6.0,measure,16,0.0,1300.0,no_signal
6,r06_20260912_224056.jsonl,213,3413.861,6.0,measure,17,0.0,1300.0,no_signal
6,r06_20260912_224056.jsonl,214,3419.861,6.0,measure,19,0.0,1300.0,no_signal
6,r06_20260912_224056.jsonl,215,3425.861,6.0,measure,20,0.0,1300.0,no_signal
6,r06_20260912_224056.jsonl,216,3431.861,6.0,measure,1,0.0,1300.0,direction
6,r06_20260912_224056.jsonl,217,3594.726,162.865,measure,1,764.559,1496.172,direction
6,r06_20260912_224056.jsonl,218,3613.509,18.783,measure,1,824.854,1529.55,direction
6,r06_20260912_224056.jsonl,219,3627.786,14.277,measure,1,837.325,1484.873,no_signal
6,r06_20260912_224056.jsonl,220,3650.786,23.0,measure,1,792.325,1562.815,direction
6,r06_20260912_224056.jsonl,221,3672.767,21.981,clear,1,751.972,1488.115,success
6,r06_20260912_224056.jsonl,222,3850.244,177.477,measure,2,0.0,1900.0,no_signal
6,r06_20260912_224056.jsonl,223,3856.244,6.0,measure,3,0.0,1900.0,no_signal
6,r06_20260912_224056.jsonl,224,3862.244,6.0,measure,5,0.0,1900.0,no_signal
6,r06_20260912_224056.jsonl,225,3868.244,6.0,measure,6,0.0,1900.0,no_signal
6,r06_20260912_224056.jsonl,226,3874.244,6.0,measure,7,0.0,1900.0,no_signal
6,r06_20260912_224056.jsonl,227,3880.244,6.0,measure,13,0.0,1900.0,no_signal
6,r06_20260912_224056.jsonl,228,3886.244,6.0,measure,14,0.0,1900.0,no_signal
6,r06_20260912_224056.jsonl,229,3892.244,6.0,measure,16,0.0,1900.0,no_signal
6,r06_20260912_224056.jsonl,230,3898.244,6.0,measure,17,0.0,1900.0,no_signal
6,r06_20260912_224056.jsonl,231,3904.244,6.0,measure,19,0.0,1900.0,no_signal
6,r06_20260912_224056.jsonl,232,3910.244,6.0,measure,20,0.0,1900.0,no_signal
6,r06_20260912_224056.jsonl,233,4111.947,201.702,measure,20,-950.0,1645.448,no_signal
6,r06_20260912_224056.jsonl,234,4117.947,6.0,measure,19,-950.0,1645.448,no_signal
6,r06_20260912_224056.jsonl,235,4123.947,6.0,measure,17,-950.0,1645.448,no_signal
6,r06_20260912_224056.jsonl,236,4129.947,6.0,measure,16,-950.0,1645.448,no_signal
6,r06_20260912_224056.jsonl,237,4135.947,6.0,measure,14,-950.0,1645.448,no_signal
6,r06_20260912_224056.jsonl,238,4141.947,6.0,measure,13,-950.0,1645.448,no_signal
6,r06_20260912_224056.jsonl,239,4147.947,6.0,measure,7,-950.0,1645.448,no_signal
6,r06_20260912_224056.jsonl,240,4153.947,6.0,measure,6,-950.0,1645.448,no_signal
6,r06_20260912_224056.jsonl,241,4159.947,6.0,measure,5,-950.0,1645.448,no_signal
6,r06_20260912_224056.jsonl,242,4165.947,6.0,measure,3,-950.0,1645.448,no_signal
6,r06_20260912_224056.jsonl,243,4171.947,6.0,measure,2,-950.0,1645.448,no_signal
6,r06_20260912_224056.jsonl,244,4322.319,150.372,measure,2,-919.239,919.239,no_signal
6,r06_20260912_224056.jsonl,245,4328.319,6.0,measure,3,-919.239,919.239,no_signal
6,r06_20260912_224056.jsonl,246,4334.319,6.0,measure,5,-919.239,919.239,no_signal
6,r06_20260912_224056.jsonl,247,4340.319,6.0,measure,6,-919.239,919.239,no_signal
6,r06_20260912_224056.jsonl,248,4346.319,6.0,measure,7,-919.239,919.239,no_signal
6,r06_20260912_224056.jsonl,249,4352.319,6.0,measure,13,-919.239,919.239,no_signal
6,r06_20260912_224056.jsonl,250,4358.319,6.0,measure,14,-919.239,919.239,no_signal
6,r06_20260912_224056.jsonl,251,4364.319,6.0,measure,16,-919.239,919.239,direction
6,r06_20260912_224056.jsonl,252,4370.319,6.0,measure,17,-919.239,919.239,no_signal
6,r06_20260912_224056.jsonl,253,4376.319,6.0,measure,19,-919.239,919.239,no_signal
6,r06_20260912_224056.jsonl,254,4382.319,6.0,measure,20,-919.239,919.239,no_signal
6,r06_20260912_224056.jsonl,255,4388.319,6.0,measure,11,-919.239,919.239,no_signal
6,r06_20260912_224056.jsonl,256,4394.319,6.0,measure,16,-919.239,919.239,direction
6,r06_20260912_224056.jsonl,257,4545.691,151.372,measure,17,-1645.448,950.0,no_signal
6,r06_20260912_224056.jsonl,258,4551.691,6.0,measure,14,-1645.448,950.0,no_signal
6,r06_20260912_224056.jsonl,259,4557.691,6.0,measure,13,-1645.448,950.0,no_signal
6,r06_20260912_224056.jsonl,260,4563.691,6.0,measure,19,-1645.448,950.0,no_signal
6,r06_20260912_224056.jsonl,261,4569.691,6.0,measure,20,-1645.448,950.0,no_signal
6,r06_20260912_224056.jsonl,262,4575.691,6.0,measure,7,-1645.448,950.0,no_signal
6,r06_20260912_224056.jsonl,263,4581.691,6.0,measure,6,-1645.448,950.0,no_signal
6,r06_20260912_224056.jsonl,264,4587.691,6.0,measure,5,-1645.448,950.0,no_signal
6,r06_20260912_224056.jsonl,265,4593.691,6.0,measure,3,-1645.448,950.0,no_signal
6,r06_20260912_224056.jsonl,266,4599.691,6.0,measure,2,-1645.448,950.0,no_signal
6,r06_20260912_224056.jsonl,267,4605.691,6.0,measure,11,-1645.448,950.0,no_signal
6,r06_20260912_224056.jsonl,268,4611.691,6.0,measure,16,-1645.448,950.0,no_signal
6,r06_20260912_224056.jsonl,269,4819.862,208.172,measure,17,-1300.0,0.0,no_signal
6,r06_20260912_224056.jsonl,270,4825.862,6.0,measure,14,-1300.0,0.0,no_signal
6,r06_20260912_224056.jsonl,271,4831.862,6.0,measure,13,-1300.0,0.0,no_signal
6,r06_20260912_224056.jsonl,272,4837.862,6.0,measure,19,-1300.0,0.0,no_signal
6,r06_20260912_224056.jsonl,273,4843.862,6.0,measure,20,-1300.0,0.0,no_signal
6,r06_20260912_224056.jsonl,274,4849.862,6.0,measure,7,-1300.0,0.0,no_signal
6,r06_20260912_224056.jsonl,275,4855.862,6.0,measure,6,-1300.0,0.0,no_signal
6,r06_20260912_224056.jsonl,276,4861.862,6.0,measure,5,-1300.0,0.0,no_signal
6,r06_20260912_224056.jsonl,277,4867.862,6.0,measure,3,-1300.0,0.0,no_signal
6,r06_20260912_224056.jsonl,278,4873.862,6.0,measure,2,-1300.0,0.0,no_signal
6,r06_20260912_224056.jsonl,279,4879.862,6.0,measure,11,-1300.0,0.0,no_signal
6,r06_20260912_224056.jsonl,280,4885.862,6.0,measure,16,-1300.0,0.0,direction
6,r06_20260912_224056.jsonl,281,4995.128,109.265,clear,16,-1538.63,463.505,success
6,r06_20260912_224056.jsonl,282,5118.673,123.546,measure,17,-1900.0,0.0,no_signal
6,r06_20260912_224056.jsonl,283,5124.673,6.0,measure,14,-1900.0,0.0,no_signal
6,r06_20260912_224056.jsonl,284,5130.673,6.0,measure,13,-1900.0,0.0,no_signal
6,r06_20260912_224056.jsonl,285,5136.673,6.0,measure,19,-1900.0,0.0,no_signal
6,r06_20260912_224056.jsonl,286,5142.673,6.0,measure,20,-1900.0,0.0,no_signal
6,r06_20260912_224056.jsonl,287,5148.673,6.0,measure,7,-1900.0,0.0,no_signal
6,r06_20260912_224056.jsonl,288,5154.673,6.0,measure,6,-1900.0,0.0,no_signal
6,r06_20260912_224056.jsonl,289,5160.673,6.0,measure,5,-1900.0,0.0,no_signal
6,r06_20260912_224056.jsonl,290,5166.673,6.0,measure,3,-1900.0,0.0,no_signal
6,r06_20260912_224056.jsonl,291,5172.673,6.0,measure,2,-1900.0,0.0,no_signal
6,r06_20260912_224056.jsonl,292,5178.673,6.0,measure,11,-1900.0,0.0,no_signal
6,r06_20260912_224056.jsonl,293,5381.376,202.702,measure,13,-1645.448,-950.0,no_signal
6,r06_20260912_224056.jsonl,294,5387.376,6.0,measure,14,-1645.448,-950.0,no_signal
6,r06_20260912_224056.jsonl,295,5393.376,6.0,measure,7,-1645.448,-950.0,no_signal
6,r06_20260912_224056.jsonl,296,5399.376,6.0,measure,6,-1645.448,-950.0,no_signal
6,r06_20260912_224056.jsonl,297,5405.376,6.0,measure,5,-1645.448,-950.0,no_signal
6,r06_20260912_224056.jsonl,298,5411.376,6.0,measure,17,-1645.448,-950.0,no_signal
6,r06_20260912_224056.jsonl,299,5417.376,6.0,measure,3,-1645.448,-950.0,no_signal
6,r06_20260912_224056.jsonl,300,5423.376,6.0,measure,19,-1645.448,-950.0,no_signal
6,r06_20260912_224056.jsonl,301,5429.376,6.0,measure,2,-1645.448,-950.0,no_signal
6,r06_20260912_224056.jsonl,302,5435.376,6.0,measure,20,-1645.448,-950.0,no_signal
6,r06_20260912_224056.jsonl,303,5441.376,6.0,measure,11,-1645.448,-950.0,no_signal
6,r06_20260912_224056.jsonl,304,5592.748,151.372,measure,13,-919.239,-919.239,no_signal
6,r06_20260912_224056.jsonl,305,5598.748,6.0,measure,14,-919.239,-919.239,no_signal
6,r06_20260912_224056.jsonl,306,5604.748,6.0,measure,7,-919.239,-919.239,no_signal
6,r06_20260912_224056.jsonl,307,5610.748,6.0,measure,6,-919.239,-919.239,no_signal
6,r06_20260912_224056.jsonl,308,5616.748,6.0,measure,5,-919.239,-919.239,no_signal
6,r06_20260912_224056.jsonl,309,5622.748,6.0,measure,17,-919.239,-919.239,no_signal
6,r06_20260912_224056.jsonl,310,5628.748,6.0,measure,3,-919.239,-919.239,no_signal
6,r06_20260912_224056.jsonl,311,5634.748,6.0,measure,19,-919.239,-919.239,no_signal
6,r06_20260912_224056.jsonl,312,5640.748,6.0,measure,2,-919.239,-919.239,no_signal
6,r06_20260912_224056.jsonl,313,5646.748,6.0,measure,20,-919.239,-919.239,no_signal
6,r06_20260912_224056.jsonl,314,5652.748,6.0,measure,11,-919.239,-919.239,direction
6,r06_20260912_224056.jsonl,315,5804.12,151.372,measure,13,-950.0,-1645.448,no_signal
6,r06_20260912_224056.jsonl,316,5810.12,6.0,measure,14,-950.0,-1645.448,no_signal
6,r06_20260912_224056.jsonl,317,5816.12,6.0,measure,7,-950.0,-1645.448,no_signal
6,r06_20260912_224056.jsonl,318,5822.12,6.0,measure,6,-950.0,-1645.448,no_signal
6,r06_20260912_224056.jsonl,319,5828.12,6.0,measure,5,-950.0,-1645.448,no_signal
6,r06_20260912_224056.jsonl,320,5834.12,6.0,measure,17,-950.0,-1645.448,no_signal
6,r06_20260912_224056.jsonl,321,5840.12,6.0,measure,3,-950.0,-1645.448,no_signal
6,r06_20260912_224056.jsonl,322,5846.12,6.0,measure,19,-950.0,-1645.448,no_signal
6,r06_20260912_224056.jsonl,323,5852.12,6.0,measure,2,-950.0,-1645.448,no_signal
6,r06_20260912_224056.jsonl,324,5858.12,6.0,measure,20,-950.0,-1645.448,no_signal
6,r06_20260912_224056.jsonl,325,6059.822,201.702,measure,20,-0.0,-1900.0,no_signal
6,r06_20260912_224056.jsonl,326,6065.822,6.0,measure,19,-0.0,-1900.0,no_signal
6,r06_20260912_224056.jsonl,327,6071.822,6.0,measure,17,-0.0,-1900.0,no_signal
6,r06_20260912_224056.jsonl,328,6077.822,6.0,measure,14,-0.0,-1900.0,no_signal
6,r06_20260912_224056.jsonl,329,6083.822,6.0,measure,13,-0.0,-1900.0,no_signal
6,r06_20260912_224056.jsonl,330,6089.822,6.0,measure,7,-0.0,-1900.0,no_signal
6,r06_20260912_224056.jsonl,331,6095.822,6.0,measure,6,-0.0,-1900.0,no_signal
6,r06_20260912_224056.jsonl,332,6101.822,6.0,measure,5,-0.0,-1900.0,no_signal
6,r06_20260912_224056.jsonl,333,6107.822,6.0,measure,3,-0.0,-1900.0,no_signal
6,r06_20260912_224056.jsonl,334,6113.822,6.0,measure,2,-0.0,-1900.0,no_signal
6,r06_20260912_224056.jsonl,335,6315.525,201.702,measure,2,950.0,-1645.448,no_signal
6,r06_20260912_224056.jsonl,336,6321.525,6.0,measure,3,950.0,-1645.448,no_signal
6,r06_20260912_224056.jsonl,337,6327.525,6.0,measure,5,950.0,-1645.448,no_signal
6,r06_20260912_224056.jsonl,338,6333.525,6.0,measure,6,950.0,-1645.448,no_signal
6,r06_20260912_224056.jsonl,339,6339.525,6.0,measure,7,950.0,-1645.448,no_signal
6,r06_20260912_224056.jsonl,340,6345.525,6.0,measure,13,950.0,-1645.448,no_signal
6,r06_20260912_224056.jsonl,341,6351.525,6.0,measure,14,950.0,-1645.448,direction
6,r06_20260912_224056.jsonl,342,6357.525,6.0,measure,17,950.0,-1645.448,no_signal
6,r06_20260912_224056.jsonl,343,6363.525,6.0,measure,19,950.0,-1645.448,no_signal
6,r06_20260912_224056.jsonl,344,6369.525,6.0,measure,20,950.0,-1645.448,no_signal
6,r06_20260912_224056.jsonl,345,6375.525,6.0,measure,14,950.0,-1645.448,direction
6,r06_20260912_224056.jsonl,346,6381.525,6.0,measure,18,950.0,-1645.448,direction
6,r06_20260912_224056.jsonl,347,6584.227,202.702,measure,17,1645.448,-950.0,no_signal
6,r06_20260912_224056.jsonl,348,6590.227,6.0,measure,19,1645.448,-950.0,no_signal
6,r06_20260912_224056.jsonl,349,6596.227,6.0,measure,20,1645.448,-950.0,no_signal
6,r06_20260912_224056.jsonl,350,6602.227,6.0,measure,13,1645.448,-950.0,no_signal
6,r06_20260912_224056.jsonl,351,6608.227,6.0,measure,7,1645.448,-950.0,no_signal
6,r06_20260912_224056.jsonl,352,6614.227,6.0,measure,6,1645.448,-950.0,no_signal
6,r06_20260912_224056.jsonl,353,6620.227,6.0,measure,5,1645.448,-950.0,no_signal
6,r06_20260912_224056.jsonl,354,6626.227,6.0,measure,3,1645.448,-950.0,no_signal
6,r06_20260912_224056.jsonl,355,6632.227,6.0,measure,2,1645.448,-950.0,no_signal
6,r06_20260912_224056.jsonl,356,6638.227,6.0,measure,14,1645.448,-950.0,direction
6,r06_20260912_224056.jsonl,357,6644.227,6.0,measure,18,1645.448,-950.0,direction
6,r06_20260912_224056.jsonl,358,6781.583,137.355,clear,18,1149.688,-511.627,success
6,r06_20260912_224056.jsonl,359,6913.04,131.457,measure,14,1351.481,-1105.568,direction
6,r06_20260912_224056.jsonl,360,6919.881,6.842,clear,14,1357.714,-1098.79,success
6,r06_20260912_224056.jsonl,361,7020.644,100.763,measure,13,919.239,-919.239,no_signal
6,r06_20260912_224056.jsonl,362,7026.644,6.0,measure,17,919.239,-919.239,no_signal
6,r06_20260912_224056.jsonl,363,7032.644,6.0,measure,19,919.239,-919.239,no_signal
6,r06_20260912_224056.jsonl,364,7038.644,6.0,measure,20,919.239,-919.239,no_signal
6,r06_20260912_224056.jsonl,365,7044.644,6.0,measure,7,919.239,-919.239,no_signal
6,r06_20260912_224056.jsonl,366,7050.644,6.0,measure,6,919.239,-919.239,no_signal
6,r06_20260912_224056.jsonl,367,7056.644,6.0,measure,5,919.239,-919.239,no_signal
6,r06_20260912_224056.jsonl,368,7062.644,6.0,measure,3,919.239,-919.239,no_signal
6,r06_20260912_224056.jsonl,369,7068.644,6.0,measure,2,919.239,-919.239,no_signal
6,r06_20260912_224056.jsonl,370,7272.639,203.995,measure,2,-0.0,-1300.0,no_signal
6,r06_20260912_224056.jsonl,371,7278.639,6.0,measure,3,-0.0,-1300.0,no_signal
6,r06_20260912_224056.jsonl,372,7284.639,6.0,measure,5,-0.0,-1300.0,no_signal
6,r06_20260912_224056.jsonl,373,7290.639,6.0,measure,6,-0.0,-1300.0,no_signal
6,r06_20260912_224056.jsonl,374,7296.639,6.0,measure,7,-0.0,-1300.0,no_signal
6,r06_20260912_224056.jsonl,375,7302.639,6.0,measure,13,-0.0,-1300.0,no_signal
6,r06_20260912_224056.jsonl,376,7308.639,6.0,measure,17,-0.0,-1300.0,no_signal
6,r06_20260912_224056.jsonl,377,7314.639,6.0,measure,19,-0.0,-1300.0,no_signal
6,r06_20260912_224056.jsonl,378,7320.639,6.0,measure,20,-0.0,-1300.0,no_signal
6,r06_20260912_224056.jsonl,379,7613.558,292.918,measure,11,-826.636,-127.513,no_signal
6,r06_20260912_224056.jsonl,380,7636.558,23.0,measure,11,-736.636,-127.513,no_signal
6,r06_20260912_224056.jsonl,381,7659.558,23.0,measure,11,-781.636,-205.456,direction
6,r06_20260912_224056.jsonl,382,7682.968,23.411,clear,11,-829.349,-126.733,success
6,r06_20260912_224056.jsonl,383,7682.968,0.0,exit,,,,
7,r07_20260912_224116.jsonl,0,0.0,0.0,enter,,,,
7,r07_20260912_224116.jsonl,1,5.0,5.0,measure,1,0.0,0.0,no_signal
7,r07_20260912_224116.jsonl,2,11.0,6.0,measure,2,0.0,0.0,no_signal
7,r07_20260912_224116.jsonl,3,17.0,6.0,measure,3,0.0,0.0,no_signal
7,r07_20260912_224116.jsonl,4,23.0,6.0,measure,4,0.0,0.0,no_signal
7,r07_20260912_224116.jsonl,5,29.0,6.0,measure,5,0.0,0.0,no_signal
7,r07_20260912_224116.jsonl,6,35.0,6.0,measure,6,0.0,0.0,direction
7,r07_20260912_224116.jsonl,7,41.0,6.0,measure,7,0.0,0.0,no_signal
7,r07_20260912_224116.jsonl,8,47.0,6.0,measure,8,0.0,0.0,no_signal
7,r07_20260912_224116.jsonl,9,53.0,6.0,measure,9,0.0,0.0,direction
7,r07_20260912_224116.jsonl,10,59.0,6.0,measure,10,0.0,0.0,direction
7,r07_20260912_224116.jsonl,11,65.0,6.0,measure,11,0.0,0.0,no_signal
7,r07_20260912_224116.jsonl,12,71.0,6.0,measure,12,0.0,0.0,no_signal
7,r07_20260912_224116.jsonl,13,77.0,6.0,measure,13,0.0,0.0,no_signal
7,r07_20260912_224116.jsonl,14,83.0,6.0,measure,14,0.0,0.0,no_signal
7,r07_20260912_224116.jsonl,15,89.0,6.0,measure,15,0.0,0.0,no_signal
7,r07_20260912_224116.jsonl,16,95.0,6.0,measure,16,0.0,0.0,no_signal
7,r07_20260912_224116.jsonl,17,101.0,6.0,measure,17,0.0,0.0,no_signal
7,r07_20260912_224116.jsonl,18,107.0,6.0,measure,18,0.0,0.0,no_signal
7,r07_20260912_224116.jsonl,19,113.0,6.0,measure,19,0.0,0.0,no_signal
7,r07_20260912_224116.jsonl,20,119.0,6.0,measure,20,0.0,0.0,no_signal
7,r07_20260912_224116.jsonl,21,204.0,85.0,measure,20,400.0,0.0,no_signal
7,r07_20260912_224116.jsonl,22,210.0,6.0,measure,19,400.0,0.0,direction
7,r07_20260912_224116.jsonl,23,216.0,6.0,measure,18,400.0,0.0,no_signal
7,r07_20260912_224116.jsonl,24,222.0,6.0,measure,17,400.0,0.0,no_signal
7,r07_20260912_224116.jsonl,25,228.0,6.0,measure,16,400.0,0.0,no_signal
7,r07_20260912_224116.jsonl,26,234.0,6.0,measure,15,400.0,0.0,no_signal
7,r07_20260912_224116.jsonl,27,240.0,6.0,measure,14,400.0,0.0,direction
7,r07_20260912_224116.jsonl,28,246.0,6.0,measure,13,400.0,0.0,no_signal
7,r07_20260912_224116.jsonl,29,252.0,6.0,measure,12,400.0,0.0,no_signal
7,r07_20260912_224116.jsonl,30,258.0,6.0,measure,11,400.0,0.0,no_signal
7,r07_20260912_224116.jsonl,31,264.0,6.0,measure,8,400.0,0.0,no_signal
7,r07_20260912_224116.jsonl,32,270.0,6.0,measure,7,400.0,0.0,no_signal
7,r07_20260912_224116.jsonl,33,276.0,6.0,measure,5,400.0,0.0,no_signal
7,r07_20260912_224116.jsonl,34,282.0,6.0,measure,4,400.0,0.0,no_signal
7,r07_20260912_224116.jsonl,35,288.0,6.0,measure,3,400.0,0.0,no_signal
7,r07_20260912_224116.jsonl,36,294.0,6.0,measure,2,400.0,0.0,no_signal
7,r07_20260912_224116.jsonl,37,300.0,6.0,measure,1,400.0,0.0,no_signal
7,r07_20260912_224116.jsonl,38,306.0,6.0,measure,10,400.0,0.0,direction
7,r07_20260912_224116.jsonl,39,312.0,6.0,measure,6,400.0,0.0,direction
7,r07_20260912_224116.jsonl,40,398.0,86.0,measure,5,200.0,-346.41,no_signal
7,r07_20260912_224116.jsonl,41,404.0,6.0,measure,7,200.0,-346.41,no_signal
7,r07_20260912_224116.jsonl,42,410.0,6.0,measure,4,200.0,-346.41,no_signal
7,r07_20260912_224116.jsonl,43,416.0,6.0,measure,8,200.0,-346.41,no_signal
7,r07_20260912_224116.jsonl,44,422.0,6.0,measure,3,200.0,-346.41,no_signal
7,r07_20260912_224116.jsonl,45,428.0,6.0,measure,2,200.0,-346.41,no_signal
7,r07_20260912_224116.jsonl,46,434.0,6.0,measure,1,200.0,-346.41,no_signal
7,r07_20260912_224116.jsonl,47,440.0,6.0,measure,11,200.0,-346.41,no_signal
7,r07_20260912_224116.jsonl,48,446.0,6.0,measure,12,200.0,-346.41,no_signal
7,r07_20260912_224116.jsonl,49,452.0,6.0,measure,13,200.0,-346.41,no_signal
7,r07_20260912_224116.jsonl,50,458.0,6.0,measure,15,200.0,-346.41,no_signal
7,r07_20260912_224116.jsonl,51,464.0,6.0,measure,16,200.0,-346.41,no_signal
7,r07_20260912_224116.jsonl,52,470.0,6.0,measure,17,200.0,-346.41,no_signal
7,r07_20260912_224116.jsonl,53,476.0,6.0,measure,18,200.0,-346.41,no_signal
7,r07_20260912_224116.jsonl,54,482.0,6.0,measure,20,200.0,-346.41,no_signal
7,r07_20260912_224116.jsonl,55,488.0,6.0,measure,9,200.0,-346.41,direction
7,r07_20260912_224116.jsonl,56,494.0,6.0,measure,19,200.0,-346.41,no_signal
7,r07_20260912_224116.jsonl,57,549.922,55.922,measure,6,123.335,-583.954,direction
7,r07_20260912_224116.jsonl,58,558.307,8.386,clear,6,121.583,-600.791,success
7,r07_20260912_224116.jsonl,59,646.314,88.006,measure,5,-200.0,-346.41,no_signal
7,r07_20260912_224116.jsonl,60,652.314,6.0,measure,7,-200.0,-346.41,no_signal
7,r07_20260912_224116.jsonl,61,658.314,6.0,measure,4,-200.0,-346.41,no_signal
7,r07_20260912_224116.jsonl,62,664.314,6.0,measure,8,-200.0,-346.41,no_signal
7,r07_20260912_224116.jsonl,63,670.314,6.0,measure,3,-200.0,-346.41,no_signal
7,r07_20260912_224116.jsonl,64,676.314,6.0,measure,2,-200.0,-346.41,no_signal
7,r07_20260912_224116.jsonl,65,682.314,6.0,measure,1,-200.0,-346.41,no_signal
7,r07_20260912_224116.jsonl,66,688.314,6.0,measure,11,-200.0,-346.41,no_signal
7,r07_20260912_224116.jsonl,67,694.314,6.0,measure,12,-200.0,-346.41,direction
7,r07_20260912_224116.jsonl,68,700.314,6.0,measure,13,-200.0,-346.41,no_signal
7,r07_20260912_224116.jsonl,69,706.314,6.0,measure,15,-200.0,-346.41,no_signal
7,r07_20260912_224116.jsonl,70,712.314,6.0,measure,16,-200.0,-346.41,no_signal
7,r07_20260912_224116.jsonl,71,718.314,6.0,measure,17,-200.0,-346.41,no_signal
7,r07_20260912_224116.jsonl,72,724.314,6.0,measure,18,-200.0,-346.41,no_signal
7,r07_20260912_224116.jsonl,73,730.314,6.0,measure,20,-200.0,-346.41,no_signal
7,r07_20260912_224116.jsonl,74,736.314,6.0,measure,12,-200.0,-346.41,direction
7,r07_20260912_224116.jsonl,75,742.314,6.0,measure,10,-200.0,-346.41,direction
7,r07_20260912_224116.jsonl,76,816.189,73.876,measure,9,-539.267,-355.123,direction
7,r07_20260912_224116.jsonl,77,822.613,6.423,clear,9,-542.769,-361.319,success
7,r07_20260912_224116.jsonl,78,906.313,83.701,measure,8,-400.0,0.0,no_signal
7,r07_20260912_224116.jsonl,79,912.313,6.0,measure,7,-400.0,0.0,no_signal
7,r07_20260912_224116.jsonl,80,918.313,6.0,measure,11,-400.0,0.0,no_signal
7,r07_20260912_224116.jsonl,81,924.313,6.0,measure,5,-400.0,0.0,no_signal
7,r07_20260912_224116.jsonl,82,930.313,6.0,measure,13,-400.0,0.0,direction
7,r07_20260912_224116.jsonl,83,936.313,6.0,measure,4,-400.0,0.0,no_signal
7,r07_20260912_224116.jsonl,84,942.313,6.0,measure,3,-400.0,0.0,no_signal
7,r07_20260912_224116.jsonl,85,948.313,6.0,measure,15,-400.0,0.0,no_signal
7,r07_20260912_224116.jsonl,86,954.313,6.0,measure,2,-400.0,0.0,no_signal
7,r07_20260912_224116.jsonl,87,960.313,6.0,measure,16,-400.0,0.0,no_signal
7,r07_20260912_224116.jsonl,88,966.313,6.0,measure,1,-400.0,0.0,no_signal
7,r07_20260912_224116.jsonl,89,972.313,6.0,measure,17,-400.0,0.0,no_signal
7,r07_20260912_224116.jsonl,90,978.313,6.0,measure,18,-400.0,0.0,no_signal
7,r07_20260912_224116.jsonl,91,984.313,6.0,measure,20,-400.0,0.0,no_signal
7,r07_20260912_224116.jsonl,92,990.313,6.0,measure,13,-400.0,0.0,direction
7,r07_20260912_224116.jsonl,93,996.313,6.0,measure,12,-400.0,0.0,direction
7,r07_20260912_224116.jsonl,94,1082.313,86.0,measure,11,-200.0,346.41,no_signal
7,r07_20260912_224116.jsonl,95,1088.313,6.0,measure,15,-200.0,346.41,no_signal
7,r07_20260912_224116.jsonl,96,1094.313,6.0,measure,8,-200.0,346.41,no_signal
7,r07_20260912_224116.jsonl,97,1100.313,6.0,measure,16,-200.0,346.41,no_signal
7,r07_20260912_224116.jsonl,98,1106.313,6.0,measure,7,-200.0,346.41,no_signal
7,r07_20260912_224116.jsonl,99,1112.313,6.0,measure,17,-200.0,346.41,no_signal
7,r07_20260912_224116.jsonl,100,1118.313,6.0,measure,18,-200.0,346.41,direction
7,r07_20260912_224116.jsonl,101,1124.313,6.0,measure,5,-200.0,346.41,no_signal
7,r07_20260912_224116.jsonl,102,1130.313,6.0,measure,4,-200.0,346.41,no_signal
7,r07_20260912_224116.jsonl,103,1136.313,6.0,measure,20,-200.0,346.41,no_signal
7,r07_20260912_224116.jsonl,104,1142.313,6.0,measure,3,-200.0,346.41,no_signal
7,r07_20260912_224116.jsonl,105,1148.313,6.0,measure,2,-200.0,346.41,no_signal
7,r07_20260912_224116.jsonl,106,1154.313,6.0,measure,1,-200.0,346.41,no_signal
7,r07_20260912_224116.jsonl,107,1160.313,6.0,measure,13,-200.0,346.41,direction
7,r07_20260912_224116.jsonl,108,1166.313,6.0,measure,18,-200.0,346.41,direction
7,r07_20260912_224116.jsonl,109,1252.313,86.0,measure,17,200.0,346.41,no_signal
7,r07_20260912_224116.jsonl,110,1258.313,6.0,measure,16,200.0,346.41,no_signal
7,r07_20260912_224116.jsonl,111,1264.313,6.0,measure,20,200.0,346.41,no_signal
7,r07_20260912_224116.jsonl,112,1270.313,6.0,measure,15,200.0,346.41,no_signal
7,r07_20260912_224116.jsonl,113,1276.313,6.0,measure,11,200.0,346.41,no_signal
7,r07_20260912_224116.jsonl,114,1282.313,6.0,measure,8,200.0,346.41,no_signal
7,r07_20260912_224116.jsonl,115,1288.313,6.0,measure,7,200.0,346.41,no_signal
7,r07_20260912_224116.jsonl,116,1294.313,6.0,measure,5,200.0,346.41,no_signal
7,r07_20260912_224116.jsonl,117,1300.313,6.0,measure,4,200.0,346.41,no_signal
7,r07_20260912_224116.jsonl,118,1306.313,6.0,measure,3,200.0,346.41,no_signal
7,r07_20260912_224116.jsonl,119,1312.313,6.0,measure,2,200.0,346.41,no_signal
7,r07_20260912_224116.jsonl,120,1318.313,6.0,measure,1,200.0,346.41,no_signal
7,r07_20260912_224116.jsonl,121,1324.313,6.0,measure,18,200.0,346.41,direction
7,r07_20260912_224116.jsonl,122,1379.703,55.39,clear,18,35.555,155.529,success
7,r07_20260912_224116.jsonl,123,1436.092,56.39,measure,14,200.0,346.41,direction
7,r07_20260912_224116.jsonl,124,1625.988,189.895,measure,15,919.239,919.239,no_signal
7,r07_20260912_224116.jsonl,125,1631.988,6.0,measure,16,919.239,919.239,no_signal
7,r07_20260912_224116.jsonl,126,1637.988,6.0,measure,11,919.239,919.239,no_signal
7,r07_20260912_224116.jsonl,127,1643.988,6.0,measure,17,919.239,919.239,no_signal
7,r07_20260912_224116.jsonl,128,1649.988,6.0,measure,8,919.239,919.239,no_signal
7,r07_20260912_224116.jsonl,129,1655.988,6.0,measure,20,919.239,919.239,no_signal
7,r07_20260912_224116.jsonl,130,1661.988,6.0,measure,7,919.239,919.239,no_signal
7,r07_20260912_224116.jsonl,131,1667.988,6.0,measure,5,919.239,919.239,no_signal
7,r07_20260912_224116.jsonl,132,1673.988,6.0,measure,4,919.239,919.239,no_signal
7,r07_20260912_224116.jsonl,133,1679.988,6.0,measure,3,919.239,919.239,no_signal
7,r07_20260912_224116.jsonl,134,1685.988,6.0,measure,2,919.239,919.239,no_signal
7,r07_20260912_224116.jsonl,135,1691.988,6.0,measure,1,919.239,919.239,no_signal
7,r07_20260912_224116.jsonl,136,1697.988,6.0,measure,19,919.239,919.239,no_signal
7,r07_20260912_224116.jsonl,137,1703.988,6.0,measure,14,919.239,919.239,direction
7,r07_20260912_224116.jsonl,138,1855.36,151.372,measure,15,1645.448,950.0,no_signal
7,r07_20260912_224116.jsonl,139,1861.36,6.0,measure,16,1645.448,950.0,no_signal
7,r07_20260912_224116.jsonl,140,1867.36,6.0,measure,11,1645.448,950.0,no_signal
7,r07_20260912_224116.jsonl,141,1873.36,6.0,measure,17,1645.448,950.0,no_signal
7,r07_20260912_224116.jsonl,142,1879.36,6.0,measure,8,1645.448,950.0,no_signal
7,r07_20260912_224116.jsonl,143,1885.36,6.0,measure,20,1645.448,950.0,no_signal
7,r07_20260912_224116.jsonl,144,1891.36,6.0,measure,7,1645.448,950.0,no_signal
7,r07_20260912_224116.jsonl,145,1897.36,6.0,measure,5,1645.448,950.0,no_signal
7,r07_20260912_224116.jsonl,146,1903.36,6.0,measure,4,1645.448,950.0,no_signal
7,r07_20260912_224116.jsonl,147,1909.36,6.0,measure,3,1645.448,950.0,no_signal
7,r07_20260912_224116.jsonl,148,1915.36,6.0,measure,2,1645.448,950.0,no_signal
7,r07_20260912_224116.jsonl,149,1921.36,6.0,measure,1,1645.448,950.0,no_signal
7,r07_20260912_224116.jsonl,150,1927.36,6.0,measure,19,1645.448,950.0,direction
7,r07_20260912_224116.jsonl,151,1933.36,6.0,measure,14,1645.448,950.0,direction
7,r07_20260912_224116.jsonl,152,1997.92,64.56,clear,14,1522.005,678.989,success
7,r07_20260912_224116.jsonl,153,2146.792,148.872,measure,15,1300.0,0.0,no_signal
7,r07_20260912_224116.jsonl,154,2152.792,6.0,measure,16,1300.0,0.0,direction
7,r07_20260912_224116.jsonl,155,2158.792,6.0,measure,11,1300.0,0.0,no_signal
7,r07_20260912_224116.jsonl,156,2164.792,6.0,measure,17,1300.0,0.0,no_signal
7,r07_20260912_224116.jsonl,157,2170.792,6.0,measure,8,1300.0,0.0,no_signal
7,r07_20260912_224116.jsonl,158,2176.792,6.0,measure,20,1300.0,0.0,no_signal
7,r07_20260912_224116.jsonl,159,2182.792,6.0,measure,7,1300.0,0.0,no_signal
7,r07_20260912_224116.jsonl,160,2188.792,6.0,measure,5,1300.0,0.0,no_signal
7,r07_20260912_224116.jsonl,161,2194.792,6.0,measure,4,1300.0,0.0,no_signal
7,r07_20260912_224116.jsonl,162,2200.792,6.0,measure,3,1300.0,0.0,no_signal
7,r07_20260912_224116.jsonl,163,2206.792,6.0,measure,2,1300.0,0.0,no_signal
7,r07_20260912_224116.jsonl,164,2212.792,6.0,measure,1,1300.0,0.0,no_signal
7,r07_20260912_224116.jsonl,165,2218.792,6.0,measure,16,1300.0,0.0,direction
7,r07_20260912_224116.jsonl,166,2224.792,6.0,measure,10,1300.0,0.0,direction
7,r07_20260912_224116.jsonl,167,2379.792,154.999,clear,10,736.371,-494.79,success
7,r07_20260912_224116.jsonl,168,2478.225,98.433,measure,11,919.239,-919.239,no_signal
7,r07_20260912_224116.jsonl,169,2484.225,6.0,measure,8,919.239,-919.239,no_signal
7,r07_20260912_224116.jsonl,170,2490.225,6.0,measure,7,919.239,-919.239,no_signal
7,r07_20260912_224116.jsonl,171,2496.225,6.0,measure,5,919.239,-919.239,no_signal
7,r07_20260912_224116.jsonl,172,2502.225,6.0,measure,15,919.239,-919.239,no_signal
7,r07_20260912_224116.jsonl,173,2508.225,6.0,measure,4,919.239,-919.239,no_signal
7,r07_20260912_224116.jsonl,174,2514.225,6.0,measure,3,919.239,-919.239,no_signal
7,r07_20260912_224116.jsonl,175,2520.225,6.0,measure,17,919.239,-919.239,no_signal
7,r07_20260912_224116.jsonl,176,2526.225,6.0,measure,2,919.239,-919.239,no_signal
7,r07_20260912_224116.jsonl,177,2532.225,6.0,measure,1,919.239,-919.239,no_signal
7,r07_20260912_224116.jsonl,178,2538.225,6.0,measure,20,919.239,-919.239,no_signal
7,r07_20260912_224116.jsonl,179,2544.225,6.0,measure,16,919.239,-919.239,direction
7,r07_20260912_224116.jsonl,180,2651.234,107.009,clear,16,1426.48,-865.842,success
7,r07_20260912_224116.jsonl,181,2759.242,108.009,measure,19,919.239,-919.239,direction
7,r07_20260912_224116.jsonl,182,2910.614,151.372,measure,20,1645.448,-950.0,no_signal
7,r07_20260912_224116.jsonl,183,2916.614,6.0,measure,17,1645.448,-950.0,direction
7,r07_20260912_224116.jsonl,184,2922.614,6.0,measure,15,1645.448,-950.0,no_signal
7,r07_20260912_224116.jsonl,185,2928.614,6.0,measure,11,1645.448,-950.0,no_signal
7,r07_20260912_224116.jsonl,186,2934.614,6.0,measure,8,1645.448,-950.0,no_signal
7,r07_20260912_224116.jsonl,187,2940.614,6.0,measure,7,1645.448,-950.0,no_signal
7,r07_20260912_224116.jsonl,188,2946.614,6.0,measure,5,1645.448,-950.0,no_signal
7,r07_20260912_224116.jsonl,189,2952.614,6.0,measure,4,1645.448,-950.0,no_signal
7,r07_20260912_224116.jsonl,190,2958.614,6.0,measure,3,1645.448,-950.0,no_signal
7,r07_20260912_224116.jsonl,191,2964.614,6.0,measure,2,1645.448,-950.0,no_signal
7,r07_20260912_224116.jsonl,192,2970.614,6.0,measure,1,1645.448,-950.0,no_signal
7,r07_20260912_224116.jsonl,193,2976.614,6.0,measure,17,1645.448,-950.0,direction
7,r07_20260912_224116.jsonl,194,2982.614,6.0,measure,19,1645.448,-950.0,direction
7,r07_20260912_224116.jsonl,195,3162.443,179.829,measure,19,1470.084,-93.627,direction
7,r07_20260912_224116.jsonl,196,3168.87,6.427,clear,19,1463.502,-96.383,success
7,r07_20260912_224116.jsonl,197,3264.273,95.403,measure,20,1900.0,0.0,no_signal
7,r07_20260912_224116.jsonl,198,3270.273,6.0,measure,15,1900.0,0.0,no_signal
7,r07_20260912_224116.jsonl,199,3276.273,6.0,measure,11,1900.0,0.0,no_signal
7,r07_20260912_224116.jsonl,200,3282.273,6.0,measure,8,1900.0,0.0,no_signal
7,r07_20260912_224116.jsonl,201,3288.273,6.0,measure,7,1900.0,0.0,no_signal
7,r07_20260912_224116.jsonl,202,3294.273,6.0,measure,5,1900.0,0.0,no_signal
7,r07_20260912_224116.jsonl,203,3300.273,6.0,measure,4,1900.0,0.0,no_signal
7,r07_20260912_224116.jsonl,204,3306.273,6.0,measure,3,1900.0,0.0,no_signal
7,r07_20260912_224116.jsonl,205,3312.273,6.0,measure,2,1900.0,0.0,no_signal
7,r07_20260912_224116.jsonl,206,3318.273,6.0,measure,1,1900.0,0.0,no_signal
7,r07_20260912_224116.jsonl,207,3703.273,385.0,measure,1,950.0,1645.448,no_signal
7,r07_20260912_224116.jsonl,208,3709.273,6.0,measure,2,950.0,1645.448,no_signal
7,r07_20260912_224116.jsonl,209,3715.273,6.0,measure,3,950.0,1645.448,no_signal
7,r07_20260912_224116.jsonl,210,3721.273,6.0,measure,4,950.0,1645.448,no_signal
7,r07_20260912_224116.jsonl,211,3727.273,6.0,measure,5,950.0,1645.448,no_signal
7,r07_20260912_224116.jsonl,212,3733.273,6.0,measure,7,950.0,1645.448,no_signal
7,r07_20260912_224116.jsonl,213,3739.273,6.0,measure,8,950.0,1645.448,no_signal
7,r07_20260912_224116.jsonl,214,3745.273,6.0,measure,11,950.0,1645.448,no_signal
7,r07_20260912_224116.jsonl,215,3751.273,6.0,measure,15,950.0,1645.448,no_signal
7,r07_20260912_224116.jsonl,216,3757.273,6.0,measure,20,950.0,1645.448,no_signal
7,r07_20260912_224116.jsonl,217,3763.273,6.0,measure,13,950.0,1645.448,direction
7,r07_20260912_224116.jsonl,218,3965.975,202.702,measure,11,0.0,1900.0,no_signal
7,r07_20260912_224116.jsonl,219,3971.975,6.0,measure,15,0.0,1900.0,no_signal
7,r07_20260912_224116.jsonl,220,3977.975,6.0,measure,8,0.0,1900.0,no_signal
7,r07_20260912_224116.jsonl,221,3983.975,6.0,measure,7,0.0,1900.0,no_signal
7,r07_20260912_224116.jsonl,222,3989.975,6.0,measure,20,0.0,1900.0,no_signal
7,r07_20260912_224116.jsonl,223,3995.975,6.0,measure,5,0.0,1900.0,no_signal
7,r07_20260912_224116.jsonl,224,4001.975,6.0,measure,4,0.0,1900.0,no_signal
7,r07_20260912_224116.jsonl,225,4007.975,6.0,measure,3,0.0,1900.0,no_signal
7,r07_20260912_224116.jsonl,226,4013.975,6.0,measure,2,0.0,1900.0,no_signal
7,r07_20260912_224116.jsonl,227,4019.975,6.0,measure,1,0.0,1900.0,no_signal
7,r07_20260912_224116.jsonl,228,4025.975,6.0,measure,13,0.0,1900.0,direction
7,r07_20260912_224116.jsonl,229,4151.975,126.0,measure,11,0.0,1300.0,no_signal
7,r07_20260912_224116.jsonl,230,4157.975,6.0,measure,15,0.0,1300.0,no_signal
7,r07_20260912_224116.jsonl,231,4163.975,6.0,measure,8,0.0,1300.0,no_signal
7,r07_20260912_224116.jsonl,232,4169.975,6.0,measure,7,0.0,1300.0,no_signal
7,r07_20260912_224116.jsonl,233,4175.975,6.0,measure,20,0.0,1300.0,no_signal
7,r07_20260912_224116.jsonl,234,4181.975,6.0,measure,5,0.0,1300.0,no_signal
7,r07_20260912_224116.jsonl,235,4187.975,6.0,measure,4,0.0,1300.0,no_signal
7,r07_20260912_224116.jsonl,236,4193.975,6.0,measure,3,0.0,1300.0,no_signal
7,r07_20260912_224116.jsonl,237,4199.975,6.0,measure,2,0.0,1300.0,no_signal
7,r07_20260912_224116.jsonl,238,4205.975,6.0,measure,1,0.0,1300.0,no_signal
7,r07_20260912_224116.jsonl,239,4211.975,6.0,measure,13,0.0,1300.0,direction
7,r07_20260912_224116.jsonl,240,4272.387,60.412,clear,13,-241.747,1435.354,success
7,r07_20260912_224116.jsonl,241,4426.139,153.751,measure,11,-950.0,1645.448,no_signal
7,r07_20260912_224116.jsonl,242,4432.139,6.0,measure,15,-950.0,1645.448,no_signal
7,r07_20260912_224116.jsonl,243,4438.139,6.0,measure,8,-950.0,1645.448,no_signal
7,r07_20260912_224116.jsonl,244,4444.139,6.0,measure,7,-950.0,1645.448,no_signal
7,r07_20260912_224116.jsonl,245,4450.139,6.0,measure,20,-950.0,1645.448,no_signal
7,r07_20260912_224116.jsonl,246,4456.139,6.0,measure,5,-950.0,1645.448,no_signal
7,r07_20260912_224116.jsonl,247,4462.139,6.0,measure,4,-950.0,1645.448,no_signal
7,r07_20260912_224116.jsonl,248,4468.139,6.0,measure,3,-950.0,1645.448,no_signal
7,r07_20260912_224116.jsonl,249,4474.139,6.0,measure,2,-950.0,1645.448,no_signal
7,r07_20260912_224116.jsonl,250,4480.139,6.0,measure,1,-950.0,1645.448,no_signal
7,r07_20260912_224116.jsonl,251,4630.511,150.372,measure,1,-919.239,919.239,no_signal
7,r07_20260912_224116.jsonl,252,4636.511,6.0,measure,2,-919.239,919.239,no_signal
7,r07_20260912_224116.jsonl,253,4642.511,6.0,measure,3,-919.239,919.239,no_signal
7,r07_20260912_224116.jsonl,254,4648.511,6.0,measure,4,-919.239,919.239,no_signal
7,r07_20260912_224116.jsonl,255,4654.511,6.0,measure,5,-919.239,919.239,no_signal
7,r07_20260912_224116.jsonl,256,4660.511,6.0,measure,7,-919.239,919.239,no_signal
7,r07_20260912_224116.jsonl,257,4666.511,6.0,measure,8,-919.239,919.239,no_signal
7,r07_20260912_224116.jsonl,258,4672.511,6.0,measure,11,-919.239,919.239,no_signal
7,r07_20260912_224116.jsonl,259,4678.511,6.0,measure,15,-919.239,919.239,no_signal
7,r07_20260912_224116.jsonl,260,4684.511,6.0,measure,20,-919.239,919.239,direction
7,r07_20260912_224116.jsonl,261,4689.511,5.0,measure,20,-919.239,919.239,direction
7,r07_20260912_224116.jsonl,262,4840.883,151.372,measure,15,-1645.448,950.0,no_signal
7,r07_20260912_224116.jsonl,263,4846.883,6.0,measure,11,-1645.448,950.0,no_signal
7,r07_20260912_224116.jsonl,264,4852.883,6.0,measure,8,-1645.448,950.0,no_signal
7,r07_20260912_224116.jsonl,265,4858.883,6.0,measure,7,-1645.448,950.0,no_signal
7,r07_20260912_224116.jsonl,266,4864.883,6.0,measure,5,-1645.448,950.0,no_signal
7,r07_20260912_224116.jsonl,267,4870.883,6.0,measure,4,-1645.448,950.0,no_signal
7,r07_20260912_224116.jsonl,268,4876.883,6.0,measure,3,-1645.448,950.0,no_signal
7,r07_20260912_224116.jsonl,269,4882.883,6.0,measure,2,-1645.448,950.0,no_signal
7,r07_20260912_224116.jsonl,270,4888.883,6.0,measure,1,-1645.448,950.0,no_signal
7,r07_20260912_224116.jsonl,271,4894.883,6.0,measure,20,-1645.448,950.0,direction
7,r07_20260912_224116.jsonl,272,5103.054,208.172,measure,15,-1300.0,0.0,no_signal
7,r07_20260912_224116.jsonl,273,5109.054,6.0,measure,11,-1300.0,0.0,no_signal
7,r07_20260912_224116.jsonl,274,5115.054,6.0,measure,8,-1300.0,0.0,no_signal
7,r07_20260912_224116.jsonl,275,5121.054,6.0,measure,7,-1300.0,0.0,no_signal
7,r07_20260912_224116.jsonl,276,5127.054,6.0,measure,5,-1300.0,0.0,no_signal
7,r07_20260912_224116.jsonl,277,5133.054,6.0,measure,4,-1300.0,0.0,no_signal
7,r07_20260912_224116.jsonl,278,5139.054,6.0,measure,3,-1300.0,0.0,no_signal
7,r07_20260912_224116.jsonl,279,5145.054,6.0,measure,2,-1300.0,0.0,no_signal
7,r07_20260912_224116.jsonl,280,5151.054,6.0,measure,1,-1300.0,0.0,no_signal
7,r07_20260912_224116.jsonl,281,5157.054,6.0,measure,12,-1300.0,0.0,direction
7,r07_20260912_224116.jsonl,282,5163.054,6.0,measure,20,-1300.0,0.0,direction
7,r07_20260912_224116.jsonl,283,5244.212,81.158,clear,20,-1679.811,27.297,success
7,r07_20260912_224116.jsonl,284,5294.587,50.375,measure,15,-1900.0,0.0,no_signal
7,r07_20260912_224116.jsonl,285,5300.587,6.0,measure,11,-1900.0,0.0,no_signal
7,r07_20260912_224116.jsonl,286,5306.587,6.0,measure,8,-1900.0,0.0,no_signal
7,r07_20260912_224116.jsonl,287,5312.587,6.0,measure,7,-1900.0,0.0,no_signal
7,r07_20260912_224116.jsonl,288,5318.587,6.0,measure,5,-1900.0,0.0,no_signal
7,r07_20260912_224116.jsonl,289,5324.587,6.0,measure,4,-1900.0,0.0,no_signal
7,r07_20260912_224116.jsonl,290,5330.587,6.0,measure,3,-1900.0,0.0,no_signal
7,r07_20260912_224116.jsonl,291,5336.587,6.0,measure,2,-1900.0,0.0,no_signal
7,r07_20260912_224116.jsonl,292,5342.587,6.0,measure,1,-1900.0,0.0,no_signal
7,r07_20260912_224116.jsonl,293,5348.587,6.0,measure,12,-1900.0,0.0,direction
7,r07_20260912_224116.jsonl,294,5551.29,202.702,measure,11,-1645.448,-950.0,no_signal
7,r07_20260912_224116.jsonl,295,5557.29,6.0,measure,15,-1645.448,-950.0,direction
7,r07_20260912_224116.jsonl,296,5563.29,6.0,measure,8,-1645.448,-950.0,no_signal
7,r07_20260912_224116.jsonl,297,5569.29,6.0,measure,7,-1645.448,-950.0,no_signal
7,r07_20260912_224116.jsonl,298,5575.29,6.0,measure,5,-1645.448,-950.0,no_signal
7,r07_20260912_224116.jsonl,299,5581.29,6.0,measure,4,-1645.448,-950.0,no_signal
7,r07_20260912_224116.jsonl,300,5587.29,6.0,measure,3,-1645.448,-950.0,no_signal
7,r07_20260912_224116.jsonl,301,5593.29,6.0,measure,2,-1645.448,-950.0,no_signal
7,r07_20260912_224116.jsonl,302,5599.29,6.0,measure,1,-1645.448,-950.0,no_signal
7,r07_20260912_224116.jsonl,303,5605.29,6.0,measure,15,-1645.448,-950.0,direction
7,r07_20260912_224116.jsonl,304,5611.29,6.0,measure,12,-1645.448,-950.0,direction
7,r07_20260912_224116.jsonl,305,5725.69,114.4,clear,12,-1172.18,-675.724,success
7,r07_20260912_224116.jsonl,306,5801.912,76.222,measure,11,-919.239,-919.239,no_signal
7,r07_20260912_224116.jsonl,307,5807.912,6.0,measure,8,-919.239,-919.239,no_signal
7,r07_20260912_224116.jsonl,308,5813.912,6.0,measure,7,-919.239,-919.239,no_signal
7,r07_20260912_224116.jsonl,309,5819.912,6.0,measure,5,-919.239,-919.239,no_signal
7,r07_20260912_224116.jsonl,310,5825.912,6.0,measure,4,-919.239,-919.239,no_signal
7,r07_20260912_224116.jsonl,311,5831.912,6.0,measure,3,-919.239,-919.239,no_signal
7,r07_20260912_224116.jsonl,312,5837.912,6.0,measure,2,-919.239,-919.239,no_signal
7,r07_20260912_224116.jsonl,313,5843.912,6.0,measure,1,-919.239,-919.239,no_signal
7,r07_20260912_224116.jsonl,314,5849.912,6.0,measure,15,-919.239,-919.239,direction
7,r07_20260912_224116.jsonl,315,5964.759,114.846,measure,15,-695.287,-1420.738,direction
7,r07_20260912_224116.jsonl,316,5973.729,8.971,clear,15,-683.628,-1436.809,success
7,r07_20260912_224116.jsonl,317,6047.401,73.671,measure,11,-950.0,-1645.448,no_signal
7,r07_20260912_224116.jsonl,318,6053.401,6.0,measure,8,-950.0,-1645.448,no_signal
7,r07_20260912_224116.jsonl,319,6059.401,6.0,measure,7,-950.0,-1645.448,no_signal
7,r07_20260912_224116.jsonl,320,6065.401,6.0,measure,5,-950.0,-1645.448,no_signal
7,r07_20260912_224116.jsonl,321,6071.401,6.0,measure,4,-950.0,-1645.448,no_signal
7,r07_20260912_224116.jsonl,322,6077.401,6.0,measure,3,-950.0,-1645.448,no_signal
7,r07_20260912_224116.jsonl,323,6083.401,6.0,measure,2,-950.0,-1645.448,no_signal
7,r07_20260912_224116.jsonl,324,6089.401,6.0,measure,1,-950.0,-1645.448,no_signal
7,r07_20260912_224116.jsonl,325,6296.572,207.172,measure,1,-0.0,-1300.0,no_signal
7,r07_20260912_224116.jsonl,326,6302.572,6.0,measure,2,-0.0,-1300.0,no_signal
7,r07_20260912_224116.jsonl,327,6308.572,6.0,measure,3,-0.0,-1300.0,no_signal
7,r07_20260912_224116.jsonl,328,6314.572,6.0,measure,4,-0.0,-1300.0,no_signal
7,r07_20260912_224116.jsonl,329,6320.572,6.0,measure,5,-0.0,-1300.0,no_signal
7,r07_20260912_224116.jsonl,330,6326.572,6.0,measure,7,-0.0,-1300.0,no_signal
7,r07_20260912_224116.jsonl,331,6332.572,6.0,measure,8,-0.0,-1300.0,no_signal
7,r07_20260912_224116.jsonl,332,6338.572,6.0,measure,11,-0.0,-1300.0,no_signal
7,r07_20260912_224116.jsonl,333,6344.572,6.0,measure,17,-0.0,-1300.0,no_signal
7,r07_20260912_224116.jsonl,334,6470.572,126.0,measure,11,-0.0,-1900.0,no_signal
7,r07_20260912_224116.jsonl,335,6476.572,6.0,measure,8,-0.0,-1900.0,no_signal
7,r07_20260912_224116.jsonl,336,6482.572,6.0,measure,7,-0.0,-1900.0,no_signal
7,r07_20260912_224116.jsonl,337,6488.572,6.0,measure,5,-0.0,-1900.0,no_signal
7,r07_20260912_224116.jsonl,338,6494.572,6.0,measure,4,-0.0,-1900.0,no_signal
7,r07_20260912_224116.jsonl,339,6500.572,6.0,measure,3,-0.0,-1900.0,no_signal
7,r07_20260912_224116.jsonl,340,6506.572,6.0,measure,2,-0.0,-1900.0,no_signal
7,r07_20260912_224116.jsonl,341,6512.572,6.0,measure,1,-0.0,-1900.0,no_signal
7,r07_20260912_224116.jsonl,342,6714.275,201.702,measure,1,950.0,-1645.448,no_signal
7,r07_20260912_224116.jsonl,343,6720.275,6.0,measure,2,950.0,-1645.448,no_signal
7,r07_20260912_224116.jsonl,344,6726.275,6.0,measure,3,950.0,-1645.448,no_signal
7,r07_20260912_224116.jsonl,345,6732.275,6.0,measure,4,950.0,-1645.448,no_signal
7,r07_20260912_224116.jsonl,346,6738.275,6.0,measure,5,950.0,-1645.448,no_signal
7,r07_20260912_224116.jsonl,347,6744.275,6.0,measure,7,950.0,-1645.448,no_signal
7,r07_20260912_224116.jsonl,348,6750.275,6.0,measure,8,950.0,-1645.448,no_signal
7,r07_20260912_224116.jsonl,349,6756.275,6.0,measure,11,950.0,-1645.448,no_signal
7,r07_20260912_224116.jsonl,350,6762.275,6.0,measure,17,950.0,-1645.448,direction
7,r07_20260912_224116.jsonl,351,6933.07,170.795,clear,17,1160.516,-843.646,success
7,r07_20260912_224116.jsonl,352,6933.07,0.0,exit,,,,
8,r08_20260912_224133.jsonl,0,0.0,0.0,enter,,,,
8,r08_20260912_224133.jsonl,1,5.0,5.0,measure,1,0.0,0.0,no_signal
8,r08_20260912_224133.jsonl,2,11.0,6.0,measure,2,0.0,0.0,no_signal
8,r08_20260912_224133.jsonl,3,17.0,6.0,measure,3,0.0,0.0,no_signal
8,r08_20260912_224133.jsonl,4,23.0,6.0,measure,4,0.0,0.0,direction
8,r08_20260912_224133.jsonl,5,29.0,6.0,measure,5,0.0,0.0,no_signal
8,r08_20260912_224133.jsonl,6,35.0,6.0,measure,6,0.0,0.0,no_signal
8,r08_20260912_224133.jsonl,7,41.0,6.0,measure,7,0.0,0.0,no_signal
8,r08_20260912_224133.jsonl,8,47.0,6.0,measure,8,0.0,0.0,no_signal
8,r08_20260912_224133.jsonl,9,53.0,6.0,measure,9,0.0,0.0,no_signal
8,r08_20260912_224133.jsonl,10,59.0,6.0,measure,10,0.0,0.0,no_signal
8,r08_20260912_224133.jsonl,11,65.0,6.0,measure,11,0.0,0.0,no_signal
8,r08_20260912_224133.jsonl,12,71.0,6.0,measure,12,0.0,0.0,no_signal
8,r08_20260912_224133.jsonl,13,77.0,6.0,measure,13,0.0,0.0,no_signal
8,r08_20260912_224133.jsonl,14,83.0,6.0,measure,14,0.0,0.0,no_signal
8,r08_20260912_224133.jsonl,15,89.0,6.0,measure,15,0.0,0.0,no_signal
8,r08_20260912_224133.jsonl,16,95.0,6.0,measure,16,0.0,0.0,no_signal
8,r08_20260912_224133.jsonl,17,101.0,6.0,measure,17,0.0,0.0,no_signal
8,r08_20260912_224133.jsonl,18,107.0,6.0,measure,18,0.0,0.0,no_signal
8,r08_20260912_224133.jsonl,19,113.0,6.0,measure,19,0.0,0.0,no_signal
8,r08_20260912_224133.jsonl,20,119.0,6.0,measure,20,0.0,0.0,no_signal
8,r08_20260912_224133.jsonl,21,204.0,85.0,measure,20,400.0,0.0,direction
8,r08_20260912_224133.jsonl,22,210.0,6.0,measure,19,400.0,0.0,no_signal
8,r08_20260912_224133.jsonl,23,216.0,6.0,measure,18,400.0,0.0,no_signal
8,r08_20260912_224133.jsonl,24,222.0,6.0,measure,17,400.0,0.0,direction
8,r08_20260912_224133.jsonl,25,228.0,6.0,measure,16,400.0,0.0,no_signal
8,r08_20260912_224133.jsonl,26,234.0,6.0,measure,15,400.0,0.0,no_signal
8,r08_20260912_224133.jsonl,27,240.0,6.0,measure,14,400.0,0.0,no_signal
8,r08_20260912_224133.jsonl,28,246.0,6.0,measure,13,400.0,0.0,direction
8,r08_20260912_224133.jsonl,29,252.0,6.0,measure,12,400.0,0.0,no_signal
8,r08_20260912_224133.jsonl,30,258.0,6.0,measure,11,400.0,0.0,no_signal
8,r08_20260912_224133.jsonl,31,264.0,6.0,measure,10,400.0,0.0,no_signal
8,r08_20260912_224133.jsonl,32,270.0,6.0,measure,9,400.0,0.0,no_signal
8,r08_20260912_224133.jsonl,33,276.0,6.0,measure,8,400.0,0.0,no_signal
8,r08_20260912_224133.jsonl,34,282.0,6.0,measure,7,400.0,0.0,no_signal
8,r08_20260912_224133.jsonl,35,288.0,6.0,measure,6,400.0,0.0,no_signal
8,r08_20260912_224133.jsonl,36,294.0,6.0,measure,5,400.0,0.0,no_signal
8,r08_20260912_224133.jsonl,37,300.0,6.0,measure,3,400.0,0.0,no_signal
8,r08_20260912_224133.jsonl,38,306.0,6.0,measure,2,400.0,0.0,direction
8,r08_20260912_224133.jsonl,39,312.0,6.0,measure,1,400.0,0.0,no_signal
8,r08_20260912_224133.jsonl,40,318.0,6.0,measure,4,400.0,0.0,direction
8,r08_20260912_224133.jsonl,41,420.178,102.178,clear,4,36.744,-322.701,success
8,r08_20260912_224133.jsonl,42,523.357,103.178,measure,13,400.0,0.0,direction
8,r08_20260912_224133.jsonl,43,609.357,86.0,measure,12,200.0,346.41,no_signal
8,r08_20260912_224133.jsonl,44,615.357,6.0,measure,14,200.0,346.41,no_signal
8,r08_20260912_224133.jsonl,45,621.357,6.0,measure,11,200.0,346.41,no_signal
8,r08_20260912_224133.jsonl,46,627.357,6.0,measure,15,200.0,346.41,no_signal
8,r08_20260912_224133.jsonl,47,633.357,6.0,measure,10,200.0,346.41,no_signal
8,r08_20260912_224133.jsonl,48,639.357,6.0,measure,16,200.0,346.41,no_signal
8,r08_20260912_224133.jsonl,49,645.357,6.0,measure,9,200.0,346.41,no_signal
8,r08_20260912_224133.jsonl,50,651.357,6.0,measure,8,200.0,346.41,no_signal
8,r08_20260912_224133.jsonl,51,657.357,6.0,measure,18,200.0,346.41,no_signal
8,r08_20260912_224133.jsonl,52,663.357,6.0,measure,7,200.0,346.41,no_signal
8,r08_20260912_224133.jsonl,53,669.357,6.0,measure,19,200.0,346.41,no_signal
8,r08_20260912_224133.jsonl,54,675.357,6.0,measure,6,200.0,346.41,no_signal
8,r08_20260912_224133.jsonl,55,681.357,6.0,measure,5,200.0,346.41,no_signal
8,r08_20260912_224133.jsonl,56,687.357,6.0,measure,3,200.0,346.41,no_signal
8,r08_20260912_224133.jsonl,57,693.357,6.0,measure,1,200.0,346.41,no_signal
8,r08_20260912_224133.jsonl,58,699.357,6.0,measure,13,200.0,346.41,no_signal
8,r08_20260912_224133.jsonl,59,705.357,6.0,measure,17,200.0,346.41,direction
8,r08_20260912_224133.jsonl,60,791.357,86.0,measure,16,-200.0,346.41,no_signal
8,r08_20260912_224133.jsonl,61,797.357,6.0,measure,18,-200.0,346.41,no_signal
8,r08_20260912_224133.jsonl,62,803.357,6.0,measure,15,-200.0,346.41,no_signal
8,r08_20260912_224133.jsonl,63,809.357,6.0,measure,19,-200.0,346.41,no_signal
8,r08_20260912_224133.jsonl,64,815.357,6.0,measure,14,-200.0,346.41,no_signal
8,r08_20260912_224133.jsonl,65,821.357,6.0,measure,12,-200.0,346.41,no_signal
8,r08_20260912_224133.jsonl,66,827.357,6.0,measure,11,-200.0,346.41,no_signal
8,r08_20260912_224133.jsonl,67,833.357,6.0,measure,10,-200.0,346.41,no_signal
8,r08_20260912_224133.jsonl,68,839.357,6.0,measure,9,-200.0,346.41,no_signal
8,r08_20260912_224133.jsonl,69,845.357,6.0,measure,8,-200.0,346.41,no_signal
8,r08_20260912_224133.jsonl,70,851.357,6.0,measure,7,-200.0,346.41,direction
8,r08_20260912_224133.jsonl,71,857.357,6.0,measure,6,-200.0,346.41,direction
8,r08_20260912_224133.jsonl,72,863.357,6.0,measure,5,-200.0,346.41,no_signal
8,r08_20260912_224133.jsonl,73,869.357,6.0,measure,3,-200.0,346.41,no_signal
8,r08_20260912_224133.jsonl,74,875.357,6.0,measure,1,-200.0,346.41,no_signal
8,r08_20260912_224133.jsonl,75,881.357,6.0,measure,7,-200.0,346.41,direction
8,r08_20260912_224133.jsonl,76,887.357,6.0,measure,13,-200.0,346.41,no_signal
8,r08_20260912_224133.jsonl,77,973.357,86.0,measure,12,-400.0,0.0,direction
8,r08_20260912_224133.jsonl,78,979.357,6.0,measure,14,-400.0,0.0,no_signal
8,r08_20260912_224133.jsonl,79,985.357,6.0,measure,11,-400.0,0.0,no_signal
8,r08_20260912_224133.jsonl,80,991.357,6.0,measure,15,-400.0,0.0,direction
8,r08_20260912_224133.jsonl,81,997.357,6.0,measure,10,-400.0,0.0,no_signal
8,r08_20260912_224133.jsonl,82,1003.357,6.0,measure,16,-400.0,0.0,no_signal
8,r08_20260912_224133.jsonl,83,1009.357,6.0,measure,9,-400.0,0.0,no_signal
8,r08_20260912_224133.jsonl,84,1015.357,6.0,measure,8,-400.0,0.0,no_signal
8,r08_20260912_224133.jsonl,85,1021.357,6.0,measure,18,-400.0,0.0,no_signal
8,r08_20260912_224133.jsonl,86,1027.357,6.0,measure,19,-400.0,0.0,no_signal
8,r08_20260912_224133.jsonl,87,1033.357,6.0,measure,5,-400.0,0.0,no_signal
8,r08_20260912_224133.jsonl,88,1039.357,6.0,measure,3,-400.0,0.0,no_signal
8,r08_20260912_224133.jsonl,89,1045.357,6.0,measure,1,-400.0,0.0,no_signal
8,r08_20260912_224133.jsonl,90,1051.357,6.0,measure,7,-400.0,0.0,direction
8,r08_20260912_224133.jsonl,91,1057.357,6.0,measure,12,-400.0,0.0,direction
8,r08_20260912_224133.jsonl,92,1143.357,86.0,measure,11,-200.0,-346.41,direction
8,r08_20260912_224133.jsonl,93,1149.357,6.0,measure,10,-200.0,-346.41,no_signal
8,r08_20260912_224133.jsonl,94,1155.357,6.0,measure,14,-200.0,-346.41,direction
8,r08_20260912_224133.jsonl,95,1161.357,6.0,measure,9,-200.0,-346.41,no_signal
8,r08_20260912_224133.jsonl,96,1167.357,6.0,measure,8,-200.0,-346.41,no_signal
8,r08_20260912_224133.jsonl,97,1173.357,6.0,measure,16,-200.0,-346.41,no_signal
8,r08_20260912_224133.jsonl,98,1179.357,6.0,measure,18,-200.0,-346.41,no_signal
8,r08_20260912_224133.jsonl,99,1185.357,6.0,measure,5,-200.0,-346.41,no_signal
8,r08_20260912_224133.jsonl,100,1191.357,6.0,measure,19,-200.0,-346.41,no_signal
8,r08_20260912_224133.jsonl,101,1197.357,6.0,measure,3,-200.0,-346.41,no_signal
8,r08_20260912_224133.jsonl,102,1203.357,6.0,measure,1,-200.0,-346.41,no_signal
8,r08_20260912_224133.jsonl,103,1209.357,6.0,measure,12,-200.0,-346.41,no_signal
8,r08_20260912_224133.jsonl,104,1215.357,6.0,measure,15,-200.0,-346.41,direction
8,r08_20260912_224133.jsonl,105,1301.357,86.0,measure,16,200.0,-346.41,no_signal
8,r08_20260912_224133.jsonl,106,1307.357,6.0,measure,18,200.0,-346.41,no_signal
8,r08_20260912_224133.jsonl,107,1313.357,6.0,measure,19,200.0,-346.41,no_signal
8,r08_20260912_224133.jsonl,108,1319.357,6.0,measure,10,200.0,-346.41,no_signal
8,r08_20260912_224133.jsonl,109,1325.357,6.0,measure,9,200.0,-346.41,no_signal
8,r08_20260912_224133.jsonl,110,1331.357,6.0,measure,8,200.0,-346.41,no_signal
8,r08_20260912_224133.jsonl,111,1337.357,6.0,measure,5,200.0,-346.41,no_signal
8,r08_20260912_224133.jsonl,112,1343.357,6.0,measure,3,200.0,-346.41,no_signal
8,r08_20260912_224133.jsonl,113,1349.357,6.0,measure,1,200.0,-346.41,no_signal
8,r08_20260912_224133.jsonl,114,1355.357,6.0,measure,12,200.0,-346.41,no_signal
8,r08_20260912_224133.jsonl,115,1361.357,6.0,measure,14,200.0,-346.41,direction
8,r08_20260912_224133.jsonl,116,1551.252,189.895,measure,16,919.239,-919.239,no_signal
8,r08_20260912_224133.jsonl,117,1557.252,6.0,measure,10,919.239,-919.239,no_signal
8,r08_20260912_224133.jsonl,118,1563.252,6.0,measure,18,919.239,-919.239,no_signal
8,r08_20260912_224133.jsonl,119,1569.252,6.0,measure,9,919.239,-919.239,no_signal
8,r08_20260912_224133.jsonl,120,1575.252,6.0,measure,19,919.239,-919.239,no_signal
8,r08_20260912_224133.jsonl,121,1581.252,6.0,measure,8,919.239,-919.239,no_signal
8,r08_20260912_224133.jsonl,122,1587.252,6.0,measure,5,919.239,-919.239,no_signal
8,r08_20260912_224133.jsonl,123,1593.252,6.0,measure,3,919.239,-919.239,no_signal
8,r08_20260912_224133.jsonl,124,1599.252,6.0,measure,1,919.239,-919.239,no_signal
8,r08_20260912_224133.jsonl,125,1605.252,6.0,measure,12,919.239,-919.239,no_signal
8,r08_20260912_224133.jsonl,126,1611.252,6.0,measure,2,919.239,-919.239,direction
8,r08_20260912_224133.jsonl,127,1762.624,151.372,measure,1,1645.448,-950.0,no_signal
8,r08_20260912_224133.jsonl,128,1768.624,6.0,measure,3,1645.448,-950.0,no_signal
8,r08_20260912_224133.jsonl,129,1774.624,6.0,measure,5,1645.448,-950.0,no_signal
8,r08_20260912_224133.jsonl,130,1780.624,6.0,measure,8,1645.448,-950.0,no_signal
8,r08_20260912_224133.jsonl,131,1786.624,6.0,measure,9,1645.448,-950.0,no_signal
8,r08_20260912_224133.jsonl,132,1792.624,6.0,measure,10,1645.448,-950.0,no_signal
8,r08_20260912_224133.jsonl,133,1798.624,6.0,measure,16,1645.448,-950.0,no_signal
8,r08_20260912_224133.jsonl,134,1804.624,6.0,measure,18,1645.448,-950.0,no_signal
8,r08_20260912_224133.jsonl,135,1810.624,6.0,measure,19,1645.448,-950.0,no_signal
8,r08_20260912_224133.jsonl,136,1816.624,6.0,measure,2,1645.448,-950.0,direction
8,r08_20260912_224133.jsonl,137,2019.326,202.702,measure,1,950.0,-1645.448,no_signal
8,r08_20260912_224133.jsonl,138,2025.326,6.0,measure,3,950.0,-1645.448,no_signal
8,r08_20260912_224133.jsonl,139,2031.326,6.0,measure,5,950.0,-1645.448,no_signal
8,r08_20260912_224133.jsonl,140,2037.326,6.0,measure,8,950.0,-1645.448,no_signal
8,r08_20260912_224133.jsonl,141,2043.326,6.0,measure,9,950.0,-1645.448,no_signal
8,r08_20260912_224133.jsonl,142,2049.326,6.0,measure,10,950.0,-1645.448,no_signal
8,r08_20260912_224133.jsonl,143,2055.326,6.0,measure,16,950.0,-1645.448,no_signal
8,r08_20260912_224133.jsonl,144,2061.326,6.0,measure,18,950.0,-1645.448,no_signal
8,r08_20260912_224133.jsonl,145,2067.326,6.0,measure,19,950.0,-1645.448,no_signal
8,r08_20260912_224133.jsonl,146,2073.326,6.0,measure,12,950.0,-1645.448,no_signal
8,r08_20260912_224133.jsonl,147,2079.326,6.0,measure,14,950.0,-1645.448,direction
8,r08_20260912_224133.jsonl,148,2166.364,87.037,measure,14,550.725,-1551.467,near
8,r08_20260912_224133.jsonl,149,2171.364,5.0,clear,14,550.725,-1551.467,success
8,r08_20260912_224133.jsonl,150,2174.364,3.0,clear,14,550.725,-1551.467,no_target_in_range
8,r08_20260912_224133.jsonl,151,2301.448,127.084,measure,16,-0.0,-1300.0,no_signal
8,r08_20260912_224133.jsonl,152,2307.448,6.0,measure,10,-0.0,-1300.0,no_signal
8,r08_20260912_224133.jsonl,153,2313.448,6.0,measure,18,-0.0,-1300.0,no_signal
8,r08_20260912_224133.jsonl,154,2319.448,6.0,measure,9,-0.0,-1300.0,no_signal
8,r08_20260912_224133.jsonl,155,2325.448,6.0,measure,19,-0.0,-1300.0,no_signal
8,r08_20260912_224133.jsonl,156,2331.448,6.0,measure,8,-0.0,-1300.0,no_signal
8,r08_20260912_224133.jsonl,157,2337.448,6.0,measure,5,-0.0,-1300.0,no_signal
8,r08_20260912_224133.jsonl,158,2343.448,6.0,measure,3,-0.0,-1300.0,no_signal
8,r08_20260912_224133.jsonl,159,2349.448,6.0,measure,1,-0.0,-1300.0,no_signal
8,r08_20260912_224133.jsonl,160,2355.448,6.0,measure,12,-0.0,-1300.0,no_signal
8,r08_20260912_224133.jsonl,161,2361.448,6.0,measure,13,-0.0,-1300.0,direction
8,r08_20260912_224133.jsonl,162,2487.448,126.0,measure,10,-0.0,-1900.0,no_signal
8,r08_20260912_224133.jsonl,163,2493.448,6.0,measure,16,-0.0,-1900.0,no_signal
8,r08_20260912_224133.jsonl,164,2499.448,6.0,measure,9,-0.0,-1900.0,no_signal
8,r08_20260912_224133.jsonl,165,2505.448,6.0,measure,8,-0.0,-1900.0,no_signal
8,r08_20260912_224133.jsonl,166,2511.448,6.0,measure,18,-0.0,-1900.0,no_signal
8,r08_20260912_224133.jsonl,167,2517.448,6.0,measure,19,-0.0,-1900.0,no_signal
8,r08_20260912_224133.jsonl,168,2523.448,6.0,measure,5,-0.0,-1900.0,no_signal
8,r08_20260912_224133.jsonl,169,2529.448,6.0,measure,3,-0.0,-1900.0,no_signal
8,r08_20260912_224133.jsonl,170,2535.448,6.0,measure,1,-0.0,-1900.0,no_signal
8,r08_20260912_224133.jsonl,171,2541.448,6.0,measure,12,-0.0,-1900.0,no_signal
8,r08_20260912_224133.jsonl,172,2547.448,6.0,measure,11,-0.0,-1900.0,direction
8,r08_20260912_224133.jsonl,173,2712.888,165.44,measure,11,-619.876,-1390.807,direction
8,r08_20260912_224133.jsonl,174,2719.344,6.456,clear,11,-613.464,-1387.356,success
8,r08_20260912_224133.jsonl,175,2810.166,90.822,measure,10,-950.0,-1645.448,no_signal
8,r08_20260912_224133.jsonl,176,2816.166,6.0,measure,9,-950.0,-1645.448,no_signal
8,r08_20260912_224133.jsonl,177,2822.166,6.0,measure,8,-950.0,-1645.448,no_signal
8,r08_20260912_224133.jsonl,178,2828.166,6.0,measure,16,-950.0,-1645.448,no_signal
8,r08_20260912_224133.jsonl,179,2834.166,6.0,measure,5,-950.0,-1645.448,no_signal
8,r08_20260912_224133.jsonl,180,2840.166,6.0,measure,18,-950.0,-1645.448,no_signal
8,r08_20260912_224133.jsonl,181,2846.166,6.0,measure,3,-950.0,-1645.448,no_signal
8,r08_20260912_224133.jsonl,182,2852.166,6.0,measure,19,-950.0,-1645.448,no_signal
8,r08_20260912_224133.jsonl,183,2858.166,6.0,measure,1,-950.0,-1645.448,no_signal
8,r08_20260912_224133.jsonl,184,2864.166,6.0,measure,12,-950.0,-1645.448,no_signal
8,r08_20260912_224133.jsonl,185,2870.166,6.0,measure,15,-950.0,-1645.448,direction
8,r08_20260912_224133.jsonl,186,3021.538,151.372,measure,16,-919.239,-919.239,no_signal
8,r08_20260912_224133.jsonl,187,3027.538,6.0,measure,18,-919.239,-919.239,no_signal
8,r08_20260912_224133.jsonl,188,3033.538,6.0,measure,19,-919.239,-919.239,no_signal
8,r08_20260912_224133.jsonl,189,3039.538,6.0,measure,10,-919.239,-919.239,no_signal
8,r08_20260912_224133.jsonl,190,3045.538,6.0,measure,9,-919.239,-919.239,no_signal
8,r08_20260912_224133.jsonl,191,3051.538,6.0,measure,8,-919.239,-919.239,no_signal
8,r08_20260912_224133.jsonl,192,3057.538,6.0,measure,5,-919.239,-919.239,no_signal
8,r08_20260912_224133.jsonl,193,3063.538,6.0,measure,3,-919.239,-919.239,no_signal
8,r08_20260912_224133.jsonl,194,3069.538,6.0,measure,1,-919.239,-919.239,no_signal
8,r08_20260912_224133.jsonl,195,3075.538,6.0,measure,12,-919.239,-919.239,direction
8,r08_20260912_224133.jsonl,196,3263.311,187.773,clear,12,-285.024,-261.272,success
8,r08_20260912_224133.jsonl,197,3452.084,188.773,measure,7,-919.239,-919.239,direction
8,r08_20260912_224133.jsonl,198,3628.125,176.041,clear,7,-107.182,-651.028,success
8,r08_20260912_224133.jsonl,199,3729.882,101.757,measure,13,9.251,-186.616,no_signal
8,r08_20260912_224133.jsonl,200,3752.881,23.0,measure,13,87.193,-231.616,direction
8,r08_20260912_224133.jsonl,201,3775.328,22.447,clear,13,14.391,-183.557,success
8,r08_20260912_224133.jsonl,202,4041.058,265.729,measure,10,1300.0,0.0,no_signal
8,r08_20260912_224133.jsonl,203,4047.058,6.0,measure,16,1300.0,0.0,no_signal
8,r08_20260912_224133.jsonl,204,4053.058,6.0,measure,9,1300.0,0.0,no_signal
8,r08_20260912_224133.jsonl,205,4059.058,6.0,measure,8,1300.0,0.0,direction
8,r08_20260912_224133.jsonl,206,4065.058,6.0,measure,18,1300.0,0.0,no_signal
8,r08_20260912_224133.jsonl,207,4071.058,6.0,measure,19,1300.0,0.0,no_signal
8,r08_20260912_224133.jsonl,208,4077.058,6.0,measure,5,1300.0,0.0,no_signal
8,r08_20260912_224133.jsonl,209,4083.058,6.0,measure,3,1300.0,0.0,no_signal
8,r08_20260912_224133.jsonl,210,4089.058,6.0,measure,1,1300.0,0.0,no_signal
8,r08_20260912_224133.jsonl,211,4095.058,6.0,measure,8,1300.0,0.0,direction
8,r08_20260912_224133.jsonl,212,4101.058,6.0,measure,20,1300.0,0.0,direction
8,r08_20260912_224133.jsonl,213,4181.199,80.142,measure,2,1662.762,-76.342,direction
8,r08_20260912_224133.jsonl,214,4188.038,6.839,clear,2,1659.979,-85.105,success
8,r08_20260912_224133.jsonl,215,4244.971,56.932,measure,1,1900.0,0.0,no_signal
8,r08_20260912_224133.jsonl,216,4250.971,6.0,measure,3,1900.0,0.0,no_signal
8,r08_20260912_224133.jsonl,217,4256.971,6.0,measure,5,1900.0,0.0,no_signal
8,r08_20260912_224133.jsonl,218,4262.971,6.0,measure,9,1900.0,0.0,no_signal
8,r08_20260912_224133.jsonl,219,4268.971,6.0,measure,10,1900.0,0.0,no_signal
8,r08_20260912_224133.jsonl,220,4274.971,6.0,measure,16,1900.0,0.0,no_signal
8,r08_20260912_224133.jsonl,221,4280.971,6.0,measure,18,1900.0,0.0,no_signal
8,r08_20260912_224133.jsonl,222,4286.971,6.0,measure,19,1900.0,0.0,no_signal
8,r08_20260912_224133.jsonl,223,4292.971,6.0,measure,8,1900.0,0.0,direction
8,r08_20260912_224133.jsonl,224,4298.971,6.0,measure,17,1900.0,0.0,direction
8,r08_20260912_224133.jsonl,225,4461.605,162.634,measure,20,1356.096,563.493,direction
8,r08_20260912_224133.jsonl,226,4468.535,6.93,clear,20,1352.812,572.569,success
8,r08_20260912_224133.jsonl,227,4570.053,101.518,measure,19,1645.448,950.0,no_signal
8,r08_20260912_224133.jsonl,228,4576.053,6.0,measure,18,1645.448,950.0,no_signal
8,r08_20260912_224133.jsonl,229,4582.053,6.0,measure,16,1645.448,950.0,direction
8,r08_20260912_224133.jsonl,230,4588.053,6.0,measure,10,1645.448,950.0,no_signal
8,r08_20260912_224133.jsonl,231,4594.053,6.0,measure,9,1645.448,950.0,no_signal
8,r08_20260912_224133.jsonl,232,4600.053,6.0,measure,5,1645.448,950.0,no_signal
8,r08_20260912_224133.jsonl,233,4606.053,6.0,measure,3,1645.448,950.0,no_signal
8,r08_20260912_224133.jsonl,234,4612.053,6.0,measure,1,1645.448,950.0,no_signal
8,r08_20260912_224133.jsonl,235,4618.053,6.0,measure,16,1645.448,950.0,direction
8,r08_20260912_224133.jsonl,236,4624.053,6.0,measure,8,1645.448,950.0,direction
8,r08_20260912_224133.jsonl,237,4698.016,73.963,measure,17,1305.766,940.406,direction
8,r08_20260912_224133.jsonl,238,4705.437,7.421,clear,17,1308.978,952.075,success
8,r08_20260912_224133.jsonl,239,4779.537,74.1,measure,8,1002.947,802.79,near
8,r08_20260912_224133.jsonl,240,4784.537,5.0,clear,8,1002.947,802.79,success
8,r08_20260912_224133.jsonl,241,4787.537,3.0,clear,8,1002.947,802.79,no_target_in_range
8,r08_20260912_224133.jsonl,242,4822.22,34.683,measure,9,919.239,919.239,no_signal
8,r08_20260912_224133.jsonl,243,4828.22,6.0,measure,10,919.239,919.239,no_signal
8,r08_20260912_224133.jsonl,244,4834.22,6.0,measure,5,919.239,919.239,no_signal
8,r08_20260912_224133.jsonl,245,4840.22,6.0,measure,3,919.239,919.239,no_signal
8,r08_20260912_224133.jsonl,246,4846.22,6.0,measure,1,919.239,919.239,no_signal
8,r08_20260912_224133.jsonl,247,4852.22,6.0,measure,18,919.239,919.239,no_signal
8,r08_20260912_224133.jsonl,248,4858.22,6.0,measure,19,919.239,919.239,no_signal
8,r08_20260912_224133.jsonl,249,4864.22,6.0,measure,16,919.239,919.239,direction
8,r08_20260912_224133.jsonl,250,4925.326,61.106,measure,16,833.614,652.096,no_signal
8,r08_20260912_224133.jsonl,251,4948.326,23.0,measure,16,878.614,730.038,direction
8,r08_20260912_224133.jsonl,252,4958.533,10.207,measure,16,899.901,715.046,direction
8,r08_20260912_224133.jsonl,253,4979.817,21.284,clear,16,837.498,662.75,success
8,r08_20260912_224133.jsonl,254,5183.64,203.823,measure,18,950.0,1645.448,no_signal
8,r08_20260912_224133.jsonl,255,5189.64,6.0,measure,19,950.0,1645.448,no_signal
8,r08_20260912_224133.jsonl,256,5195.64,6.0,measure,10,950.0,1645.448,no_signal
8,r08_20260912_224133.jsonl,257,5201.64,6.0,measure,9,950.0,1645.448,no_signal
8,r08_20260912_224133.jsonl,258,5207.64,6.0,measure,5,950.0,1645.448,no_signal
8,r08_20260912_224133.jsonl,259,5213.64,6.0,measure,3,950.0,1645.448,no_signal
8,r08_20260912_224133.jsonl,260,5219.64,6.0,measure,1,950.0,1645.448,no_signal
8,r08_20260912_224133.jsonl,261,5426.812,207.172,measure,1,0.0,1300.0,no_signal
8,r08_20260912_224133.jsonl,262,5432.812,6.0,measure,3,0.0,1300.0,no_signal
8,r08_20260912_224133.jsonl,263,5438.812,6.0,measure,5,0.0,1300.0,no_signal
8,r08_20260912_224133.jsonl,264,5444.812,6.0,measure,9,0.0,1300.0,no_signal
8,r08_20260912_224133.jsonl,265,5450.812,6.0,measure,10,0.0,1300.0,no_signal
8,r08_20260912_224133.jsonl,266,5456.812,6.0,measure,18,0.0,1300.0,no_signal
8,r08_20260912_224133.jsonl,267,5462.812,6.0,measure,19,0.0,1300.0,no_signal
8,r08_20260912_224133.jsonl,268,5468.812,6.0,measure,6,0.0,1300.0,direction
8,r08_20260912_224133.jsonl,269,5594.812,126.0,measure,5,0.0,1900.0,no_signal
8,r08_20260912_224133.jsonl,270,5600.812,6.0,measure,3,0.0,1900.0,no_signal
8,r08_20260912_224133.jsonl,271,5606.812,6.0,measure,9,0.0,1900.0,no_signal
8,r08_20260912_224133.jsonl,272,5612.812,6.0,measure,10,0.0,1900.0,no_signal
8,r08_20260912_224133.jsonl,273,5618.812,6.0,measure,1,0.0,1900.0,no_signal
8,r08_20260912_224133.jsonl,274,5624.812,6.0,measure,18,0.0,1900.0,no_signal
8,r08_20260912_224133.jsonl,275,5630.812,6.0,measure,19,0.0,1900.0,no_signal
8,r08_20260912_224133.jsonl,276,5636.812,6.0,measure,6,0.0,1900.0,no_signal
8,r08_20260912_224133.jsonl,277,5791.018,154.207,measure,6,-435.27,1294.107,near
8,r08_20260912_224133.jsonl,278,5796.018,5.0,clear,6,-435.27,1294.107,success
8,r08_20260912_224133.jsonl,279,5799.018,3.0,clear,6,-435.27,1294.107,no_target_in_range
8,r08_20260912_224133.jsonl,280,5929.66,130.641,measure,5,-950.0,1645.448,direction
8,r08_20260912_224133.jsonl,281,5935.66,6.0,measure,3,-950.0,1645.448,no_signal
8,r08_20260912_224133.jsonl,282,5941.66,6.0,measure,9,-950.0,1645.448,no_signal
8,r08_20260912_224133.jsonl,283,5947.66,6.0,measure,10,-950.0,1645.448,no_signal
8,r08_20260912_224133.jsonl,284,5953.66,6.0,measure,1,-950.0,1645.448,no_signal
8,r08_20260912_224133.jsonl,285,5959.66,6.0,measure,18,-950.0,1645.448,no_signal
8,r08_20260912_224133.jsonl,286,5965.66,6.0,measure,19,-950.0,1645.448,no_signal
8,r08_20260912_224133.jsonl,287,5971.66,6.0,measure,5,-950.0,1645.448,direction
8,r08_20260912_224133.jsonl,288,6123.032,151.372,measure,3,-919.239,919.239,no_signal
8,r08_20260912_224133.jsonl,289,6129.032,6.0,measure,1,-919.239,919.239,no_signal
8,r08_20260912_224133.jsonl,290,6135.032,6.0,measure,9,-919.239,919.239,direction
8,r08_20260912_224133.jsonl,291,6141.032,6.0,measure,10,-919.239,919.239,no_signal
8,r08_20260912_224133.jsonl,292,6147.032,6.0,measure,18,-919.239,919.239,no_signal
8,r08_20260912_224133.jsonl,293,6153.032,6.0,measure,19,-919.239,919.239,no_signal
8,r08_20260912_224133.jsonl,294,6159.032,6.0,measure,9,-919.239,919.239,direction
8,r08_20260912_224133.jsonl,295,6165.032,6.0,measure,5,-919.239,919.239,direction
8,r08_20260912_224133.jsonl,296,6274.098,109.066,measure,5,-1344.362,619.213,no_signal
8,r08_20260912_224133.jsonl,297,6283.976,9.877,measure,5,-1327.376,636.712,direction
8,r08_20260912_224133.jsonl,298,6301.302,17.327,measure,5,-1271.761,663.274,direction
8,r08_20260912_224133.jsonl,299,6323.243,21.941,clear,5,-1345.858,622.234,success
8,r08_20260912_224133.jsonl,300,6418.054,94.811,measure,3,-1645.448,950.0,no_signal
8,r08_20260912_224133.jsonl,301,6424.054,6.0,measure,1,-1645.448,950.0,no_signal
8,r08_20260912_224133.jsonl,302,6430.054,6.0,measure,10,-1645.448,950.0,no_signal
8,r08_20260912_224133.jsonl,303,6436.054,6.0,measure,18,-1645.448,950.0,no_signal
8,r08_20260912_224133.jsonl,304,6442.054,6.0,measure,19,-1645.448,950.0,no_signal
8,r08_20260912_224133.jsonl,305,6448.054,6.0,measure,9,-1645.448,950.0,direction
8,r08_20260912_224133.jsonl,306,6650.756,202.702,measure,10,-1900.0,0.0,no_signal
8,r08_20260912_224133.jsonl,307,6656.756,6.0,measure,3,-1900.0,0.0,no_signal
8,r08_20260912_224133.jsonl,308,6662.756,6.0,measure,1,-1900.0,0.0,no_signal
8,r08_20260912_224133.jsonl,309,6668.756,6.0,measure,18,-1900.0,0.0,no_signal
8,r08_20260912_224133.jsonl,310,6674.756,6.0,measure,19,-1900.0,0.0,no_signal
8,r08_20260912_224133.jsonl,311,6680.756,6.0,measure,9,-1900.0,0.0,direction
8,r08_20260912_224133.jsonl,312,6807.999,127.243,clear,9,-1289.022,-17.015,success
8,r08_20260912_224133.jsonl,313,6936.242,128.243,measure,15,-1900.0,0.0,direction
8,r08_20260912_224133.jsonl,314,7173.03,236.788,clear,15,-1162.476,-893.979,success
8,r08_20260912_224133.jsonl,315,7276.272,103.242,measure,18,-1645.448,-950.0,no_signal
8,r08_20260912_224133.jsonl,316,7282.272,6.0,measure,19,-1645.448,-950.0,no_signal
8,r08_20260912_224133.jsonl,317,7288.272,6.0,measure,10,-1645.448,-950.0,no_signal
8,r08_20260912_224133.jsonl,318,7294.272,6.0,measure,3,-1645.448,-950.0,no_signal
8,r08_20260912_224133.jsonl,319,7300.272,6.0,measure,1,-1645.448,-950.0,no_signal
8,r08_20260912_224133.jsonl,320,7507.444,207.172,measure,1,-1300.0,0.0,no_signal
8,r08_20260912_224133.jsonl,321,7513.444,6.0,measure,3,-1300.0,0.0,no_signal
8,r08_20260912_224133.jsonl,322,7519.444,6.0,measure,10,-1300.0,0.0,no_signal
8,r08_20260912_224133.jsonl,323,7525.444,6.0,measure,18,-1300.0,0.0,no_signal
8,r08_20260912_224133.jsonl,324,7531.444,6.0,measure,19,-1300.0,0.0,no_signal
8,r08_20260912_224133.jsonl,325,7531.444,0.0,exit,,,,
9,r09_20260912_224149.jsonl,0,0.0,0.0,enter,,,,
9,r09_20260912_224149.jsonl,1,5.0,5.0,measure,1,0.0,0.0,no_signal
9,r09_20260912_224149.jsonl,2,11.0,6.0,measure,2,0.0,0.0,no_signal
9,r09_20260912_224149.jsonl,3,17.0,6.0,measure,3,0.0,0.0,no_signal
9,r09_20260912_224149.jsonl,4,23.0,6.0,measure,4,0.0,0.0,no_signal
9,r09_20260912_224149.jsonl,5,29.0,6.0,measure,5,0.0,0.0,no_signal
9,r09_20260912_224149.jsonl,6,35.0,6.0,measure,6,0.0,0.0,no_signal
9,r09_20260912_224149.jsonl,7,41.0,6.0,measure,7,0.0,0.0,no_signal
9,r09_20260912_224149.jsonl,8,47.0,6.0,measure,8,0.0,0.0,no_signal
9,r09_20260912_224149.jsonl,9,53.0,6.0,measure,9,0.0,0.0,no_signal
9,r09_20260912_224149.jsonl,10,59.0,6.0,measure,10,0.0,0.0,direction
9,r09_20260912_224149.jsonl,11,65.0,6.0,measure,11,0.0,0.0,direction
9,r09_20260912_224149.jsonl,12,71.0,6.0,measure,12,0.0,0.0,no_signal
9,r09_20260912_224149.jsonl,13,77.0,6.0,measure,13,0.0,0.0,no_signal
9,r09_20260912_224149.jsonl,14,83.0,6.0,measure,14,0.0,0.0,no_signal
9,r09_20260912_224149.jsonl,15,89.0,6.0,measure,15,0.0,0.0,no_signal
9,r09_20260912_224149.jsonl,16,95.0,6.0,measure,16,0.0,0.0,no_signal
9,r09_20260912_224149.jsonl,17,101.0,6.0,measure,17,0.0,0.0,no_signal
9,r09_20260912_224149.jsonl,18,107.0,6.0,measure,18,0.0,0.0,no_signal
9,r09_20260912_224149.jsonl,19,113.0,6.0,measure,19,0.0,0.0,no_signal
9,r09_20260912_224149.jsonl,20,119.0,6.0,measure,20,0.0,0.0,no_signal
9,r09_20260912_224149.jsonl,21,204.0,85.0,measure,20,400.0,0.0,no_signal
9,r09_20260912_224149.jsonl,22,210.0,6.0,measure,19,400.0,0.0,no_signal
9,r09_20260912_224149.jsonl,23,216.0,6.0,measure,18,400.0,0.0,no_signal
9,r09_20260912_224149.jsonl,24,222.0,6.0,measure,17,400.0,0.0,no_signal
9,r09_20260912_224149.jsonl,25,228.0,6.0,measure,16,400.0,0.0,no_signal
9,r09_20260912_224149.jsonl,26,234.0,6.0,measure,15,400.0,0.0,no_signal
9,r09_20260912_224149.jsonl,27,240.0,6.0,measure,14,400.0,0.0,no_signal
9,r09_20260912_224149.jsonl,28,246.0,6.0,measure,13,400.0,0.0,no_signal
9,r09_20260912_224149.jsonl,29,252.0,6.0,measure,12,400.0,0.0,direction
9,r09_20260912_224149.jsonl,30,258.0,6.0,measure,9,400.0,0.0,no_signal
9,r09_20260912_224149.jsonl,31,264.0,6.0,measure,8,400.0,0.0,no_signal
9,r09_20260912_224149.jsonl,32,270.0,6.0,measure,7,400.0,0.0,no_signal
9,r09_20260912_224149.jsonl,33,276.0,6.0,measure,6,400.0,0.0,no_signal
9,r09_20260912_224149.jsonl,34,282.0,6.0,measure,5,400.0,0.0,no_signal
9,r09_20260912_224149.jsonl,35,288.0,6.0,measure,4,400.0,0.0,no_signal
9,r09_20260912_224149.jsonl,36,294.0,6.0,measure,3,400.0,0.0,no_signal
9,r09_20260912_224149.jsonl,37,300.0,6.0,measure,2,400.0,0.0,no_signal
9,r09_20260912_224149.jsonl,38,306.0,6.0,measure,1,400.0,0.0,no_signal
9,r09_20260912_224149.jsonl,39,312.0,6.0,measure,11,400.0,0.0,no_signal
9,r09_20260912_224149.jsonl,40,318.0,6.0,measure,10,400.0,0.0,direction
9,r09_20260912_224149.jsonl,41,419.983,101.983,measure,10,292.371,472.822,direction
9,r09_20260912_224149.jsonl,42,425.833,5.85,clear,10,296.047,474.954,success
9,r09_20260912_224149.jsonl,43,463.926,38.093,measure,9,200.0,346.41,no_signal
9,r09_20260912_224149.jsonl,44,469.926,6.0,measure,8,200.0,346.41,no_signal
9,r09_20260912_224149.jsonl,45,475.926,6.0,measure,7,200.0,346.41,no_signal
9,r09_20260912_224149.jsonl,46,481.926,6.0,measure,13,200.0,346.41,no_signal
9,r09_20260912_224149.jsonl,47,487.926,6.0,measure,6,200.0,346.41,no_signal
9,r09_20260912_224149.jsonl,48,493.926,6.0,measure,14,200.0,346.41,no_signal
9,r09_20260912_224149.jsonl,49,499.926,6.0,measure,5,200.0,346.41,no_signal
9,r09_20260912_224149.jsonl,50,505.926,6.0,measure,15,200.0,346.41,no_signal
9,r09_20260912_224149.jsonl,51,511.926,6.0,measure,4,200.0,346.41,no_signal
9,r09_20260912_224149.jsonl,52,517.926,6.0,measure,16,200.0,346.41,no_signal
9,r09_20260912_224149.jsonl,53,523.926,6.0,measure,3,200.0,346.41,no_signal
9,r09_20260912_224149.jsonl,54,529.926,6.0,measure,17,200.0,346.41,no_signal
9,r09_20260912_224149.jsonl,55,535.926,6.0,measure,2,200.0,346.41,no_signal
9,r09_20260912_224149.jsonl,56,541.926,6.0,measure,18,200.0,346.41,no_signal
9,r09_20260912_224149.jsonl,57,547.926,6.0,measure,1,200.0,346.41,no_signal
9,r09_20260912_224149.jsonl,58,553.926,6.0,measure,19,200.0,346.41,no_signal
9,r09_20260912_224149.jsonl,59,559.926,6.0,measure,20,200.0,346.41,no_signal
9,r09_20260912_224149.jsonl,60,565.926,6.0,measure,11,200.0,346.41,direction
9,r09_20260912_224149.jsonl,61,571.926,6.0,measure,12,200.0,346.41,direction
9,r09_20260912_224149.jsonl,62,657.926,86.0,measure,13,-200.0,346.41,no_signal
9,r09_20260912_224149.jsonl,63,663.926,6.0,measure,14,-200.0,346.41,no_signal
9,r09_20260912_224149.jsonl,64,669.926,6.0,measure,9,-200.0,346.41,no_signal
9,r09_20260912_224149.jsonl,65,675.926,6.0,measure,15,-200.0,346.41,no_signal
9,r09_20260912_224149.jsonl,66,681.926,6.0,measure,8,-200.0,346.41,no_signal
9,r09_20260912_224149.jsonl,67,687.926,6.0,measure,16,-200.0,346.41,no_signal
9,r09_20260912_224149.jsonl,68,693.926,6.0,measure,7,-200.0,346.41,no_signal
9,r09_20260912_224149.jsonl,69,699.926,6.0,measure,17,-200.0,346.41,no_signal
9,r09_20260912_224149.jsonl,70,705.926,6.0,measure,6,-200.0,346.41,no_signal
9,r09_20260912_224149.jsonl,71,711.926,6.0,measure,18,-200.0,346.41,no_signal
9,r09_20260912_224149.jsonl,72,717.926,6.0,measure,5,-200.0,346.41,no_signal
9,r09_20260912_224149.jsonl,73,723.926,6.0,measure,19,-200.0,346.41,no_signal
9,r09_20260912_224149.jsonl,74,729.926,6.0,measure,4,-200.0,346.41,no_signal
9,r09_20260912_224149.jsonl,75,735.926,6.0,measure,20,-200.0,346.41,no_signal
9,r09_20260912_224149.jsonl,76,741.926,6.0,measure,3,-200.0,346.41,no_signal
9,r09_20260912_224149.jsonl,77,747.926,6.0,measure,2,-200.0,346.41,no_signal
9,r09_20260912_224149.jsonl,78,753.926,6.0,measure,1,-200.0,346.41,no_signal
9,r09_20260912_224149.jsonl,79,759.926,6.0,measure,11,-200.0,346.41,direction
9,r09_20260912_224149.jsonl,80,845.926,86.0,measure,9,-400.0,0.0,no_signal
9,r09_20260912_224149.jsonl,81,851.926,6.0,measure,13,-400.0,0.0,no_signal
9,r09_20260912_224149.jsonl,82,857.926,6.0,measure,8,-400.0,0.0,no_signal
9,r09_20260912_224149.jsonl,83,863.926,6.0,measure,14,-400.0,0.0,no_signal
9,r09_20260912_224149.jsonl,84,869.926,6.0,measure,7,-400.0,0.0,no_signal
9,r09_20260912_224149.jsonl,85,875.926,6.0,measure,15,-400.0,0.0,no_signal
9,r09_20260912_224149.jsonl,86,881.926,6.0,measure,6,-400.0,0.0,no_signal
9,r09_20260912_224149.jsonl,87,887.926,6.0,measure,16,-400.0,0.0,no_signal
9,r09_20260912_224149.jsonl,88,893.926,6.0,measure,5,-400.0,0.0,no_signal
9,r09_20260912_224149.jsonl,89,899.926,6.0,measure,17,-400.0,0.0,no_signal
9,r09_20260912_224149.jsonl,90,905.926,6.0,measure,4,-400.0,0.0,no_signal
9,r09_20260912_224149.jsonl,91,911.926,6.0,measure,18,-400.0,0.0,no_signal
9,r09_20260912_224149.jsonl,92,917.926,6.0,measure,3,-400.0,0.0,no_signal
9,r09_20260912_224149.jsonl,93,923.926,6.0,measure,19,-400.0,0.0,no_signal
9,r09_20260912_224149.jsonl,94,929.926,6.0,measure,2,-400.0,0.0,no_signal
9,r09_20260912_224149.jsonl,95,935.926,6.0,measure,20,-400.0,0.0,direction
9,r09_20260912_224149.jsonl,96,941.926,6.0,measure,1,-400.0,0.0,no_signal
9,r09_20260912_224149.jsonl,97,947.926,6.0,measure,20,-400.0,0.0,direction
9,r09_20260912_224149.jsonl,98,953.926,6.0,measure,11,-400.0,0.0,direction
9,r09_20260912_224149.jsonl,99,1039.926,86.0,measure,9,-200.0,-346.41,no_signal
9,r09_20260912_224149.jsonl,100,1045.926,6.0,measure,13,-200.0,-346.41,no_signal
9,r09_20260912_224149.jsonl,101,1051.926,6.0,measure,8,-200.0,-346.41,no_signal
9,r09_20260912_224149.jsonl,102,1057.926,6.0,measure,14,-200.0,-346.41,no_signal
9,r09_20260912_224149.jsonl,103,1063.926,6.0,measure,7,-200.0,-346.41,no_signal
9,r09_20260912_224149.jsonl,104,1069.926,6.0,measure,15,-200.0,-346.41,no_signal
9,r09_20260912_224149.jsonl,105,1075.926,6.0,measure,6,-200.0,-346.41,no_signal
9,r09_20260912_224149.jsonl,106,1081.926,6.0,measure,16,-200.0,-346.41,no_signal
9,r09_20260912_224149.jsonl,107,1087.926,6.0,measure,5,-200.0,-346.41,no_signal
9,r09_20260912_224149.jsonl,108,1093.926,6.0,measure,17,-200.0,-346.41,direction
9,r09_20260912_224149.jsonl,109,1099.926,6.0,measure,4,-200.0,-346.41,no_signal
9,r09_20260912_224149.jsonl,110,1105.926,6.0,measure,18,-200.0,-346.41,no_signal
9,r09_20260912_224149.jsonl,111,1111.926,6.0,measure,3,-200.0,-346.41,no_signal
9,r09_20260912_224149.jsonl,112,1117.926,6.0,measure,19,-200.0,-346.41,no_signal
9,r09_20260912_224149.jsonl,113,1123.926,6.0,measure,2,-200.0,-346.41,no_signal
9,r09_20260912_224149.jsonl,114,1129.926,6.0,measure,1,-200.0,-346.41,no_signal
9,r09_20260912_224149.jsonl,115,1135.926,6.0,measure,17,-200.0,-346.41,direction
9,r09_20260912_224149.jsonl,116,1141.926,6.0,measure,11,-200.0,-346.41,direction
9,r09_20260912_224149.jsonl,117,1227.926,86.0,measure,9,200.0,-346.41,no_signal
9,r09_20260912_224149.jsonl,118,1233.926,6.0,measure,13,200.0,-346.41,no_signal
9,r09_20260912_224149.jsonl,119,1239.926,6.0,measure,8,200.0,-346.41,no_signal
9,r09_20260912_224149.jsonl,120,1245.926,6.0,measure,14,200.0,-346.41,no_signal
9,r09_20260912_224149.jsonl,121,1251.926,6.0,measure,7,200.0,-346.41,no_signal
9,r09_20260912_224149.jsonl,122,1257.926,6.0,measure,15,200.0,-346.41,no_signal
9,r09_20260912_224149.jsonl,123,1263.926,6.0,measure,6,200.0,-346.41,no_signal
9,r09_20260912_224149.jsonl,124,1269.926,6.0,measure,16,200.0,-346.41,no_signal
9,r09_20260912_224149.jsonl,125,1275.926,6.0,measure,5,200.0,-346.41,no_signal
9,r09_20260912_224149.jsonl,126,1281.926,6.0,measure,4,200.0,-346.41,no_signal
9,r09_20260912_224149.jsonl,127,1287.926,6.0,measure,18,200.0,-346.41,no_signal
9,r09_20260912_224149.jsonl,128,1293.926,6.0,measure,3,200.0,-346.41,no_signal
9,r09_20260912_224149.jsonl,129,1299.926,6.0,measure,19,200.0,-346.41,no_signal
9,r09_20260912_224149.jsonl,130,1305.926,6.0,measure,2,200.0,-346.41,no_signal
9,r09_20260912_224149.jsonl,131,1311.926,6.0,measure,1,200.0,-346.41,no_signal
9,r09_20260912_224149.jsonl,132,1317.926,6.0,measure,17,200.0,-346.41,direction
9,r09_20260912_224149.jsonl,133,1323.926,6.0,measure,11,200.0,-346.41,direction
9,r09_20260912_224149.jsonl,134,1509.993,186.067,measure,11,442.969,525.71,no_signal
9,r09_20260912_224149.jsonl,135,1532.993,23.0,measure,11,442.969,435.71,no_signal
9,r09_20260912_224149.jsonl,136,1555.992,23.0,measure,11,365.027,480.71,direction
9,r09_20260912_224149.jsonl,137,1578.573,22.58,clear,11,442.831,521.616,success
9,r09_20260912_224149.jsonl,138,1708.681,130.108,measure,9,919.239,919.239,no_signal
9,r09_20260912_224149.jsonl,139,1714.681,6.0,measure,13,919.239,919.239,no_signal
9,r09_20260912_224149.jsonl,140,1720.681,6.0,measure,8,919.239,919.239,no_signal
9,r09_20260912_224149.jsonl,141,1726.681,6.0,measure,14,919.239,919.239,no_signal
9,r09_20260912_224149.jsonl,142,1732.681,6.0,measure,7,919.239,919.239,no_signal
9,r09_20260912_224149.jsonl,143,1738.681,6.0,measure,15,919.239,919.239,no_signal
9,r09_20260912_224149.jsonl,144,1744.681,6.0,measure,6,919.239,919.239,no_signal
9,r09_20260912_224149.jsonl,145,1750.681,6.0,measure,16,919.239,919.239,no_signal
9,r09_20260912_224149.jsonl,146,1756.681,6.0,measure,5,919.239,919.239,no_signal
9,r09_20260912_224149.jsonl,147,1762.681,6.0,measure,4,919.239,919.239,no_signal
9,r09_20260912_224149.jsonl,148,1768.681,6.0,measure,18,919.239,919.239,no_signal
9,r09_20260912_224149.jsonl,149,1774.681,6.0,measure,3,919.239,919.239,no_signal
9,r09_20260912_224149.jsonl,150,1780.681,6.0,measure,19,919.239,919.239,no_signal
9,r09_20260912_224149.jsonl,151,1786.681,6.0,measure,2,919.239,919.239,no_signal
9,r09_20260912_224149.jsonl,152,1792.681,6.0,measure,1,919.239,919.239,no_signal
9,r09_20260912_224149.jsonl,153,1798.681,6.0,measure,12,919.239,919.239,direction
9,r09_20260912_224149.jsonl,154,1950.053,151.372,measure,13,950.0,1645.448,no_signal
9,r09_20260912_224149.jsonl,155,1956.053,6.0,measure,14,950.0,1645.448,no_signal
9,r09_20260912_224149.jsonl,156,1962.053,6.0,measure,9,950.0,1645.448,no_signal
9,r09_20260912_224149.jsonl,157,1968.053,6.0,measure,15,950.0,1645.448,no_signal
9,r09_20260912_224149.jsonl,158,1974.053,6.0,measure,8,950.0,1645.448,no_signal
9,r09_20260912_224149.jsonl,159,1980.053,6.0,measure,16,950.0,1645.448,no_signal
9,r09_20260912_224149.jsonl,160,1986.053,6.0,measure,7,950.0,1645.448,no_signal
9,r09_20260912_224149.jsonl,161,1992.053,6.0,measure,6,950.0,1645.448,no_signal
9,r09_20260912_224149.jsonl,162,1998.053,6.0,measure,18,950.0,1645.448,no_signal
9,r09_20260912_224149.jsonl,163,2004.053,6.0,measure,5,950.0,1645.448,no_signal
9,r09_20260912_224149.jsonl,164,2010.053,6.0,measure,19,950.0,1645.448,no_signal
9,r09_20260912_224149.jsonl,165,2016.053,6.0,measure,4,950.0,1645.448,no_signal
9,r09_20260912_224149.jsonl,166,2022.053,6.0,measure,3,950.0,1645.448,no_signal
9,r09_20260912_224149.jsonl,167,2028.053,6.0,measure,2,950.0,1645.448,no_signal
9,r09_20260912_224149.jsonl,168,2034.053,6.0,measure,1,950.0,1645.448,no_signal
9,r09_20260912_224149.jsonl,169,2235.755,201.702,measure,1,1645.448,950.0,no_signal
9,r09_20260912_224149.jsonl,170,2241.755,6.0,measure,2,1645.448,950.0,no_signal
9,r09_20260912_224149.jsonl,171,2247.755,6.0,measure,3,1645.448,950.0,no_signal
9,r09_20260912_224149.jsonl,172,2253.755,6.0,measure,4,1645.448,950.0,no_signal
9,r09_20260912_224149.jsonl,173,2259.755,6.0,measure,5,1645.448,950.0,no_signal
9,r09_20260912_224149.jsonl,174,2265.755,6.0,measure,6,1645.448,950.0,no_signal
9,r09_20260912_224149.jsonl,175,2271.755,6.0,measure,7,1645.448,950.0,no_signal
9,r09_20260912_224149.jsonl,176,2277.755,6.0,measure,8,1645.448,950.0,no_signal
9,r09_20260912_224149.jsonl,177,2283.755,6.0,measure,9,1645.448,950.0,no_signal
9,r09_20260912_224149.jsonl,178,2289.755,6.0,measure,13,1645.448,950.0,no_signal
9,r09_20260912_224149.jsonl,179,2295.755,6.0,measure,14,1645.448,950.0,no_signal
9,r09_20260912_224149.jsonl,180,2301.755,6.0,measure,15,1645.448,950.0,no_signal
9,r09_20260912_224149.jsonl,181,2307.755,6.0,measure,16,1645.448,950.0,no_signal
9,r09_20260912_224149.jsonl,182,2313.755,6.0,measure,18,1645.448,950.0,no_signal
9,r09_20260912_224149.jsonl,183,2319.755,6.0,measure,19,1645.448,950.0,no_signal
9,r09_20260912_224149.jsonl,184,2325.755,6.0,measure,12,1645.448,950.0,direction
9,r09_20260912_224149.jsonl,185,2472.175,146.42,clear,12,1485.388,261.254,success
9,r09_20260912_224149.jsonl,186,2542.245,70.069,measure,13,1300.0,0.0,no_signal
9,r09_20260912_224149.jsonl,187,2548.245,6.0,measure,14,1300.0,0.0,no_signal
9,r09_20260912_224149.jsonl,188,2554.245,6.0,measure,9,1300.0,0.0,no_signal
9,r09_20260912_224149.jsonl,189,2560.245,6.0,measure,15,1300.0,0.0,no_signal
9,r09_20260912_224149.jsonl,190,2566.245,6.0,measure,8,1300.0,0.0,direction
9,r09_20260912_224149.jsonl,191,2572.245,6.0,measure,16,1300.0,0.0,no_signal
9,r09_20260912_224149.jsonl,192,2578.245,6.0,measure,7,1300.0,0.0,no_signal
9,r09_20260912_224149.jsonl,193,2584.245,6.0,measure,6,1300.0,0.0,no_signal
9,r09_20260912_224149.jsonl,194,2590.245,6.0,measure,18,1300.0,0.0,no_signal
9,r09_20260912_224149.jsonl,195,2596.245,6.0,measure,5,1300.0,0.0,no_signal
9,r09_20260912_224149.jsonl,196,2602.245,6.0,measure,19,1300.0,0.0,no_signal
9,r09_20260912_224149.jsonl,197,2608.245,6.0,measure,4,1300.0,0.0,no_signal
9,r09_20260912_224149.jsonl,198,2614.245,6.0,measure,3,1300.0,0.0,no_signal
9,r09_20260912_224149.jsonl,199,2620.245,6.0,measure,2,1300.0,0.0,no_signal
9,r09_20260912_224149.jsonl,200,2626.245,6.0,measure,1,1300.0,0.0,no_signal
9,r09_20260912_224149.jsonl,201,2632.245,6.0,measure,8,1300.0,0.0,direction
9,r09_20260912_224149.jsonl,202,2758.245,126.0,measure,7,1900.0,0.0,no_signal
9,r09_20260912_224149.jsonl,203,2764.245,6.0,measure,9,1900.0,0.0,no_signal
9,r09_20260912_224149.jsonl,204,2770.245,6.0,measure,6,1900.0,0.0,no_signal
9,r09_20260912_224149.jsonl,205,2776.245,6.0,measure,5,1900.0,0.0,no_signal
9,r09_20260912_224149.jsonl,206,2782.245,6.0,measure,4,1900.0,0.0,no_signal
9,r09_20260912_224149.jsonl,207,2788.245,6.0,measure,3,1900.0,0.0,no_signal
9,r09_20260912_224149.jsonl,208,2794.245,6.0,measure,13,1900.0,0.0,no_signal
9,r09_20260912_224149.jsonl,209,2800.245,6.0,measure,2,1900.0,0.0,no_signal
9,r09_20260912_224149.jsonl,210,2806.245,6.0,measure,14,1900.0,0.0,no_signal
9,r09_20260912_224149.jsonl,211,2812.245,6.0,measure,1,1900.0,0.0,no_signal
9,r09_20260912_224149.jsonl,212,2818.245,6.0,measure,15,1900.0,0.0,no_signal
9,r09_20260912_224149.jsonl,213,2824.245,6.0,measure,16,1900.0,0.0,no_signal
9,r09_20260912_224149.jsonl,214,2830.245,6.0,measure,18,1900.0,0.0,no_signal
9,r09_20260912_224149.jsonl,215,2836.245,6.0,measure,19,1900.0,0.0,no_signal
9,r09_20260912_224149.jsonl,216,2842.245,6.0,measure,8,1900.0,0.0,direction
9,r09_20260912_224149.jsonl,217,3044.947,202.702,measure,7,1645.448,-950.0,no_signal
9,r09_20260912_224149.jsonl,218,3050.947,6.0,measure,9,1645.448,-950.0,no_signal
9,r09_20260912_224149.jsonl,219,3056.947,6.0,measure,6,1645.448,-950.0,no_signal
9,r09_20260912_224149.jsonl,220,3062.947,6.0,measure,5,1645.448,-950.0,no_signal
9,r09_20260912_224149.jsonl,221,3068.947,6.0,measure,4,1645.448,-950.0,no_signal
9,r09_20260912_224149.jsonl,222,3074.947,6.0,measure,3,1645.448,-950.0,no_signal
9,r09_20260912_224149.jsonl,223,3080.947,6.0,measure,13,1645.448,-950.0,direction
9,r09_20260912_224149.jsonl,224,3086.947,6.0,measure,2,1645.448,-950.0,no_signal
9,r09_20260912_224149.jsonl,225,3092.947,6.0,measure,14,1645.448,-950.0,no_signal
9,r09_20260912_224149.jsonl,226,3098.947,6.0,measure,1,1645.448,-950.0,no_signal
9,r09_20260912_224149.jsonl,227,3104.947,6.0,measure,15,1645.448,-950.0,no_signal
9,r09_20260912_224149.jsonl,228,3110.947,6.0,measure,16,1645.448,-950.0,no_signal
9,r09_20260912_224149.jsonl,229,3116.947,6.0,measure,18,1645.448,-950.0,no_signal
9,r09_20260912_224149.jsonl,230,3122.947,6.0,measure,19,1645.448,-950.0,no_signal
9,r09_20260912_224149.jsonl,231,3128.947,6.0,measure,13,1645.448,-950.0,direction
9,r09_20260912_224149.jsonl,232,3134.947,6.0,measure,8,1645.448,-950.0,direction
9,r09_20260912_224149.jsonl,233,3201.912,66.965,clear,8,1343.862,-1020.978,success
9,r09_20260912_224149.jsonl,234,3295.24,93.328,measure,7,919.239,-919.239,no_signal
9,r09_20260912_224149.jsonl,235,3301.24,6.0,measure,9,919.239,-919.239,no_signal
9,r09_20260912_224149.jsonl,236,3307.24,6.0,measure,6,919.239,-919.239,no_signal
9,r09_20260912_224149.jsonl,237,3313.24,6.0,measure,5,919.239,-919.239,no_signal
9,r09_20260912_224149.jsonl,238,3319.24,6.0,measure,4,919.239,-919.239,no_signal
9,r09_20260912_224149.jsonl,239,3325.24,6.0,measure,3,919.239,-919.239,no_signal
9,r09_20260912_224149.jsonl,240,3331.24,6.0,measure,2,919.239,-919.239,no_signal
9,r09_20260912_224149.jsonl,241,3337.24,6.0,measure,14,919.239,-919.239,no_signal
9,r09_20260912_224149.jsonl,242,3343.24,6.0,measure,1,919.239,-919.239,no_signal
9,r09_20260912_224149.jsonl,243,3349.24,6.0,measure,15,919.239,-919.239,no_signal
9,r09_20260912_224149.jsonl,244,3355.24,6.0,measure,16,919.239,-919.239,no_signal
9,r09_20260912_224149.jsonl,245,3361.24,6.0,measure,18,919.239,-919.239,no_signal
9,r09_20260912_224149.jsonl,246,3367.24,6.0,measure,19,919.239,-919.239,no_signal
9,r09_20260912_224149.jsonl,247,3373.24,6.0,measure,13,919.239,-919.239,direction
9,r09_20260912_224149.jsonl,248,3379.24,6.0,measure,17,919.239,-919.239,direction
9,r09_20260912_224149.jsonl,249,3530.612,151.372,measure,16,950.0,-1645.448,no_signal
9,r09_20260912_224149.jsonl,250,3536.612,6.0,measure,18,950.0,-1645.448,no_signal
9,r09_20260912_224149.jsonl,251,3542.612,6.0,measure,15,950.0,-1645.448,direction
9,r09_20260912_224149.jsonl,252,3548.612,6.0,measure,19,950.0,-1645.448,no_signal
9,r09_20260912_224149.jsonl,253,3554.612,6.0,measure,14,950.0,-1645.448,no_signal
9,r09_20260912_224149.jsonl,254,3560.612,6.0,measure,9,950.0,-1645.448,no_signal
9,r09_20260912_224149.jsonl,255,3566.612,6.0,measure,7,950.0,-1645.448,no_signal
9,r09_20260912_224149.jsonl,256,3572.612,6.0,measure,6,950.0,-1645.448,no_signal
9,r09_20260912_224149.jsonl,257,3578.612,6.0,measure,5,950.0,-1645.448,no_signal
9,r09_20260912_224149.jsonl,258,3584.612,6.0,measure,4,950.0,-1645.448,no_signal
9,r09_20260912_224149.jsonl,259,3590.612,6.0,measure,3,950.0,-1645.448,no_signal
9,r09_20260912_224149.jsonl,260,3596.612,6.0,measure,2,950.0,-1645.448,no_signal
9,r09_20260912_224149.jsonl,261,3602.612,6.0,measure,1,950.0,-1645.448,no_signal
9,r09_20260912_224149.jsonl,262,3608.612,6.0,measure,15,950.0,-1645.448,direction
9,r09_20260912_224149.jsonl,263,3614.612,6.0,measure,17,950.0,-1645.448,direction
9,r09_20260912_224149.jsonl,264,3839.648,225.036,clear,17,-35.678,-1156.745,success
9,r09_20260912_224149.jsonl,265,3875.174,35.526,measure,16,-0.0,-1300.0,no_signal
9,r09_20260912_224149.jsonl,266,3881.174,6.0,measure,18,-0.0,-1300.0,no_signal
9,r09_20260912_224149.jsonl,267,3887.174,6.0,measure,19,-0.0,-1300.0,no_signal
9,r09_20260912_224149.jsonl,268,3893.174,6.0,measure,14,-0.0,-1300.0,no_signal
9,r09_20260912_224149.jsonl,269,3899.174,6.0,measure,9,-0.0,-1300.0,no_signal
9,r09_20260912_224149.jsonl,270,3905.174,6.0,measure,7,-0.0,-1300.0,no_signal
9,r09_20260912_224149.jsonl,271,3911.174,6.0,measure,6,-0.0,-1300.0,no_signal
9,r09_20260912_224149.jsonl,272,3917.174,6.0,measure,5,-0.0,-1300.0,no_signal
9,r09_20260912_224149.jsonl,273,3923.174,6.0,measure,4,-0.0,-1300.0,no_signal
9,r09_20260912_224149.jsonl,274,3929.174,6.0,measure,3,-0.0,-1300.0,no_signal
9,r09_20260912_224149.jsonl,275,3935.174,6.0,measure,2,-0.0,-1300.0,no_signal
9,r09_20260912_224149.jsonl,276,3941.174,6.0,measure,1,-0.0,-1300.0,no_signal
9,r09_20260912_224149.jsonl,277,3947.174,6.0,measure,15,-0.0,-1300.0,no_signal
9,r09_20260912_224149.jsonl,278,4073.174,126.0,measure,14,-0.0,-1900.0,no_signal
9,r09_20260912_224149.jsonl,279,4079.174,6.0,measure,16,-0.0,-1900.0,no_signal
9,r09_20260912_224149.jsonl,280,4085.174,6.0,measure,18,-0.0,-1900.0,no_signal
9,r09_20260912_224149.jsonl,281,4091.174,6.0,measure,19,-0.0,-1900.0,no_signal
9,r09_20260912_224149.jsonl,282,4097.174,6.0,measure,9,-0.0,-1900.0,no_signal
9,r09_20260912_224149.jsonl,283,4103.174,6.0,measure,7,-0.0,-1900.0,no_signal
9,r09_20260912_224149.jsonl,284,4109.174,6.0,measure,6,-0.0,-1900.0,no_signal
9,r09_20260912_224149.jsonl,285,4115.174,6.0,measure,5,-0.0,-1900.0,no_signal
9,r09_20260912_224149.jsonl,286,4121.174,6.0,measure,4,-0.0,-1900.0,no_signal
9,r09_20260912_224149.jsonl,287,4127.174,6.0,measure,3,-0.0,-1900.0,no_signal
9,r09_20260912_224149.jsonl,288,4133.174,6.0,measure,2,-0.0,-1900.0,no_signal
9,r09_20260912_224149.jsonl,289,4139.174,6.0,measure,1,-0.0,-1900.0,no_signal
9,r09_20260912_224149.jsonl,290,4145.174,6.0,measure,15,-0.0,-1900.0,direction
9,r09_20260912_224149.jsonl,291,4293.767,148.593,clear,15,550.549,-1439.166,success
9,r09_20260912_224149.jsonl,292,4602.699,308.932,measure,14,-950.0,-1645.448,no_signal
9,r09_20260912_224149.jsonl,293,4608.699,6.0,measure,16,-950.0,-1645.448,no_signal
9,r09_20260912_224149.jsonl,294,4614.699,6.0,measure,18,-950.0,-1645.448,no_signal
9,r09_20260912_224149.jsonl,295,4620.699,6.0,measure,19,-950.0,-1645.448,no_signal
9,r09_20260912_224149.jsonl,296,4626.699,6.0,measure,9,-950.0,-1645.448,no_signal
9,r09_20260912_224149.jsonl,297,4632.699,6.0,measure,7,-950.0,-1645.448,no_signal
9,r09_20260912_224149.jsonl,298,4638.699,6.0,measure,6,-950.0,-1645.448,no_signal
9,r09_20260912_224149.jsonl,299,4644.699,6.0,measure,5,-950.0,-1645.448,no_signal
9,r09_20260912_224149.jsonl,300,4650.699,6.0,measure,4,-950.0,-1645.448,no_signal
9,r09_20260912_224149.jsonl,301,4656.699,6.0,measure,3,-950.0,-1645.448,direction
9,r09_20260912_224149.jsonl,302,4662.699,6.0,measure,2,-950.0,-1645.448,no_signal
9,r09_20260912_224149.jsonl,303,4668.699,6.0,measure,1,-950.0,-1645.448,no_signal
9,r09_20260912_224149.jsonl,304,4674.699,6.0,measure,3,-950.0,-1645.448,direction
9,r09_20260912_224149.jsonl,305,4826.071,151.372,measure,2,-919.239,-919.239,no_signal
9,r09_20260912_224149.jsonl,306,4832.071,6.0,measure,4,-919.239,-919.239,direction
9,r09_20260912_224149.jsonl,307,4838.071,6.0,measure,1,-919.239,-919.239,no_signal
9,r09_20260912_224149.jsonl,308,4844.071,6.0,measure,5,-919.239,-919.239,no_signal
9,r09_20260912_224149.jsonl,309,4850.071,6.0,measure,6,-919.239,-919.239,no_signal
9,r09_20260912_224149.jsonl,310,4856.071,6.0,measure,7,-919.239,-919.239,no_signal
9,r09_20260912_224149.jsonl,311,4862.071,6.0,measure,9,-919.239,-919.239,no_signal
9,r09_20260912_224149.jsonl,312,4868.071,6.0,measure,14,-919.239,-919.239,no_signal
9,r09_20260912_224149.jsonl,313,4874.071,6.0,measure,16,-919.239,-919.239,no_signal
9,r09_20260912_224149.jsonl,314,4880.071,6.0,measure,18,-919.239,-919.239,no_signal
9,r09_20260912_224149.jsonl,315,4886.071,6.0,measure,19,-919.239,-919.239,no_signal
9,r09_20260912_224149.jsonl,316,4892.071,6.0,measure,4,-919.239,-919.239,direction
9,r09_20260912_224149.jsonl,317,4898.071,6.0,measure,3,-919.239,-919.239,no_signal
9,r09_20260912_224149.jsonl,318,5049.443,151.372,measure,2,-1645.448,-950.0,no_signal
9,r09_20260912_224149.jsonl,319,5055.443,6.0,measure,1,-1645.448,-950.0,no_signal
9,r09_20260912_224149.jsonl,320,5061.443,6.0,measure,5,-1645.448,-950.0,no_signal
9,r09_20260912_224149.jsonl,321,5067.443,6.0,measure,6,-1645.448,-950.0,no_signal
9,r09_20260912_224149.jsonl,322,5073.443,6.0,measure,7,-1645.448,-950.0,no_signal
9,r09_20260912_224149.jsonl,323,5079.443,6.0,measure,9,-1645.448,-950.0,no_signal
9,r09_20260912_224149.jsonl,324,5085.443,6.0,measure,14,-1645.448,-950.0,no_signal
9,r09_20260912_224149.jsonl,325,5091.443,6.0,measure,16,-1645.448,-950.0,no_signal
9,r09_20260912_224149.jsonl,326,5097.443,6.0,measure,18,-1645.448,-950.0,no_signal
9,r09_20260912_224149.jsonl,327,5103.443,6.0,measure,19,-1645.448,-950.0,no_signal
9,r09_20260912_224149.jsonl,328,5109.443,6.0,measure,4,-1645.448,-950.0,direction
9,r09_20260912_224149.jsonl,329,5115.443,6.0,measure,3,-1645.448,-950.0,direction
9,r09_20260912_224149.jsonl,330,5262.613,147.169,measure,3,-949.433,-805.549,no_signal
9,r09_20260912_224149.jsonl,331,5285.613,23.0,measure,3,-1027.375,-850.549,direction
9,r09_20260912_224149.jsonl,332,5307.803,22.191,clear,3,-949.298,-814.605,success
9,r09_20260912_224149.jsonl,333,5436.898,129.095,measure,4,-1110.228,-220.542,no_signal
9,r09_20260912_224149.jsonl,334,5459.898,23.0,measure,4,-1065.228,-298.484,direction
9,r09_20260912_224149.jsonl,335,5482.68,22.782,clear,4,-1111.088,-222.315,success
9,r09_20260912_224149.jsonl,336,5547.028,64.348,measure,5,-1300.0,0.0,direction
9,r09_20260912_224149.jsonl,337,5553.028,6.0,measure,2,-1300.0,0.0,no_signal
9,r09_20260912_224149.jsonl,338,5559.028,6.0,measure,6,-1300.0,0.0,no_signal
9,r09_20260912_224149.jsonl,339,5565.028,6.0,measure,1,-1300.0,0.0,no_signal
9,r09_20260912_224149.jsonl,340,5571.028,6.0,measure,7,-1300.0,0.0,no_signal
9,r09_20260912_224149.jsonl,341,5577.028,6.0,measure,9,-1300.0,0.0,no_signal
9,r09_20260912_224149.jsonl,342,5583.028,6.0,measure,14,-1300.0,0.0,no_signal
9,r09_20260912_224149.jsonl,343,5589.028,6.0,measure,16,-1300.0,0.0,no_signal
9,r09_20260912_224149.jsonl,344,5595.028,6.0,measure,18,-1300.0,0.0,direction
9,r09_20260912_224149.jsonl,345,5601.028,6.0,measure,19,-1300.0,0.0,no_signal
9,r09_20260912_224149.jsonl,346,5607.028,6.0,measure,20,-1300.0,0.0,direction
9,r09_20260912_224149.jsonl,347,5613.028,6.0,measure,5,-1300.0,0.0,direction
9,r09_20260912_224149.jsonl,348,5739.028,126.0,measure,6,-1900.0,0.0,no_signal
9,r09_20260912_224149.jsonl,349,5745.028,6.0,measure,7,-1900.0,0.0,no_signal
9,r09_20260912_224149.jsonl,350,5751.028,6.0,measure,2,-1900.0,0.0,no_signal
9,r09_20260912_224149.jsonl,351,5757.028,6.0,measure,1,-1900.0,0.0,no_signal
9,r09_20260912_224149.jsonl,352,5763.028,6.0,measure,9,-1900.0,0.0,no_signal
9,r09_20260912_224149.jsonl,353,5769.028,6.0,measure,14,-1900.0,0.0,no_signal
9,r09_20260912_224149.jsonl,354,5775.028,6.0,measure,16,-1900.0,0.0,no_signal
9,r09_20260912_224149.jsonl,355,5781.028,6.0,measure,19,-1900.0,0.0,no_signal
9,r09_20260912_224149.jsonl,356,5787.028,6.0,measure,5,-1900.0,0.0,direction
9,r09_20260912_224149.jsonl,357,5793.028,6.0,measure,18,-1900.0,0.0,direction
9,r09_20260912_224149.jsonl,358,5897.659,104.631,clear,18,-1689.319,-451.41,success
9,r09_20260912_224149.jsonl,359,6120.464,222.805,measure,5,-1225.652,528.447,near
9,r09_20260912_224149.jsonl,360,6125.464,5.0,clear,5,-1225.652,528.447,success
9,r09_20260912_224149.jsonl,361,6128.464,3.0,clear,5,-1225.652,528.447,no_target_in_range
9,r09_20260912_224149.jsonl,362,6253.448,124.985,measure,6,-1645.448,950.0,direction
9,r09_20260912_224149.jsonl,363,6259.448,6.0,measure,7,-1645.448,950.0,no_signal
9,r09_20260912_224149.jsonl,364,6265.448,6.0,measure,2,-1645.448,950.0,no_signal
9,r09_20260912_224149.jsonl,365,6271.448,6.0,measure,1,-1645.448,950.0,no_signal
9,r09_20260912_224149.jsonl,366,6277.448,6.0,measure,9,-1645.448,950.0,no_signal
9,r09_20260912_224149.jsonl,367,6283.448,6.0,measure,14,-1645.448,950.0,no_signal
9,r09_20260912_224149.jsonl,368,6289.448,6.0,measure,16,-1645.448,950.0,no_signal
9,r09_20260912_224149.jsonl,369,6295.448,6.0,measure,19,-1645.448,950.0,no_signal
9,r09_20260912_224149.jsonl,370,6301.448,6.0,measure,6,-1645.448,950.0,direction
9,r09_20260912_224149.jsonl,371,6307.448,6.0,measure,20,-1645.448,950.0,direction
9,r09_20260912_224149.jsonl,372,6372.405,64.957,clear,20,-1346.312,969.695,success
9,r09_20260912_224149.jsonl,373,6464.414,92.009,measure,19,-919.239,919.239,no_signal
9,r09_20260912_224149.jsonl,374,6470.414,6.0,measure,16,-919.239,919.239,no_signal
9,r09_20260912_224149.jsonl,375,6476.414,6.0,measure,14,-919.239,919.239,no_signal
9,r09_20260912_224149.jsonl,376,6482.414,6.0,measure,9,-919.239,919.239,no_signal
9,r09_20260912_224149.jsonl,377,6488.414,6.0,measure,7,-919.239,919.239,no_signal
9,r09_20260912_224149.jsonl,378,6494.414,6.0,measure,2,-919.239,919.239,no_signal
9,r09_20260912_224149.jsonl,379,6500.414,6.0,measure,1,-919.239,919.239,no_signal
9,r09_20260912_224149.jsonl,380,6506.414,6.0,measure,6,-919.239,919.239,no_signal
9,r09_20260912_224149.jsonl,381,6657.786,151.372,measure,7,-950.0,1645.448,no_signal
9,r09_20260912_224149.jsonl,382,6663.786,6.0,measure,9,-950.0,1645.448,no_signal
9,r09_20260912_224149.jsonl,383,6669.786,6.0,measure,2,-950.0,1645.448,no_signal
9,r09_20260912_224149.jsonl,384,6675.786,6.0,measure,1,-950.0,1645.448,no_signal
9,r09_20260912_224149.jsonl,385,6681.786,6.0,measure,14,-950.0,1645.448,no_signal
9,r09_20260912_224149.jsonl,386,6687.786,6.0,measure,16,-950.0,1645.448,no_signal
9,r09_20260912_224149.jsonl,387,6693.786,6.0,measure,19,-950.0,1645.448,no_signal
9,r09_20260912_224149.jsonl,388,6699.786,6.0,measure,6,-950.0,1645.448,direction
9,r09_20260912_224149.jsonl,389,6822.002,122.216,clear,6,-813.714,1075.436,success
9,r09_20260912_224149.jsonl,390,7059.694,237.693,measure,7,0.0,1900.0,no_signal
9,r09_20260912_224149.jsonl,391,7065.694,6.0,measure,9,0.0,1900.0,no_signal
9,r09_20260912_224149.jsonl,392,7071.694,6.0,measure,2,0.0,1900.0,no_signal
9,r09_20260912_224149.jsonl,393,7077.694,6.0,measure,1,0.0,1900.0,no_signal
9,r09_20260912_224149.jsonl,394,7083.694,6.0,measure,14,0.0,1900.0,no_signal
9,r09_20260912_224149.jsonl,395,7089.694,6.0,measure,16,0.0,1900.0,no_signal
9,r09_20260912_224149.jsonl,396,7095.694,6.0,measure,19,0.0,1900.0,no_signal
9,r09_20260912_224149.jsonl,397,7220.694,125.0,measure,19,0.0,1300.0,no_signal
9,r09_20260912_224149.jsonl,398,7226.694,6.0,measure,16,0.0,1300.0,no_signal
9,r09_20260912_224149.jsonl,399,7232.694,6.0,measure,14,0.0,1300.0,no_signal
9,r09_20260912_224149.jsonl,400,7238.694,6.0,measure,9,0.0,1300.0,no_signal
9,r09_20260912_224149.jsonl,401,7244.694,6.0,measure,7,0.0,1300.0,no_signal
9,r09_20260912_224149.jsonl,402,7250.694,6.0,measure,2,0.0,1300.0,no_signal
9,r09_20260912_224149.jsonl,403,7256.694,6.0,measure,1,0.0,1300.0,no_signal
9,r09_20260912_224149.jsonl,404,7715.009,458.315,measure,13,1622.795,-275.2,direction
9,r09_20260912_224149.jsonl,405,7721.663,6.654,clear,13,1618.59,-268.076,success
9,r09_20260912_224149.jsonl,406,7721.663,0.0,exit,,,,
10,r10_20260912_224209.jsonl,0,0.0,0.0,enter,,,,
10,r10_20260912_224209.jsonl,1,5.0,5.0,measure,1,0.0,0.0,no_signal
10,r10_20260912_224209.jsonl,2,11.0,6.0,measure,2,0.0,0.0,no_signal
10,r10_20260912_224209.jsonl,3,17.0,6.0,measure,3,0.0,0.0,no_signal
10,r10_20260912_224209.jsonl,4,23.0,6.0,measure,4,0.0,0.0,no_signal
10,r10_20260912_224209.jsonl,5,29.0,6.0,measure,5,0.0,0.0,no_signal
10,r10_20260912_224209.jsonl,6,35.0,6.0,measure,6,0.0,0.0,no_signal
10,r10_20260912_224209.jsonl,7,41.0,6.0,measure,7,0.0,0.0,no_signal
10,r10_20260912_224209.jsonl,8,47.0,6.0,measure,8,0.0,0.0,no_signal
10,r10_20260912_224209.jsonl,9,53.0,6.0,measure,9,0.0,0.0,no_signal
10,r10_20260912_224209.jsonl,10,59.0,6.0,measure,10,0.0,0.0,no_signal
10,r10_20260912_224209.jsonl,11,65.0,6.0,measure,11,0.0,0.0,direction
10,r10_20260912_224209.jsonl,12,71.0,6.0,measure,12,0.0,0.0,direction
10,r10_20260912_224209.jsonl,13,77.0,6.0,measure,13,0.0,0.0,no_signal
10,r10_20260912_224209.jsonl,14,83.0,6.0,measure,14,0.0,0.0,no_signal
10,r10_20260912_224209.jsonl,15,89.0,6.0,measure,15,0.0,0.0,no_signal
10,r10_20260912_224209.jsonl,16,95.0,6.0,measure,16,0.0,0.0,direction
10,r10_20260912_224209.jsonl,17,101.0,6.0,measure,17,0.0,0.0,no_signal
10,r10_20260912_224209.jsonl,18,107.0,6.0,measure,18,0.0,0.0,no_signal
10,r10_20260912_224209.jsonl,19,113.0,6.0,measure,19,0.0,0.0,no_signal
10,r10_20260912_224209.jsonl,20,119.0,6.0,measure,20,0.0,0.0,direction
10,r10_20260912_224209.jsonl,21,205.0,86.0,measure,19,400.0,0.0,no_signal
10,r10_20260912_224209.jsonl,22,211.0,6.0,measure,18,400.0,0.0,no_signal
10,r10_20260912_224209.jsonl,23,217.0,6.0,measure,17,400.0,0.0,no_signal
10,r10_20260912_224209.jsonl,24,223.0,6.0,measure,15,400.0,0.0,no_signal
10,r10_20260912_224209.jsonl,25,229.0,6.0,measure,14,400.0,0.0,no_signal
10,r10_20260912_224209.jsonl,26,235.0,6.0,measure,13,400.0,0.0,no_signal
10,r10_20260912_224209.jsonl,27,241.0,6.0,measure,10,400.0,0.0,direction
10,r10_20260912_224209.jsonl,28,247.0,6.0,measure,9,400.0,0.0,no_signal
10,r10_20260912_224209.jsonl,29,253.0,6.0,measure,8,400.0,0.0,no_signal
10,r10_20260912_224209.jsonl,30,259.0,6.0,measure,7,400.0,0.0,no_signal
10,r10_20260912_224209.jsonl,31,265.0,6.0,measure,6,400.0,0.0,no_signal
10,r10_20260912_224209.jsonl,32,271.0,6.0,measure,5,400.0,0.0,no_signal
10,r10_20260912_224209.jsonl,33,277.0,6.0,measure,4,400.0,0.0,no_signal
10,r10_20260912_224209.jsonl,34,283.0,6.0,measure,3,400.0,0.0,no_signal
10,r10_20260912_224209.jsonl,35,289.0,6.0,measure,2,400.0,0.0,no_signal
10,r10_20260912_224209.jsonl,36,295.0,6.0,measure,1,400.0,0.0,direction
10,r10_20260912_224209.jsonl,37,301.0,6.0,measure,12,400.0,0.0,no_signal
10,r10_20260912_224209.jsonl,38,307.0,6.0,measure,11,400.0,0.0,direction
10,r10_20260912_224209.jsonl,39,393.0,86.0,measure,9,200.0,-346.41,no_signal
10,r10_20260912_224209.jsonl,40,399.0,6.0,measure,13,200.0,-346.41,no_signal
10,r10_20260912_224209.jsonl,41,405.0,6.0,measure,8,200.0,-346.41,no_signal
10,r10_20260912_224209.jsonl,42,411.0,6.0,measure,14,200.0,-346.41,no_signal
10,r10_20260912_224209.jsonl,43,417.0,6.0,measure,7,200.0,-346.41,no_signal
10,r10_20260912_224209.jsonl,44,423.0,6.0,measure,15,200.0,-346.41,no_signal
10,r10_20260912_224209.jsonl,45,429.0,6.0,measure,6,200.0,-346.41,no_signal
10,r10_20260912_224209.jsonl,46,435.0,6.0,measure,5,200.0,-346.41,no_signal
10,r10_20260912_224209.jsonl,47,441.0,6.0,measure,17,200.0,-346.41,no_signal
10,r10_20260912_224209.jsonl,48,447.0,6.0,measure,4,200.0,-346.41,no_signal
10,r10_20260912_224209.jsonl,49,453.0,6.0,measure,18,200.0,-346.41,no_signal
10,r10_20260912_224209.jsonl,50,459.0,6.0,measure,3,200.0,-346.41,no_signal
10,r10_20260912_224209.jsonl,51,465.0,6.0,measure,19,200.0,-346.41,no_signal
10,r10_20260912_224209.jsonl,52,471.0,6.0,measure,2,200.0,-346.41,no_signal
10,r10_20260912_224209.jsonl,53,477.0,6.0,measure,12,200.0,-346.41,direction
10,r10_20260912_224209.jsonl,54,483.0,6.0,measure,10,200.0,-346.41,no_signal
10,r10_20260912_224209.jsonl,55,535.506,52.506,measure,11,225.079,-577.584,near
10,r10_20260912_224209.jsonl,56,540.506,5.0,clear,11,225.079,-577.584,success
10,r10_20260912_224209.jsonl,57,543.506,3.0,clear,11,225.079,-577.584,no_target_in_range
10,r10_20260912_224209.jsonl,58,646.281,102.775,measure,9,-200.0,-346.41,no_signal
10,r10_20260912_224209.jsonl,59,652.281,6.0,measure,13,-200.0,-346.41,no_signal
10,r10_20260912_224209.jsonl,60,658.281,6.0,measure,8,-200.0,-346.41,no_signal
10,r10_20260912_224209.jsonl,61,664.281,6.0,measure,14,-200.0,-346.41,no_signal
10,r10_20260912_224209.jsonl,62,670.281,6.0,measure,7,-200.0,-346.41,no_signal
10,r10_20260912_224209.jsonl,63,676.281,6.0,measure,15,-200.0,-346.41,no_signal
10,r10_20260912_224209.jsonl,64,682.281,6.0,measure,6,-200.0,-346.41,no_signal
10,r10_20260912_224209.jsonl,65,688.281,6.0,measure,5,-200.0,-346.41,no_signal
10,r10_20260912_224209.jsonl,66,694.281,6.0,measure,17,-200.0,-346.41,direction
10,r10_20260912_224209.jsonl,67,700.281,6.0,measure,4,-200.0,-346.41,direction
10,r10_20260912_224209.jsonl,68,706.281,6.0,measure,18,-200.0,-346.41,direction
10,r10_20260912_224209.jsonl,69,712.281,6.0,measure,3,-200.0,-346.41,no_signal
10,r10_20260912_224209.jsonl,70,718.281,6.0,measure,19,-200.0,-346.41,no_signal
10,r10_20260912_224209.jsonl,71,724.281,6.0,measure,2,-200.0,-346.41,no_signal
10,r10_20260912_224209.jsonl,72,730.281,6.0,measure,20,-200.0,-346.41,direction
10,r10_20260912_224209.jsonl,73,736.281,6.0,measure,4,-200.0,-346.41,direction
10,r10_20260912_224209.jsonl,74,822.281,86.0,measure,3,-400.0,0.0,no_signal
10,r10_20260912_224209.jsonl,75,828.281,6.0,measure,5,-400.0,0.0,no_signal
10,r10_20260912_224209.jsonl,76,834.281,6.0,measure,2,-400.0,0.0,no_signal
10,r10_20260912_224209.jsonl,77,840.281,6.0,measure,6,-400.0,0.0,no_signal
10,r10_20260912_224209.jsonl,78,846.281,6.0,measure,7,-400.0,0.0,no_signal
10,r10_20260912_224209.jsonl,79,852.281,6.0,measure,8,-400.0,0.0,no_signal
10,r10_20260912_224209.jsonl,80,858.281,6.0,measure,9,-400.0,0.0,no_signal
10,r10_20260912_224209.jsonl,81,864.281,6.0,measure,13,-400.0,0.0,no_signal
10,r10_20260912_224209.jsonl,82,870.281,6.0,measure,14,-400.0,0.0,no_signal
10,r10_20260912_224209.jsonl,83,876.281,6.0,measure,15,-400.0,0.0,direction
10,r10_20260912_224209.jsonl,84,882.281,6.0,measure,19,-400.0,0.0,no_signal
10,r10_20260912_224209.jsonl,85,888.281,6.0,measure,4,-400.0,0.0,direction
10,r10_20260912_224209.jsonl,86,894.281,6.0,measure,10,-400.0,0.0,no_signal
10,r10_20260912_224209.jsonl,87,980.281,86.0,measure,9,-200.0,346.41,no_signal
10,r10_20260912_224209.jsonl,88,986.281,6.0,measure,8,-200.0,346.41,no_signal
10,r10_20260912_224209.jsonl,89,992.281,6.0,measure,7,-200.0,346.41,no_signal
10,r10_20260912_224209.jsonl,90,998.281,6.0,measure,13,-200.0,346.41,no_signal
10,r10_20260912_224209.jsonl,91,1004.281,6.0,measure,6,-200.0,346.41,no_signal
10,r10_20260912_224209.jsonl,92,1010.281,6.0,measure,14,-200.0,346.41,no_signal
10,r10_20260912_224209.jsonl,93,1016.281,6.0,measure,5,-200.0,346.41,no_signal
10,r10_20260912_224209.jsonl,94,1022.281,6.0,measure,3,-200.0,346.41,no_signal
10,r10_20260912_224209.jsonl,95,1028.281,6.0,measure,2,-200.0,346.41,no_signal
10,r10_20260912_224209.jsonl,96,1034.281,6.0,measure,19,-200.0,346.41,no_signal
10,r10_20260912_224209.jsonl,97,1040.281,6.0,measure,10,-200.0,346.41,direction
10,r10_20260912_224209.jsonl,98,1046.281,6.0,measure,15,-200.0,346.41,direction
10,r10_20260912_224209.jsonl,99,1132.281,86.0,measure,14,200.0,346.41,no_signal
10,r10_20260912_224209.jsonl,100,1138.281,6.0,measure,13,200.0,346.41,no_signal
10,r10_20260912_224209.jsonl,101,1144.281,6.0,measure,19,200.0,346.41,no_signal
10,r10_20260912_224209.jsonl,102,1150.281,6.0,measure,9,200.0,346.41,no_signal
10,r10_20260912_224209.jsonl,103,1156.281,6.0,measure,8,200.0,346.41,no_signal
10,r10_20260912_224209.jsonl,104,1162.281,6.0,measure,7,200.0,346.41,no_signal
10,r10_20260912_224209.jsonl,105,1168.281,6.0,measure,6,200.0,346.41,no_signal
10,r10_20260912_224209.jsonl,106,1174.281,6.0,measure,5,200.0,346.41,no_signal
10,r10_20260912_224209.jsonl,107,1180.281,6.0,measure,3,200.0,346.41,no_signal
10,r10_20260912_224209.jsonl,108,1186.281,6.0,measure,2,200.0,346.41,no_signal
10,r10_20260912_224209.jsonl,109,1192.281,6.0,measure,16,200.0,346.41,no_signal
10,r10_20260912_224209.jsonl,110,1198.281,6.0,measure,1,200.0,346.41,no_signal
10,r10_20260912_224209.jsonl,111,1388.176,189.895,measure,2,919.239,919.239,direction
10,r10_20260912_224209.jsonl,112,1394.176,6.0,measure,3,919.239,919.239,no_signal
10,r10_20260912_224209.jsonl,113,1400.176,6.0,measure,5,919.239,919.239,no_signal
10,r10_20260912_224209.jsonl,114,1406.176,6.0,measure,6,919.239,919.239,no_signal
10,r10_20260912_224209.jsonl,115,1412.176,6.0,measure,7,919.239,919.239,no_signal
10,r10_20260912_224209.jsonl,116,1418.176,6.0,measure,8,919.239,919.239,no_signal
10,r10_20260912_224209.jsonl,117,1424.176,6.0,measure,9,919.239,919.239,direction
10,r10_20260912_224209.jsonl,118,1430.176,6.0,measure,13,919.239,919.239,no_signal
10,r10_20260912_224209.jsonl,119,1436.176,6.0,measure,14,919.239,919.239,no_signal
10,r10_20260912_224209.jsonl,120,1442.176,6.0,measure,19,919.239,919.239,no_signal
10,r10_20260912_224209.jsonl,121,1448.176,6.0,measure,9,919.239,919.239,direction
10,r10_20260912_224209.jsonl,122,1454.176,6.0,measure,1,919.239,919.239,direction
10,r10_20260912_224209.jsonl,123,1605.548,151.372,measure,3,950.0,1645.448,no_signal
10,r10_20260912_224209.jsonl,124,1611.548,6.0,measure,5,950.0,1645.448,no_signal
10,r10_20260912_224209.jsonl,125,1617.548,6.0,measure,6,950.0,1645.448,no_signal
10,r10_20260912_224209.jsonl,126,1623.548,6.0,measure,7,950.0,1645.448,no_signal
10,r10_20260912_224209.jsonl,127,1629.548,6.0,measure,8,950.0,1645.448,no_signal
10,r10_20260912_224209.jsonl,128,1635.548,6.0,measure,13,950.0,1645.448,direction
10,r10_20260912_224209.jsonl,129,1641.548,6.0,measure,14,950.0,1645.448,no_signal
10,r10_20260912_224209.jsonl,130,1647.548,6.0,measure,19,950.0,1645.448,no_signal
10,r10_20260912_224209.jsonl,131,1653.548,6.0,measure,13,950.0,1645.448,direction
10,r10_20260912_224209.jsonl,132,1659.548,6.0,measure,2,950.0,1645.448,no_signal
10,r10_20260912_224209.jsonl,133,1862.251,202.702,measure,3,1645.448,950.0,no_signal
10,r10_20260912_224209.jsonl,134,1868.251,6.0,measure,5,1645.448,950.0,no_signal
10,r10_20260912_224209.jsonl,135,1874.251,6.0,measure,6,1645.448,950.0,no_signal
10,r10_20260912_224209.jsonl,136,1880.251,6.0,measure,7,1645.448,950.0,no_signal
10,r10_20260912_224209.jsonl,137,1886.251,6.0,measure,8,1645.448,950.0,no_signal
10,r10_20260912_224209.jsonl,138,1892.251,6.0,measure,14,1645.448,950.0,no_signal
10,r10_20260912_224209.jsonl,139,1898.251,6.0,measure,19,1645.448,950.0,no_signal
10,r10_20260912_224209.jsonl,140,1904.251,6.0,measure,13,1645.448,950.0,no_signal
10,r10_20260912_224209.jsonl,141,1910.251,6.0,measure,2,1645.448,950.0,direction
10,r10_20260912_224209.jsonl,142,2089.798,179.547,measure,2,912.133,1423.2,no_signal
10,r10_20260912_224209.jsonl,143,2112.798,23.0,measure,2,990.075,1378.2,direction
10,r10_20260912_224209.jsonl,144,2135.103,22.305,clear,2,912.535,1416.593,success
10,r10_20260912_224209.jsonl,145,2325.093,189.991,measure,3,0.0,1300.0,no_signal
10,r10_20260912_224209.jsonl,146,2331.093,6.0,measure,5,0.0,1300.0,no_signal
10,r10_20260912_224209.jsonl,147,2337.093,6.0,measure,6,0.0,1300.0,no_signal
10,r10_20260912_224209.jsonl,148,2343.093,6.0,measure,7,0.0,1300.0,no_signal
10,r10_20260912_224209.jsonl,149,2349.093,6.0,measure,8,0.0,1300.0,no_signal
10,r10_20260912_224209.jsonl,150,2355.093,6.0,measure,14,0.0,1300.0,no_signal
10,r10_20260912_224209.jsonl,151,2361.093,6.0,measure,19,0.0,1300.0,no_signal
10,r10_20260912_224209.jsonl,152,2367.093,6.0,measure,9,0.0,1300.0,direction
10,r10_20260912_224209.jsonl,153,2532.243,165.149,clear,9,341.24,575.604,success
10,r10_20260912_224209.jsonl,154,2698.392,166.149,measure,13,0.0,1300.0,direction
10,r10_20260912_224209.jsonl,155,2881.539,183.147,clear,13,872.54,1120.871,success
10,r10_20260912_224209.jsonl,156,3121.494,239.955,measure,14,0.0,1900.0,no_signal
10,r10_20260912_224209.jsonl,157,3127.494,6.0,measure,8,0.0,1900.0,no_signal
10,r10_20260912_224209.jsonl,158,3133.494,6.0,measure,7,0.0,1900.0,direction
10,r10_20260912_224209.jsonl,159,3139.494,6.0,measure,19,0.0,1900.0,no_signal
10,r10_20260912_224209.jsonl,160,3145.494,6.0,measure,6,0.0,1900.0,no_signal
10,r10_20260912_224209.jsonl,161,3151.494,6.0,measure,5,0.0,1900.0,no_signal
10,r10_20260912_224209.jsonl,162,3157.494,6.0,measure,3,0.0,1900.0,no_signal
10,r10_20260912_224209.jsonl,163,3163.494,6.0,measure,7,0.0,1900.0,direction
10,r10_20260912_224209.jsonl,164,3366.196,202.702,measure,6,-950.0,1645.448,no_signal
10,r10_20260912_224209.jsonl,165,3372.196,6.0,measure,8,-950.0,1645.448,no_signal
10,r10_20260912_224209.jsonl,166,3378.196,6.0,measure,5,-950.0,1645.448,no_signal
10,r10_20260912_224209.jsonl,167,3384.196,6.0,measure,3,-950.0,1645.448,no_signal
10,r10_20260912_224209.jsonl,168,3390.196,6.0,measure,14,-950.0,1645.448,no_signal
10,r10_20260912_224209.jsonl,169,3396.196,6.0,measure,19,-950.0,1645.448,no_signal
10,r10_20260912_224209.jsonl,170,3402.196,6.0,measure,7,-950.0,1645.448,direction
10,r10_20260912_224209.jsonl,171,3473.899,71.702,clear,7,-775.992,1360.929,success
10,r10_20260912_224209.jsonl,172,3572.766,98.868,measure,6,-919.239,919.239,no_signal
10,r10_20260912_224209.jsonl,173,3578.766,6.0,measure,8,-919.239,919.239,no_signal
10,r10_20260912_224209.jsonl,174,3584.766,6.0,measure,5,-919.239,919.239,no_signal
10,r10_20260912_224209.jsonl,175,3590.766,6.0,measure,3,-919.239,919.239,direction
10,r10_20260912_224209.jsonl,176,3596.766,6.0,measure,14,-919.239,919.239,no_signal
10,r10_20260912_224209.jsonl,177,3602.766,6.0,measure,19,-919.239,919.239,no_signal
10,r10_20260912_224209.jsonl,178,3608.766,6.0,measure,10,-919.239,919.239,no_signal
10,r10_20260912_224209.jsonl,179,3614.766,6.0,measure,3,-919.239,919.239,direction
10,r10_20260912_224209.jsonl,180,3766.138,151.372,measure,5,-1645.448,950.0,no_signal
10,r10_20260912_224209.jsonl,181,3772.138,6.0,measure,6,-1645.448,950.0,no_signal
10,r10_20260912_224209.jsonl,182,3778.138,6.0,measure,8,-1645.448,950.0,no_signal
10,r10_20260912_224209.jsonl,183,3784.138,6.0,measure,14,-1645.448,950.0,no_signal
10,r10_20260912_224209.jsonl,184,3790.138,6.0,measure,19,-1645.448,950.0,no_signal
10,r10_20260912_224209.jsonl,185,3796.138,6.0,measure,3,-1645.448,950.0,direction
10,r10_20260912_224209.jsonl,186,3944.981,148.842,clear,3,-1037.499,1334.27,success
10,r10_20260912_224209.jsonl,187,4094.823,149.842,measure,15,-1645.448,950.0,direction
10,r10_20260912_224209.jsonl,188,4237.435,142.613,measure,15,-1218.809,410.176,direction
10,r10_20260912_224209.jsonl,189,4243.767,6.332,clear,15,-1212.216,411.119,success
10,r10_20260912_224209.jsonl,190,4333.845,90.077,measure,14,-1300.0,0.0,no_signal
10,r10_20260912_224209.jsonl,191,4339.845,6.0,measure,19,-1300.0,0.0,no_signal
10,r10_20260912_224209.jsonl,192,4345.845,6.0,measure,8,-1300.0,0.0,no_signal
10,r10_20260912_224209.jsonl,193,4351.845,6.0,measure,6,-1300.0,0.0,no_signal
10,r10_20260912_224209.jsonl,194,4357.845,6.0,measure,5,-1300.0,0.0,no_signal
10,r10_20260912_224209.jsonl,195,4363.845,6.0,measure,10,-1300.0,0.0,no_signal
10,r10_20260912_224209.jsonl,196,4369.845,6.0,measure,4,-1300.0,0.0,direction
10,r10_20260912_224209.jsonl,197,4495.845,126.0,measure,5,-1900.0,0.0,no_signal
10,r10_20260912_224209.jsonl,198,4501.845,6.0,measure,6,-1900.0,0.0,no_signal
10,r10_20260912_224209.jsonl,199,4507.845,6.0,measure,8,-1900.0,0.0,no_signal
10,r10_20260912_224209.jsonl,200,4513.845,6.0,measure,14,-1900.0,0.0,no_signal
10,r10_20260912_224209.jsonl,201,4519.845,6.0,measure,19,-1900.0,0.0,no_signal
10,r10_20260912_224209.jsonl,202,4525.845,6.0,measure,20,-1900.0,0.0,direction
10,r10_20260912_224209.jsonl,203,4531.845,6.0,measure,4,-1900.0,0.0,no_signal
10,r10_20260912_224209.jsonl,204,4631.395,99.55,measure,4,-1541.639,-308.338,no_signal
10,r10_20260912_224209.jsonl,205,4654.395,23.0,measure,4,-1463.697,-353.338,direction
10,r10_20260912_224209.jsonl,206,4677.213,22.818,clear,4,-1539.356,-306.297,success
10,r10_20260912_224209.jsonl,207,4813.691,136.477,measure,5,-1645.448,-950.0,no_signal
10,r10_20260912_224209.jsonl,208,4819.691,6.0,measure,6,-1645.448,-950.0,no_signal
10,r10_20260912_224209.jsonl,209,4825.691,6.0,measure,8,-1645.448,-950.0,no_signal
10,r10_20260912_224209.jsonl,210,4831.691,6.0,measure,14,-1645.448,-950.0,no_signal
10,r10_20260912_224209.jsonl,211,4837.691,6.0,measure,19,-1645.448,-950.0,direction
10,r10_20260912_224209.jsonl,212,4842.691,5.0,measure,19,-1645.448,-950.0,direction
10,r10_20260912_224209.jsonl,213,4994.063,151.372,measure,14,-919.239,-919.239,no_signal
10,r10_20260912_224209.jsonl,214,5000.063,6.0,measure,8,-919.239,-919.239,no_signal
10,r10_20260912_224209.jsonl,215,5006.063,6.0,measure,6,-919.239,-919.239,no_signal
10,r10_20260912_224209.jsonl,216,5012.063,6.0,measure,5,-919.239,-919.239,no_signal
10,r10_20260912_224209.jsonl,217,5018.063,6.0,measure,17,-919.239,-919.239,direction
10,r10_20260912_224209.jsonl,218,5024.063,6.0,measure,18,-919.239,-919.239,direction
10,r10_20260912_224209.jsonl,219,5175.435,151.372,measure,14,-950.0,-1645.448,no_signal
10,r10_20260912_224209.jsonl,220,5181.435,6.0,measure,8,-950.0,-1645.448,no_signal
10,r10_20260912_224209.jsonl,221,5187.435,6.0,measure,6,-950.0,-1645.448,no_signal
10,r10_20260912_224209.jsonl,222,5193.435,6.0,measure,5,-950.0,-1645.448,no_signal
10,r10_20260912_224209.jsonl,223,5199.435,6.0,measure,19,-950.0,-1645.448,direction
10,r10_20260912_224209.jsonl,224,5205.435,6.0,measure,18,-950.0,-1645.448,direction
10,r10_20260912_224209.jsonl,225,5343.113,137.678,measure,18,-292.24,-1559.215,no_signal
10,r10_20260912_224209.jsonl,226,5366.113,23.0,measure,18,-292.24,-1469.215,direction
10,r10_20260912_224209.jsonl,227,5388.504,22.391,clear,18,-296.333,-1556.075,success
10,r10_20260912_224209.jsonl,228,5430.098,41.594,measure,17,-148.355,-1457.204,direction
10,r10_20260912_224209.jsonl,229,5437.55,7.453,clear,17,-145.357,-1469.095,success
10,r10_20260912_224209.jsonl,230,5488.147,50.597,measure,14,-0.0,-1300.0,no_signal
10,r10_20260912_224209.jsonl,231,5494.147,6.0,measure,8,-0.0,-1300.0,no_signal
10,r10_20260912_224209.jsonl,232,5500.147,6.0,measure,6,-0.0,-1300.0,no_signal
10,r10_20260912_224209.jsonl,233,5506.147,6.0,measure,5,-0.0,-1300.0,no_signal
10,r10_20260912_224209.jsonl,234,5512.147,6.0,measure,12,-0.0,-1300.0,direction
10,r10_20260912_224209.jsonl,235,5703.895,191.748,clear,12,608.429,-591.704,success
10,r10_20260912_224209.jsonl,236,5896.643,192.748,measure,19,-0.0,-1300.0,direction
10,r10_20260912_224209.jsonl,237,6106.165,209.522,clear,19,-883.661,-785.342,success
10,r10_20260912_224209.jsonl,238,6325.38,219.216,measure,20,-921.283,280.072,direction
10,r10_20260912_224209.jsonl,239,6332.73,7.349,clear,20,-911.335,273.825,success
10,r10_20260912_224209.jsonl,240,6810.155,477.425,measure,14,-0.0,-1900.0,no_signal
10,r10_20260912_224209.jsonl,241,6816.155,6.0,measure,8,-0.0,-1900.0,no_signal
10,r10_20260912_224209.jsonl,242,6822.155,6.0,measure,6,-0.0,-1900.0,no_signal
10,r10_20260912_224209.jsonl,243,6828.155,6.0,measure,5,-0.0,-1900.0,no_signal
10,r10_20260912_224209.jsonl,244,7029.857,201.702,measure,5,950.0,-1645.448,no_signal
10,r10_20260912_224209.jsonl,245,7035.857,6.0,measure,6,950.0,-1645.448,no_signal
10,r10_20260912_224209.jsonl,246,7041.857,6.0,measure,8,950.0,-1645.448,no_signal
10,r10_20260912_224209.jsonl,247,7047.857,6.0,measure,14,950.0,-1645.448,no_signal
10,r10_20260912_224209.jsonl,248,7053.857,6.0,measure,16,950.0,-1645.448,direction
10,r10_20260912_224209.jsonl,249,7205.229,151.372,measure,14,919.239,-919.239,no_signal
10,r10_20260912_224209.jsonl,250,7211.229,6.0,measure,8,919.239,-919.239,no_signal
10,r10_20260912_224209.jsonl,251,7217.229,6.0,measure,6,919.239,-919.239,no_signal
10,r10_20260912_224209.jsonl,252,7223.229,6.0,measure,5,919.239,-919.239,no_signal
10,r10_20260912_224209.jsonl,253,7229.229,6.0,measure,1,919.239,-919.239,direction
10,r10_20260912_224209.jsonl,254,7235.229,6.0,measure,16,919.239,-919.239,direction
10,r10_20260912_224209.jsonl,255,7327.65,92.42,measure,16,1036.492,-498.158,no_signal
10,r10_20260912_224209.jsonl,256,7350.65,23.0,measure,16,1036.492,-588.158,direction
10,r10_20260912_224209.jsonl,257,7372.365,21.716,clear,16,1031.637,-504.721,success
10,r10_20260912_224209.jsonl,258,7492.692,120.326,measure,14,1300.0,0.0,no_signal
10,r10_20260912_224209.jsonl,259,7498.692,6.0,measure,8,1300.0,0.0,no_signal
10,r10_20260912_224209.jsonl,260,7504.692,6.0,measure,6,1300.0,0.0,no_signal
10,r10_20260912_224209.jsonl,261,7510.692,6.0,measure,5,1300.0,0.0,no_signal
10,r10_20260912_224209.jsonl,262,7516.692,6.0,measure,1,1300.0,0.0,direction
10,r10_20260912_224209.jsonl,263,7582.385,65.694,clear,1,1534.685,-192.395,success
10,r10_20260912_224209.jsonl,264,7670.961,88.576,measure,5,1900.0,0.0,no_signal
10,r10_20260912_224209.jsonl,265,7676.961,6.0,measure,6,1900.0,0.0,no_signal
10,r10_20260912_224209.jsonl,266,7682.961,6.0,measure,8,1900.0,0.0,no_signal
10,r10_20260912_224209.jsonl,267,7688.961,6.0,measure,14,1900.0,0.0,no_signal
10,r10_20260912_224209.jsonl,268,7890.664,201.702,measure,14,1645.448,-950.0,no_signal
10,r10_20260912_224209.jsonl,269,7896.664,6.0,measure,8,1645.448,-950.0,no_signal
10,r10_20260912_224209.jsonl,270,7902.664,6.0,measure,6,1645.448,-950.0,no_signal
10,r10_20260912_224209.jsonl,271,7908.664,6.0,measure,5,1645.448,-950.0,no_signal
10,r10_20260912_224209.jsonl,272,8421.202,512.538,measure,10,-432.807,497.539,no_signal
10,r10_20260912_224209.jsonl,273,8453.957,32.756,measure,10,-316.404,421.975,no_signal
10,r10_20260912_224209.jsonl,274,8505.974,52.016,measure,10,-432.807,217.736,no_signal
10,r10_20260912_224209.jsonl,275,8566.934,60.961,measure,10,-675.124,357.637,no_signal
10,r10_20260912_224209.jsonl,276,8627.895,60.961,measure,10,-675.124,637.441,no_signal
10,r10_20260912_224209.jsonl,277,8688.856,60.961,measure,10,-432.807,777.343,direction
10,r10_20260912_224209.jsonl,278,8776.887,88.031,clear,10,-271.371,394.86,success
10,r10_20260912_224209.jsonl,279,8776.887,0.0,exit,,,,
